inn;region;okved;okved_group
1657270982;tatarstan;41.20;41
7719893081;moscow city;82.30;82
9717147564;moscow city;49.41;49
0275913615;bashkortostan;69.10;69
2901309447;arkhangelsk;41.20;41
1841050594;udmurtia;45.20;45
6454108260;saratov;43.21;43
2983998146;nenets ao;94.99;94
5503217859;omsk;69.20;69
5403078792;novosibirsk;70.22;70
0544014591;dagestan;69.10;69
7703442622;moscow city;68.10.22;68
1838010136;udmurtia;47.10;47
0547005010;dagestan;25.71;25
7813419538;sankt-petersburg;86.90.90;86
6234008743;ryazan;62;62
8603247210;khanty-mansijsk;81.30;81
2128056402;chuvashia;62.01;62
5038174140;moscow reg.;41.20;41
7811447106;sankt-petersburg;86.10;86
9102175260;crimea;93.12;93
2983014240;nenets ao;47.11;47
1838661184;udmurtia;94.99;94
4807056880;lipetzk;94.99;94
7724365930;moscow city;71.12.20;71
2352051138;krasnodar;52.22;52
4205423188;kemerovo;86.10;86
3920005502;kaliningrad;47.10;47
3123388050;belgorod;47.52;47
9001006918;zaporizhzhia;49.41;49
0721011305;kabardino-balkaria;43.99;43
2427000461;krasnoyarsk;01.10;01
7100021141;tula;56.30;56
8604001393;khanty-mansijsk;52.21.24;52
4329008018;kirov;68.20.20;68
6315624701;samara;42.11;42
9704145753;moscow city;41.20;41
6700008493;smolensk;71.20;71
2801265490;amur;71.12;71
2130215642;chuvashia;56.10.10;56
7017412260;tomsk;47.51.10;47
2512466969;primorsky terr.;52.24;52
7701313501;moscow city;58;58
4632253162;kursk;70.21;70
4007003223;kaluga;43.21;43
2628060365;stavropol;86.23;86
7104521427;tula;94.99;94
4429003447;kostroma;41.20;41
4205396738;kemerovo;41.20;41
2124041910;chuvashia;45.30;45
3801132798;irkutsk;94.99;94
6732178226;smolensk;25.11;25
7000003149;tomsk;42.11;42
2130221011;chuvashia;56.10;56
6009008887;pskov;41.20;41
6617011123;sverdlovsk;35.30.50;35
5603010015;orenburg;01.13;01
1514007119;north ossetia;47.59.90;47
3334022697;vladimir;56.10;56
4105040696;kamchatka;01.50;01
1684001026;tatarstan;69.20;69
4909128333;magadan;69.10;69
6829046128;tambov;41.20;41
7203430636;tyumen;56.10;56
6678097400;sverdlovsk;41.20;41
3257052729;bryansk;42.12;42
3257048592;bryansk;56.30;56
1001352688;karelia;73.11;73
6027049389;pskov;94.99;94
3913014633;kaliningrad;56.10;56
5503098175;omsk;71.11;71
6382060063;samara;52.29;52
1660340830;tatarstan;43.21;43
1500010954;north ossetia;73.11;73
6230054770;ryazan;43.29;43
3525475994;vologda;46.90;46
7020012092;tomsk;71.12.45;71
0276017065;bashkortostan;52.21.24;52
0268068027;bashkortostan;42.11;42
9704162981;moscow city;43.21;43
0274019902;bashkortostan;72.19;72
0500000873;dagestan;73.11;73
6509045929;sakhalin;08.12.10;08
5720025223;oryol;43.22;43
6501249600;sakhalin;45.30;45
1435291935;yakutia;69.20;69
7724847806;moscow city;47.62.20;47
9200017255;sevastopol;56.10;56
7017287604;tomsk;70.22;70
0800002568;kalmykia;68.20;68
3906315742;kaliningrad;46.73;46
4501054639;kurgan;25.11;25
1900000929;khakasia;42.21;42
7734416358;moscow city;45.31;45
3446501296;volgograd;52.21.24;52
5035027891;moscow reg.;45.20;45
0326543450;buryatia;43.29;43
7017271812;tomsk;25.11;25
7722830878;moscow city;68.20;68
0105060624;adygeya;56.10;56
3619004454;voronezh;84.11.30;84
1001243181;karelia;70.22;70
1655434628;tatarstan;86.90;86
6722028951;smolensk;01.50;01
4345481415;kirov;41.20;41
3441042810;volgograd;71.12.90;71
5504250048;omsk;41.20;41
3329097520;vladimir;45.20;45
5838011786;penza;68.31.12;68
6732212357;smolensk;25.61;25
2463072616;krasnoyarsk;70.22;70
4401147625;kostroma;71.11.10;71
9705194270;moscow city;82.99;82
7627030504;yaroslavl;93.29;93
6027999398;pskov;70.22;70
7810958080;sankt-petersburg;41.20;41
2116004992;nizhni novgorod;10.51;10
7536985377;zabaikalsk terr.;93.10;93
7313004849;ulyanovsk;56.10;56
0608006359;ingushetia;43.12;43
5251112950;nizhni novgorod;47.20;47
7106081154;tula;42.22;42
1644090809;tatarstan;73.11;73
2325009916;krasnodar;93.19;93
1101179194;komi;52.29;52
4205374558;kemerovo;70.22;70
9102044660;crimea;73.11;73
1901057460;khakasia;41.20;41
2983006024;nenets ao;41.20;41
3334023122;vladimir;93.19;93
1900011656;khakasia;86.21;86
0278979607;bashkortostan;41.20;41
9710090421;nizhni novgorod;73.11;73
4710030529;leningrad;94.99;94
8904071017;yamal-nenets ao;86.21;86
7446036455;chelyabinsk;93.19;93
1200016560;marij el;62.01;62
7802941781;sankt-petersburg;46.73.60;46
2543183921;primorsky terr.;68.20;68
5047211990;moscow reg.;41.10;41
4345475926;kirov;52.29;52
5053036240;moscow reg.;63.11.10;63
7014054136;tomsk;70.22;70
1001992374;karelia;94.99;94
7810457486;sankt-petersburg;86.23;86
5321086947;novgorod;71.11;71
1200012830;marij el;49.41;49
6450114182;saratov;49.41;49
2012009280;chechnya;46.73;46
0512009052;dagestan;55.90;55
5024175591;moscow reg.;85.11;85
9703002431;moscow city;43.34;43
0314888517;buryatia;94.99;94
3123335323;belgorod;42.11;42
2465362286;krasnoyarsk;47.11;47
5257187261;nizhni novgorod;73.11;73
3250531803;bryansk;86;86
6717003084;smolensk;01.11.10;01
4345405171;kirov;46.73.10;46
5610068418;orenburg;41.20;41
5074087686;moscow reg.;43.22;43
2536314235;primorsky terr.;46.71;46
9309018592;donetsk;86.21;86
4027130893;kaluga;71.12.10;71
2465286349;krasnoyarsk;25.10;25
7814607862;sankt-petersburg;69.20;69
3328021670;vladimir;45.20;45
5405095137;novosibirsk;93.19;93
3849052251;irkutsk;43.22;43
7328050693;ulyanovsk;49.41;49
2635208132;tyumen;62.09;62
7327048010;ulyanovsk;41.20;41
5751035447;oryol;86.23;86
4205312706;kemerovo;46.31;46
2221257047;altai terr.;69.10;69
0547010475;dagestan;41.20;41
7610090978;yaroslavl;41.20;41
1328018723;mordovia;70.22;70
3443134577;volgograd;43.22;43
6952315767;tver;14.20;14
4205347160;kemerovo;69.10;69
1101159487;komi;46.73;46
7728493146;moscow city;41.20;41
7328056335;ulyanovsk;73.11;73
3461068260;volgograd;70.10.20;70
0326600571;buryatia;73.20;73
0326569579;buryatia;70.22;70
4400011251;kostroma;70.22;70
2447008412;krasnoyarsk;47.25.11;47
0277958900;bashkortostan;46.75;46
1827020326;udmurtia;56.10;56
8706006383;chukotka;47.11;47
0601018122;ingushetia;68.20.20;68
7802927177;sankt-petersburg;62.01;62
7708369158;kurgan;26.51.40;26
3015090323;astrakhan;41.20;41
2287004255;altai terr.;94.20;94
4813014536;lipetzk;64.92.10;64
1006009210;karelia;01.19;01
5249119589;nizhni novgorod;46.69.90;46
7116131012;tula;47.52.73;47
5259077666;nizhni novgorod;25.30.22;25
7807088990;sankt-petersburg;71.12.10;71
1215224098;marij el;94.99;94
2222822968;altai terr.;47.54;47
2130028240;chuvashia;45.11.10;45
7327032170;ulyanovsk;73.11;73
7720870642;moscow city;43.11;43
1650436011;tatarstan;43.22;43
2721084924;khabarovsk;59.11;59
7203283117;tyumen;49.41;49
0716010472;kabardino-balkaria;46.44;46
7610109121;yaroslavl;70.22;70
6321431923;samara;47.30;47
7300010796;ulyanovsk;43.91;43
3702235351;ivanovo;43.39;43
7718773835;moscow city;61.10;61
2901224909;arkhangelsk;47.73;47
0917041664;karachaevo-chercessia;42.11;42
3702104670;kostroma;42.11;42
5047197961;moscow reg.;46.71.10;46
5321178789;novgorod;45.31.10;45
7702467367;moscow city;49.41;49
1838022967;udmurtia;86.23;86
5248042781;nizhni novgorod;94.99;94
5507252967;omsk;41.20;41
3528257218;vologda;96.04;96
1655487267;tatarstan;56.10.10;56
1435315664;yakutia;42.21;42
9103082756;crimea;86.90.40;86
2721139806;khabarovsk;62.02;62
5407499167;novosibirsk;69.20;69
1300006848;mordovia;25.62;25
7743381430;moscow city;41.20;41
6729024339;smolensk;73.11;73
1511008805;north ossetia;01.11.10;01
2623027325;stavropol;41.20;41
2012011392;chechnya;41.20;41
3808001120;irkutsk;43.21;43
3528038720;vologda;68.32;68
5609202080;orenburg;49.41;49
7536139254;zabaikalsk terr.;42.11;42
0306217875;buryatia;73.20;73
6025012070;pskov;42.11;42
7515008476;zabaikalsk terr.;56.10.10;56
3662263310;voronezh;42.21;42
1660307199;tatarstan;41.20;41
0503009480;dagestan;01.45.10;01
4708013438;leningrad;52.23;52
4501225362;kurgan;47.99;47
8602076273;khanty-mansijsk;86.23;86
2357003868;krasnodar;94.99;94
7204180731;tyumen;41.20;41
7726654253;moscow city;69.20;69
4513008010;kurgan;01.11.10;01
5751035662;oryol;25.62;25
7610108110;yaroslavl;70.22;70
7838073289;leningrad;73.11;73
2014022520;chechnya;45.20;45
3810315149;irkutsk;55.20;55
2801148940;amur;25.10;25
0326573046;buryatia;46.46.20;46
1683007890;tatarstan;01.41.10;01
7705803095;moscow city;71.10;71
9726014320;moscow city;47.91;47
5837074529;penza;49.41;49
4909097090;magadan;71.20.80;71
9402015451;luhansk;56.10;56
4240008787;novosibirsk;46.34.23;46
2461023620;krasnoyarsk;46.73;46
3126008170;belgorod;85.14;85
5321163013;novgorod;43.39;43
7805768831;sankt-petersburg;46.90;46
1215207582;marij el;47.19;47
2700017772;khabarovsk;49.42;49
5800001355;penza;01.29;01
1515908229;north ossetia;73.11;73
7604253529;yaroslavl;70.22;70
2315129611;krasnodar;46.90;46
7701901687;moscow city;70.22;70
6138003943;rostov;94.20;94
0276132163;bashkortostan;46.18;46
9108115677;crimea;42.11;42
0403004720;altai rep.;01.70;01
1105020535;komi;69;69
5250068226;nizhni novgorod;45.11.20;45
0507026775;dagestan;01.42.10;01
5836629200;penza;79.11;79
3443150674;volgograd;25.11;25
0277967260;bashkortostan;62.01;62
1208004888;marij el;42.11;42
5035016346;moscow reg.;25.99;25
5448952876;novosibirsk;53.20.30;53
9311011428;donetsk;86.23;86
2902073177;arkhangelsk;93.19;93
1400018847;yakutia;47.54;47
9725098543;moscow city;33.12;33
1101145741;komi;47.19;47
4501082805;kurgan;52.21.24;52
3804050053;irkutsk;49.41;49
2720059594;khabarovsk;35.21;35
7723583269;moscow city;72.19;72
7703472786;moscow city;46.31;46
5038168026;moscow reg.;43.31;43
8603241875;khanty-mansijsk;69.10;69
3123148644;belgorod;68.20;68
4401046867;kostroma;52.21.24;52
1400034687;yakutia;69.10;69
6230076037;ryazan;45.31.10;45
0562064475;dagestan;56.10;56
3254511734;bryansk;68.30;68
9101002360;crimea;68.20;68
4345466135;kirov;47.78;47
1513051612;north ossetia;69.10;69
6455999348;saratov;94.99;94
6829034193;tambov;45.31.10;45
4634008938;kursk;43.11;43
4025416720;kaluga;62.09;62
7017217734;tomsk;43.99;43
6164273093;rostov;69.20;69
4206023954;kemerovo;01.49.20;01
7453272735;chelyabinsk;49.40;49
7838304360;sankt-petersburg;25.30.10;25
6312181770;samara;42.11;42
3329099246;vladimir;62.09;62
1901134869;khakasia;49.42;49
7704804201;moscow city;68.32;68
6317156505;samara;43.29;43
5190013332;murmansk;93.29;93
0500014001;dagestan;52.29;52
4633037703;kursk;94.99;94
6949114620;tver;45.11.20;45
4253998482;kemerovo;93.19;93
0300017206;buryatia;45.31;45
8904039510;yamal-nenets ao;43.12.30;43
1675002263;tatarstan;25.62;25
2464116640;krasnoyarsk;41.20;41
4633041925;kursk;22.22;22
3804121280;irkutsk;41.20;41
1011009430;karelia;68.32;68
1435356131;yakutia;71.20.80;71
3305799591;vladimir;69.10;69
5904401164;perm;42.21;42
2901277925;arkhangelsk;47.19;47
0400026162;altai rep.;52.10;52
1831199203;udmurtia;56.10;56
7841320393;leningrad;62.01;62
6449091371;saratov;46.71;46
0573014701;dagestan;25.11;25
2014801050;chechnya;46.73;46
4501224111;kurgan;56.10;56
7416073072;chelyabinsk;56.10;56
6445007851;saratov;01.11.10;01
3316999000;vladimir;94.99;94
5259044396;nizhni novgorod;62.01;62
2502068052;primorsky terr.;94.99;94
5835009644;penza;68.32.20;68
1003101520;karelia;52.21.24;52
1838023142;udmurtia;68.32;68
3906399012;kaliningrad;25.99.29;25
7806604762;sankt-petersburg;43.99;43
6703004200;smolensk;01.11;01
4212040066;kemerovo;70.10.10;70
2312208086;krasnodar;35.14;35
5017091573;moscow reg.;45.30;45
0572007941;dagestan;94.99;94
3906320076;kaliningrad;46.38.20;46
1900013156;khakasia;69.10;69
9710110124;moscow city;81.29;81
9402012235;luhansk;52.10;52
1215111760;marij el;56.10;56
8603252877;khanty-mansijsk;49.41.10;49
6230112334;ryazan;62.03;62
2801254931;amur;46.21;46
0721017233;kabardino-balkaria;25.12;25
5008036086;moscow reg.;46.30;46
9731114673;moscow city;81.10;81
3907035378;kaliningrad;69.10;69
6950229907;tver;93.11;93
5403049400;novosibirsk;43.99;43
7445045337;chelyabinsk;69.10;69
3508010639;vologda;45.31;45
1101010536;komi;42.12;42
0706004790;kabardino-balkaria;01.50;01
5642024205;orenburg;69.10;69
0722004283;kabardino-balkaria;68.32;68
4212042899;kemerovo;49.41;49
7536155626;zabaikalsk terr.;01.70;01
1410007883;yakutia;69.20;69
2310119659;krasnodar;90;90
7801352906;sankt-petersburg;63.99;63
9718242404;moscow city;46.90;46
5401302270;novosibirsk;68.20;68
8905051542;yamal-nenets ao;71.20;71
2309139160;krasnodar;46.37;46
3666177292;voronezh;70.10.10;70
9303032960;donetsk;69.10;69
1901069842;khakasia;01.50;01
4338006514;kirov;45.20;45
1327020568;mordovia;69.20;69
7701520113;moscow city;68.10;68
2464142739;krasnoyarsk;46.52;46
7710353123;tver;68.20.20;68
7801669300;sankt-petersburg;79.11;79
7203531761;tyumen;25.62;25
6000003605;pskov;01.13.31;01
9701281966;moscow city;96.02.20;96
1435310264;yakutia;41.20;41
2208009711;altai terr.;56.10;56
1831199041;udmurtia;46.45.10;46
7813660528;sankt-petersburg;46.61.10;46
7704134116;moscow city;71.12.50;71
7604398235;yaroslavl;49.41;49
5503220442;omsk;47.20;47
6315576977;samara;49.41.10;49
7810915256;sankt-petersburg;41.20;41
2005010493;chechnya;71.12.40;71
3827058122;irkutsk;86.23;86
9203001750;sevastopol;49.31;49
4000006183;kaluga;62.01;62
1700001058;tuva;41.20;41
2006002625;chechnya;73.10;73
1328014045;mordovia;93.19;93
9500022111;kherson;01.11;01
0326572130;buryatia;71.12.30;71
2623021732;stavropol;46.51;46
7425008707;chelyabinsk;01.11;01
8709013389;chukotka;94.99;94
0700005371;kabardino-balkaria;42.11;42
2420008292;krasnoyarsk;01.61;01
6504024700;sakhalin;93.19;93
3812083729;irkutsk;41.20;41
9723041414;moscow city;63.11;63
3808135903;irkutsk;69;69
9705226067;moscow city;46.90;46
7017447022;tomsk;41.20;41
6321441921;samara;42.99;42
3602011975;voronezh;41.20;41
3200003967;bryansk;71.12.10;71
2901233283;arkhangelsk;41.20;41
3805106799;irkutsk;52.21.24;52
5190924381;murmansk;45.20;45
0323395684;buryatia;41.20;41
5043077920;moscow reg.;46.43.40;46
8904072081;yamal-nenets ao;62.02;62
5027324361;moscow reg.;82.99;82
3702243458;ivanovo;73.11;73
3511007146;vologda;56.10;56
1007022326;karelia;47.25;47
4706078158;leningrad;45.19;45
4205058915;kemerovo;09.90;09
2700020824;khabarovsk;52.22.10;52
5711002893;oryol;03.21.40;03
2543178671;primorsky terr.;68.10;68
8901017678;yamal-nenets ao;43.12;43
0917024267;karachaevo-chercessia;71.11.10;71
2130076036;chuvashia;25.94;25
7751237623;moscow city;45.20;45
6804007350;tambov;01.13.30;01
7018047980;tomsk;41.20;41
7819313898;sankt-petersburg;47.91.20;47
4705057331;leningrad;25.61;25
4826146392;lipetzk;93.19;93
6829091963;tambov;43.30;43
2630039635;stavropol;71.12.53;71
2130225545;chuvashia;93.19;93
9303004032;donetsk;52.21.24;52
6027133175;pskov;73.10;73
2722130958;khabarovsk;71.10;71
6234188486;ryazan;49.41;49
7701079146;moscow city;73.11;73
3329099052;vladimir;71.20.62;71
6312172976;samara;52.29;52
3664037236;voronezh;71.20;71
2304025610;krasnodar;94.20;94
2540269190;primorsky terr.;62.09;62
7707386344;moscow city;75;75
7328102165;kalmykia;01.61;01
9204562815;sevastopol;25.11;25
7017492434;tomsk;93.11;93
7325011294;ulyanovsk;56.21;56
6315659172;samara;86.23;86
5404060861;novosibirsk;73.11;73
3015061019;astrakhan;73.11;73
9724179616;moscow city;47.19;47
8904050842;yamal-nenets ao;71.12.50;71
6453174359;saratov;94.12;94
5017126177;moscow reg.;16.23;16
1106035125;komi;69.20;69
3812163188;irkutsk;73.11;73
5043061790;moscow reg.;68.20;68
7448148475;chelyabinsk;62.01;62
6455075177;saratov;93.19;93
6321125010;samara;47.78.90;47
2626034377;stavropol;71.12.53;71
6732061316;smolensk;73.11;73
6320069228;samara;70.22;70
2502029381;primorsky terr.;52.21;52
2902056622;arkhangelsk;62.02;62
9713019184;moscow city;62.01;62
4205411993;kemerovo;46.32.10;46
1903015514;khakasia;25.99;25
3810325517;irkutsk;93.10;93
2724238690;khabarovsk;46.71;46
9725167733;moscow city;93.29;93
2031001544;chechnya;93.11;93
7451433024;chelyabinsk;68.10;68
5603015711;orenburg;93.10;93
5406978590;novosibirsk;74.90;74
7604234766;yaroslavl;70.22;70
5906043901;perm;43.12;43
7329021529;ulyanovsk;93.19;93
7604043948;yaroslavl;71.12;71
6679102959;sverdlovsk;26.30.13;26
7734368383;moscow city;71.20;71
3702108152;ivanovo;71.10;71
9001002279;zaporizhzhia;41.10;41
3461065943;volgograd;73.20;73
0816036428;kalmykia;94.99;94
3528314385;vologda;41.20;41
7710948314;moscow city;43.21;43
2014036794;chechnya;93.19;93
5007108475;moscow reg.;43.31;43
1215100906;marij el;71.10;71
4100041093;kamchatka;49.41;49
3128030702;belgorod;42.21;42
4401017538;kostroma;94.99;94
5837035826;penza;69.20;69
1513086164;north ossetia;49.32;49
9203536227;sevastopol;46.69.80;46
8604056138;khanty-mansijsk;45.11.20;45
0816018482;kalmykia;69.20.20;69
4708022337;leningrad;81.29.10;81
3233006040;bryansk;52.21.24;52
9204008205;sevastopol;68.32;68
2225162036;altai terr.;47.72;47
5401981198;novosibirsk;47.71;47
2223599423;altai terr.;41.20;41
2461048576;krasnoyarsk;62.01;62
4821050915;lipetzk;56.10;56
2700013908;khabarovsk;73.11;73
1714004926;tuva;01.45.10;01
0500004885;dagestan;25.30;25
1101172142;komi;73.11;73
2812009272;amur;94.99;94
5256192935;nizhni novgorod;45.31;45
5837027977;penza;86.21;86
9721219613;moscow city;43.31;43
9200016734;sevastopol;46.49.33;46
9201531569;sevastopol;62.01;62
6829107444;tambov;46.46.20;46
6163108731;rostov;25.99;25
1832123045;udmurtia;25.62;25
6732222147;smolensk;73.11;73
2013000594;chechnya;42.11;42
6829022134;tambov;94.99;94
6658361945;sverdlovsk;68.32.20;68
1800021812;udmurtia;69.20.20;69
3666233469;kursk;70.22;70
2635254393;stavropol;42.91;42
7726442971;moscow city;73.11;73
7723400469;ryazan;72.19;72
9310009722;donetsk;43.12;43
0276912660;bashkortostan;56.10;56
7603020881;yaroslavl;94.12;94
1433011685;yakutia;52.21.24;52
3664086191;voronezh;41.20;41
0900009849;karachaevo-chercessia;42.21;42
3025037375;astrakhan;01.11;01
3528336011;vologda;49.41;49
3122014790;belgorod;01.13;01
1215181422;marij el;47.70;47
2801129730;amur;46.40;46
3705063830;ivanovo;68.20;68
1660289870;tatarstan;52.29;52
7500020382;zabaikalsk terr.;43.29;43
6437010603;saratov;68.32.20;68
4025446845;kaluga;10.51;10
9710073240;moscow city;94.12;94
2543047799;primorsky terr.;52.29;52
9723076375;moscow city;68.20;68
3664241143;voronezh;71.20.90;71
1834100780;udmurtia;47.50;47
3913014129;kaliningrad;71.12.10;71
1121027930;komi;93.12;93
9303026357;donetsk;43.99;43
5702007648;oryol;69.20.20;69
7610133646;yaroslavl;20.15;20
5262390727;nizhni novgorod;42.11;42
1513052126;north ossetia;43.29;43
9406010119;luhansk;43.99;43
8619017124;khanty-mansijsk;25.61;25
6023004651;pskov;70.22;70
0708010341;kabardino-balkaria;68.20;68
5703005932;oryol;94.99;94
0562066923;dagestan;56.10;56
3125007864;belgorod;71.12.10;71
2465205854;krasnoyarsk;68.20.20;68
3257080275;bryansk;86.23;86
4400018056;kostroma;62.01;62
9406006497;luhansk;71.12;71
5318009318;novgorod;62;62
2904031648;arkhangelsk;25.11;25
2308010630;krasnodar;56.10;56
3128137244;belgorod;25.61;25
2928001956;arkhangelsk;25.62;25
3019007037;astrakhan;47.10;47
6671203313;sverdlovsk;52.29;52
4401177933;kostroma;69.20;69
0572032095;dagestan;93.21;93
1215229949;marij el;68.20;68
3663080630;voronezh;45.30;45
7203534314;tyumen;62.09;62
3664110831;voronezh;41.20;41
3702523720;ivanovo;45.10;45
0711022604;kabardino-balkaria;45.11.10;45
7805686674;lipetzk;62.01;62
7707778461;moscow city;68.10;68
5501190217;omsk;68.32;68
7612009965;yaroslavl;52.21.24;52
0608060324;ingushetia;01.11;01
2536970090;primorsky terr.;93.19;93
6311031228;samara;68.32.10;68
7722839479;moscow city;06.10;06
5445014825;novosibirsk;68.30;68
3721000764;ivanovo;43.22;43
7714893271;moscow city;86;86
1657057559;tatarstan;73.10;73
1657023567;tatarstan;68.20.20;68
8610020490;khanty-mansijsk;42.21;42
3702735611;ivanovo;43.21;43
2511121753;primorsky terr.;86.21;86
6168117585;rostov;46.71;46
5903073129;perm;41.20;41
6500006690;sakhalin;46.38.26;46
6166038306;rostov;68.32.10;68
3651007153;voronezh;25.61;25
1101174728;komi;93.29;93
3664098831;voronezh;69.20.20;69
7447105990;chelyabinsk;71.20;71
6452922153;saratov;68.20.20;68
6316124444;samara;69;69
7735144770;moscow city;58.14;58
5257201290;nizhni novgorod;71.12.60;71
0400021742;altai rep.;94.99;94
2901097626;arkhangelsk;71.12.30;71
5754023129;oryol;23.69;23
2016005150;chechnya;86.23;86
1651089272;tatarstan;49.41;49
7801651649;sankt-petersburg;94.99;94
9707019267;moscow city;52.10;52
1435361237;yakutia;62.01;62
6377001425;samara;01.11.10;01
1001340322;karelia;49.41;49
5916034180;perm;93.11;93
5250063281;nizhni novgorod;68.32;68
3023023144;astrakhan;49.41;49
9111022077;nizhni novgorod;56.10;56
1300005114;mordovia;49.42;49
9729029389;moscow city;64.99.30;64
5911043209;perm;01.70;01
4027990786;kaluga;68.32.10;68
6730068965;smolensk;73.20.20;73
9304000104;donetsk;93.11;93
5405497661;novosibirsk;47.91.20;47
1840096444;udmurtia;93.12;93
3015089663;astrakhan;25.99;25
5040164702;moscow reg.;46.90;46
9309019395;donetsk;93.12;93
3905078048;kaliningrad;46.90;46
6679160510;sverdlovsk;47.91;47
0400006590;altai rep.;41.20;41
9717166704;moscow city;46.73;46
9721181085;moscow city;46.90;46
7718271673;moscow city;45.20;45
4100037989;kamchatka;86.90;86
5911082166;perm;46.73;46
4501157810;kurgan;94.99;94
6726023697;smolensk;52.21.24;52
0916010663;karachaevo-chercessia;46.71;46
3906278709;kaliningrad;41.20;41
6500005463;sakhalin;93.19;93
7604220900;yaroslavl;71.10;71
3851021941;irkutsk;56.10;56
7536186494;zabaikalsk terr.;47.73;47
7438016590;chelyabinsk;46.38.22;46
7017454816;tomsk;41.20;41
7810720433;sankt-petersburg;68.32.20;68
2801184314;amur;47.76;47
7424011432;chelyabinsk;01.13.10;01
4207014617;kemerovo;71.12.12;71
4317007066;kirov;47.10;47
7704765841;moscow city;68.20;68
4027103522;kaluga;73.10;73
5047030521;moscow city;68.20.20;68
1001352381;karelia;25.11;25
9500015026;kherson;01.11;01
0726017269;kabardino-balkaria;41.20;41
2012010984;chechnya;42.21;42
7455002156;chelyabinsk;45.31.10;45
1435226213;yakutia;73.11;73
0600003613;ingushetia;01.42.10;01
2700008513;khabarovsk;25.61;25
1101002430;komi;52.21.24;52
2724120994;khabarovsk;86.21;86
1001338740;karelia;02.40;02
1327029578;mordovia;46.75;46
7604064842;yaroslavl;62.01;62
2801175359;amur;42.11;42
5011004951;moscow reg.;68.32.20;68
6732009210;smolensk;93.19;93
3000006209;astrakhan;93.12;93
5001155655;moscow reg.;49.41;49
6501274973;sakhalin;41.20;41
0262031542;bashkortostan;42.11;42
1515919527;north ossetia;41.20;41
7728658550;moscow city;53.20.30;53
4018009555;kaluga;08.11.20;08
2801176793;amur;49.40;49
1216005074;marij el;94.20;94
2801258213;amur;71.12;71
7325149736;ulyanovsk;93.29;93
4632276547;kursk;69.10;69
6906008377;tver;01.25.10;01
6027201837;pskov;45.20;45
4705065501;leningrad;69.20;69
5638025982;orenburg;62;62
6723000081;smolensk;56.10;56
5404243907;novosibirsk;24.52;24
7106076919;tula;43.21;43
6125022829;rostov;86.23;86
6804000925;tambov;70.22;70
4401179384;kostroma;70.10;70
3250512818;bryansk;69.10;69
6311162710;samara;94.99;94
0411161822;altai rep.;42.11;42
9106015412;crimea;68.32.20;68
3025009410;astrakhan;69.20;69
7014064776;tomsk;01.25.10;01
9729093680;moscow city;46.66;46
2103005195;chuvashia;46.32;46
9108005716;crimea;47.11;47
2721182865;khabarovsk;73.10;73
5006259954;moscow reg.;49.32;49
0814171647;kalmykia;94.99;94
1612007124;tatarstan;01.40;01
9201507083;sevastopol;47.71;47
1900003422;khakasia;25.99.30;25
0608015811;ingushetia;94.90;94
6000006476;pskov;93.19;93
6732230300;smolensk;41.20;41
4024008158;kaluga;68.32.10;68
2223029159;altai terr.;52.21.24;52
2015011104;chechnya;42.11;42
1601009296;udmurtia;52.10.21;52
6234058906;ryazan;62.01;62
6165559497;rostov;46.73.60;46
5246057694;nizhni novgorod;47.73;47
2464247957;krasnoyarsk;71.20;71
7736128933;moscow city;91.02;91
3441032114;volgograd;45.10;45
9717098451;moscow city;46.72.23;46
1004014285;karelia;94.99;94
5320016834;novgorod;41.20;41
7728446450;moscow city;20.15;20
3662278540;voronezh;43.21;43
7717127170;moscow city;46.90;46
6732238595;smolensk;41.20;41
5047253302;moscow reg.;47.23;47
9701074695;moscow city;68.20;68
7224077362;tyumen;71.12.20;71
5610042258;orenburg;49.41;49
3528330475;vologda;46.19;46
5047206091;moscow reg.;46.52;46
1435189995;yakutia;45.11.10;45
5035043036;moscow reg.;68.32.20;68
0711034180;kabardino-balkaria;69.10;69
5020071545;moscow reg.;73.20.20;73
7725272036;moscow city;46.90;46
7203314735;tyumen;86.22;86
5402019868;novosibirsk;47.99;47
3525129930;vologda;69;69
9710134566;moscow city;46.73;46
3448057559;volgograd;41.20;41
2111000666;chuvashia;47.11;47
2801202468;amur;49.40;49
5507279253;omsk;46.71;46
0600008509;ingushetia;46.46;46
7447316656;chelyabinsk;45.31;45
5751064864;oryol;49.41;49
1002005711;karelia;47.11;47
7100024826;tula;56.10;56
4029065470;kaluga;25.50;25
2703046450;khabarovsk;43.21;43
7841317841;sankt-petersburg;68.10;68
9705007499;moscow reg.;41.20;41
2720062798;khabarovsk;42.12;42
2130231482;chuvashia;86.10;86
3257045175;bryansk;49.39;49
6454105559;saratov;86.21;86
2411028976;khakasia;68.20;68
0916010857;karachaevo-chercessia;49.41;49
3122006870;belgorod;71.10;71
3702951330;ivanovo;94.99;94
3808039364;irkutsk;68.32;68
3801144970;irkutsk;43.99;43
7734694154;moscow city;46.74.20;46
1700003055;tuva;41.20;41
4622004463;kursk;01.50;01
7506004789;zabaikalsk terr.;47.30;47
0901002081;karachaevo-chercessia;49.31.21;49
2367029897;krasnodar;41.20;41
7805779375;sankt-petersburg;71.11;71
8604044044;khanty-mansijsk;45.20;45
5503271670;omsk;70.10;70
1655258588;tatarstan;94.99;94
5507281277;omsk;62.01;62
0274964261;bashkortostan;41.20;41
4205094769;kemerovo;46.90;46
1901112199;khakasia;71.10;71
5026116175;moscow reg.;86.21;86
5503254970;omsk;73.11;73
4105086725;kamchatka;01.70;01
6123023320;rostov;56.10;56
5614044376;orenburg;47.75;47
1901143768;khakasia;62.01;62
6316173226;samara;69.10;69
1021002160;karelia;86.90;86
5263153790;nizhni novgorod;73.11;73
4825151022;lipetzk;41.20;41
4800002861;lipetzk;42.11;42
7810148985;sankt-petersburg;77.40;77
4101065562;kamchatka;94.12;94
3702658244;ivanovo;69.20;69
3808062540;irkutsk;94.99;94
2100001227;chuvashia;49.41;49
1001248060;karelia;73.10;73
7415102073;chelyabinsk;45.31.10;45
9727013489;moscow city;46.73;46
4501000094;kurgan;68.20.20;68
3100021602;belgorod;45.31;45
0400021132;altai rep.;56.10;56
4632215209;kursk;47.54;47
9107003402;crimea;49.31.20;49
4500008333;kurgan;46.73.60;46
7813594890;sankt-petersburg;93.29;93
7328501258;ulyanovsk;42.21;42
1654009081;tatarstan;94.20;94
9500013251;kherson;94.20;94
6944009396;tver;45.20.20;45
5507284768;omsk;01.11.10;01
1435338238;moscow city;56.29.20;56
1500012542;north ossetia;43.29;43
7730047565;moscow city;68.32.10;68
8620024542;khanty-mansijsk;93.19;93
5074088190;moscow reg.;49.41;49
6432027346;saratov;41.20;41
0274968918;bashkortostan;56.10;56
7721561245;moscow city;46.69;46
2311257725;krasnodar;45.32;45
1500010048;north ossetia;68.32;68
5410080778;novosibirsk;49.41;49
6681013061;sverdlovsk;42.12;42
3448032297;volgograd;94.20;94
2311356483;krasnodar;45.32;45
3435142542;volgograd;47.59;47
6324068360;samara;69.10;69
0300018496;buryatia;69.10;69
2626051848;stavropol;71.20.20;71
7807239946;sankt-petersburg;47.11;47
5249180978;nizhni novgorod;41.20;41
9705232720;moscow city;68.20;68
7106504681;tula;42.11;42
1435338492;yakutia;86.23;86
7500011324;zabaikalsk terr.;86.23;86
7743446905;moscow city;41.20;41
7802860317;leningrad;42.21;42
5316000302;novgorod;47.19;47
4403003964;kostroma;68.31;68
4703170540;leningrad;62.03;62
1001139705;karelia;68.32.20;68
5406590141;novosibirsk;41.20;41
4826088694;lipetzk;68.20;68
7733765331;moscow city;35.12;35
5074071809;moscow reg.;46.21.10;46
1001166177;karelia;70.22;70
1900015097;khakasia;47.11;47
1001342746;karelia;86.22;86
7733112205;kaluga;52.29;52
8904067973;yamal-nenets ao;01.10;01
1835079404;udmurtia;41.20;41
5305990055;novgorod;94.99;94
3328429050;vladimir;79.11;79
7453333160;chelyabinsk;86.23;86
1644046077;tatarstan;01.40;01
0606012163;ingushetia;71.11.10;71
5405293731;novosibirsk;68.20;68
6313555467;samara;69.20;69
4345379186;kirov;69.20.20;69
9701043400;moscow city;62.09;62
3616025819;voronezh;70.22;70
5261088190;nizhni novgorod;86.23;86
7627007400;yaroslavl;68.32.20;68
1513059971;north ossetia;86.10;86
3525146894;vologda;94.99;94
7807254856;sankt-petersburg;73.11;73
4909130220;magadan;45.20;45
9724147212;moscow city;47.41;47
3123440744;belgorod;70.22;70
4401185067;kostroma;46.41;46
0816026476;kalmykia;56.10;56
1400025450;yakutia;62.01;62
5838011296;penza;93.29.90;93
7810957859;sankt-petersburg;42.21;42
2801241403;amur;45.20;45
0800000546;kalmykia;71.12;71
9703101111;moscow city;56.29;56
9310003865;donetsk;68.20;68
6727013300;smolensk;52.21.24;52
0274089988;bashkortostan;70.22;70
7720300410;murmansk;71.12;71
6200009516;ryazan;43.21;43
7715800424;moscow city;22.21;22
4027081653;kaluga;70.22;70
1433026811;yakutia;52.21.24;52
3254505314;bryansk;45.30;45
5321200762;novgorod;56.10.21;56
7728833716;irkutsk;69.10;69
6685158205;sverdlovsk;70.22;70
9726052580;moscow city;46.90;46
4909071817;magadan;47.71.50;47
5902063400;perm;46.73.60;46
2540258537;primorsky terr.;62.01;62
4011014605;kaluga;77.39;77
2116001737;chuvashia;69;69
7327083576;ulyanovsk;45.31;45
4630012034;kursk;68.32.10;68
7415030502;chelyabinsk;47.19;47
7725181533;moscow city;46.32;46
2315227376;krasnodar;46.11;46
0323411329;buryatia;45.11;45
5404312928;novosibirsk;56.10;56
1513080525;north ossetia;47.25.10;47
3025999887;astrakhan;93.19;93
3801092954;irkutsk;56.30;56
0323416528;buryatia;62.01;62
0274914285;bashkortostan;62.01;62
8603243304;khanty-mansijsk;46.90;46
6211007119;ryazan;43.20;43
9201526329;sevastopol;94.99;94
2455031302;krasnoyarsk;86.23;86
7203526521;tyumen;69.10;69
5034085033;moscow reg.;68.32.10;68
5190091972;murmansk;70.10;70
5034054719;moscow reg.;56.10;56
0105082642;adygeya;46.11.30;46
7722344130;moscow city;46.49;46
7447072897;chelyabinsk;46.73.60;46
9717096863;moscow city;46.72;46
7806576441;sankt-petersburg;69.20;69
8603231919;khanty-mansijsk;62.01;62
7459007540;chelyabinsk;23.70;23
3453006782;volgograd;47.30;47
0816041097;kalmykia;41.20;41
6155093337;rostov;25.11;25
5018141940;moscow reg.;73.11;73
9201001515;marij el;47.73;47
2801267698;jewish ao;49.41;49
7609022363;moscow reg.;01.50;01
4501197757;kurgan;73.11;73
1657244774;tatarstan;46.51;46
7734480723;moscow city;47.78.10;47
7536985105;zabaikalsk terr.;69;69
1837001393;udmurtia;71.12;71
1501025992;north ossetia;42.11;42
8913005589;yamal-nenets ao;62.02;62
7716971493;moscow city;10.89;10
0277102845;bashkortostan;49.41.10;49
1435970528;yakutia;93.19;93
2312074499;krasnodar;94.99;94
2465330118;krasnoyarsk;71.12;71
5249146769;nizhni novgorod;47.76.10;47
7100037085;tula;56.10.10;56
3666238805;voronezh;45.20;45
8706006792;chukotka;94.99;94
0272914836;bashkortostan;69.20;69
3307023532;vladimir;56.29;56
2801277583;amur;42.11;42
5405087256;novosibirsk;15.20.50;15
6411073704;saratov;56.29;56
2310227051;krasnodar;70.22;70
6027091856;pskov;25.12;25
0917022333;karachaevo-chercessia;46.75.10;46
0264082197;bashkortostan;86.23;86
5751064430;oryol;42.21;42
1516616885;north ossetia;68.32.10;68
7716545350;moscow city;68.20.29;68
8905068271;yamal-nenets ao;43.11;43
7118816501;tula;86.90.90;86
1660217844;tatarstan;46.90;46
1435346479;yakutia;69.10;69
2820001911;amur;01.11.10;01
5907018143;perm;43.29;43
1700002527;tuva;41.20;41
6316284247;samara;69.10;69
6658157033;sverdlovsk;68.32.20;68
1901143817;khakasia;46.73;46
6000003789;pskov;49.41;49
5614084611;orenburg;71.12.70;71
7804689577;sankt-petersburg;86.21;86
2801231282;amur;73.11;73
3102046190;belgorod;49.41;49
5904402778;perm;73.11;73
2222827821;altai terr.;69.10;69
1653019922;tatarstan;45.19;45
4205375752;kemerovo;71.12.30;71
3812525744;irkutsk;80.20;80
2311284207;krasnodar;52.29;52
9729321810;moscow city;47.91;47
0508015021;dagestan;45.32;45
7449132809;chelyabinsk;43.32;43
5501252664;omsk;46.90;46
3435911678;volgograd;25.62;25
4824054241;lipetzk;93.12;93
5408273500;novosibirsk;94.99;94
6732114649;smolensk;93.19;93
7017473304;tomsk;46.13;46
2540234663;primorsky terr.;42.11;42
1645034525;tatarstan;94.99;94
7622003169;yaroslavl;01.61;01
7446030580;chelyabinsk;42.21;42
7017996738;tomsk;93.19;93
4205194788;kemerovo;41.20;41
2508113424;primorsky terr.;71.10;71
7811775611;sankt-petersburg;93.29;93
3015002969;astrakhan;46.52;46
6316081455;samara;56.10;56
5032246687;moscow reg.;45.32;45
5834125895;penza;25.61;25
7203384740;tyumen;41.20;41
6730045492;smolensk;62.09;62
5505208289;omsk;49.41;49
6686110277;sverdlovsk;43.11;43
1327000219;mordovia;25.12;25
3662287992;voronezh;68.20;68
7204105861;tyumen;69.20.10;69
7148000703;tula;86.90.90;86
1001161115;karelia;45.30;45
1837017844;udmurtia;73.11;73
3827055097;irkutsk;52.29;52
0600011910;ingushetia;42.21;42
7840109920;sankt-petersburg;25.62;25
6321409572;samara;20.16;20
7901548973;jewish ao;41.20;41
2801229364;amur;46.21;46
5837036019;penza;43.12.30;43
6316277930;samara;62.01;62
1500013465;north ossetia;49.41;49
3906294108;kaliningrad;68.31.31;68
6002005380;pskov;01.13;01
5190066856;murmansk;49.41;49
5190313103;murmansk;41.20;41
1829010965;udmurtia;52.21.24;52
3662290314;voronezh;56.10;56
5321204566;novgorod;45.32;45
5029181743;moscow reg.;56.10;56
3257030620;bryansk;86.10;86
4501228797;kurgan;46.90;46
7610105416;yaroslavl;69.20;69
7017323637;tomsk;72.19;72
7726401750;moscow city;28.29;28
1650422643;tatarstan;62.02;62
2462068590;krasnoyarsk;25.11;25
9723211659;moscow city;45.19;45
2804020650;amur;71.12.30;71
1400038963;yakutia;01.41.10;01
7321006705;ulyanovsk;71.12;71
3250527878;bryansk;86.10;86
7329001064;ulyanovsk;41.20;41
4312154998;kirov;93.19;93
2222882830;altai terr.;56.10;56
0323825626;buryatia;43.21;43
2206004965;altai terr.;08.11;08
5837081283;penza;46.34.10;46
9721139661;moscow city;46.69.50;46
5025030768;moscow reg.;68.20.20;68
8906008170;yamal-nenets ao;71.12.62;71
9724008836;moscow city;16.23;16
7415090156;chelyabinsk;94.99;94
3664251511;voronezh;46.49;46
6671012414;sverdlovsk;62.01;62
4101095831;kamchatka;52.21.24;52
0571023387;dagestan;70.10;70
6234031012;ryazan;93.11;93
4632178765;kursk;73.10;73
9102261209;crimea;25.61;25
4824041323;lipetzk;86.23;86
1901088228;khakasia;86;86
4348012404;kirov;33.12;33
7011006247;tomsk;69.20.20;69
4900015159;magadan;41.20;41
3702523279;ivanovo;47.52.50;47
9204561650;sevastopol;70.22;70
1400004989;yakutia;41.20;41
1101140415;komi;70.22;70
3123483353;belgorod;77.11;77
3015017411;astrakhan;25.99;25
7714477680;moscow city;59.11;59
0326568800;buryatia;73.20;73
1660360509;tatarstan;71.11;71
5753070454;oryol;41.20;41
3319006348;vladimir;43.11;43
5419102000;novosibirsk;94.20;94
7728446770;moscow city;46.69;46
5257177471;nizhni novgorod;52.29;52
2502073334;primorsky terr.;68.32.10;68
4107000868;kamchatka;01.70;01
0901020179;karachaevo-chercessia;42.11;42
2462206271;krasnoyarsk;46.76.10;46
7100014137;tula;43.34;43
1303000379;mordovia;43.39;43
7460063570;chelyabinsk;41.20;41
8904088074;yamal-nenets ao;45.20;45
3302018190;vladimir;71.12.20;71
7017487410;tomsk;45.20;45
6312195980;samara;25.61;25
3625017476;voronezh;45.20;45
7536153690;zabaikalsk terr.;94.99;94
3662297905;voronezh;52.29;52
0917020128;karachaevo-chercessia;52.21.24;52
7813243250;sankt-petersburg;77.39.27;77
4826134245;lipetzk;25.11;25
1105020172;komi;86.23;86
7702744148;moscow city;41.20;41
6432027628;saratov;70.22;70
4401195499;kostroma;01.63;01
1831055699;udmurtia;52.21.24;52
7720882486;moscow city;43.31;43
5903046742;perm;70.22;70
0917026151;karachaevo-chercessia;94.99;94
0276974064;bashkortostan;46.90;46
1500012172;north ossetia;56.10;56
6142013920;rostov;01.11.10;01
5717006809;oryol;93.11;93
5473014376;novosibirsk;01.13;01
6621011849;sverdlovsk;56.10;56
3661171917;voronezh;46.33;46
0726023135;kabardino-balkaria;93.19;93
2130231450;chuvashia;41.20;41
2536281011;primorsky terr.;69.10;69
6440001510;saratov;68.20.20;68
7719438981;moscow city;64.99;64
1658248725;tatarstan;86.10;86
5258151620;nizhni novgorod;33.20;33
4909114098;magadan;49.41.10;49
1900008364;khakasia;56.29;56
1434051218;yakutia;33.12;33
9306000580;donetsk;96.04;96
4826104434;lipetzk;45.32;45
3664248710;voronezh;52.23.13;52
9704223264;moscow city;47.11;47
2926009075;arkhangelsk;52.21.24;52
5907014999;perm;52.21.24;52
2502077219;primorsky terr.;47.73;47
2636043236;stavropol;73.20.10;73
2503027796;primorsky terr.;42.11;42
3523016152;vologda;52.21.24;52
5501270737;omsk;69.10;69
5903155163;perm;23.31;23
2311981470;krasnodar;94.99;94
5047292990;moscow reg.;88.99;88
7720334881;moscow city;49.42;49
0544019720;dagestan;25.99;25
2130165984;chuvashia;73.11;73
5907029106;perm;01.49.10;01
0323359904;buryatia;46.49;46
9303029125;donetsk;94.20;94
2534006299;primorsky terr.;47.10;47
5030085515;sevastopol;69.10;69
3702077514;ivanovo;71.11.10;71
5031034538;moscow reg.;52.21.24;52
6900010482;tver;62.01;62
5190918740;murmansk;25.10;25
5017054003;moscow reg.;35.22;35
7719493453;moscow city;47.73;47
9204561875;sevastopol;46.38;46
4909079894;magadan;69.10;69
9500021541;kherson;41.20;41
6340006811;samara;43.12;43
1841097271;udmurtia;41.20;41
4632182666;kursk;62.09;62
2223622633;altai terr.;45.32;45
3906339831;kaliningrad;46.63;46
9718143139;moscow city;79.12;79
7104524516;tula;86.10;86
9103076872;crimea;38.10;38
7820079730;sankt-petersburg;25.12;25
4025415928;kaluga;73.11;73
9407007616;luhansk;43.33;43
3848004921;irkutsk;25.11;25
3663042586;voronezh;93.10;93
9103019391;crimea;68.20.20;68
6832019879;tambov;52.21.24;52
2015011129;chechnya;71.11;71
5250025350;nizhni novgorod;52.21.24;52
6659006823;sverdlovsk;68.20.20;68
6732014130;smolensk;73.20.20;73
5402555700;novosibirsk;73.10;73
6829141413;tambov;86.23;86
0554007064;dagestan;43.39;43
4400007897;kostroma;69.10;69
0105017259;adygeya;68.20;68
4706042144;leningrad;01.49;01
0256999374;bashkortostan;70.22;70
3459078790;volgograd;42.11;42
2222838929;altai terr.;62.09;62
2465180007;krasnoyarsk;52.29;52
7105512680;tula;70.22;70
0548112014;dagestan;43.11;43
4632029795;kursk;70.21;70
2130203453;chuvashia;73.11;73
7733461510;moscow city;96.02;96
2130199119;chuvashia;71.12;71
6375003875;samara;01.11;01
7710745603;moscow city;05.10.11;05
4101098695;kamchatka;49.31.21;49
7453349875;chelyabinsk;64.99;64
4027138490;kaluga;69.10;69
2310176512;adygeya;42.99;42
2303027728;adygeya;43.12;43
7702824763;moscow city;69.10;69
4000012324;kaluga;56.21;56
3904081150;kaliningrad;69;69
0245968261;bashkortostan;73.11;73
7804428906;sankt-petersburg;45.11.20;45
0917012857;karachaevo-chercessia;47.24.30;47
3127019135;belgorod;49.41;49
1841009162;udmurtia;68.32.10;68
1101008985;komi;43.32;43
5503182187;omsk;43.21;43
6234194881;ryazan;25.73;25
2700007566;khabarovsk;46.41;46
9002009647;zaporizhzhia;41.20;41
3444189970;volgograd;73.11;73
7704302882;moscow city;64.99;64
7733225329;moscow city;71.10;71
3523023093;vologda;01.47;01
2130221477;chuvashia;64.92;64
5753069554;oryol;71.12.20;71
3702131190;ivanovo;45.30;45
4703025180;leningrad;68.32.20;68
7604050423;yaroslavl;43.99.90;43
5443006339;novosibirsk;42.21;42
3711051671;ivanovo;29.31;29
5029124262;moscow city;71.20.80;71
9308006690;donetsk;68.32;68
5249079287;nizhni novgorod;46.75;46
6315660555;samara;71.12.12;71
1435230481;yakutia;71.11;71
2460213918;krasnoyarsk;42.22.30;42
1901075476;khakasia;73.11;73
8602075689;khanty-mansijsk;18.13;18
5908032609;perm;47.10;47
1800001870;udmurtia;42.11;42
3666270816;voronezh;01.11;01
3625007968;voronezh;01.47;01
4824070236;lipetzk;94.99;94
7017468093;tomsk;69.10;69
5902065291;perm;82.99;82
1431010559;yakutia;01.62;01
9728010233;moscow reg.;56.10;56
1435315696;yakutia;56.10;56
6315593570;samara;56.10;56
5022019685;moscow reg.;47.50;47
6166058380;rostov;31;31
6454111680;saratov;45.30;45
2100010849;chuvashia;62.01;62
7017429834;tomsk;49.41;49
7527009629;zabaikalsk terr.;42.11;42
0107036698;adygeya;47.30.11;47
7202222094;tyumen;46.48.20;46
9724185874;moscow city;46.90;46
7328510661;ulyanovsk;25.12;25
8905038157;yamal-nenets ao;47.25.10;47
7310105863;ulyanovsk;47.11.10;47
4900015060;magadan;56.10;56
7451086194;chelyabinsk;01.13.31;01
6732246282;smolensk;73.11;73
2127327709;chuvashia;52.21.24;52
5836898058;penza;01.50;01
4345501380;kirov;47.91.20;47
7215002755;tyumen;01.11.10;01
1513046394;north ossetia;73.11;73
7224088678;tyumen;42.21;42
9724067711;moscow city;25.11;25
0800007767;kalmykia;45.11;45
3019029217;astrakhan;68.32.10;68
5752071303;oryol;73.11;73
2221212159;altai terr.;43.21;43
6324041463;samara;47.43;47
5410084412;novosibirsk;56.10.21;56
1314095252;mordovia;94.20;94
3906375815;kaliningrad;69.10;69
3435147540;volgograd;46.69.30;46
5835137283;penza;86.23;86
3662246410;voronezh;49.41;49
0270407855;bashkortostan;70.22;70
1513081487;north ossetia;45.31;45
5260170596;rostov;71.12.40;71
6500007485;sakhalin;41.20;41
4238009462;kemerovo;68.32.20;68
6671065374;sverdlovsk;73.11;73
7203415282;tyumen;41.20;41
9723180249;moscow city;46.90;46
6500005008;sakhalin;70.22;70
2920014777;arkhangelsk;02.20;02
4025458270;kaluga;46.73;46
7604070500;yaroslavl;86.10;86
3652006716;voronezh;86.23;86
3525305079;vologda;45.20;45
2013010264;chechnya;56.10;56
8603148509;khanty-mansijsk;25.11;25
2804015466;amur;69;69
6164135270;rostov;62.01;62
5018209250;moscow reg.;47.91;47
5507243151;omsk;47.79;47
4632300824;kursk;71.12;71
5753073695;oryol;56.30;56
7447137375;chelyabinsk;73.11;73
7500007871;zabaikalsk terr.;42.11;42
6319197031;samara;77.32;77
9102184762;crimea;01.11;01
5040175180;moscow reg.;73.11;73
9728007209;lipetzk;52.29;52
3909800521;kaliningrad;01.10;01
1101058753;komi;49.41.10;49
9308019836;donetsk;71.12;71
7810903331;sankt-petersburg;64.91;64
1020001533;karelia;42.11;42
9200022791;sevastopol;41.20;41
9204013910;sevastopol;52.21.24;52
7448193742;kurgan;46.49;46
3906205027;kaliningrad;86.23;86
5905049530;perm;62.01;62
4101188701;kamchatka;46.90;46
9500005606;kherson;68.20;68
5609096996;orenburg;47.59;47
6685209026;sverdlovsk;43.29;43
1655110447;tatarstan;93.20;93
9724116655;moscow city;43.12;43
3808230603;irkutsk;86;86
4325002696;kirov;01.41;01
7718927468;moscow city;86;86
3409007360;volgograd;49.41;49
0300014205;buryatia;47.73;47
1656090313;primorsky terr.;90.04.30;90
2635825230;stavropol;43.21;43
4726005119;leningrad;25.11;25
7413029484;chelyabinsk;45.31;45
6827030531;tambov;86.23;86
3666264636;voronezh;56.10;56
7751163869;moscow city;45.31;45
7714993974;moscow city;46.71;46
1701035557;tuva;49.41.20;49
1435280637;yakutia;42.21;42
4823006069;lipetzk;94.99;94
2623031392;stavropol;41.20;41
6501259485;sakhalin;41.20;41
6727016734;smolensk;35.30.40;35
6027187950;pskov;71.11;71
2706032382;khabarovsk;47.11;47
9106016053;crimea;43.29;43
3407000881;volgograd;01.11.10;01
7536102769;zabaikalsk terr.;47.52.70;47
2315116933;krasnodar;41.20;41
6670256680;sverdlovsk;86.23;86
1300004417;mordovia;68.32.20;68
0265042285;bashkortostan;41.20;41
4826136556;lipetzk;73.20;73
5003041854;moscow reg.;94.99;94
6454089586;sankt-petersburg;46.69.50;46
2635215958;stavropol;31.01;31
4500014739;kurgan;73.11;73
5118004993;murmansk;43.21;43
7727297935;moscow city;46.75;46
6950263129;tver;46.90;46
6234130060;ryazan;01.11;01
7603072907;yaroslavl;47.91.20;47
1624011220;tatarstan;86.23;86
2540184194;primorsky terr.;45.31.10;45
5007018528;moscow reg.;01.19;01
5752045448;oryol;25.62;25
9723092000;moscow city;86.23;86
1200008954;marij el;94.99;94
7751151648;moscow city;69.20;69
2223640713;altai terr.;93.12;93
4345057728;moscow city;18.10;18
2901137847;nenets ao;41.20;41
1101173210;komi;94.99;94
1650408977;tatarstan;43.29;43
1650418580;tatarstan;46.69;46
7806599505;sankt-petersburg;45.20;45
0308000540;buryatia;01.47;01
7205031429;tyumen;01.11;01
7116128651;tula;56.10.10;56
4101143845;kamchatka;52.21.24;52
0411167817;altai rep.;43.31;43
5257147540;nizhni novgorod;43.22;43
4705111772;leningrad;56.10;56
4632168943;kursk;68.32;68
2801269448;amur;41.20;41
5902163027;perm;73.10;73
7718990068;moscow city;46.66;46
7816710985;sankt-petersburg;68.20;68
1106027741;komi;49.41.10;49
2801087832;amur;56.10;56
1701061860;tuva;71.12.41;71
7701786360;moscow city;69.20.10;69
3906224943;kaliningrad;25.12;25
7720847523;arkhangelsk;42.11;42
7105041776;tula;41.20;41
2225222278;altai terr.;45.32;45
3528331630;vologda;42.99;42
5260463024;nizhni novgorod;56.10;56
7451278509;chelyabinsk;16.23;16
2311362416;krasnodar;25.99;25
7804650989;sankt-petersburg;25.62;25
2130063855;chuvashia;47.78.20;47
5433973048;novosibirsk;46.37;46
0700016077;kabardino-balkaria;94.99;94
7126020520;tula;73.11;73
7326057421;ulyanovsk;69.10;69
7806609961;sankt-petersburg;49.41;49
2631017056;stavropol;52.21.24;52
4501195580;kurgan;70.22;70
5506235454;omsk;42.99;42
3719000439;ivanovo;86.90.40;86
6439100274;saratov;42.21;42
8601019730;khanty-mansijsk;80.10;80
9105017093;crimea;49.39;49
5835108638;penza;69.20.20;69
7713741237;moscow city;01.13.40;01
7203483356;tyumen;45.32;45
9201515623;sevastopol;69.10;69
5404038873;novosibirsk;49.41;49
1701057600;tuva;46.43.20;46
4311003932;kirov;94.99;94
6732055680;smolensk;93.12;93
3906121546;kaliningrad;62.01;62
3257014755;bryansk;80.10;80
1659073725;tatarstan;55.10;55
6318019290;samara;41.20;41
0544010678;dagestan;71.12.10;71
6162085369;rostov;69.20;69
3250534201;bryansk;25.93;25
3416033227;volgograd;01.11.10;01
2801066261;amur;69.20.20;69
3666230806;voronezh;46.61;46
7722585094;moscow city;43.39;43
1837020170;udmurtia;42.99;42
7500017855;zabaikalsk terr.;93.11;93
9709083885;krasnodar;62.01;62
5609026653;orenburg;56.10;56
6027192445;pskov;73.11;73
7452099534;chelyabinsk;71.11;71
7100028210;tula;45.31;45
1624445041;tatarstan;01.10;01
4714012249;leningrad;94.99;94
7203275050;tyumen;25.99.29;25
9102188372;crimea;46.34.23;46
5104909382;murmansk;73.10;73
7802945049;sankt-petersburg;46.69;46
6314048100;samara;46.73;46
7017119751;tomsk;52.10;52
1101501848;komi;94.99;94
0571013710;dagestan;46.73;46
1215183187;marij el;86.10;86
7814019331;sankt-petersburg;68.32.10;68
0521007559;dagestan;46.90;46
7814439551;sankt-petersburg;86.23;86
7708651531;moscow city;43.20;43
5638060708;orenburg;46.71.20;46
2926007430;nenets ao;68.20;68
0572000304;dagestan;47.78;47
0500016591;dagestan;49.41;49
9729370623;moscow city;43.21;43
9409003293;luhansk;86.90.90;86
5837024817;penza;52.21.24;52
7705412550;moscow city;68.20;68
7456024561;chelyabinsk;46.71;46
6700024600;smolensk;46.90;46
2109901906;chuvashia;56.29;56
6625042164;sverdlovsk;47.11;47
9110022243;crimea;10.71;10
4000018809;kaluga;49.41;49
7135003665;tula;70.22;70
3123439509;sankt-petersburg;68.20;68
2014259656;chechnya;94.90;94
2539117891;primorsky terr.;70.22;70
7453000724;chelyabinsk;68.20;68
5817006778;penza;46.72.21;46
7724527620;moscow city;41.20;41
5408305576;novosibirsk;70.22;70
3906904410;kaliningrad;94.99;94
2808000661;amur;42.21;42
3426009671;volgograd;20.14;20
7726477999;moscow city;74.90.40;74
2245002560;altai terr.;01.11.10;01
8602252000;khanty-mansijsk;46.69;46
4345184620;kirov;62.01;62
0600005963;ingushetia;45.20;45
6500015415;sakhalin;47.19;47
8614001995;khanty-mansijsk;84.11.34;84
3528153794;vologda;68.20.20;68
0600010307;ingushetia;41.20;41
9204022390;sevastopol;86.23;86
9725063558;moscow city;47.73;47
0600000274;ingushetia;01.41;01
0572033395;dagestan;47.74;47
6501269677;sakhalin;86.90.90;86
5032328442;moscow reg.;49.42;49
7714452220;moscow city;46.38.29;46
1200014806;marij el;94.99;94
6324062294;samara;56.29;56
9403006227;luhansk;46.71;46
6319244500;samara;18.12;18
7716892072;moscow city;62.01;62
9722074544;moscow city;25.11;25
6330082250;samara;94.11;94
5190052807;murmansk;46.90;46
5018205978;moscow reg.;77.40;77
5402028213;novosibirsk;28.29.12;28
3016066073;astrakhan;71.12;71
8603015690;khanty-mansijsk;62.02;62
4345499130;kirov;73.11;73
0411003505;altai rep.;71.12.20;71
4000007821;kaluga;25.11;25
4223131879;kemerovo;43.22;43
7714461465;moscow city;46.73;46
7326037136;ulyanovsk;62.01;62
4205227384;kemerovo;86.23;86
0274984363;bashkortostan;86.90.30;86
2130193420;chuvashia;68.31;68
1000017542;karelia;43.12;43
4217114184;kemerovo;62.09;62
0560034193;dagestan;71.11.10;71
6323089649;samara;45.30;45
5321204647;novgorod;86.23;86
1203009360;marij el;68.32;68
4444003353;kostroma;52.21.24;52
4223133604;kemerovo;93.13;93
2902040975;arkhangelsk;25.30.10;25
5029247458;moscow reg.;69.20.20;69
8701005555;chukotka;94.99;94
2801085793;amur;70.22;70
5027311595;moscow reg.;62.01;62
7449118258;chelyabinsk;41.20;41
3805734497;irkutsk;70.22;70
6321133194;samara;69.20;69
7713486989;moscow city;70.22;70
1001253246;karelia;68.10.10;68
7452099608;chelyabinsk;46.51;46
1101178994;komi;42.21;42
1514012006;north ossetia;86.90;86
6673239210;sverdlovsk;45.30;45
2130999370;chuvashia;94.99;94
9723176330;moscow city;43.39;43
6952314474;tver;49.41;49
4100039217;kamchatka;41.20;41
0710056801;kabardino-balkaria;68.32;68
2130219157;chuvashia;86.23;86
3525487213;vologda;47.91;47
0275927939;bashkortostan;46.69;46
7447113215;chelyabinsk;25.10;25
6646000824;sverdlovsk;56.10;56
9704245236;moscow city;43.39;43
7724452283;moscow city;46.41.10;46
2465347256;krasnoyarsk;70.22;70
0230006198;bashkortostan;46.32;46
6501099295;sakhalin;25.11;25
2005013134;chechnya;68.10;68
1656097559;tatarstan;46.69;46
6950232480;tver;47.11;47
7720267265;moscow city;64.99;64
7734477054;moscow city;41.20;41
5502017310;omsk;52.21.24;52
9410011250;luhansk;41.20;41
7604385973;yaroslavl;33.12;33
4401155200;kostroma;41.20;41
6673151702;sverdlovsk;46.73;46
0800003547;kalmykia;49.42;49
4704114749;leningrad;01.49.10;01
1701057350;tuva;56.10;56
2635094654;stavropol;73.11;73
7726660585;moscow city;46.69.90;46
5836130234;penza;52.21.24;52
6952320710;tver;49.41;49
9312009975;donetsk;47.11;47
6164132896;rostov;41.20;41
6829089354;tambov;41.20;41
5404522146;novosibirsk;45.20.10;45
6500009482;sakhalin;43.22;43
6319106860;samara;73.11;73
3664250980;voronezh;43.11;43
5027242221;moscow reg.;68.32;68
6722033856;smolensk;93.19;93
3334021686;vladimir;42.21;42
3808152786;irkutsk;43.99.70;43
1818000450;udmurtia;52.21.24;52
9402007718;luhansk;49.41;49
7017359231;tomsk;46.34;46
6155076204;rostov;93.12;93
3817049591;irkutsk;86.23;86
5247057859;nizhni novgorod;68.32.10;68
4000014755;kaluga;42.21;42
7736214614;moscow city;77.39.10;77
6136016746;rostov;84.25;84
9500016090;kherson;46.73;46
7602148208;leningrad;46.76;46
5406707512;novosibirsk;43.21;43
3123085546;belgorod;46.73.60;46
7802929103;sankt-petersburg;49.41;49
1000007417;karelia;25.99;25
4025000497;kaluga;01.13;01
4100044880;kamchatka;62.01;62
7720336977;moscow reg.;52.29;52
7534016754;zabaikalsk terr.;62.09;62
5038182976;moscow reg.;71.12;71
5408025554;novosibirsk;62.01;62
5904404630;perm;42.21;42
9311011379;donetsk;93.21;93
1105015430;komi;01.13;01
4500006791;kurgan;43.29;43
8911033277;yamal-nenets ao;68.20;68
7447185146;chelyabinsk;46.40;46
3907031172;kaliningrad;71.11.10;71
3500006648;vologda;93.29.90;93
1102085252;komi;70.22;70
6312129392;samara;25.11;25
5321119991;novgorod;70.22;70
2921127251;arkhangelsk;69.10;69
4018008833;kaluga;43.12;43
1900005290;khakasia;49.41;49
9200018795;sevastopol;69.20;69
1215060474;marij el;69.20.10;69
6658492031;sverdlovsk;46.73;46
9728135793;moscow city;41.20;41
9002016394;zaporizhzhia;56.10;56
6452999893;saratov;94.99;94
5226010497;nizhni novgorod;94.20;94
7714423332;moscow city;42.11;42
6116007983;rostov;01.11.10;01
5258121418;nizhni novgorod;46.90;46
6168118042;rostov;62.03;62
6662091699;sverdlovsk;68.32.20;68
6684009730;sverdlovsk;86.23;86
6319156363;samara;68.32;68
7017288196;tomsk;46.90;46
8611007251;khanty-mansijsk;47.25.11;47
7300032380;ulyanovsk;25.99;25
2223641957;altai terr.;45.31;45
6629026406;sverdlovsk;79.10;79
3702004509;ivanovo;52.29;52
5105012789;murmansk;25.99;25
7603057828;yaroslavl;46.90;46
3730000104;ivanovo;45.32;45
3316020070;vladimir;42.11;42
0500006160;dagestan;45.31;45
4101094080;kamchatka;52.21.24;52
7608039491;yaroslavl;49.32;49
1500000152;north ossetia;45.20;45
1001353603;karelia;25.62;25
1102033511;komi;68.20.20;68
5904239095;perm;43.20;43
1831191290;udmurtia;71.12.20;71
4704109273;leningrad;01.42.10;01
7734460942;moscow city;49.42;49
1102078512;komi;94.99;94
4401173664;kostroma;52.29;52
2018491040;chechnya;43.30;43
0608019742;ingushetia;86;86
0906001187;karachaevo-chercessia;43.99.20;43
1103028786;komi;49.31.20;49
7709932020;ryazan;62.09;62
0700013968;kabardino-balkaria;45.11.20;45
0571018429;dagestan;41.20;41
7536122483;zabaikalsk terr.;45.31.10;45
1209004489;marij el;47.10;47
3818019790;irkutsk;71.20.40;71
4800014923;lipetzk;46.73;46
6673141285;sverdlovsk;46.13;46
7725790648;moscow city;68.31.50;68
3103000230;belgorod;01.11.10;01
4000002439;kaluga;25.50.10;25
6165188725;rostov;68.31;68
7751183907;moscow city;52.21;52
7602159619;yaroslavl;42.12;42
9701206285;moscow city;69.10;69
2463108260;krasnoyarsk;46.90;46
4632263900;kursk;46.21;46
9102259249;crimea;52.10;52
7327017140;ulyanovsk;52.21.24;52
0323412280;buryatia;49.41;49
4900012790;magadan;45.31;45
9717042226;moscow city;52.29;52
7718845399;moscow city;68.32;68
3821010170;irkutsk;73.11;73
6686009710;sverdlovsk;25.62;25
9204509522;sevastopol;71.11.10;71
6509015441;sakhalin;01.13.30;01
4807011216;lipetzk;70.22;70
2130071020;chuvashia;93.20;93
9726034020;moscow city;41.20;41
6234203261;ryazan;45.32;45
7104073207;tula;25.50;25
2407063030;krasnoyarsk;49.32;49
1659192024;tatarstan;43.29;43
3666268408;voronezh;69.10;69
7806287425;leningrad;70.22;70
1215207864;marij el;69.10;69
2635078420;stavropol;70.22;70
2723138798;khabarovsk;71.12.30;71
9103010617;crimea;68.20;68
3817042892;irkutsk;41.20;41
5836133443;penza;68.32.10;68
7536143892;zabaikalsk terr.;69.20;69
7733322403;moscow city;86.23;86
6234190799;ryazan;45.31;45
4345350571;kirov;69;69
8904052159;yamal-nenets ao;86.10;86
2801075562;amur;49.41.20;49
2255002625;altai terr.;47.11.20;47
1901042079;khakasia;62.01;62
6671079169;sverdlovsk;56.10.10;56
3819013270;irkutsk;68.32.10;68
4706047760;leningrad;70.22;70
4501150928;kurgan;43.21;43
2709016251;khabarovsk;52.22;52
4632290044;kursk;62.01;62
1435283525;yakutia;41.20;41
9303011209;donetsk;86.23;86
3200004537;bryansk;25.11;25
5609181264;orenburg;56.10;56
4823081757;lipetzk;41.20;41
0800023511;kalmykia;70.22;70
5836695675;penza;41.20;41
3528059304;vologda;52.21.24;52
7536183704;zabaikalsk terr.;43.99.90;43
6314050395;samara;52.22;52
3827037080;irkutsk;01.10;01
7017344549;tomsk;72.19;72
3111006275;belgorod;56.10;56
2124048369;chuvashia;62.01;62
1900008325;khakasia;42.99;42
6168093655;rostov;43.21;43
6027027152;pskov;56.29;56
6950156328;tver;45.20;45
7203491607;tyumen;49.42;49
5257034836;nizhni novgorod;25.11;25
4346054208;kirov;10.71;10
0277918263;bashkortostan;56.10;56
6950124566;tver;46.74.30;46
8706006672;chukotka;94.20;94
5009077039;moscow reg.;52.29;52
2121001820;chuvashia;01.13.30;01
5410040969;novosibirsk;71.11.10;71
1901057639;khakasia;73.11;73
9726013380;moscow city;46.90;46
1001116923;karelia;52.21.24;52
5906181404;perm;49.41;49
0572032120;dagestan;43.21;43
1003100816;karelia;52.21.24;52
5609199832;orenburg;71.12;71
6829162251;tambov;46.69.50;46
3303036629;vladimir;01.11;01
4707058041;leningrad;46.32;46
4345515135;kirov;42.22;42
7801728274;sankt-petersburg;41.20;41
6731035000;smolensk;25.73;25
2627016155;stavropol;68.32;68
3023019726;astrakhan;42.11;42
4202052841;kemerovo;49.42;49
6731080404;smolensk;93.19;93
8911019064;yamal-nenets ao;52.24.20;52
6731065371;smolensk;68.32.10;68
6950232032;tver;93.13;93
0725024802;kabardino-balkaria;47.73;47
9311002906;donetsk;43.21;43
3701048045;ivanovo;86.23;86
6658250515;sverdlovsk;93.29.90;93
0917028945;karachaevo-chercessia;69.20;69
6623145051;sverdlovsk;46.90;46
2630004745;stavropol;82.99;82
1400033228;yakutia;73.11;73
3459074108;volgograd;25.62;25
7802276373;sankt-petersburg;93.29.90;93
6451005274;saratov;68.32.10;68
7811349363;sankt-petersburg;22.22;22
0278984276;bashkortostan;71.20;71
2724220156;khabarovsk;56.10;56
7751232706;moscow city;46.69.50;46
4826144437;lipetzk;56.10;56
3444253496;chechnya;46.71;46
0800000828;kalmykia;01.11.10;01
7718699420;moscow city;46.60;46
4027131061;kaluga;68.20.20;68
0203003906;bashkortostan;01.41;01
0273946397;bashkortostan;62.01;62
5042161513;moscow reg.;68.32;68
2511113819;primorsky terr.;52.29;52
6450606579;saratov;69.10;69
7721580600;moscow city;46.74;46
3257068180;bryansk;45.40;45
6501290485;sakhalin;47.73;47
7719853145;moscow city;46.42;46
3528275175;vologda;56.10;56
0725028123;kabardino-balkaria;86.23;86
3443111435;volgograd;86.21;86
1020004051;karelia;01.13.30;01
6439098890;saratov;42.11;42
3313028426;vladimir;52.24;52
7734627863;moscow city;62.02;62
2457079518;krasnoyarsk;68.32;68
7111012967;tula;68.32.20;68
3015106936;astrakhan;41.20;41
1655464291;tatarstan;49.42;49
7801647360;sankt-petersburg;77.39.22;77
7727601141;moscow city;41.20;41
2130231193;chuvashia;49.41;49
9402011129;luhansk;68.32;68
5506180460;omsk;46.90;46
3663093340;voronezh;86.23;86
5321195720;novgorod;93.19;93
7206062282;tyumen;41.10;41
6330037610;samara;46.73;46
3460084326;volgograd;46.90;46
0224958329;bashkortostan;68.20;68
4804006313;lipetzk;52.10.30;52
1215042965;marij el;41.20;41
7730317444;moscow city;53.20.30;53
2130222417;moscow city;42.11;42
6451402899;saratov;69.10;69
2801274529;amur;41.20;41
7130506739;tula;25.93;25
3917034630;kaliningrad;41.20;41
1835037524;udmurtia;94.99;94
3662310916;voronezh;46.73;46
5503216742;omsk;46.12;46
7017303729;tomsk;47.43;47
6670287141;sverdlovsk;46.49.40;46
9702022347;moscow city;81.10;81
6670450246;sverdlovsk;69.10;69
3123155377;belgorod;68.20.20;68
6658424507;sverdlovsk;45.10;45
7802919112;sankt-petersburg;42.21;42
0547012271;dagestan;52.21.21;52
0600016154;ingushetia;93.29;93
6161098703;rostov;47.72;47
1102067736;komi;68.20;68
9311023832;donetsk;49.41;49
6658138249;sverdlovsk;68.20;68
8604070291;khanty-mansijsk;25.11;25
3528323277;vologda;43.39;43
7204031360;tyumen;43.39;43
4345448591;kirov;73.11;73
6155079766;rostov;86.90.90;86
6700017547;smolensk;47.91;47
7327040100;ulyanovsk;73.11;73
0326600557;buryatia;73.20;73
6027149873;pskov;25.10;25
6321347439;samara;43.33;43
7017357080;tomsk;01.62;01
2801237044;amur;42.12;42
4205050673;kemerovo;43.21;43
8904041894;yamal-nenets ao;43.21;43
9709034648;moscow city;73.11;73
9102217760;crimea;49.41;49
3712000895;ivanovo;94.99;94
1001312607;karelia;30.11;30
9403028534;luhansk;47.25;47
7728464272;moscow city;47.11;47
9723205870;moscow city;47.91;47
0800022902;kalmykia;47.91;47
4813026813;lipetzk;49.40;49
3849067610;irkutsk;71.12.20;71
7021050020;tomsk;94.99;94
2130226203;chuvashia;42.11;42
7451436603;chelyabinsk;68.32;68
1224004765;marij el;46.73;46
1808205339;udmurtia;47.11;47
6454118413;saratov;41.20;41
5440115442;novosibirsk;41.20;41
5507278108;omsk;25.62;25
3123466118;belgorod;69.20;69
5902058921;perm;56.10;56
0105039911;adygeya;43.21;43
9201505544;sevastopol;70.22;70
5700008188;oryol;86.21;86
5300004774;novgorod;56.10;56
3019013827;astrakhan;43.29;43
4909112051;magadan;43.12;43
3811445670;irkutsk;94.99;94
4501198285;kurgan;46.17;46
9717069700;moscow city;46.46;46
1413001939;yakutia;94.99;94
0572013688;dagestan;52.29;52
7819318896;sankt-petersburg;46.90;46
2503027098;primorsky terr.;49.40;49
0107031516;adygeya;45.20.10;45
9703112226;moscow city;46.73;46
8603096434;khanty-mansijsk;86.21;86
6671036944;sverdlovsk;70.22;70
4703171536;leningrad;62.01;62
6501239496;sakhalin;71.12.45;71
7806577131;sankt-petersburg;10.13;10
7704756847;moscow city;69.20;69
3245005587;bryansk;93.19;93
3447027449;volgograd;47.64;47
5751053661;oryol;68.32;68
3243000576;bryansk;01.11;01
1800017037;udmurtia;93.12;93
4212033044;kemerovo;71.12.90;71
5050164525;moscow reg.;46.73;46
7716989973;moscow city;71.12;71
0573007119;dagestan;86.21;86
3025032088;astrakhan;68.32;68
6623044688;sverdlovsk;52.10;52
2013434016;chechnya;93.10;93
7805642300;sankt-petersburg;46.69;46
2543145387;primorsky terr.;46.33;46
6674091125;sverdlovsk;52.21.24;52
2223577620;altai terr.;68.32;68
7327999111;ulyanovsk;93.11;93
6513003713;sakhalin;69.20;69
7842152303;sankt-petersburg;22.22;22
7203341270;tyumen;43.11;43
3257033892;bryansk;41.20;41
7017148463;tomsk;46.90;46
6452145193;saratov;47.91.20;47
8604072500;khanty-mansijsk;46.63;46
5521008551;omsk;68.32.10;68
7804153225;sankt-petersburg;73.11;73
3123217577;belgorod;31;31
1101122896;komi;93.11;93
5501271716;omsk;62.01;62
6454075174;saratov;42.21;42
7447314458;chelyabinsk;79.11;79
2540165360;primorsky terr.;86.23;86
5310009926;novgorod;71.11.10;71
6226011904;ryazan;01.50;01
0601027078;ingushetia;94.99;94
1831206108;udmurtia;49.42;49
2103005290;chuvashia;47.25;47
7103522266;tula;68.32.20;68
4501105019;kurgan;41.20;41
5702014003;oryol;68.32;68
6800012969;tambov;49.41;49
4500014545;kurgan;94.20;94
9731118710;moscow city;46.31;46
8904059108;yamal-nenets ao;93.19;93
9702048440;moscow city;41.20;41
6679024690;sverdlovsk;52.21.24;52
6658444599;sverdlovsk;43.11;43
6165034210;rostov;47.30;47
1001134471;karelia;69.10;69
2920017182;arkhangelsk;16.10.10;16
3664242563;voronezh;71.11;71
3906266767;kaliningrad;68.10;68
7327035244;ulyanovsk;86.23;86
8603199101;khanty-mansijsk;43.12.30;43
3663132092;voronezh;94.99;94
8603214335;khanty-mansijsk;56.10;56
4632110238;kursk;47.19;47
7616011482;yaroslavl;13.20;13
1901073944;khakasia;49.31.20;49
9704180074;moscow city;46.73.60;46
6419007968;saratov;01.11;01
4028064393;kaluga;43.29;43
9310007323;donetsk;56.10.10;56
0274092726;bashkortostan;68.32.10;68
1308049642;mordovia;94.20;94
3900016792;kaliningrad;93.11;93
6121008710;rostov;94.99;94
3702247558;ivanovo;69.20;69
3257038058;bryansk;73.11;73
0107024068;adygeya;42.11;42
6732159992;smolensk;25.61;25
5249082561;nizhni novgorod;56.10;56
2634102327;stavropol;69.10;69
7017476305;tomsk;49.31.21;49
3702594537;ivanovo;69;69
6330088237;samara;43.21;43
6314010674;samara;71.10;71
2130225721;chuvashia;70.22;70
7111020982;tula;86.10;86
6623041207;sverdlovsk;96.04;96
7804499061;sankt-petersburg;70.22;70
2367025941;krasnodar;49.31;49
9402010083;luhansk;43.22;43
6155048510;rostov;46.43;46
2463130681;krasnoyarsk;70.22;70
3525314355;vologda;93.11;93
1645017914;tatarstan;47.29.10;47
3700015488;ivanovo;68.32;68
6312201271;samara;46.44.20;46
2700034175;khabarovsk;47.75;47
6827026246;tambov;73.11;73
0500022531;dagestan;01.50;01
6950205536;tver;62.02;62
2703103035;khabarovsk;93.12;93
2311332059;krasnodar;42.11;42
1900015065;khakasia;52.24;52
1901019320;khakasia;71.11;71
3662300450;voronezh;68.31;68
0326570454;buryatia;43.22;43
1315488104;mordovia;49.40;49
0800018092;kalmykia;46.90;46
7309904237;ulyanovsk;01.10;01
9702055582;moscow city;56.10.10;56
7703456953;moscow city;46.11;46
3327310670;vladimir;70.22;70
0601025627;ingushetia;41.20;41
5029268232;moscow reg.;43.22;43
7536157736;zabaikalsk terr.;69.20;69
5505070506;omsk;62.02;62
7804163946;sankt-petersburg;52.21.24;52
6226011260;ryazan;71.11.10;71
9703170490;moscow city;74.20;74
7447156466;chelyabinsk;86.21;86
9722065236;moscow city;46.90;46
8901041663;yamal-nenets ao;93.19;93
3662300474;voronezh;62.01;62
8602302003;khanty-mansijsk;46.73;46
7807042435;sankt-petersburg;22.19.20;22
1121028010;komi;93.19;93
3711005643;ivanovo;01.13.30;01
3202506540;bryansk;25.62;25
1000013241;karelia;43.21;43
4345492294;kirov;93.12;93
2464149702;tuva;71.12.30;71
7810430050;sankt-petersburg;46.90;46
5321075247;novgorod;25.11;25
7536133750;zabaikalsk terr.;73.10;73
5700002563;oryol;45.31.10;45
6679061290;sverdlovsk;25.99;25
2310173871;krasnodar;42.22;42
2522004071;primorsky terr.;71.11.10;71
0400011328;altai rep.;94.99;94
7806467072;sankt-petersburg;46.90;46
0500012886;dagestan;79.11;79
5300002992;novgorod;45.20;45
6604010877;sverdlovsk;52.21.24;52
4703144701;leningrad;43.29;43
3123133609;belgorod;70.22;70
4101025993;kamchatka;68.20.20;68
6000008314;pskov;49.41;49
1650126764;tatarstan;43.21;43
2462042168;krasnoyarsk;43.31;43
5300014518;novgorod;73.11;73
9311009316;donetsk;47.11;47
1324133500;mordovia;08.10;08
6316237230;samara;52.29;52
0900009133;karachaevo-chercessia;49.41;49
6155064537;rostov;47.10;47
6678131820;sverdlovsk;93.19;93
0323407241;buryatia;56.10;56
2317059504;krasnodar;47.52;47
1324001172;mordovia;01.11;01
7814127136;leningrad;45.20;45
3666159582;voronezh;69.10;69
7815013766;sankt-petersburg;56.10;56
1328010555;mordovia;56.10;56
7224012693;tyumen;68.32.20;68
1500013722;north ossetia;62.01;62
2804021808;mordovia;45.31;45
4632064870;kursk;56.10;56
5504214160;omsk;69.20.10;69
5404343718;novosibirsk;71.10;71
3528297972;vologda;42.22;42
3528297323;vologda;70.22;70
2635259360;stavropol;62.01;62
6949115905;tver;71.12.44;71
5507298048;omsk;01.11;01
4800016945;lipetzk;11.07;11
7103502809;tula;86.23;86
6950082309;tver;22.23;22
0725013720;kabardino-balkaria;86.21;86
6312208750;samara;71.12;71
5300011299;novgorod;70.22;70
9729342591;moscow city;45.20.10;45
4909996763;magadan;52.21;52
7813443298;sankt-petersburg;90;90
9201008126;sevastopol;68.32.10;68
5319004016;novgorod;01.70;01
3662304133;voronezh;94.99;94
5040183920;moscow reg.;47.29;47
8608058930;moscow city;41.20;41
5313015357;novgorod;41.20;41
0411171108;altai rep.;52.21.22;52
5321098237;novgorod;73.20.10;73
6820039292;tambov;42.11;42
5321100140;novgorod;52.29;52
3329097986;vladimir;56.10;56
1423010192;yakutia;47.11.30;47
4205374639;kemerovo;47.25;47
6230069569;ryazan;41.20;41
9402008694;luhansk;41.10;41
9204022922;sevastopol;52.21.24;52
4821035794;lipetzk;69.10;69
4500016694;kurgan;56.29;56
7024036200;tomsk;93.11;93
0816040840;kalmykia;46.51;46
2911003627;arkhangelsk;01.41;01
4909074631;magadan;45.10;45
1435128336;yakutia;86.90;86
1216025666;marij el;86.23;86
7726566649;moscow city;01.62;01
0326589688;buryatia;73.20;73
8602285037;khanty-mansijsk;25.61;25
2724136225;khabarovsk;52.21.19;52
8602254825;khanty-mansijsk;45.20;45
0317007333;buryatia;47.11;47
1513058350;north ossetia;62.09;62
6450104392;saratov;86.90;86
2223036533;altai terr.;86.90.10;86
9703155597;moscow city;63.11;63
9102281406;crimea;95.11;95
9303028636;donetsk;42.22;42
7729732566;moscow city;47.78.90;47
6684024840;tatarstan;80.10;80
5404209945;novosibirsk;46.90;46
7604228755;yaroslavl;45.31;45
6510010938;sakhalin;47.11;47
2315232457;krasnodar;93.19;93
9309025279;donetsk;49.41;49
5948069309;perm;73.11;73
2635059138;stavropol;68.32.10;68
2626039872;stavropol;41.20;41
5038019779;moscow reg.;68.32.20;68
4807056827;lipetzk;62.01;62
3435146018;volgograd;93.12;93
9721078698;moscow city;27.12;27
5227003301;nizhni novgorod;49.41;49
9305010610;donetsk;68.32.20;68
4205274810;kemerovo;02.30.11;02
1659196043;tatarstan;46.73.60;46
3257078283;bryansk;43.21;43
6700011263;smolensk;41.20;41
6727020667;smolensk;68.32;68
3664074340;voronezh;73.11;73
5905049643;perm;43.22;43
1102079072;komi;46.73;46
7801726598;sankt-petersburg;68.20;68
4632296920;kursk;70.22;70
7736317360;moscow city;96.09;96
6829042081;tambov;25.90;25
3704570845;ivanovo;93.29.90;93
3702087199;ivanovo;69.20;69
7710864590;tatarstan;52.29;52
7735197966;moscow city;46.52;46
3018317156;astrakhan;33.15;33
5754020953;oryol;86.23;86
4400009693;kostroma;49.31;49
3906991927;kaliningrad;86.10;86
1659143980;tatarstan;69.20;69
6163150927;rostov;70.22;70
1117005740;komi;42.11;42
7702386647;moscow city;46.73.30;46
2807008851;amur;94.20;94
3525341895;vologda;42.21;42
2722091716;khabarovsk;46.69.50;46
1435341664;yakutia;62.01;62
3325421920;vladimir;68.32.20;68
7805807294;sankt-petersburg;68.20;68
7731377365;moscow city;71.12;71
5012096031;moscow reg.;28.92;28
3604014509;voronezh;25.61;25
6700009592;smolensk;46.69;46
4500013012;kurgan;56.10;56
5007018775;moscow reg.;01.19;01
7751286236;moscow city;49.41;49
9110029915;crimea;71.12.10;71
0572011916;dagestan;86.21;86
2450035399;krasnoyarsk;52.24.10;52
3300018614;vladimir;56.10;56
0326538394;buryatia;68.32.10;68
0725005535;kabardino-balkaria;56.10;56
5402072639;novosibirsk;68.10;68
4025445746;kaluga;28.29.10;28
4345422586;kirov;73.11;73
9715388740;moscow city;43.34;43
9309008682;donetsk;68.20;68
5321097272;novgorod;70.22;70
4100045806;kamchatka;62.02;62
2462226133;krasnoyarsk;41.20;41
1101083566;komi;47.43;47
4900014726;magadan;68.32;68
1200003836;marij el;01.13.10;01
1001343482;karelia;46.65;46
5407021660;novosibirsk;52.29;52
5032274109;moscow reg.;45.20;45
7719891782;moscow city;46.61;46
6685091110;sverdlovsk;42.21;42
3702193768;ivanovo;93.29;93
6234196568;ryazan;69.20;69
1700003062;tuva;45.20;45
6150098331;rostov;66.19.60;66
5190046659;murmansk;68.32;68
7810962168;sankt-petersburg;52.10;52
6234074739;ryazan;68.10;68
5321188032;novgorod;69.10;69
5407478199;novosibirsk;62;62
0601022930;ingushetia;45.20;45
5300009300;novgorod;01.25.10;01
4024010245;kaluga;69.20.20;69
5507220820;omsk;47.79;47
4632117850;kursk;69.10;69
6318227036;samara;68.31.10;68
6453170883;saratov;93.12;93
6234186337;ryazan;71.12.20;71
0572021047;dagestan;52.10;52
7404067290;chelyabinsk;86.23;86
1326221769;mordovia;56.10;56
7000006943;tomsk;71.20.50;71
6501234762;sakhalin;70.22;70
7703802699;moscow city;56.10;56
6682021957;sverdlovsk;47.91;47
5527008004;omsk;86.23;86
9001019177;zaporizhzhia;56.10;56
2455020886;khakasia;38.32.30;38
7810903518;sankt-petersburg;41.20;41
2511077825;primorsky terr.;52.29;52
5837081325;penza;41.20;41
6432005776;saratov;25.99;25
5907996784;perm;94.99;94
9402009063;luhansk;46.77;46
7715942933;moscow city;43.20;43
2801266285;amur;73.11;73
4230025977;kemerovo;45.20.10;45
7536062185;zabaikalsk terr.;46.47.30;46
0267014999;bashkortostan;86.21;86
7000007680;tomsk;93.12;93
3460070500;volgograd;46.90;46
1651096865;tatarstan;49.42;49
2460111313;krasnoyarsk;85.41.90;85
4217127401;kemerovo;45.32;45
7807377431;sankt-petersburg;43.30;43
9108123519;crimea;86.23;86
7716939362;moscow city;86.23;86
4401138571;kostroma;45.20;45
0323001724;buryatia;69.10;69
8620017697;khanty-mansijsk;43.12;43
9714038126;moscow city;59.12;59
4702470124;leningrad;70.22;70
4401154559;kostroma;46.73.10;46
7203537763;tyumen;46.51;46
4501164014;kurgan;71.20;71
9001007527;zaporizhzhia;01.11;01
0400000492;altai rep.;49.41;49
3123475747;belgorod;46.46.20;46
5410007062;novosibirsk;46.75.20;46
3849035023;irkutsk;69.20.20;69
6800007302;tambov;93.19;93
5029998253;moscow reg.;93.29.90;93
7709400587;moscow reg.;49.41;49
5902242590;perm;73.11;73
2540274313;primorsky terr.;64.20;64
5320021721;novgorod;01.41;01
1400008239;yakutia;93.11;93
1001092775;karelia;42.91.50;42
7751322244;moscow city;42.12;42
3702723158;ivanovo;43.99;43
4826112146;lipetzk;68.31.10;68
8603112559;khanty-mansijsk;01.13.30;01
2536258397;primorsky terr.;86.23;86
6000006525;pskov;69.10;69
6453999293;saratov;93.19;93
0278200644;bashkortostan;46.90;46
5321179380;novgorod;42.11;42
3507312235;vologda;49.40;49
4100048081;kamchatka;45.31;45
1001262642;karelia;46.43.10;46
7802592298;sankt-petersburg;45.32;45
5024226454;moscow reg.;62.02;62
3664037606;voronezh;52.21.24;52
6453107680;saratov;46.17.10;46
0726020247;kabardino-balkaria;68.32.10;68
7206054002;tyumen;73.11;73
2801194150;amur;45.30;45
3328472930;vladimir;49.31.21;49
5040037662;moscow reg.;96.02;96
9001027587;zaporizhzhia;46.90;46
0700018275;kabardino-balkaria;94.99;94
6501255258;sakhalin;47.52;47
7813302138;sankt-petersburg;45.10;45
3666209995;voronezh;69.20;69
2222867944;altai terr.;70.10;70
0400005116;altai rep.;42.21;42
7727436219;moscow city;94.12;94
6627016579;sverdlovsk;47.11;47
7500007127;zabaikalsk terr.;93.29.90;93
3525373833;vologda;43.11;43
2130209134;chuvashia;01.13;01
3329050240;vladimir;42.21;42
3525422872;vologda;47.59.10;47
1650281512;tatarstan;45.30;45
3305794360;vladimir;56.10;56
7802805362;sankt-petersburg;47.52.70;47
6800009807;tambov;46.75.10;46
5246024787;nizhni novgorod;94.99;94
7100046562;tula;41.20;41
7726734050;moscow city;59.11;59
4909073405;magadan;52.20;52
5836602504;penza;69.20.10;69
3906248550;kaliningrad;45.20;45
7017093408;tomsk;52.10.40;52
5825000138;penza;01.41;01
7717143414;moscow city;58.11;58
1327018223;mordovia;71.12;71
6453118097;saratov;73.11;73
9500000380;kherson;41.20;41
7814790985;sankt-petersburg;41.20;41
6215023560;ryazan;94.90;94
3507316504;vologda;93.29;93
7720926140;moscow city;25.50.10;25
4826112185;lipetzk;37;37
7448199110;chelyabinsk;49.42;49
1647018984;tatarstan;25.11;25
9309026681;donetsk;25.62;25
1840108957;udmurtia;43.29;43
3459086368;volgograd;52.10;52
4704008973;leningrad;25.11;25
2455031020;ingushetia;43.11;43
3702505463;ivanovo;86.23;86
2013004038;chechnya;52.29;52
7536181369;zabaikalsk terr.;46.34.23;46
5053031146;moscow reg.;43.32;43
4501232465;kurgan;70.22;70
7814297850;sankt-petersburg;01.61;01
1639057443;tatarstan;45.19;45
0700011382;kabardino-balkaria;42.11;42
4101144493;kamchatka;62.09;62
5753050754;oryol;86.21;86
7017085830;tomsk;86.23;86
7202231363;tyumen;41.20;41
1326229447;mordovia;27.90;27
5401995183;novosibirsk;10.41;10
1200010047;marij el;42.13;42
2130226002;chuvashia;69.10;69
5032363849;moscow reg.;43.29;43
1327022565;mordovia;43.32;43
0309993001;buryatia;56.10;56
5902239780;perm;56.10;56
4301002320;kirov;46.73.30;46
2628057588;kalmykia;68.20.20;68
5501109953;omsk;43.29;43
1215128570;marij el;68.20;68
5700009880;oryol;42.12;42
9101007753;crimea;56.10;56
2204062721;altai terr.;49.20;49
5802009102;penza;01.10;01
3700021315;ivanovo;45.20;45
6671153422;sverdlovsk;68.20.20;68
2983012596;nenets ao;94.99;94
1832122644;udmurtia;49.40;49
5190073934;murmansk;25.62;25
6027141546;pskov;62;62
0917001894;karachaevo-chercessia;47.19.10;47
3123092871;belgorod;33.12;33
6901047904;tver;68.20.20;68
5040150107;moscow reg.;47.73;47
7722464036;omsk;49.41;49
5834121731;penza;42.11;42
9001020694;zaporizhzhia;01.24;01
9707030430;moscow city;63.11;63
7524187197;zabaikalsk terr.;01.11;01
3661179271;voronezh;01.61;01
5321206852;novgorod;71.11;71
7606120764;yaroslavl;46.69.50;46
6167195485;rostov;69.10;69
4500012668;kurgan;93.19;93
7724867672;moscow city;71.20;71
1840118546;udmurtia;63.12;63
1001235046;karelia;47.43;47
6320031714;samara;43.21;43
7449068896;chelyabinsk;68.20;68
2013003242;chechnya;71.11.10;71
0400004948;altai rep.;52.24.20;52
3025017594;astrakhan;43.22;43
7801705968;sankt-petersburg;49.41;49
6659034926;sverdlovsk;68.20.20;68
9204569137;sevastopol;94.99;94
3460087239;volgograd;93.19;93
3018016712;astrakhan;25.99.29;25
4705087569;leningrad;49.41;49
5258122860;nizhni novgorod;46.69;46
5107917590;murmansk;70.21;70
9718148641;moscow city;64.20;64
2801191093;amur;71.11.10;71
7737054642;moscow city;68.32.10;68
0300022414;buryatia;08.99;08
5506037710;omsk;68.32.20;68
2538144973;primorsky terr.;46.43;46
7610117281;yaroslavl;72.19;72
4105126921;kamchatka;53.20.30;53
6670103235;sverdlovsk;70.22;70
6316115785;samara;68.10;68
7724831901;moscow city;41.20;41
9105006341;crimea;52.24;52
1326191458;mordovia;93.29;93
3849074600;irkutsk;56.10;56
6678063129;sverdlovsk;45.31.10;45
2801192403;amur;43.99;43
9714025430;moscow city;96.02;96
1101168964;komi;69.20.10;69
6382002671;samara;94.99;94
0800016070;kalmykia;56.10.10;56
7730230659;moscow city;56.10;56
5610089626;orenburg;94.99;94
4824029608;lipetzk;49.20;49
2801272585;amur;62.02;62
5224000334;nizhni novgorod;52.29;52
6321344822;samara;46.45;46
2630020377;stavropol;47.20;47
1001298776;karelia;46.71;46
2827009726;amur;94.99;94
0241006200;bashkortostan;86.23;86
6450065520;saratov;01.25.10;01
2311263101;krasnodar;86.90;86
2221251126;altai terr.;46.69;46
1323125591;mordovia;01.40;01
9201520648;sevastopol;41.20;41
6501264647;sakhalin;46.73.60;46
4502009131;kurgan;68.32.10;68
5638079480;orenburg;62.01;62
9724150504;moscow city;55.10;55
5609063905;orenburg;70.10.20;70
5813004145;penza;93.20;93
5906102297;perm;73.11;73
7610136453;yaroslavl;45.31;45
1215049840;marij el;94.20;94
5828003112;penza;84.11.30;84
2221140419;altai terr.;49.32;49
4523004825;kurgan;86.23;86
5903997610;perm;93.19;93
4632044497;kursk;86.10;86
3711020465;ivanovo;93.29.90;93
7100040017;tula;25.40;25
7014037109;tomsk;45.20.20;45
3123473588;belgorod;46.73.60;46
7411024032;chelyabinsk;01.10;01
1659190595;tatarstan;56.10.10;56
5249169580;nizhni novgorod;49.41;49
4345530207;kirov;62.09;62
7727208371;moscow city;94.99;94
4703175668;leningrad;73.11;73
6684029817;sverdlovsk;46.12.22;46
7448204017;chelyabinsk;43.21;43
2225215552;altai terr.;73.20;73
4706046572;leningrad;56.10;56
5404078001;novosibirsk;43.99;43
5507142876;moscow city;46.71.20;46
7224090684;tyumen;01.70;01
5406826816;novosibirsk;46.73;46
9311017797;donetsk;46.73;46
5032295525;sankt-petersburg;25.11;25
7727253078;moscow city;49.32;49
7707479768;moscow city;46.73.60;46
6685084715;sverdlovsk;52.10;52
7802611423;sankt-petersburg;63.11.10;63
2127001680;chuvashia;47.19.10;47
6451900608;saratov;52.21.24;52
7536122109;zabaikalsk terr.;47.10;47
5406013264;novosibirsk;01.13.10;01
2466300290;krasnoyarsk;71.12.20;71
4025078140;kaluga;28.29.31;28
3808198798;irkutsk;42.11;42
3327107220;vladimir;52.21.24;52
3300002526;vladimir;62.01;62
9721195715;moscow city;70.22;70
5836661860;penza;69.10;69
3019030340;astrakhan;93.29;93
3702725540;ivanovo;25.11;25
4246023862;kemerovo;62.01;62
2311293850;krasnodar;25.61;25
3703022902;ivanovo;93.19;93
0912000336;karachaevo-chercessia;71.20.50;71
6612054050;sverdlovsk;01.25.10;01
3663120107;voronezh;94.99;94
3613006529;voronezh;01.24;01
2460062627;krasnoyarsk;71.11.10;71
7205031517;tyumen;45.20;45
4704001625;leningrad;56.10;56
2635256538;stavropol;46.73;46
6729031826;smolensk;41.20;41
7452164550;chelyabinsk;94.11;94
3025010246;astrakhan;69.10;69
5607041737;orenburg;43.32;43
5751060605;mordovia;70.22;70
7731570947;moscow city;73.20;73
5427101553;novosibirsk;47.10;47
3702246346;ivanovo;46.77;46
4607005889;kursk;52.21.20;52
3303036227;vladimir;49.41;49
6722031175;smolensk;69.10;69
5018005425;moscow reg.;68.20.20;68
2518999018;primorsky terr.;01.41;01
3664130700;voronezh;41.20;41
7448139720;chelyabinsk;49.40;49
5405308963;novosibirsk;68.20.20;68
2543102746;primorsky terr.;68.20;68
3328018572;vladimir;45.32;45
2464156805;krasnoyarsk;46.73.60;46
5835067798;penza;62.01;62
3509000143;vologda;35.30.20;35
4632242837;kursk;73.11;73
5835129973;penza;25.62;25
5048012363;moscow reg.;47.25;47
6950234390;tver;52.29;52
1001214984;karelia;47.11;47
2631043240;stavropol;93.11;93
7706079830;moscow city;94.99;94
5321184285;novgorod;01.47;01
4825024105;lipetzk;68.20;68
0400018700;altai rep.;71.20.80;71
9704116079;moscow city;41.20;41
3257040392;bryansk;16.10;16
1620001006;tatarstan;01.11.10;01
5300015254;novgorod;86.21;86
2801168471;amur;43.99;43
7123004128;tula;01.11;01
1435343164;yakutia;56.10;56
4346052634;kirov;49.30;49
7729063650;moscow city;68.20.20;68
1900012850;khakasia;47.91;47
1841090011;udmurtia;56.10;56
5401292416;novosibirsk;45.30;45
2221209170;altai terr.;93.29.90;93
3127005559;belgorod;25.61;25
3702066223;ivanovo;86;86
2204064528;altai terr.;45.20.10;45
5507243232;omsk;47.43;47
9714015070;moscow city;56.10;56
0256015119;bashkortostan;77.11;77
4407007712;kostroma;56.10;56
6686013058;sankt-petersburg;46.10;46
9104032934;crimea;69.10;69
1900002549;khakasia;43.91;43
2446007335;krasnoyarsk;68.10.22;68
6316114319;samara;69.10;69
5911065178;perm;49.41.20;49
5074067707;moscow reg.;62.02;62
5700008269;oryol;62.01;62
2310093295;krasnodar;46.90;46
4501056442;kurgan;73.11;73
2807006452;amur;94.99;94
4501208790;kurgan;45.19;45
6829158150;tambov;42.11;42
4802003998;lipetzk;93.19;93
7726647023;moscow city;26.60.10;26
5030107173;moscow reg.;52.10;52
7728378344;moscow city;88.91;88
1012002300;karelia;68.20;68
6613001533;sverdlovsk;43.22;43
8913007385;yamal-nenets ao;43.21;43
6950134684;tver;56.10;56
7802663936;kalmykia;41.20;41
1323123273;mordovia;36;36
2310061215;krasnodar;68.32.10;68
0917034339;karachaevo-chercessia;45.31.10;45
6453019152;saratov;52.21.24;52
2808005211;amur;45.20;45
2463111110;krasnoyarsk;69.20;69
2904017442;arkhangelsk;73.11;73
4826085774;lipetzk;62.01;62
1660296839;tatarstan;46.46.10;46
7327061607;ulyanovsk;43.31;43
7425009002;chelyabinsk;63.91;63
9102033435;crimea;46.73;46
2001005238;chechnya;62.01;62
5834115960;penza;47.30;47
2502058230;primorsky terr.;49.41;49
6432006988;saratov;01.10;01
4703158415;leningrad;49.41;49
3017045615;astrakhan;47.25;47
3015037961;astrakhan;42.21;42
7606113728;yaroslavl;68.32;68
7017424191;tomsk;01.13;01
5610044946;orenburg;94.20;94
2124047894;chuvashia;52.29;52
2536330340;primorsky terr.;43.11;43
7719736956;moscow city;56.10;56
2465069129;krasnoyarsk;68.32.10;68
3525281011;vologda;71.12.45;71
0561050261;dagestan;69.10;69
1435363241;yakutia;73.20;73
7900006706;jewish ao;52.10;52
5752202796;oryol;47.22;47
8617028755;khanty-mansijsk;68.32.20;68
1215129535;marij el;71.10;71
9103018581;crimea;43.21;43
5753067973;oryol;86.21;86
4401131939;kostroma;62.01;62
3662146744;voronezh;43.29;43
6229069243;ryazan;56.10;56
6317153712;samara;41.20;41
8602307280;khanty-mansijsk;46.90;46
6670343220;sverdlovsk;46.90;46
5920020293;perm;52.21;52
1215093832;marij el;71.11;71
2441000054;krasnoyarsk;01.11.10;01
0545020767;dagestan;68.32.10;68
2465345594;krasnoyarsk;25.62;25
1433026378;yakutia;47.25.10;47
1001357728;karelia;45.31;45
1658181904;tatarstan;41.20;41
9705200848;moscow city;52.10;52
7536141207;zabaikalsk terr.;62.09;62
3443068067;volgograd;46.60;46
9715334047;moscow city;62.02;62
7802898568;sankt-petersburg;38.32.40;38
0105048426;adygeya;68.32.10;68
9703099960;moscow city;47.25.10;47
7325097245;ulyanovsk;42.11;42
9702070823;moscow city;56.10;56
3700003394;ivanovo;45.31;45
5193700809;murmansk;68.32.10;68
0700018846;kabardino-balkaria;52.10;52
8904095307;yamal-nenets ao;69.10;69
4105040350;kamchatka;71.12.30;71
1903026724;khakasia;46.31;46
9715372780;moscow city;46.73.30;46
4205077393;kemerovo;93.19;93
7017486656;tomsk;62.01;62
6942009714;tver;25.61;25
4501134355;kurgan;41.20;41
7743375651;perm;70.22;70
9200009134;sevastopol;25.11;25
7725131123;moscow city;62.01;62
1658088415;tatarstan;73.20.20;73
4205066828;kemerovo;68.32;68
9201507076;kamchatka;68.20;68
6501118607;sakhalin;70.22;70
3100022229;belgorod;94.99;94
4307019778;kirov;42.21;42
0100007909;adygeya;47.91;47
2536339222;primorsky terr.;45.11;45
7703465965;moscow city;25.11;25
3906328558;kaliningrad;73.20.20;73
2722131581;khabarovsk;25.11;25
5074085689;moscow reg.;93.12;93
7810907544;sankt-petersburg;71.12;71
3301034070;vladimir;14.19;14
4501230860;kurgan;42.21;42
6164072365;rostov;73.11;73
2703043770;khabarovsk;73.11;73
5904993506;perm;93.19;93
0814039374;kalmykia;94.99;94
6658573883;sverdlovsk;49.42;49
3458002534;volgograd;01.11;01
4345367350;kirov;70.22;70
2014005901;chechnya;41.20;41
6684031566;sverdlovsk;49.41;49
9722038634;moscow city;52.21.10;52
1001250460;karelia;68.32;68
5300003805;novgorod;25.99;25
0326542055;buryatia;93.11;93
4632276628;kursk;52.21.24;52
5406154113;novosibirsk;70.22;70
3700015135;ivanovo;42.21;42
7448111718;chelyabinsk;46.46;46
6165231561;rostov;93.29;93
7716665489;moscow city;41.20;41
3123385733;belgorod;43.22;43
5190082600;murmansk;52.22;52
1101159511;komi;94.99;94
0273950298;bashkortostan;66.22;66
6671092882;sverdlovsk;41.20;41
7327094916;ulyanovsk;68.20;68
4825147700;lipetzk;25.11;25
2320093833;krasnodar;94.99;94
7805260029;sankt-petersburg;43.29;43
9309020224;donetsk;49.41;49
8901025252;yamal-nenets ao;52.10;52
7804205674;sankt-petersburg;43.39;43
1000010681;karelia;41.20;41
3911016699;kaliningrad;49.40;49
5112000738;murmansk;46.90;46
5917599842;perm;71.11.10;71
3525469687;vologda;43.21;43
2700038701;khabarovsk;49.41;49
7733352912;moscow city;94.99;94
7448097580;chelyabinsk;86.23;86
4246025404;kemerovo;45.31;45
5404052050;novosibirsk;33.12;33
7017495611;tomsk;70.22;70
1901054740;khakasia;47.71;47
4414016933;kostroma;68.32.10;68
5503231236;omsk;46.90;46
5035031640;moscow reg.;01.47;01
3810027430;irkutsk;68.32.10;68
5609203662;orenburg;46.73.30;46
7017355389;tomsk;25.61;25
9203545359;sevastopol;25.62;25
2983000625;nenets ao;94.12;94
5018189187;moscow reg.;41.20;41
1200008030;marij el;49.41;49
4345388783;kirov;42.21;42
2901125471;arkhangelsk;70.22;70
5406607437;novosibirsk;56.10;56
6155059640;rostov;68.32.10;68
5403045652;novosibirsk;70.22;70
4632270055;kursk;56.10.10;56
0572034430;dagestan;70.22;70
1901072517;khakasia;45.30;45
9402008101;luhansk;52.29;52
1300009870;mordovia;71.11;71
2902036947;arkhangelsk;86.23;86
0608056303;ingushetia;41.20;41
0608021117;ingushetia;45.32;45
4900004968;magadan;94.99;94
7811604493;sankt-petersburg;46.76.10;46
6673241642;sverdlovsk;71.10;71
4825150734;lipetzk;73.11;73
6027999616;pskov;94.99;94
4346028374;kirov;68.32.20;68
7733349814;moscow city;14.12;14
2312107659;krasnodar;47.11;47
1900008082;khakasia;69.10;69
3123227670;belgorod;01.13.10;01
7707715574;moscow city;52.29;52
5010031720;sankt-petersburg;71.12;71
7610119730;yaroslavl;69.10;69
8903037341;yamal-nenets ao;01.13.31;01
5252043227;nizhni novgorod;45.31;45
1433028600;yakutia;52.21.24;52
4826049021;lipetzk;01.47;01
6509024291;sakhalin;52.22;52
5190093514;murmansk;93.12;93
9111016355;crimea;86.21;86
3016036544;astrakhan;46.51;46
3460069751;volgograd;56.10.10;56
5032224468;moscow reg.;93.29;93
5409007692;novosibirsk;47.91;47
2703027970;khabarovsk;86.23;86
5047271929;moscow reg.;85.21;85
2503028743;primorsky terr.;52.21.24;52
7840063601;leningrad;86.23;86
3606006983;voronezh;86;86
6165124418;rostov;46.90;46
5406722119;novosibirsk;73.11;73
5609035680;orenburg;70.22;70
2905005295;arkhangelsk;52.21.24;52
3308006314;vladimir;93.29.90;93
6950024346;tver;94.99;94
7448204761;chelyabinsk;18.12;18
7606124053;yaroslavl;42.22.20;42
0816991204;kalmykia;94.99;94
0400017697;altai rep.;86.90;86
9701295630;moscow city;82.99;82
0105073091;adygeya;62.09;62
1001334142;karelia;46.90;46
3528338516;vologda;94.99;94
5252013350;nizhni novgorod;25.71;25
5911081726;perm;43.21;43
9310010090;donetsk;47.11;47
2014011239;chechnya;49.32;49
4401171032;kostroma;49.40;49
1102045563;komi;86.23;86
6027999101;pskov;94.92;94
0277907656;bashkortostan;43.99;43
1901099340;khakasia;56.10;56
7000010065;tomsk;49.42;49
2353019391;krasnodar;49.40;49
2311283517;krasnodar;25.11;25
1216030747;marij el;45.20.20;45
3906400814;kaliningrad;49.41;49
6501029548;sakhalin;43.22;43
3023003959;astrakhan;68.32;68
6027097368;pskov;62.01;62
6226013490;ryazan;70.21;70
3525157938;vologda;71.12.12;71
7113012360;tula;01.11;01
6027149658;pskov;86.23;86
7743415329;moscow city;69.20;69
5254491954;nizhni novgorod;95.22;95
4401195330;kostroma;41.20;41
2536217369;primorsky terr.;49.39;49
6161071067;rostov;56.10;56
5904411518;perm;45.32;45
2801205123;amur;70.22;70
6319179152;samara;42.21;42
4223009452;kemerovo;43.11;43
6619014909;sverdlovsk;56.10;56
4401091010;vladimir;68.20;68
5834038106;penza;71.12.63;71
2367003257;krasnodar;47.25.10;47
2801276300;amur;47.19.10;47
1004016437;karelia;71.10;71
7802915358;sankt-petersburg;41.20;41
6916016602;tver;88.10;88
6439090562;saratov;68.32;68
6501252296;sakhalin;56.30;56
5262299235;nizhni novgorod;86.21;86
3123379909;belgorod;42.99;42
9727072036;moscow city;46.65;46
0326524105;buryatia;86.90.40;86
6732216249;smolensk;45.31;45
5263060640;nizhni novgorod;68.20.20;68
7716990898;moscow city;46.90;46
1224007861;marij el;43.34;43
1657232095;marij el;45.11;45
5007079577;moscow reg.;25.93;25
3801157619;irkutsk;45.20;45
6670282721;sverdlovsk;43.22;43
6027107947;pskov;69.10;69
5107913362;murmansk;47.59;47
0902039398;karachaevo-chercessia;45.20.20;45
6829069799;tambov;62.01;62
5190004592;murmansk;41.20;41
0916001958;karachaevo-chercessia;56.10;56
3906982908;kaliningrad;49.40;49
9303021292;donetsk;41.20;41
6150006130;rostov;47.20;47
4704112565;leningrad;62.02;62
9500018612;kherson;47.25.10;47
7743776406;moscow reg.;41.20;41
7106086191;tula;46.90;46
2404013295;krasnoyarsk;43.21;43
9203541107;sevastopol;71.12.20;71
9402005291;luhansk;68.20;68
6732202278;smolensk;49.41;49
4027125318;kaluga;62.02;62
3812999470;irkutsk;46.72;46
7100031157;tula;45.19;45
4101193564;kamchatka;47.29.35;47
3328498390;vladimir;41.20;41
4205419488;kemerovo;62.01;62
5906172784;perm;25.62;25
0571020121;dagestan;86.90;86
2221211540;altai terr.;46.38.24;46
7720450380;moscow city;72.19;72
7014065610;tomsk;46.90;46
7810918560;sankt-petersburg;49.41;49
1900006430;khakasia;01.41;01
1433029682;yakutia;86.21;86
4000010824;kaluga;42.22;42
5751058170;komi;73.11;73
1901107505;khakasia;46.90;46
4024015370;kaluga;68.32;68
4632293782;kursk;25.99.20;25
5406976353;novosibirsk;70.22;70
1101153453;komi;45.20;45
3019015849;astrakhan;56.10;56
8701005040;chukotka;47.10;47
2723173993;khabarovsk;86.23;86
0326496786;buryatia;41.20;41
3700018707;ivanovo;46.39;46
6829158738;tambov;45.31.10;45
7203513949;tyumen;69.10;69
1513069225;north ossetia;56.10;56
2205006159;altai terr.;86.23;86
2626047760;stavropol;93.12;93
7113016406;tula;47.73;47
3808269209;irkutsk;56.10;56
2130034540;chuvashia;27.32;27
2540268013;primorsky terr.;49.41;49
2904028571;arkhangelsk;86.21;86
1831142214;udmurtia;42.21;42
6670429614;sverdlovsk;45.31.10;45
1215080671;marij el;56.10;56
6168086930;rostov;86.10;86
7707483443;moscow city;46.73;46
7701381773;kalmykia;70.22;70
2014265346;chechnya;52.29;52
4705470919;leningrad;86.21;86
7129500595;tula;52.10.30;52
1001345761;karelia;42.11;42
2207007856;altai terr.;84.11.22;84
7604252540;yaroslavl;70.22;70
3808224783;irkutsk;73.11;73
7842211661;sankt-petersburg;64.99.30;64
9106000670;crimea;01.19.20;01
4345459995;kirov;71.20;71
9201511918;sevastopol;94.99;94
7017252418;tomsk;46.37;46
9002004840;zaporizhzhia;81.10;81
5001157652;moscow reg.;41.10;41
2015042039;chechnya;46.38.10;46
7726458072;moscow city;46.69;46
9200025288;sevastopol;01.61;01
0326537707;buryatia;08.99.35;08
7132003561;tula;69.20;69
3448058190;volgograd;52.29;52
4706044906;leningrad;56.10;56
4501207500;kurgan;47.42;47
5321800375;novgorod;94.99;94
7710563025;moscow city;72.20;72
2014041032;chechnya;49.41;49
7453305691;chelyabinsk;25.11;25
5753026920;oryol;93.19;93
2536342360;primorsky terr.;25.61;25
2536067473;primorsky terr.;62.01;62
5907054230;perm;52.29;52
0608060490;ingushetia;43.31;43
5043070065;moscow reg.;32.13.10;32
7811773205;sankt-petersburg;43.29;43
7536103924;zabaikalsk terr.;46.90;46
4025071723;kaluga;86.21;86
6317156287;samara;46.90;46
3100028809;belgorod;94.99.60;94
3731032860;ivanovo;13.30;13
4816011269;lipetzk;47.11;47
2636219352;stavropol;41.20;41
9402014360;luhansk;86.10;86
6732183730;smolensk;70.22;70
4330007361;kirov;69;69
3457010518;volgograd;41.20;41
7456029489;chelyabinsk;52.29;52
7811721648;sankt-petersburg;41.10;41
5700009047;oryol;71.12.20;71
7900003825;jewish ao;41.20;41
0917032980;karachaevo-chercessia;94.99;94
5110004261;murmansk;71.10;71
0326548410;buryatia;70.22;70
4405005597;kostroma;25.99.20;25
2901280082;arkhangelsk;71.20;71
0105075525;adygeya;62.01;62
3812997137;irkutsk;68.10;68
6950176483;tver;41.20;41
6829120759;tambov;49.31.20;49
9706041478;moscow city;46.31;46
5800000143;penza;41.20;41
9715396830;moscow city;82.99;82
2636805340;stavropol;43.29;43
4823073139;lipetzk;46.41;46
8601069153;khanty-mansijsk;71.12.50;71
5830003529;penza;52.10.30;52
4905098222;magadan;47.20;47
3000002356;astrakhan;01.42;01
0400021414;altai rep.;93.19;93
0608059833;ingushetia;42.11;42
8001018943;zabaikalsk terr.;94.99;94
5610096165;orenburg;86.90.90;86
3200002547;bryansk;69.20;69
5249145765;nizhni novgorod;41.20;41
9726056218;moscow city;73.11;73
5834116097;penza;45.31;45
6453063000;saratov;68.10.12;68
5300006690;novgorod;62.02;62
1314023191;mordovia;01.41;01
6500012196;sakhalin;69.20;69
7810919638;sankt-petersburg;46.38;46
1119001540;komi;94.20;94
4100043397;kamchatka;46.69.80;46
2511029959;primorsky terr.;68.20.20;68
2801282350;amur;46.34.10;46
6320080670;samara;47.11;47
6382071435;samara;38.11;38
5105012919;murmansk;41.20;41
2826005824;amur;52.10;52
0400001841;altai rep.;56.10;56
6215022566;ryazan;56.10;56
3808116202;irkutsk;71.11;71
3123027992;belgorod;73.11;73
6452007860;saratov;68.20;68
5404480873;novosibirsk;25.10;25
2353018101;krasnodar;71.20.40;71
5703008250;oryol;52.21.24;52
6453176564;saratov;71.11;71
7709056711;moscow city;68.31;68
1660137934;tatarstan;46.73.60;46
5321154361;novgorod;71.20;71
4205224168;kemerovo;69.20;69
1101167424;komi;69.20;69
5836695548;penza;94.99;94
6449091170;saratov;94.99;94
3128088156;belgorod;73.10;73
3811153405;irkutsk;73.10;73
9201528446;sevastopol;42.91;42
7813212004;sankt-petersburg;68.32;68
5501229070;tyumen;68.20.20;68
6443023167;saratov;25.62;25
1515922375;north ossetia;69.20;69
3122508703;belgorod;43.99;43
5612072829;orenburg;68.20;68
6027205278;pskov;41.20;41
4632079179;kursk;41.20;41
4205384690;kemerovo;86.90;86
1212006359;marij el;42.22;42
7730695340;moscow city;59.11;59
1700001675;tuva;43.99;43
9703187454;moscow city;68.10;68
4632301793;kursk;46.21;46
9310015290;donetsk;46.90;46
7708793487;moscow city;94.12;94
5250011251;nizhni novgorod;52.21.24;52
7702404053;moscow city;56.10;56
7124500577;tula;68.20.20;68
6318050981;samara;45.20.30;45
4501224880;kurgan;46.90;46
7536069215;zabaikalsk terr.;56.10;56
7107547462;tula;45.11.20;45
1660353340;tatarstan;42.21;42
1513010461;north ossetia;94.99;94
7714916151;moscow city;46.73.60;46
9701283730;moscow city;69.20;69
1513071908;north ossetia;45.32;45
7717783213;moscow city;62.01;62
0100005757;adygeya;69.10;69
1647019610;tatarstan;52.21;52
7704351209;moscow city;42.11;42
5903143440;perm;41.20;41
9407007630;luhansk;41.20;41
7804640395;sankt-petersburg;47.25.10;47
6027093638;pskov;69.20.20;69
3123462258;belgorod;46.74.30;46
2509011471;primorsky terr.;94.99;94
9403017042;luhansk;45.11;45
3328458894;vladimir;69.20;69
2901125633;arkhangelsk;49.31.20;49
2311341215;moscow reg.;71.12.30;71
1215180316;marij el;41.20;41
5040086290;moscow reg.;73.20;73
7814675887;sankt-petersburg;69.10;69
7724933452;moscow city;46.69;46
1435104624;yakutia;69.10;69
1200002889;marij el;43.21;43
1831156986;udmurtia;43.21;43
5503101621;omsk;94.20;94
6612042992;sverdlovsk;56.10;56
2312170474;krasnodar;79.11;79
3100012100;belgorod;45.20;45
5906104424;perm;86.23;86
4633015481;kursk;71.20;71
1644046574;tatarstan;37;37
3906349149;kaliningrad;49.41;49
5610218134;orenburg;41.20;41
8901022646;yamal-nenets ao;47.11;47
7604143340;yaroslavl;86;86
1001276081;karelia;43.22;43
7328102550;ulyanovsk;93.12;93
6670512157;sverdlovsk;62.01;62
2222885326;altai terr.;41.20;41
6027206810;pskov;68.10;68
4000014000;kaluga;25.11;25
5918221958;perm;70.10.20;70
0411170249;altai rep.;47.52.30;47
4707050243;leningrad;46.31;46
0554008685;dagestan;56.10;56
4102009120;kamchatka;43.21;43
3250507159;bryansk;56.10;56
7816240507;sankt-petersburg;94.11;94
0107028760;adygeya;49.31;49
0917040780;karachaevo-chercessia;86.10;86
3706012846;ivanovo;47.19;47
8904088853;yamal-nenets ao;45.20;45
2315164422;krasnodar;23.63;23
3528158908;vologda;45.20.20;45
4253048547;kemerovo;25.62;25
3443920965;volgograd;70.22;70
9110014147;crimea;93.29.90;93
7017197693;tomsk;86.23;86
7840391659;sankt-petersburg;09.90;09
6646013277;sverdlovsk;08.12.20;08
7453258730;chelyabinsk;25.99.29;25
2312137117;krasnodar;46.90;46
7718646298;moscow city;59.10;59
7100048506;tula;49.42;49
2014022865;chechnya;71.20;71
0814172591;kalmykia;70.22;70
2721095771;khabarovsk;86.23;86
5506237003;omsk;43.21;43
7415107628;chelyabinsk;41.20;41
4800009049;lipetzk;93.29;93
6949013981;tver;10.51;10
0601030240;ingushetia;49.41;49
2223995064;altai terr.;94.99;94
5903143009;perm;64.92;64
5260460577;nizhni novgorod;41.10;41
3528287928;vologda;46.74.10;46
6155092076;rostov;45.20;45
2809002774;amur;86.10;86
4632299470;kursk;41.20;41
3906396484;kaliningrad;45.31;45
5262354278;nizhni novgorod;86.22;86
3002007328;astrakhan;73.20;73
5504214089;omsk;56.10;56
7713768670;moscow city;69.10;69
7500023263;zabaikalsk terr.;49.41;49
7017162997;tomsk;94.99;94
0105073214;adygeya;69.20;69
3702129681;ivanovo;41.20;41
9713006393;moscow city;41.20;41
2511087855;primorsky terr.;42.11;42
6321454504;samara;46.74;46
5835141579;penza;45.11.20;45
7900006287;jewish ao;01.11;01
1656101702;tatarstan;49.41;49
7743386029;moscow city;25.11;25
7751239275;moscow city;46.90;46
2724246965;khabarovsk;93.12;93
5045066498;moscow reg.;69.10;69
2222888060;altai terr.;25.11;25
2463132390;krasnoyarsk;56.10.10;56
2450016572;krasnoyarsk;94.92;94
3714084080;ivanovo;86.23;86
3811467056;irkutsk;43.39;43
2465124394;krasnoyarsk;41.20;41
3257081913;bryansk;41.20;41
4345282949;kirov;68.20.20;68
4324000022;kirov;49.31.21;49
4217156297;kemerovo;52.29;52
3528339647;vologda;49.20;49
2450014720;krasnoyarsk;25.11;25
2634807285;stavropol;73.10;73
2543163555;primorsky terr.;47.11;47
7604255445;yaroslavl;43.22;43
3923002806;kaliningrad;10.13.40;10
7813271930;sankt-petersburg;55.10;55
6700011880;smolensk;42.91;42
2634058290;stavropol;62.01;62
1650054301;tatarstan;52.21.24;52
1326210809;mordovia;62.02;62
9722047501;moscow city;70.22;70
9702019922;moscow reg.;41.20;41
2207009412;altai terr.;49.31.21;49
1834046974;udmurtia;86.90;86
1659213387;tatarstan;70.10.10;70
3442053156;volgograd;94.99;94
6164096623;rostov;69.20.10;69
5401374757;novosibirsk;41.20;41
6453173806;saratov;90.01;90
4501183391;kurgan;43.34;43
6658405720;sverdlovsk;43.20;43
2428004349;krasnoyarsk;47.11.10;47
6817003899;tambov;47.25;47
7325108497;ulyanovsk;62.09;62
3460074737;volgograd;56.10;56
3663130190;voronezh;52.29;52
0411174660;altai rep.;86.90.40;86
3300009828;vladimir;43.33;43
9200008148;sevastopol;46.73;46
2724183747;khabarovsk;41.20;41
6910013556;tver;52.10.90;52
5001161377;moscow reg.;47.59.10;47
3023023200;astrakhan;41.10;41
2457087942;krasnoyarsk;49.41;49
0500013939;dagestan;70.22;70
3224005850;bryansk;25.62;25
9724144878;moscow city;41.20;41
7743383081;moscow city;43.39;43
9715453990;moscow city;46.90;46
2724213222;khabarovsk;46.17.10;46
5038167819;moscow reg.;46.41;46
3528304757;vologda;96.09;96
5401379586;novosibirsk;41.20;41
7801656220;sankt-petersburg;17.29;17
3025039904;astrakhan;69.10;69
5504167760;omsk;56.10;56
5260376928;nizhni novgorod;70.22;70
7300021614;ulyanovsk;45.31;45
7716860666;moscow city;46.46;46
5501268590;omsk;46.90;46
7715894060;moscow city;45.32;45
9102246803;crimea;41.20;41
6829154540;tambov;69.10;69
3804114927;irkutsk;52.29;52
7530010328;zabaikalsk terr.;68.20;68
7452138173;chelyabinsk;25.11;25
0900010192;karachaevo-chercessia;46.44.20;46
3666142980;voronezh;70.22;70
7105004020;tula;01.13.10;01
4205398020;kemerovo;47.54;47
7751301614;moscow city;53.20.32;53
3700007952;ivanovo;49.41;49
5190091605;murmansk;56.10;56
7204101955;tyumen;42.21;42
2723031808;khabarovsk;62.01;62
3108007487;belgorod;28.13;28
6027087828;pskov;46.47;46
6137004214;rostov;46.49.30;46
0917038284;karachaevo-chercessia;43.31;43
9403031689;luhansk;68.20;68
0608002523;ingushetia;71.12.40;71
7841440891;sankt-petersburg;56.10;56
5250028939;nizhni novgorod;42.21;42
9403029545;luhansk;41.20;41
4401175439;kostroma;93.13;93
2312279961;krasnodar;23.61;23
9200016205;sevastopol;45.20;45
5504167632;omsk;93.29;93
2903011938;arkhangelsk;43.22;43
3812140511;irkutsk;42.11;42
6612053225;sverdlovsk;41.20;41
9723102829;moscow city;56.10;56
8901029779;yamal-nenets ao;82.99;82
4632293447;kursk;93.29.90;93
7516000166;zabaikalsk terr.;01.50;01
2225100135;altai terr.;70.22;70
0277916516;bashkortostan;49.31.22;49
2511106843;primorsky terr.;10.11;10
6453140381;saratov;45.30;45
6623145245;sverdlovsk;49.41;49
1660102723;tatarstan;25.61;25
6311193081;samara;68.32.10;68
7455011062;chelyabinsk;68.20.20;68
4704111272;leningrad;46.18;46
5036070988;moscow reg.;56.10;56
3702267610;ivanovo;62.09;62
4026007424;kaluga;28.11.20;28
1903027365;khakasia;47.89.10;47
3812998557;irkutsk;71.12.40;71
7456018617;chelyabinsk;86.21;86
2225167242;altai terr.;45.20;45
0411144048;altai rep.;68.32.10;68
3305711090;vladimir;56.29;56
4401149291;kostroma;25.50;25
2723111517;khabarovsk;47.24;47
3019028502;astrakhan;25.62;25
6952040939;tver;71.20;71
4703023320;leningrad;94.20;94
4632031434;kursk;94.90;94
2225209781;altai terr.;73.11;73
3906997414;kaliningrad;49.42;49
1001312100;karelia;70.22;70
3616020296;voronezh;45.31.20;45
0816034798;kalmykia;94.99;94
3665823793;voronezh;56.10;56
3305797435;vladimir;08.11;08
6905077762;tver;58.11;58
6682007991;sverdlovsk;49.41;49
6450106833;saratov;42.11;42
4501139314;kurgan;56.10;56
4632257960;kursk;46.36;46
9001027080;zaporizhzhia;94.99;94
4345512818;kirov;94.99;94
1200006393;marij el;01.13;01
6900010309;tver;25.11;25
7814839060;sankt-petersburg;25.11;25
2305022034;krasnodar;82.92;82
5262389665;nizhni novgorod;46.73;46
2130112622;chuvashia;25.62;25
3444046997;volgograd;85.42;85
6914021100;tver;94.99;94
3447030579;volgograd;62;62
4101121513;kamchatka;42.11;42
7704332622;moscow city;60.10;60
5320025035;novgorod;86.10;86
6314034428;samara;55.10;55
7728452816;moscow city;46.90;46
1435186761;yakutia;86;86
1650275029;tatarstan;25.11;25
3000016528;astrakhan;56.10;56
3525187989;vologda;45.31;45
7410004192;chelyabinsk;01.13.30;01
6516007924;sakhalin;41.20;41
4414001743;kostroma;86.23;86
3123421928;belgorod;73.20;73
7804474028;sankt-petersburg;77.11;77
2320165421;krasnodar;73.10;73
7204033342;tyumen;71.11.10;71
7116033505;tula;94.20;94
5720020715;oryol;01.50;01
8901041769;yamal-nenets ao;62.02;62
7727452348;moscow city;49.41;49
2450029959;krasnoyarsk;01.13.10;01
1901087672;khakasia;94.20;94
1101169340;komi;46.73;46
1659149445;tatarstan;46.14.90;46
9718151877;moscow city;41.20;41
6901012394;tver;86.90.90;86
7719165580;moscow city;68.20;68
7326025155;ulyanovsk;73.10;73
5214013045;nizhni novgorod;56.10;56
0400019687;altai rep.;46.71;46
8904091912;yamal-nenets ao;49.39;49
7602107628;yaroslavl;41.20;41
5254027037;nizhni novgorod;52.29;52
2502066841;primorsky terr.;68.32.10;68
5022001840;moscow reg.;42.22;42
7014015585;tomsk;94.20;94
2901246290;arkhangelsk;49.31.20;49
9729149693;moscow city;94.12;94
0800000360;kalmykia;62.01;62
7500014815;zabaikalsk terr.;01.11;01
6829124619;tambov;42.11;42
6623091455;sverdlovsk;73.11;73
9723190582;moscow city;43.29;43
7017455721;tomsk;42.11;42
6681005173;sverdlovsk;47.73;47
9729273309;moscow city;46.45;46
4101109562;kamchatka;47.50;47
2013011860;chechnya;49.41;49
0261019599;bashkortostan;43.91;43
1706004351;tuva;47.19;47
0726013835;kabardino-balkaria;71.10;71
3102037710;belgorod;27.12;27
6234078638;ryazan;42.21;42
9102064377;crimea;52.29;52
2466169990;krasnoyarsk;86.21;86
7610118447;yaroslavl;86.90.40;86
1901140453;khakasia;71.12;71
2721192503;khabarovsk;25.11;25
2401000587;krasnoyarsk;01.11.10;01
6165214301;rostov;69.10;69
3250064644;bryansk;41.20;41
4706065350;leningrad;62.09;62
3127050390;belgorod;01.25;01
0326598851;buryatia;73.20;73
8709012748;chukotka;02.30.12;02
4704086058;leningrad;49.41.20;49
3301036567;vladimir;49.41;49
3811462587;irkutsk;94.99;94
6671044857;sverdlovsk;46.71.20;46
3663144443;voronezh;46.73;46
9406013790;luhansk;49.31;49
5406816991;novosibirsk;56.10;56
3102635478;belgorod;86.23;86
1718002581;tuva;47.30;47
3849089283;irkutsk;71.20;71
5612174718;orenburg;86.90.90;86
1435196590;yakutia;41.20;41
0510011105;dagestan;69.20.20;69
2634084999;stavropol;47.25.11;47
5402059130;novosibirsk;46.16;46
6501283632;sakhalin;71.12.30;71
6670522758;sverdlovsk;91.03;91
4217140882;kemerovo;42.21;42
1800016763;udmurtia;71.12.20;71
2900000110;nenets ao;68.20;68
2308290391;krasnodar;86.21;86
7203412676;tyumen;56.10;56
4329019940;kirov;45.31;45
0524008102;dagestan;01.10;01
4715000849;leningrad;42.21;42
6455051480;saratov;70.22;70
1004004865;karelia;56.10;56
3435137398;volgograd;42.21;42
0256997521;bashkortostan;94.99;94
9709092093;moscow city;46.90;46
2311349091;krasnodar;68.31;68
5249131956;nizhni novgorod;46.38.21;46
0534030523;dagestan;01.10;01
5507292705;omsk;25.11;25
6827022516;tambov;69;69
9001022476;zaporizhzhia;94.99;94
7903528355;jewish ao;47.25;47
0411131056;altai rep.;47.10;47
1657239975;tatarstan;93.19;93
7904001233;jewish ao;68.20.20;68
6230096530;ryazan;46.33.10;46
7814293711;sankt-petersburg;46.90;46
7721713850;moscow city;86;86
7100001297;tula;42.11;42
2304077295;krasnodar;68.32;68
7604377130;yaroslavl;68.32;68
5918215810;perm;86.23;86
5257212253;nizhni novgorod;47.91.20;47
7718192654;moscow city;41.20;41
6950264362;tver;70.22;70
7701989917;moscow city;47.71.10;47
2446032405;krasnoyarsk;68.32.20;68
4100046599;kamchatka;42.11;42
3663165637;voronezh;77.32;77
0300003644;buryatia;49.31.21;49
3662112760;voronezh;41.20;41
3666120151;voronezh;73.20.20;73
2221253589;altai terr.;70.22;70
3000005276;astrakhan;47.76.10;47
7329033411;ulyanovsk;68.20;68
7721694598;moscow city;70.22;70
6166049001;rostov;43.99;43
9726045632;moscow city;77.32;77
7814817725;sankt-petersburg;62.01;62
4202054951;kemerovo;49.41;49
3123194954;belgorod;25.11;25
2223040314;altai terr.;43.30;43
2302060987;krasnodar;70.22;70
7842177957;sankt-petersburg;71.20;71
1200013418;marij el;56.10;56
2322022965;krasnodar;43.11;43
2727010044;khabarovsk;43.22;43
7604368583;yaroslavl;49.41;49
3801159310;irkutsk;56.10.10;56
2308238521;krasnodar;93.19;93
5406012976;novosibirsk;52.21.24;52
0600003959;ingushetia;41.20;41
6439047944;saratov;49.10;49
1319110722;mordovia;01.50;01
6234991414;ryazan;94.99;94
6727034807;smolensk;72.19;72
7713429243;moscow city;46.47.20;46
6829107356;tambov;94.99;94
7223002371;tyumen;01.19;01
1328906694;mordovia;68.32.10;68
2015006062;chechnya;86.90;86
5402033703;novosibirsk;45.20;45
7203187903;tyumen;80.10;80
4823041553;lipetzk;94.99;94
0242005760;bashkortostan;69.20.20;69
6452133889;saratov;71.12.70;71
4501156687;kurgan;86.10;86
1841021265;udmurtia;69.20.20;69
7708431448;moscow city;46.75;46
3334014488;vladimir;68.32.10;68
9203538633;sevastopol;68.32;68
2225196268;altai terr.;41.20;41
3666262043;voronezh;42.11;42
5190147495;murmansk;25.11;25
3827062697;irkutsk;43.99;43
0400012709;altai rep.;86.21;86
1655190844;tatarstan;71.20.90;71
9204573422;belgorod;69.10;69
6501151347;sakhalin;41.20;41
1500018230;north ossetia;56.10;56
6677003335;sverdlovsk;93.10;93
7708322953;moscow city;68.20;68
6730003943;smolensk;71.12;71
7500020745;zabaikalsk terr.;42.21;42
6700019488;smolensk;94.99;94
4401052109;kostroma;42.21;42
3444280612;volgograd;62.01;62
6321093738;samara;68.32.10;68
5105014000;murmansk;01.13;01
7313012751;ulyanovsk;94.99;94
9701056223;moscow city;47.71;47
6685170280;sverdlovsk;69.10;69
1701059854;tuva;41.20;41
3431005986;volgograd;68.32.20;68
8604035177;khanty-mansijsk;42.99;42
3019028559;astrakhan;62.09;62
1513039894;north ossetia;62.01;62
6102040211;rostov;41.20;41
7731367889;moscow city;71.12;71
1841104680;udmurtia;73.11;73
3702248343;ivanovo;49.41;49
2463122419;krasnoyarsk;47.11;47
1513073616;north ossetia;93.19;93
5262107455;nizhni novgorod;71.10;71
5905292091;perm;41.20;41
5017090146;moscow reg.;68.32;68
2238002618;altai terr.;93.19;93
3123134264;belgorod;41.20;41
8602304385;khanty-mansijsk;43.29;43
7203367945;tyumen;73.20.20;73
7456044198;chelyabinsk;70.22;70
9002016563;zaporizhzhia;46.73;46
4632118283;kursk;73.11;73
7123009976;tula;13.92;13
9710091390;moscow city;93.13;93
0514900948;dagestan;69.10;69
3525476035;vologda;46.73;46
0400021446;altai rep.;47.52;47
4823058370;lipetzk;62.03;62
3602011615;voronezh;56.10;56
5009119994;moscow reg.;43.34.20;43
2631019818;stavropol;93.19;93
2461204264;krasnoyarsk;62.01;62
9705035030;moscow city;68.20;68
7153000339;tula;56.10;56
7727479653;moscow city;86.21;86
9714005106;moscow city;41.20;41
7807213345;sankt-petersburg;41.20;41
9103079383;crimea;68.32;68
0276155192;bashkortostan;52.21.24;52
9402010911;luhansk;71.11;71
6501302003;sakhalin;94.20;94
7447237066;chelyabinsk;68.31.10;68
4101100150;kamchatka;42.11;42
2508066904;primorsky terr.;56.10;56
1701062575;tuva;52.29;52
4825051677;lipetzk;56.10;56
1326193293;mordovia;43.12.30;43
4703102130;leningrad;94.99;94
8606009119;khanty-mansijsk;43.99;43
2116854990;chuvashia;52.21.24;52
3526037898;vologda;93.12;93
3327146878;vladimir;70.22;70
6165211452;rostov;27.90;27
7736267775;moscow city;68.32.10;68
7805058101;sankt-petersburg;01.25;01
1516622141;north ossetia;42.11;42
2703099396;khabarovsk;52.29;52
5917003509;perm;69.20;69
7133502644;tula;94.99;94
5110005434;murmansk;11.07;11
0326575692;buryatia;73.20;73
1831207285;udmurtia;41.20;41
4901008997;magadan;01.13;01
2715006533;khabarovsk;70.22;70
5032075054;moscow reg.;68.20;68
5050135789;moscow reg.;93.11;93
7017407870;tomsk;93.29;93
7203475370;tyumen;73.11;73
7811610401;sankt-petersburg;96.01;96
8904095674;yamal-nenets ao;49.41;49
2801158184;amur;45.31;45
0917036706;karachaevo-chercessia;86.23;86
5507300233;omsk;62.01;62
1903009503;khakasia;94.20;94
4205416286;kemerovo;46.90;46
7224087138;tyumen;47.52.70;47
7716763599;moscow city;46.47;46
0253020008;bashkortostan;62.09;62
3459060948;volgograd;56.10;56
2635256707;stavropol;46.21;46
7734491690;moscow city;47.41;47
2635234012;stavropol;49.41;49
7325174620;ulyanovsk;43.21;43
3435136877;volgograd;94.99;94
4345528342;kirov;47.54;47
6501207582;sakhalin;25.11;25
1901078893;khakasia;69.10;69
2901115219;arkhangelsk;68.20;68
7500020167;zabaikalsk terr.;25.62;25
1101171389;komi;47.19;47
6234085610;ryazan;49.40;49
2130105079;chuvashia;25.61;25
0275027906;bashkortostan;62.09;62
7328090329;ulyanovsk;47.91;47
0608054810;ingushetia;43.21;43
7720447691;moscow city;46.90;46
4501172600;kurgan;47.10;47
4400007664;kostroma;93.19;93
2460233833;krasnoyarsk;46.32.20;46
6802003215;tambov;94.99;94
5615013645;orenburg;75;75
4632267711;kursk;69.10;69
5029277364;moscow reg.;47.99;47
6102040564;karachaevo-chercessia;52.29;52
6454124505;saratov;71.11;71
6660139384;sverdlovsk;49.41.30;49
3662275500;voronezh;69.10;69
6453079313;saratov;43.91;43
7724618147;moscow city;52.29;52
2222886859;altai terr.;45.31.10;45
6102058402;rostov;45.20;45
1435325648;yakutia;71.12.90;71
7722482148;moscow city;46.31;46
5300002181;novgorod;49.41.20;49
3442061855;volgograd;70.22;70
1001207183;karelia;01.24;01
0900013179;karachaevo-chercessia;52.21.22;52
1020014613;karelia;62.01;62
6722999022;smolensk;94.99;94
3252002690;bryansk;56.10;56
7804422661;sankt-petersburg;46.42.14;46
1215147911;marij el;93.10;93
9500023242;kherson;94.99;94
4407007960;kostroma;56.10;56
4025458209;kaluga;47.25.11;47
5614022573;orenburg;43.11;43
0800010520;kalmykia;01.45.10;01
7802768311;tyumen;62.01;62
1900003454;khakasia;49.41;49
1215215015;marij el;41.20;41
1901087785;khakasia;86.10;86
1215021193;marij el;42.11;42
1215233649;marij el;69.10;69
3120104984;belgorod;69.10;69
0323363330;buryatia;85.42.10;85
8604057910;khanty-mansijsk;68.32;68
5050112608;moscow reg.;46.47.10;46
2015010380;chechnya;46.21;46
7734422457;moscow city;46.43.20;46
6670114251;sverdlovsk;73.11;73
7814755363;sankt-petersburg;41.20;41
1326222018;mordovia;73.11;73
0573005908;dagestan;10.20;10
4025047590;kaluga;68.20.20;68
1215217943;marij el;93.29;93
7536120197;chechnya;43.12;43
2311347697;krasnodar;49.41;49
0800013785;kalmykia;77.11;77
5904406571;perm;56.29;56
5503231331;omsk;43.22;43
4909068148;magadan;68.20.20;68
2628057108;stavropol;47.30;47
5904410056;perm;49.41;49
5703009479;oryol;56.10.10;56
2349031808;krasnodar;70.22;70
5603049020;orenburg;73.11;73
6319166530;samara;52.29;52
1901107093;khakasia;71.11;71
6207004517;ryazan;49.31.20;49
9704201380;moscow city;43.39;43
0400000189;altai rep.;93.29.90;93
9725168293;moscow city;73.11;73
0265046593;bashkortostan;72.19;72
5503258245;omsk;70.22;70
9703101471;moscow city;46.13;46
0537005613;dagestan;52.29;52
7460034770;chelyabinsk;94.99;94
2543182491;primorsky terr.;46.14;46
0277966845;bashkortostan;68.32.20;68
7743947605;moscow reg.;46.73;46
7105028038;tula;68.20.20;68
9723184317;moscow city;46.73;46
1204003330;marij el;68.32.10;68
1007026708;karelia;94.99;94
9715213652;moscow city;46.73;46
2465139584;krasnoyarsk;68.32.20;68
3461006987;volgograd;42.21;42
4205417674;kemerovo;70.21;70
2310042332;krasnodar;25.10;25
6829151468;tambov;56.10;56
5835102178;penza;47.73;47
1326247904;mordovia;94.99;94
0273947753;bashkortostan;41.20;41
2464131007;krasnoyarsk;47.91.20;47
0500013826;dagestan;68.31;68
2628058207;stavropol;62.09;62
1101035315;komi;73.11;73
9204508568;sevastopol;93.11;93
7714783631;moscow city;68.32;68
5904172147;perm;62.02;62
2635262108;stavropol;25.99;25
5401311490;novosibirsk;47.72;47
7017492040;tomsk;31.09;31
5258143683;nizhni novgorod;52.29;52
1326227760;mordovia;69.20;69
5405093250;novosibirsk;73.11;73
4223125917;kemerovo;94.20;94
2508119056;primorsky terr.;46.49;46
2222901874;altai terr.;86.10;86
3460073035;volgograd;86.10;86
7327031031;ulyanovsk;68.32.10;68
5190066729;murmansk;69.10;69
7804676850;sankt-petersburg;73.11;73
3257001890;bryansk;46.90;46
3601011605;voronezh;01.13;01
8901023417;yamal-nenets ao;56.29;56
4703160816;leningrad;62.01;62
5262393887;nizhni novgorod;46.73;46
3665822574;voronezh;93.19;93
5838015981;penza;16.24;16
7814773884;sankt-petersburg;93.29.90;93
7724336907;moscow city;41.20;41
0917021450;karachaevo-chercessia;56.10;56
1435268767;yakutia;46.46.20;46
2366019374;krasnodar;47.82.10;47
8609015706;khanty-mansijsk;47.54;47
1650434600;tatarstan;42.11;42
9704112853;moscow city;41.20;41
5256181066;nizhni novgorod;62.09;62
0529226665;dagestan;62.03.13;62
1006027931;karelia;25.11;25
8602308171;khanty-mansijsk;70.10.10;70
7017208049;tomsk;01.19.20;01
1001224365;karelia;68.32.20;68
4632095237;kursk;42.11;42
1001237050;karelia;45.31.10;45
6950262830;tver;73.11;73
1900002027;khakasia;41.20;41
5473018451;novosibirsk;52.21.20;52
4706058465;leningrad;70.22;70
2722065321;khabarovsk;41.20;41
5505072983;omsk;79.11;79
9500021100;kherson;68.20;68
5611035454;orenburg;71.11;71
4501161239;kurgan;73.11;73
2636028654;stavropol;01.13;01
6726026627;smolensk;70.22;70
0277958940;bashkortostan;25.11;25
3435144317;volgograd;01.70;01
1828034160;udmurtia;62.02;62
0725029462;kabardino-balkaria;56.10;56
7203565954;tyumen;42.99;42
5032216403;moscow reg.;69.20;69
2311355137;krasnodar;46.33;46
6450099343;saratov;71.12.30;71
7606135400;yaroslavl;68.20;68
6658527414;sverdlovsk;73.11;73
2537143060;primorsky terr.;46.49;46
2925990010;arkhangelsk;94.99;94
3702184393;ivanovo;46.41;46
4345060992;kirov;68.32.20;68
9723222971;moscow city;41.20;41
7701957471;moscow city;69;69
0326508181;buryatia;41.20;41
9310002519;donetsk;68.20;68
7722708268;moscow city;71.10;71
5903058836;perm;46;46
5611056849;orenburg;69.10;69
5001070715;moscow reg.;69.20;69
9001024931;zaporizhzhia;47.25.10;47
5610250138;orenburg;70.22;70
4909125903;magadan;41.20;41
9002002560;zaporizhzhia;68.20;68
1110004264;komi;47.20;47
3015044013;astrakhan;25.11;25
7713229974;moscow city;86.23;86
2621017201;stavropol;94.12;94
7842508944;sankt-petersburg;70.22;70
7536985779;zabaikalsk terr.;94.99;94
2464152857;krasnoyarsk;41.20;41
6925011103;tver;86.23;86
2308197113;ingushetia;41.20;41
3614003721;voronezh;85.14;85
1651048572;tatarstan;50.40;50
2465353757;krasnoyarsk;46.69;46
2221257696;altai terr.;74.10;74
6501294673;sakhalin;94.99;94
3245019854;bryansk;62.02;62
7811114636;sankt-petersburg;68.32.20;68
5902044407;perm;46.90;46
2536308305;primorsky terr.;69.10;69
6452146197;saratov;45.31;45
6319263260;samara;88.99;88
7706434933;moscow city;71.11;71
5050135394;moscow reg.;49.41;49
7224083969;tyumen;45.11;45
3702193944;ivanovo;43.32;43
1104009673;komi;69.10;69
0323403617;buryatia;49.10;49
7811597817;sankt-petersburg;52.21;52
7841088729;sankt-petersburg;56.10.20;56
3461068694;volgograd;93.12;93
3257500000;bryansk;41.20;41
6324054409;samara;62.01;62
7404074804;chelyabinsk;56.10.10;56
2460117001;krasnoyarsk;25.11;25
1511011597;north ossetia;52.10.30;52
6449035592;saratov;73.11;73
1308049723;mordovia;94.20;94
7751226773;moscow city;45.11;45
6829155350;tambov;71.20.30;71
5256096830;nizhni novgorod;46.10;46
6829097683;tambov;93.29;93
2234016391;altai terr.;25.94;25
2347024530;krasnodar;94.99;94
3255510910;bryansk;01.50;01
6500015180;sakhalin;71.20;71
2100000463;chuvashia;55.10;55
9729304532;moscow city;69.10;69
1434027215;yakutia;43.22;43
3423019921;volgograd;70.22;70
7411013182;chelyabinsk;10.89;10
8603245140;khanty-mansijsk;93.12;93
7751301082;moscow city;73.11;73
5835117417;penza;41.20;41
2105004648;chuvashia;10.51;10
3100019667;belgorod;41.20;41
9309008033;donetsk;52.21;52
9200008282;sevastopol;93.29;93
7728480549;moscow city;47.52.50;47
1501008186;north ossetia;68.32.20;68
9308021472;donetsk;49.41;49
8001017812;zabaikalsk terr.;47.25.10;47
0269034292;bashkortostan;45.32;45
7606080060;yaroslavl;68.32.10;68
5752079038;oryol;69.10;69
7727498374;moscow city;85.42;85
2536337419;primorsky terr.;43.29;43
1831171208;udmurtia;47.52;47
0546026786;dagestan;86.23;86
7017284265;tomsk;73.10;73
4401099668;kostroma;73.11;73
7901541671;jewish ao;46.61;46
8905063361;yamal-nenets ao;43.11;43
6163113675;rostov;94.99;94
3019007453;astrakhan;43.12;43
8905049416;yamal-nenets ao;56.10;56
2463111505;krasnoyarsk;42.21;42
0702010835;kabardino-balkaria;01.41;01
3300006111;vladimir;26.20;26
2013011846;chechnya;56.29;56
1513002090;north ossetia;52.21.24;52
1000015633;karelia;86.21;86
0265052597;bashkortostan;93.12;93
3702052534;ivanovo;47.19;47
2014036530;chechnya;42.21;42
6320076521;samara;62.01;62
1503008417;north ossetia;94.20;94
1001328861;karelia;93.19;93
6230055140;ryazan;73.11;73
3257000752;bryansk;46.73.40;46
2317050029;krasnodar;86.23;86
3702000649;ivanovo;20.41;20
0562059404;dagestan;62.02;62
2466280163;krasnoyarsk;94.99;94
6732140102;smolensk;73.11;73
6713015233;smolensk;71.12.53;71
7325098383;ulyanovsk;70.22;70
6003006530;pskov;43.21;43
4632009453;kursk;01.50;01
3228004054;bryansk;71.10;71
0700016630;kabardino-balkaria;42.22;42
3702545723;ivanovo;73.10;73
3528334840;vologda;62.01;62
2130084439;chuvashia;62.02;62
3317016679;vladimir;43.34.20;43
1200010287;marij el;45.32;45
5404266654;novosibirsk;94.99;94
8603086620;khanty-mansijsk;52.21.24;52
1840081536;udmurtia;28.15.20;28
1837000400;udmurtia;45.11.20;45
9203536160;sevastopol;46.46;46
7604320327;yaroslavl;52.29;52
5404443536;novosibirsk;70.22;70
4401105537;kostroma;93.29;93
1327014652;mordovia;43.31;43
5406648761;novosibirsk;46.72;46
7505008660;zabaikalsk terr.;70.22;70
7706815262;moscow city;71.12.53;71
2543184523;primorsky terr.;56.10;56
0800013390;kalmykia;62.02;62
8905040614;yamal-nenets ao;41.20;41
1821015369;udmurtia;41.20;41
5835126676;penza;47.11;47
8603214328;khanty-mansijsk;49.40;49
1701057840;tuva;01.13.10;01
7100043716;tula;49.41;49
7203394314;tyumen;71.12.40;71
7302023582;ulyanovsk;94.99;94
5837081406;penza;88.99;88
7500016509;zabaikalsk terr.;86.21;86
9719010830;moscow city;69.10;69
7727461737;moscow city;46.19;46
1512021911;north ossetia;71.12;71
1215143723;marij el;69;69
7743453853;moscow city;46.47;46
4100038125;kamchatka;43.33;43
1516614750;north ossetia;94.99;94
2540085490;primorsky terr.;43.31;43
0100002788;adygeya;94.99;94
5321098406;novgorod;52.21.24;52
6227006632;ryazan;71.20;71
2128031479;chuvashia;47.52.70;47
5004004125;moscow reg.;68.32.20;68
3906349269;kaliningrad;73.11;73
7203560339;tyumen;45.19;45
4807012682;lipetzk;45.20.10;45
3207007590;bryansk;86.90.40;86
2460099994;krasnoyarsk;93.29;93
5027172976;moscow reg.;45.31.10;45
2901308161;arkhangelsk;47.78;47
8602295074;khanty-mansijsk;71.20.20;71
9703106871;moscow city;77.32;77
4706052015;leningrad;70.22;70
3025037520;astrakhan;25.99;25
4401168047;kostroma;68.32.10;68
6452052862;saratov;52.21.24;52
0326592514;buryatia;73.20;73
6623072075;sverdlovsk;41.20;41
3123192932;belgorod;68.30;68
6452144249;saratov;43.32;43
5263063955;nizhni novgorod;62;62
6681011988;sverdlovsk;41.10;41
7604337610;yaroslavl;01.61;01
3804051265;irkutsk;25.50.10;25
1903014542;khakasia;73.11;73
5501245730;omsk;25.11;25
6900010852;tver;49.41;49
9710121207;moscow city;55.10;55
1101177310;komi;86.21;86
7704487168;moscow city;64.99.30;64
3808115417;irkutsk;68.20;68
7723183221;moscow city;68.20.20;68
7720054193;moscow city;47.25.10;47
0816003951;kalmykia;47.52.70;47
9200015233;sevastopol;45.20;45
5050163497;moscow reg.;70.22;70
7017012705;tomsk;68.32.10;68
9718200080;moscow city;43.32.30;43
3906400878;kaliningrad;42.21;42
1900006705;khakasia;41.20;41
0814158117;kalmykia;01.61;01
6452097359;saratov;56.29;56
3500007899;vologda;68.20;68
5501288526;omsk;62.01;62
7805143773;sankt-petersburg;68.32.10;68
9102053086;crimea;43.21;43
3906987590;kaliningrad;94.99;94
5614043478;orenburg;42.21;42
1101156020;komi;43.33;43
7448113218;chelyabinsk;71.12.70;71
9724095388;moscow city;25.11;25
0721056867;kabardino-balkaria;95.10;95
6732117946;smolensk;77.11;77
2100001481;chuvashia;62.01;62
5044040296;moscow reg.;68.32.20;68
9404011935;luhansk;01.11.10;01
3702059089;ivanovo;70.22;70
4345091510;kirov;52.21.24;52
2502067556;primorsky terr.;93.19;93
1656092952;tatarstan;41.20;41
0278983956;bashkortostan;08.12;08
6002005968;pskov;71.11.10;71
7203527980;tyumen;86.21;86
7603070201;yaroslavl;73.11;73
6321047851;samara;52.21.24;52
3128006040;belgorod;47.73;47
5405976110;novosibirsk;46.69.90;46
4217158022;kemerovo;68.31.50;68
6732140864;smolensk;42.21;42
6829141269;tambov;70.22;70
5905279365;perm;52.29;52
3811129473;irkutsk;52.29;52
6154138994;rostov;69.10;69
5905081206;perm;71.12.12;71
6037010052;pskov;25.99.20;25
9725083956;moscow city;69.20;69
4205210736;kemerovo;70.22;70
7017243653;tomsk;45.31.10;45
3100026819;belgorod;43.99;43
9404000179;luhansk;01.11;01
0277050072;bashkortostan;52.21.24;52
2124037102;chuvashia;47.20;47
7114024216;tula;47.91;47
4212032643;kemerovo;16.23;16
2536346526;primorsky terr.;81.30;81
7813677634;sankt-petersburg;46.77;46
1683000534;tatarstan;41.20;41
6802002564;tambov;42.11;42
4205254765;kemerovo;62.02;62
9721156579;moscow city;46.73;46
1326227591;mordovia;86.23;86
5611073259;orenburg;68.31;68
4400002930;kostroma;49.41.20;49
0522024606;dagestan;42.91.20;42
9308024032;donetsk;43.99.90;43
9403019924;luhansk;71.20;71
4705091460;leningrad;13.99.90;13
2543172334;primorsky terr.;45.11;45
7722315041;moscow city;42.21;42
5032338271;moscow reg.;41.20;41
1900010130;khakasia;62.03;62
1831189050;udmurtia;62.01;62
2608010599;stavropol;01.50;01
7901544947;jewish ao;52.21.24;52
1435199390;yakutia;75;75
5405052239;novosibirsk;45.20;45
5507037790;omsk;52.21.24;52
5256096290;nizhni novgorod;86.23;86
3123343229;belgorod;42.11;42
2312277121;krasnodar;42.21;42
1215220777;marij el;49.41;49
4025429857;kaluga;79.10;79
6824005262;lipetzk;47.52.30;47
1324003282;mordovia;25.11;25
2635250367;stavropol;70.22;70
3525481839;vologda;70.10.20;70
1832042332;udmurtia;68.20.20;68
4101175149;kamchatka;71.12.30;71
7838060850;sankt-petersburg;41.10;41
3123447482;belgorod;43.29;43
5038164896;moscow reg.;46.90;46
6025037099;pskov;46.71;46
6163209497;rostov;41.20;41
4826121334;lipetzk;52.21.24;52
7743142939;moscow city;43.31;43
1831201893;udmurtia;71.12.20;71
7716940061;moscow city;73.11;73
4704089316;leningrad;43.21;43
6501310653;sakhalin;69.20;69
5047170102;moscow city;68.32.10;68
2130165455;chuvashia;93.19;93
4101148360;kamchatka;49.31.20;49
1001252524;karelia;49.31;49
6501244400;sakhalin;25.61;25
1841047746;udmurtia;71.11.10;71
6013009080;pskov;94.99;94
5406659548;novosibirsk;69.10;69
1835081234;udmurtia;42.22;42
1513079382;north ossetia;49.41;49
7604330759;yaroslavl;71.12.45;71
1313030929;mordovia;42.21;42
6800003650;tambov;45.20;45
3327140019;vladimir;93.12;93
1654037392;tatarstan;71.11.10;71
1004802254;karelia;52.21.24;52
7100014810;tula;71.12.20;71
5027190735;moscow reg.;61.10;61
7300020642;ulyanovsk;49.41;49
2464155760;krasnoyarsk;69.10;69
9312008820;donetsk;68.20.2;68
7801693261;leningrad;43.39;43
1686043127;tatarstan;70.22;70
7841304056;sankt-petersburg;80.10;80
8904045850;yamal-nenets ao;68.20.20;68
5609190967;orenburg;68.32;68
2540273510;primorsky terr.;45.19.30;45
4703070880;leningrad;62.01;62
3123216238;belgorod;73.11;73
1701048323;tuva;81.22;81
7000013683;tomsk;62.01;62
1700004154;tuva;43.29;43
1686040221;tatarstan;86.10;86
0107034740;adygeya;43.99.40;43
2130056872;chuvashia;45.10;45
7203552539;tyumen;41.20;41
2724140165;khabarovsk;73.11;73
6165231378;rostov;47.91;47
7731425890;moscow city;73.11;73
4025459837;kaluga;86.23;86
7203408133;tyumen;94.99;94
9723066426;moscow city;77.11;77
7801346691;sankt-petersburg;43.12.30;43
5403049826;novosibirsk;49.20;49
4223003789;kemerovo;96.04;96
5302011449;novgorod;47.10;47
3810043583;irkutsk;94.92;94
4825145082;lipetzk;42.11;42
4826148625;lipetzk;43.21;43
1644060787;tatarstan;81.22;81
2130212377;kalmykia;69.20;69
1300001631;mordovia;62.01;62
4401034389;kostroma;86.21;86
3816034391;irkutsk;93.12;93
3700016234;ivanovo;62.02;62
3460065450;volgograd;46.39;46
3304019224;vladimir;93.20;93
0901017747;karachaevo-chercessia;45.20.10;45
7404076696;chelyabinsk;43.29;43
4406004758;kostroma;94.99;94
9402016504;luhansk;43.29;43
7707845774;moscow city;68.20.20;68
1300012129;mordovia;70.22;70
0323370224;buryatia;62.09;62
0270409154;bashkortostan;47.25.10;47
7743401823;moscow city;46.73.60;46
5404029156;novosibirsk;52.29;52
7017226312;tomsk;45.20;45
7708064212;moscow city;69.20.10;69
7718999906;moscow city;86.21;86
7723615136;moscow city;95.10;95
2920015636;arkhangelsk;70.22;70
5610244649;orenburg;46.90;46
2902074928;arkhangelsk;49.31.21;49
6829118333;tambov;08.12;08
5260357139;nizhni novgorod;01.50;01
5751056310;oryol;62.01;62
6147041864;rostov;52.21.24;52
0307034909;buryatia;70.22;70
6161017084;rostov;56.10;56
3241500855;bryansk;01.41;01
6455073966;saratov;70.22;70
0323374701;buryatia;86.10;86
6679011282;sverdlovsk;13.99;13
2911990010;arkhangelsk;94.99;94
7203574483;tyumen;42.22.20;42
9724052578;moscow city;56.10;56
6319725210;samara;01.10;01
2014801124;chechnya;56.29;56
8903037479;yamal-nenets ao;47.11;47
8700001678;chukotka;47.11;47
7017236085;tomsk;56.29.30;56
6140000925;rostov;86.10;86
5022033104;moscow reg.;42.21;42
2724091711;khabarovsk;56.29;56
6319175060;samara;49.31.20;49
5024235441;moscow reg.;41.20;41
6168078738;kalmykia;70.22;70
4202024019;nenets ao;47.19;47
4431003998;kostroma;43.21;43
5407969310;novosibirsk;71.20.20;71
1909001451;khakasia;94.99;94
2634113142;stavropol;46.66;46
7452111679;chelyabinsk;62.09;62
5009121288;moscow reg.;70.10;70
0900000187;karachaevo-chercessia;69.10;69
7017996826;tomsk;94.99;94
7014061454;tomsk;56.10;56
0608055483;ingushetia;71.20.20;71
2902090817;arkhangelsk;62.01;62
3015045909;astrakhan;47.11.10;47
9103003137;crimea;41.20;41
5703012680;oryol;46.90;46
7448228963;chelyabinsk;47.91;47
2635834926;stavropol;01.41;01
9731143272;moscow city;47.41.10;47
0900009253;karachaevo-chercessia;56.10;56
6020006080;pskov;55.10;55
3905068843;kaliningrad;56.10;56
4825137099;lipetzk;62.01;62
1900011582;khakasia;73.11;73
8617014625;khanty-mansijsk;49.41.10;49
2724248730;khabarovsk;45.32;45
9103091694;crimea;93.12;93
5800007734;penza;41.20;41
8905058820;yamal-nenets ao;86.10;86
0326553258;buryatia;56.10;56
7701916130;moscow city;14.13;14
2901278333;arkhangelsk;94.99;94
0705006604;kabardino-balkaria;52.21;52
6381018196;samara;46.71;46
1658175731;tatarstan;71.20.90;71
3702255598;ivanovo;47.72;47
0411155530;altai rep.;69.10;69
4028046482;kaluga;45.31.10;45
5260225421;nizhni novgorod;46.90;46
5258150401;nizhni novgorod;46.73;46
6432232592;saratov;68.32.20;68
7536139180;zabaikalsk terr.;41.20;41
7204156249;tyumen;43.12;43
7203472040;tyumen;70.22;70
6025051978;pskov;93.19;93
5031123354;moscow reg.;46.73;46
6312132081;samara;46.90;46
7716857222;moscow city;41.20;41
4027114884;kaluga;46.18.10;46
9108130210;crimea;86.90;86
7536152230;zabaikalsk terr.;73.11;73
5614081473;orenburg;62.01;62
3200006358;bryansk;70.22;70
7300006091;ulyanovsk;43.39;43
0300013120;buryatia;49.20;49
8601049566;khanty-mansijsk;02.40;02
1435245618;yakutia;49.40;49
6829157371;tambov;56.10;56
7017440757;tomsk;43.22;43
9717115403;moscow city;46.62;46
1300010107;mordovia;45.11;45
9403003226;luhansk;45.11;45
0326563464;buryatia;47.19;47
6685051519;sverdlovsk;47.59.40;47
0814170308;kalmykia;49.39.10;49
5031106616;moscow reg.;71.20.10;71
5612086050;orenburg;86.21;86
7716238448;moscow city;94.12;94
5248030433;nizhni novgorod;86.23;86
1700006296;tuva;71.11;71
2543106758;primorsky terr.;45.32;45
2325020194;krasnodar;08.10;08
6319225433;samara;49.42;49
0326569459;buryatia;73.20;73
2308092311;krasnodar;68.20.20;68
6225010425;ryazan;94.99;94
9705227208;moscow city;86.90.30;86
7451343797;chelyabinsk;41.20;41
5835140590;penza;71.11.10;71
9701097798;moscow city;46.13;46
6162040914;rostov;72.20;72
6439100348;saratov;93.12;93
7022016416;tomsk;69;69
6372024605;samara;47.19;47
0711013198;kabardino-balkaria;42.11;42
4014005969;kaluga;47.73;47
5047229211;moscow reg.;64.99;64
5753064891;oryol;81.22;81
4205360570;kemerovo;62.01;62
9303021454;donetsk;69.10;69
0403005139;altai rep.;68.32;68
8603149855;khanty-mansijsk;52.22;52
2361016316;krasnodar;52.21.22;52
3123324554;belgorod;86.22;86
8901042811;yamal-nenets ao;01.49.40;01
3662122599;voronezh;70.22;70
9723183641;moscow city;41.20;41
6950196225;tver;70.22;70
9102292937;crimea;69.10;69
7204176301;tyumen;62.09;62
8614000977;khanty-mansijsk;46.31;46
2204068106;altai terr.;69.20;69
2905013923;arkhangelsk;42.21;42
5617022363;orenburg;71.12;71
2423015361;krasnoyarsk;88.10;88
7536172029;zabaikalsk terr.;46.38.26;46
7017134414;tomsk;62.01;62
5809005594;penza;45.32;45
2014042406;chechnya;52.29;52
2543089319;primorsky terr.;70.22;70
5005063363;moscow reg.;25.11;25
0278194528;bashkortostan;56.10;56
7404073920;chelyabinsk;56.30;56
5257209081;nizhni novgorod;47.21;47
1224007036;marij el;45.31;45
5904058998;perm;56.10;56
2012010254;chechnya;73.11;73
7424027834;chelyabinsk;68.32;68
6732122632;smolensk;86.21;86
6027073737;pskov;73.11;73
5300008761;novgorod;49.41;49
7448078524;chelyabinsk;46.69;46
3015999824;astrakhan;69.10;69
1901127082;khakasia;56.10;56
7727451009;moscow city;46.31;46
6903013971;tver;68.20.20;68
3444275203;volgograd;49.41;49
6722030125;smolensk;73.11;73
1840073077;udmurtia;25.71;25
6832002201;tambov;45.30;45
5050104029;moscow reg.;47.74;47
3906983926;kaliningrad;49.40;49
6101032673;rostov;52.10;52
6679100976;sverdlovsk;46.69;46
7202241072;tyumen;46.14.10;46
9308017814;donetsk;46.35;46
1435150606;yakutia;68.20;68
9102274303;adygeya;69.10;69
0274141885;bashkortostan;42.21;42
9701229652;moscow city;73.11;73
9701186720;chechnya;49.41;49
8905066764;yamal-nenets ao;42.99;42
3528343354;vologda;45.20;45
4345466512;kirov;56.10.10;56
6167096420;rostov;94.99;94
4632260321;kursk;47.77.20;47
6324073289;samara;73.11;73
9703110941;moscow city;43.31;43
6501185843;sakhalin;45.20;45
4026010226;kaluga;56.10;56
5257132008;kostroma;43.29;43
1901072370;khakasia;42.12;42
7814799699;sankt-petersburg;47.19;47
0708016801;kabardino-balkaria;01.11;01
1400007450;yakutia;45.20;45
7536150498;zabaikalsk terr.;62.09;62
7000013531;tomsk;70.22;70
0107035380;adygeya;68.20.20;68
0900004079;karachaevo-chercessia;45.20.10;45
7203455380;tyumen;49.41;49
5931000387;perm;01.11.10;01
0800001282;kalmykia;68.10;68
7802310899;sankt-petersburg;01.10;01
7751217793;moscow city;62.09;62
6231028396;ryazan;94.99;94
0919005164;karachaevo-chercessia;43.21;43
6155923203;rostov;71.10;71
7017416803;tomsk;68.20.20;68
7704661948;moscow city;86.21;86
0278210240;bashkortostan;46.31;46
9304015929;donetsk;86.23;86
5904338811;perm;46.43;46
3023004920;astrakhan;46.30;46
9200003816;sevastopol;43.99;43
7604254025;yaroslavl;52.21.10;52
5300007743;novgorod;73.11;73
5402082620;novosibirsk;49.41;49
2807006251;amur;25.11;25
7104505552;tula;71.11.10;71
6671092804;sverdlovsk;71.12;71
8603243093;khanty-mansijsk;25.62;25
1650336680;tatarstan;49.41;49
7726640116;moscow city;46.70;46
7838338200;sankt-petersburg;46.19;46
5029278512;moscow reg.;46.74.30;46
3255046945;bryansk;43.33;43
3443920531;volgograd;46.19;46
6671177832;sverdlovsk;47.54;47
9500023845;kherson;94.99;94
5904160737;perm;42.11;42
0725011296;kabardino-balkaria;62;62
0323056353;buryatia;94.20;94
8901039216;yamal-nenets ao;01.49.41;01
7725262140;kaluga;69.10;69
8622021730;khanty-mansijsk;94.99;94
6037007902;pskov;73.11;73
7103050951;tula;42.11;42
2227001267;altai terr.;25.62;25
0808002792;kalmykia;01.50;01
3663141361;voronezh;42.11;42
5029162500;moscow reg.;41.20;41
1832107580;udmurtia;46.38;46
9200012183;sevastopol;45.31;45
2464116802;krasnoyarsk;73.11;73
1700005430;tuva;49.41.10;49
3525335066;vologda;42.21;42
7107053417;tula;70.22;70
4823028320;lipetzk;56.29;56
0100010771;adygeya;45.31;45
5423000770;novosibirsk;70.22;70
2516002421;primorsky terr.;10.20;10
1006012974;karelia;73.11;73
7814428944;sankt-petersburg;46.39;46
6165240083;rostov;46.71;46
5473014520;novosibirsk;49.41;49
4909072747;magadan;43.22;43
0326599238;buryatia;79.11;79
5105081824;murmansk;43.12;43
3416004441;volgograd;94.99;94
7727394086;moscow city;43.12;43
3801162993;irkutsk;10.71;10
3525223669;vologda;68.32.10;68
0608061504;ingushetia;93.19;93
1901142524;khakasia;56.10;56
2445003031;krasnoyarsk;68.32.10;68
5018213577;moscow reg.;52.23.19;52
7604389350;yaroslavl;94.99;94
5951004492;perm;52.21.22;52
0572025098;dagestan;46.90;46
1101163010;komi;42.22;42
4000017996;kaluga;86.10;86
3731001887;ivanovo;68.20.20;68
9202501895;sevastopol;93.19;93
2130229814;chuvashia;49.41.10;49
7325137184;ulyanovsk;46.43;46
5700007089;oryol;69.20;69
7715992412;moscow city;46.51;46
4501030476;kurgan;68.32.10;68
6215005560;ryazan;01.46.10;01
3441038162;volgograd;52.21.24;52
7735194002;moscow reg.;47.11;47
9725029959;moscow city;72.19;72
6224005260;ryazan;84.11.30;84
6009008164;pskov;86.10;86
0816002330;kalmykia;41.20;41
8901025862;yamal-nenets ao;71.12.70;71
3702186810;ivanovo;41.20;41
0900010812;karachaevo-chercessia;94.99;94
6320075334;samara;41.20;41
9110006690;crimea;41.20;41
5529002424;omsk;01.11.10;01
7423023065;chelyabinsk;73.11;73
6345031113;samara;46.47;46
4500001433;kurgan;93.12;93
2108002984;chuvashia;56.10;56
0100001262;ingushetia;93.11;93
7727392586;moscow city;82.91;82
2457090381;krasnoyarsk;46.90;46
0239950636;bashkortostan;25.11;25
5029237227;moscow reg.;41.20;41
7811649127;sankt-petersburg;46.73;46
3245000620;bryansk;49.40;49
2311043882;krasnodar;94.99;94
7014067664;tomsk;46.71;46
9406013455;luhansk;43.22;43
6230072297;ryazan;47.90;47
5902143782;perm;63.11.10;63
7728711309;moscow reg.;52.29;52
0275078097;bashkortostan;86.10;86
4909057869;magadan;69.20.10;69
5262297164;nizhni novgorod;45.20.10;45
4707053100;leningrad;41.20;41
7204042160;tyumen;45.20.10;45
6025034764;pskov;42.21;42
6809007096;tambov;43.29;43
2224170725;altai terr.;41.20;41
9704225568;moscow city;46.74;46
1513062766;north ossetia;41.20;41
3435067493;volgograd;43.22;43
3525281318;vologda;71.10;71
5262243017;nizhni novgorod;86.23;86
5473016503;novosibirsk;62.02;62
5836115797;penza;94.99;94
7106523571;tula;68.20;68
7449146368;chelyabinsk;70.22;70
5402059959;novosibirsk;56.10;56
3664068065;voronezh;85.23;85
2618021222;stavropol;68.32.10;68
7901550404;jewish ao;94.99;94
7017076113;tomsk;86.10;86
1001292823;karelia;73.11;73
5535016680;omsk;41.20;41
1215119689;marij el;62.09;62
6662101869;sverdlovsk;68.20;68
4217157068;kemerovo;62.01;62
3443900687;volgograd;52.21.24;52
2337034434;krasnodar;41.20;41
1513074024;north ossetia;41.20;41
3702149960;ivanovo;62.01;62
0816035368;kalmykia;56.10;56
0608055250;ingushetia;71.20;71
7722328393;moscow city;93.11;93
1659206460;tatarstan;41.20;41
5321073754;novgorod;71.11;71
8905063192;yamal-nenets ao;49.41;49
4909911142;magadan;69.10;69
4348024488;kirov;94.12;94
2466163149;krasnoyarsk;71.12.30;71
3306015754;vladimir;86;86
2700027844;khabarovsk;62.02;62
3257033204;bryansk;41.20;41
7453338922;chelyabinsk;70.22;70
1500009878;north ossetia;69.10;69
4345298000;kirov;56.10;56
5503271341;omsk;46.90;46
7224078373;tyumen;42.22.20;42
5406791377;novosibirsk;41.20;41
1001328413;karelia;86.22;86
3917049820;kaliningrad;42.11;42
9726074231;moscow city;45.31;45
4345065246;kirov;23.61;23
7500012952;zabaikalsk terr.;01.13;01
5406801610;novosibirsk;69.10;69
6709004856;smolensk;49.40;49
4825049205;lipetzk;42.21;42
0276915020;bashkortostan;70.22;70
5720022335;oryol;25.21.10;25
1831185313;udmurtia;46.73;46
7735202091;moscow city;46.69.90;46
6678052374;sverdlovsk;69.20.10;69
7802898134;sankt-petersburg;62.02;62
1434041918;yakutia;68.32;68
7604258887;yaroslavl;62.01;62
2461040062;krasnoyarsk;41.20;41
4400017535;kostroma;25.61;25
0400008815;altai rep.;43.12;43
0400001369;altai rep.;86.90;86
4727002569;leningrad;47.19;47
5403063997;novosibirsk;45.31;45
6454082580;saratov;86.23;86
7448230747;chelyabinsk;25.62;25
1400023075;yakutia;41.20;41
3702532227;ivanovo;56.10;56
2721235612;khabarovsk;82.11;82
7810846813;sankt-petersburg;46.30;46
3849101484;irkutsk;71.11.10;71
2221180193;altai terr.;47.73;47
2510013473;primorsky terr.;46.61;46
9204017200;sevastopol;86.23;86
7713263076;moscow city;96.02;96
3664223899;voronezh;41.20;41
7810841702;leningrad;93.11;93
5258155826;nizhni novgorod;46.49.40;46
4706074393;leningrad;46.77;46
2128002573;chuvashia;70.22;70
2700011442;khabarovsk;25.11;25
0100006648;adygeya;49.41;49
7708823131;moscow city;46.90;46
4401126150;kostroma;56.10;56
7706721617;smolensk;25.92;25
5902143334;perm;46.90;46
4909997446;magadan;94.90;94
3518004458;vologda;01.41;01
7718834703;moscow city;28.90;28
7729451558;moscow city;69.10;69
1324126975;mordovia;42.21;42
2365012425;krasnodar;68.20;68
3663164062;voronezh;43.21;43
7811611412;sankt-petersburg;45.30;45
0264010890;bashkortostan;68.20;68
1615015839;tatarstan;62.01;62
3666121003;voronezh;68.10;68
7017465060;tomsk;25.62;25
0275046779;bashkortostan;95.22.10;95
6670462650;sverdlovsk;43.99;43
4501167791;kurgan;62;62
3444118916;volgograd;41.20;41
4508010060;kurgan;86.23;86
6820012893;tambov;25.99.20;25
3200000691;bryansk;49.41;49
5406774607;novosibirsk;43.31;43
4706017941;leningrad;25.50.10;25
6319736727;samara;45.20.20;45
4818009096;lipetzk;93.19;93
5501258352;omsk;68.20;68
5610137502;orenburg;69.10;69
9106016198;crimea;46.21;46
0326576287;buryatia;49.41;49
2536323039;primorsky terr.;93.19;93
7735141554;smolensk;46.43;46
5300001903;novgorod;93.21;93
1655423224;tatarstan;46.19;46
0326480391;buryatia;86.23;86
2537066641;primorsky terr.;86;86
7810945941;sankt-petersburg;47.91.20;47
4025434600;kaluga;69.20;69
7500024330;zabaikalsk terr.;25.11;25
9201531336;sevastopol;71.12;71
5907039369;perm;42.11;42
7705009132;moscow city;43.39;43
5229016627;nizhni novgorod;42.11;42
7719881569;moscow city;49.40;49
0300009773;buryatia;10.11;10
0274931844;bashkortostan;47.11;47
0522023183;dagestan;49.41;49
5603017130;orenburg;56.10;56
5321201050;novgorod;70.22;70
2623030141;stavropol;71.11;71
9310005397;donetsk;42.12;42
2536215570;primorsky terr.;49.30;49
5836900758;penza;94.99;94
1116009371;komi;01.41;01
1215233991;marij el;68.32;68
7722362066;moscow city;69.20;69
6826003013;tambov;93.13;93
0273052230;bashkortostan;68.32.20;68
7701095966;moscow city;73.11;73
6452154582;saratov;47.24;47
6454076227;saratov;71.10;71
4623007682;kursk;93.11;93
8904068078;yamal-nenets ao;46.71;46
6321316656;samara;79.11;79
7203434990;tyumen;56.10;56
2222833688;altai terr.;49.42;49
3817050886;irkutsk;94.99;94
4811012477;lipetzk;42.12;42
6686128644;sverdlovsk;25.93;25
1101146706;komi;49.40;49
6659208837;sverdlovsk;47.73;47
9101008235;crimea;68.20;68
7720496642;moscow city;41.20;41
2901281390;arkhangelsk;45.31.10;45
5904330410;perm;42.21;42
9701037943;moscow city;46.73;46
7816561652;sankt-petersburg;86.23;86
2205019704;altai terr.;47.91;47
7731367617;moscow city;41.20;41
3123197987;belgorod;49.32;49
0326513248;buryatia;56.10;56
1001338901;karelia;73.11;73
4719003128;leningrad;25.93;25
4401053857;kostroma;70.22;70
2543175286;primorsky terr.;94.99;94
6167208198;rostov;93.19;93
1324135970;mordovia;56.10;56
5752079550;oryol;45.11;45
3525145347;vologda;93.11;93
0278951263;bashkortostan;41.20;41
5300004982;novgorod;25.11;25
7603027125;yaroslavl;46.73.60;46
7806578907;sankt-petersburg;46.49;46
6501285340;primorsky terr.;42.99;42
9725137680;moscow city;62.01;62
2118001901;chuvashia;42.11;42
0917012712;karachaevo-chercessia;01.50;01
2259003852;altai terr.;68.20.20;68
4501083809;kurgan;94.90;94
7805005981;sankt-petersburg;49.40;49
5105001699;murmansk;47.11.20;47
2925004010;arkhangelsk;02.20;02
6672167643;sverdlovsk;71.11;71
5190404791;murmansk;62.09;62
6318041232;samara;43.21;43
9305010828;donetsk;47.11;47
6658524406;sverdlovsk;71.12;71
5261120460;nizhni novgorod;41.20;41
4818005528;lipetzk;47.29.10;47
8911031368;yamal-nenets ao;42.99;42
7720730677;moscow city;41.20;41
1660047656;tatarstan;74.90.20;74
7203411471;tyumen;73.20.10;73
5038180721;moscow reg.;49.41;49
9310004058;donetsk;41.20;41
4401180044;kostroma;46.73;46
2225178131;altai terr.;27.40;27
5501050900;omsk;52.29;52
5753024722;oryol;94.99;94
2626048115;stavropol;56.10;56
0917031842;karachaevo-chercessia;94.92;94
3704011692;ivanovo;01.45.10;01
9726084737;moscow city;81.21;81
4345512751;kirov;49.31;49
7321015851;ulyanovsk;94.99;94
1225000570;marij el;52.29;52
1223000214;marij el;46.73;46
5190102800;murmansk;52.21.24;52
0276077515;bashkortostan;52.21.24;52
0400024341;altai rep.;93.29;93
1650367262;tatarstan;47.19;47
6732029545;smolensk;56.10;56
3007000125;astrakhan;47.11;47
7704184357;moscow city;46.90;46
2320233470;krasnodar;56.10;56
5038057238;moscow reg.;86.10;86
4027062202;kaluga;68.32.10;68
1701047739;tuva;49.41.10;49
2635261993;stavropol;49.42;49
7130031080;tula;01.13.10;01
0242009073;bashkortostan;86.21;86
9500021982;kherson;01.11;01
6674350108;sverdlovsk;73.11;73
7839073789;sankt-petersburg;46.33;46
5905068050;perm;94.99;94
0408017071;altai rep.;86;86
3720007502;ivanovo;71.20.50;71
1686007288;tatarstan;46.73;46
4505017067;kurgan;71.12;71
1001042559;karelia;52.21.24;52
6027208173;pskov;43.29;43
3628011377;voronezh;43.99;43
7719809080;moscow city;62.02;62
1435255895;yakutia;46.34;46
5190075339;murmansk;45.20;45
1001339006;karelia;46.69.20;46
5020092746;moscow reg.;01.50;01
7810958884;sankt-petersburg;62.02;62
0400025112;altai rep.;94.99.20;94
7729498965;moscow city;79.11;79
7513006346;zabaikalsk terr.;68.32.10;68
7743427451;moscow city;46.90;46
5053058740;moscow reg.;93.29;93
3811137700;irkutsk;01.13;01
7725314430;moscow city;94.99;94
0276962196;bashkortostan;41.20;41
3102015690;belgorod;01.13;01
0300014678;buryatia;93.29.10;93
4401184190;kostroma;46.90;46
3459064639;volgograd;47.11;47
5321104184;novgorod;49.39.30;49
3257073020;bryansk;73.11;73
0230006007;bashkortostan;01.11;01
1435342883;yakutia;45.31.10;45
0917025214;karachaevo-chercessia;86.21;86
7729766646;moscow city;80.10;80
6025043430;pskov;94.92;94
7707475403;moscow city;41.20;41
3103000777;belgorod;45.31.10;45
2540280652;primorsky terr.;73.11;73
1651087490;tatarstan;41.20;41
9724088327;moscow city;46.73;46
1674000464;tatarstan;49.41;49
5040170181;moscow reg.;14.12;14
1316000305;mordovia;47.11;47
7609040965;yaroslavl;71.11.10;71
2720051933;khabarovsk;01.13;01
1500011370;north ossetia;73.11;73
0260011780;bashkortostan;43.21;43
6900006990;tver;10.83;10
7116155655;tula;86.23;86
7733785779;moscow city;01.60;01
2983000520;nenets ao;94.20;94
6503013896;sakhalin;01.13;01
7727199984;vladimir;49.40;49
2901180240;arkhangelsk;69.10;69
6670497420;sverdlovsk;25.11;25
3663079579;voronezh;62.01;62
5258087090;nizhni novgorod;94.99;94
2130110544;chuvashia;70.22;70
3900008350;kaliningrad;62.02;62
7735179910;moscow city;72.19;72
7810442698;sankt-petersburg;52.29;52
5535017450;omsk;96.03;96
1655505861;tatarstan;71.12;71
6612048828;sverdlovsk;01.25.10;01
0713001159;kabardino-balkaria;94.99;94
6658520031;sverdlovsk;46.90;46
7805811325;sankt-petersburg;47.91.20;47
7702711833;moscow city;68.30;68
0600015619;ingushetia;86.23;86
6167205246;rostov;43.12;43
6451009857;saratov;71.20;71
4100052063;kamchatka;94.99;94
3245017470;bryansk;52.29;52
7017231915;tomsk;56.10;56
7203327011;tyumen;62.01;62
0700011103;kabardino-balkaria;46.21.11;46
6165191460;rostov;25.62;25
7300024260;ulyanovsk;49.41;49
0273926182;bashkortostan;68.31;68
1655042282;tatarstan;46.49;46
3328300498;vladimir;94.20;94
7702435541;moscow city;41.20;41
8901040148;yamal-nenets ao;94.99;94
6452079085;saratov;41.20;41
3528308159;vologda;46.73;46
2636220598;stavropol;25.11;25
9102282858;crimea;31.02;31
6325073059;samara;93.29.90;93
4401130484;kostroma;70.22;70
0562050923;dagestan;94.99;94
6165099289;rostov;41.20;41
3663102080;voronezh;68.32.10;68
6700005573;smolensk;46.21;46
7447186573;chelyabinsk;41.20;41
4345522855;kirov;70.22;70
2103005371;chuvashia;01.13.11;01
7328095976;ulyanovsk;86.21;86
6950259644;tver;47.91;47
7203280155;tyumen;45.30;45
2536252388;primorsky terr.;52.29;52
1800015569;udmurtia;71.20;71
0703006670;kabardino-balkaria;01.41;01
3015118995;astrakhan;46.73;46
1001326536;karelia;55.10;55
6949117042;tver;73.11;73
2536285400;primorsky terr.;52.29;52
6900001953;tver;56.10;56
7430040985;chelyabinsk;01.13;01
9724105942;moscow city;18.12;18
0600002539;ingushetia;47.71;47
3015040650;astrakhan;94.12;94
6901090650;tver;71.20;71
1021300039;karelia;93.19;93
2635097542;kalmykia;62.01;62
2536326142;primorsky terr.;46.19;46
1513044742;north ossetia;71.20.40;71
7810381565;sankt-petersburg;70.22;70
9106011263;crimea;41.20;41
9709040200;moscow city;46.46.20;46
4217200612;kemerovo;45.31;45
0326477222;buryatia;43.21;43
6619011425;sverdlovsk;42.21;42
7801711986;sankt-petersburg;41.20;41
7802493346;leningrad;73.10;73
2631044596;stavropol;45.20;45
1106032886;komi;52.21.24;52
0603282740;ingushetia;71.20;71
3906274937;kaliningrad;93.29;93
5402068752;novosibirsk;46.90;46
7017433654;tomsk;69.10;69
0100007112;adygeya;52.29;52
7116504240;tula;41.20;41
2222778772;altai terr.;47.91;47
7736358479;moscow city;46.73;46
7115002670;tula;70.22;70
0721054891;kabardino-balkaria;45.31;45
7309999750;ulyanovsk;94.99;94
7203485931;tyumen;25.11;25
1900013269;khakasia;68.20;68
6319183092;samara;86.23;86
3702218268;ivanovo;73.11;73
3017058798;chechnya;56.10.10;56
4003008862;kaluga;01.10;01
4105043753;kamchatka;01.11;01
5029288119;moscow reg.;25.40;25
7720296594;moscow city;46.90;46
5751021476;oryol;62.01;62
4400019290;kostroma;43.22;43
2634813987;stavropol;93.19;93
2129042956;chuvashia;56.30;56
9303029693;donetsk;94.99;94
5503271750;omsk;46.90;46
9405003133;luhansk;47.25;47
6612050425;sverdlovsk;49.32;49
2128037287;chuvashia;93.19;93
4307021583;kirov;41.20;41
7814730714;sankt-petersburg;62.01;62
5260489390;nizhni novgorod;71.12.20;71
2901188369;arkhangelsk;73.10;73
7604003688;yaroslavl;68.20.20;68
6454116575;saratov;94.99;94
4505000401;kurgan;01.11.10;01
5413000403;novosibirsk;42.21;42
0523014840;dagestan;73.11;73
1832153836;udmurtia;45.11.20;45
6330098002;samara;42.11;42
3122503920;belgorod;42.21;42
3729018971;ivanovo;52.21;52
7448011167;chelyabinsk;71.11;71
7451266736;chelyabinsk;62.01;62
8622026520;khanty-mansijsk;42.11;42
7627051053;yaroslavl;62.01;62
1300002730;mordovia;45.20;45
4414012671;kostroma;41.20;41
7203199521;tyumen;25.11;25
1513070260;north ossetia;42.22.20;42
6454115109;saratov;70.22;70
3835050487;irkutsk;85.13;85
1514013592;north ossetia;42.11;42
6617026585;sverdlovsk;94.99;94
1101042457;komi;68.32.10;68
5636009209;orenburg;69.10;69
6217007556;ryazan;47.25.10;47
3444196022;volgograd;42.91;42
4217200549;kemerovo;41.20;41
3102044362;belgorod;49.41.20;49
5800003514;penza;62.01;62
6679155100;sverdlovsk;43.29;43
5040072956;moscow reg.;71.12.90;71
2224027370;altai terr.;52.10.90;52
4212043765;kemerovo;86.21;86
7802701719;sankt-petersburg;73.11;73
4632212293;kursk;86.23;86
2537092680;primorsky terr.;42.91.20;42
6230052124;ryazan;52.29;52
3250522206;bryansk;47.78.20;47
5836898788;penza;45.31;45
6950261065;tver;41.20;41
1101094328;komi;62.02;62
3528331454;vologda;25.11;25
7714324719;sevastopol;46.90;46
3461055208;volgograd;94.99;94
6382095002;samara;93.12;93
5610083737;orenburg;69.20.20;69
5908019140;perm;52.21.24;52
5020066337;moscow reg.;86.10;86
5321158447;novgorod;70.22;70
0917015512;karachaevo-chercessia;01.11.10;01
1000008097;karelia;93.21;93
9302009197;donetsk;47.19;47
4312135018;kirov;49.41;49
3706027634;ivanovo;43.12;43
9102040217;crimea;56.10;56
5506220659;omsk;62.01;62
5190061914;murmansk;71.10;71
5011028536;moscow reg.;38.32.50;38
1901111710;khakasia;42.11;42
7524188377;zabaikalsk terr.;43.21;43
3913013037;kaliningrad;52.21.24;52
6949003172;tver;49.40;49
3123144583;belgorod;69.10;69
3662165264;voronezh;49.30;49
5948024393;perm;52.21.24;52
3664019847;voronezh;71.11.10;71
5040030593;moscow reg.;94.99;94
5904296030;perm;86.23;86
1106014460;komi;68.20;68
6321414050;samara;43.21;43
3711039258;ivanovo;68.32.10;68
4824059232;lipetzk;52.29;52
0274968675;bashkortostan;46.35;46
2721234489;khabarovsk;86.90.90;86
6453149994;saratov;46.69;46
9311006837;donetsk;45.20;45
7802378907;karelia;69;69
7903528193;jewish ao;52.21.24;52
5027313049;moscow reg.;49.42;49
1215164843;marij el;42.21;42
3900022122;kaliningrad;73.11;73
0573011242;dagestan;46.47.10;46
6025052266;pskov;56.10;56
1327039199;mordovia;43.11;43
2635254805;stavropol;95.11;95
7727187594;moscow city;43.91;43
7000009239;tomsk;56.10;56
4253057118;kemerovo;62.01;62
9102004219;crimea;46.49.33;46
4028058022;kaluga;41.20;41
1101990130;komi;01.49.50;01
5028020084;moscow reg.;45.20;45
2308167567;krasnodar;86.90;86
3906381329;kaliningrad;41.20;41
3329093822;vladimir;46.74;46
4101179591;kamchatka;86.21;86
7805267994;sankt-petersburg;56.10;56
7719491343;moscow city;71.20;71
1105021970;komi;52.21.24;52
5800006385;penza;94.12;94
2112005106;chuvashia;46.43;46
6722025277;smolensk;52.21.24;52
3904036616;kaliningrad;94.99;94
4707039634;leningrad;68.31;68
5190101677;murmansk;79.12;79
5321023915;novgorod;68.20.20;68
4802010956;lipetzk;01.70;01
2801236925;amur;42.21;42
2311052904;adygeya;68.20.20;68
5501444398;omsk;70.22;70
7536139208;zabaikalsk terr.;41.20;41
3250531183;bryansk;71.10;71
2014043167;chechnya;69.10;69
0245965976;bashkortostan;52.23.10;52
9729340636;moscow city;25.99;25
1832056430;udmurtia;46.72.20;46
5260480005;nizhni novgorod;56.10;56
5190045750;murmansk;42.21;42
2801185004;amur;69.10;69
6829102904;tambov;52.21.24;52
7106057722;tula;70.22;70
1804000066;udmurtia;42.99;42
3329065487;vladimir;43.20;43
6168009413;rostov;46.73;46
2311284013;krasnodar;42.21;42
7447250300;chelyabinsk;69.20;69
4217105856;kemerovo;62.01;62
1215174175;marij el;43.22;43
5403085535;novosibirsk;46.69.90;46
6825007880;tambov;56.10;56
0726995437;kabardino-balkaria;94.99;94
7721678821;moscow city;73.11;73
2014044202;chechnya;62.01;62
4707055770;leningrad;69.10;69
1500019675;north ossetia;47.52.20;47
2308273406;krasnodar;71.20.20;71
5503271542;omsk;86.90.50;86
1901129315;khakasia;71.11.10;71
7722415060;moscow city;43.29;43
4401128397;kostroma;68.20.20;68
0560039385;dagestan;73.11;73
2700021190;khabarovsk;43.22;43
3257084791;bryansk;25.99;25
2536338557;primorsky terr.;43.29;43
5040070050;moscow reg.;68.32;68
7203122208;tyumen;43.21;43
6154062833;rostov;52.21.24;52
5006012770;moscow reg.;69.10;69
5228006922;nizhni novgorod;42.11;42
3339000545;vladimir;42.99;42
7000009912;tomsk;93.29;93
6439082522;saratov;41.20;41
7715588030;moscow city;52.21.24;52
9729309139;moscow city;43.29;43
4808000263;lipetzk;41.20;41
6658539057;sverdlovsk;93.13;93
6732150485;smolensk;70.22;70
9402004788;luhansk;43.22;43
3904046886;kaliningrad;52.29;52
2801007354;amur;73.20.10;73
3849074618;irkutsk;25.11;25
0700010879;kabardino-balkaria;56.10;56
7536085866;zabaikalsk terr.;86;86
1000003740;karelia;73.11;73
2543122686;primorsky terr.;47.11;47
6501206074;sakhalin;70.22;70
1831199637;udmurtia;73.11;73
3904008320;kaliningrad;69.20.10;69
7802413855;sankt-petersburg;25.62;25
1435293749;yakutia;41.20;41
9717164993;moscow city;46.39;46
9201504283;sevastopol;52.29;52
6450075230;saratov;47.43;47
9310016222;donetsk;69.10;69
7017287153;tomsk;69.20.20;69
2700031657;khabarovsk;45.32;45
3023000595;astrakhan;01.10;01
2536317564;primorsky terr.;94.99;94
4800006030;lipetzk;01.11;01
3702224656;ivanovo;01.50;01
3445120403;volgograd;70.22;70
7726704360;moscow city;62.01;62
7017482838;tomsk;70.22;70
8617029195;khanty-mansijsk;85.41;85
2703079914;khabarovsk;70.22;70
1900000559;khakasia;62.01;62
1435343728;yakutia;25.62;25
5300010707;novgorod;62.01;62
7300022745;ulyanovsk;93.29;93
9201523906;sevastopol;86.23;86
5310021955;novgorod;49.41;49
9729003937;moscow city;69.10;69
6318068756;samara;73.11;73
5321202417;novgorod;73.20;73
7804510212;sankt-petersburg;25.11;25
5043081571;moscow reg.;14.13;14
6501301659;sakhalin;25.11;25
0917035540;karachaevo-chercessia;01.13.31;01
4501118586;kurgan;93.19;93
5321138105;novgorod;62.02;62
1328019364;mordovia;25.62;25
4632156105;kursk;41.20;41
4017006128;moscow city;01.50;01
5904185241;perm;86.22;86
1215220840;marij el;69.20.20;69
7604065701;yaroslavl;73.11;73
7708415220;moscow city;43.29;43
2301056508;krasnodar;46.40;46
4345058062;kirov;71.12;71
3443046962;volgograd;41.20;41
6678136761;sverdlovsk;23.61;23
1500013680;north ossetia;73.11;73
0536000789;dagestan;01.41;01
5010027850;moscow reg.;62.09;62
6321227727;samara;93.20;93
1686019075;tatarstan;70.22;70
4707052385;leningrad;41.20;41
5318008963;novgorod;02.20;02
7017277067;tomsk;73.11;73
5321185680;novgorod;88.91;88
6952002041;tver;45.30;45
3913013767;kaliningrad;73.11;73
0917023880;karachaevo-chercessia;68.20.20;68
9500004360;kherson;68.20;68
5507066713;omsk;62.02;62
5402539539;novosibirsk;43.33;43
3810311401;irkutsk;43.30;43
6230102008;ryazan;93.19;93
7460062440;chelyabinsk;49.41;49
0250020440;bashkortostan;01.11.11;01
1101135140;komi;56.29;56
2001002702;chechnya;41.20;41
4401142296;kostroma;93.29.90;93
5032371670;moscow reg.;62.01;62
6442012282;saratov;25.62;25
4401099160;kostroma;68.20.20;68
4506006981;kurgan;71.12;71
4500014658;kurgan;86.10;86
2315104790;krasnodar;45.32;45
2543168994;primorsky terr.;71.12.20;71
7000002709;tomsk;45.20.30;45
3900025282;kaliningrad;71.12.20;71
3303010772;vladimir;52.29;52
7723727270;moscow city;47.10;47
4826031722;lipetzk;69.10;69
2208017744;altai terr.;68.32.20;68
0326025473;buryatia;58.14;58
7805521190;sankt-petersburg;46.49;46
5225006667;nizhni novgorod;01.61;01
7702471701;moscow city;69.20.20;69
2128702617;chuvashia;41.20;41
5027206921;moscow reg.;47.11;47
2540270855;primorsky terr.;70.10.20;70
5305006207;novgorod;47.10;47
3443126696;astrakhan;41.20;41
4028042505;kaluga;43.21;43
5042154805;moscow reg.;42.21;42
3016062008;astrakhan;01.10;01
2463128509;krasnoyarsk;46.90;46
4223131886;kemerovo;43.21;43
8612019475;khanty-mansijsk;41.20;41
2464238582;krasnoyarsk;52.21.24;52
3525388491;vologda;68.32;68
5261135957;nizhni novgorod;93.12;93
3906248542;kaliningrad;68.20.20;68
7327094232;ulyanovsk;25.61;25
7839327169;sankt-petersburg;32.30;32
2632122582;stavropol;94.12;94
7602073591;yaroslavl;68.32.10;68
1658178637;tatarstan;49.40;49
7840470653;sankt-petersburg;41.20;41
1502022881;north ossetia;69.20;69
4704066887;leningrad;68.32.10;68
5190916535;murmansk;43.29;43
6311075384;samara;64.92.10;64
1658179101;tatarstan;56.10;56
7743924118;moscow city;25.11;25
6168055890;rostov;49.30;49
6002011263;pskov;01.10;01
4312124190;kirov;25.62;25
2466189059;krasnoyarsk;46.73.60;46
5190040375;murmansk;49.41.10;49
0400022859;altai rep.;71.12.20;71
1700009427;tuva;52.29;52
7726748102;moscow city;96.02;96
2631054562;stavropol;73.11;73
7405009332;chelyabinsk;73.12;73
9500024447;kherson;47.11;47
2463240363;krasnoyarsk;01.13.10;01
2540224400;primorsky terr.;86.23;86
5907018954;perm;45.30;45
9703185070;moscow city;56.10;56
6707003215;smolensk;01.70;01
3628005510;voronezh;68.32.20;68
0800009115;kalmykia;62.02;62
1683018098;tatarstan;81.22;81
3705995047;ivanovo;94.99;94
2208046424;altai terr.;52.21;52
4205212317;kemerovo;68.32;68
7017399019;tomsk;49.40;49
2635050287;stavropol;42.13;42
3900016915;kaliningrad;96.01;96
7300028730;ulyanovsk;45.31;45
0561009168;dagestan;42.22;42
7735203539;moscow city;45.20;45
2634049722;stavropol;69.20.10;69
5036050572;moscow reg.;69.10;69
4705079575;leningrad;94.99;94
3906409863;kaliningrad;62.03;62
4706050314;leningrad;46.14;46
5805008763;penza;46.21.11;46
6915015451;tver;69.20.20;69
2222046560;altai terr.;46.38.10;46
7731214071;moscow city;93.19;93
1837018069;udmurtia;46.32;46
5243021763;nizhni novgorod;94.99;94
7424020973;chelyabinsk;94.20;94
5614073641;orenburg;46.71;46
5948074732;perm;93.29;93
2801229090;amur;46.90;46
7203290146;tyumen;93.29;93
0816041185;kalmykia;62.01;62
3257078325;bryansk;43.31;43
9726072629;moscow city;46.69;46
7456032530;chelyabinsk;41.20;41
7731343775;moscow city;46.49.33;46
5405396374;novosibirsk;93.29;93
7716960702;moscow city;73.20.20;73
6002010929;pskov;10.13;10
7728370828;moscow city;46.13;46
3300008158;vladimir;41.20;41
7017462180;tomsk;70.22;70
0917026240;karachaevo-chercessia;45.30;45
3460082223;volgograd;47.11;47
6685176740;sverdlovsk;46.90;46
4205379820;kemerovo;94.99;94
5001159956;moscow reg.;63.11.10;63
6671272268;sverdlovsk;41.20;41
9102298865;crimea;43.31;43
5259039950;nizhni novgorod;52.29;52
2458016292;krasnoyarsk;42.11;42
4401180728;kostroma;68.20.20;68
0411175399;altai rep.;71.12;71
8202016752;kamchatka;01.70;01
1650436685;tatarstan;62.01;62
3000003504;astrakhan;94.99;94
5835069548;penza;93.19;93
7017272277;tomsk;71.20;71
6231032875;ryazan;94.99;94
5826102044;penza;94.99;94
5321106230;novgorod;69.20.20;69
4706051075;leningrad;41.20;41
9102017112;crimea;73.11;73
5047063460;moscow reg.;69;69
6150031369;rostov;42.21;42
2130201946;chuvashia;68.32;68
1001182926;karelia;47.73;47
6312013662;samara;94.99;94
7901528663;jewish ao;47.11;47
6161088906;rostov;46.73;46
0403005072;altai rep.;42.11;42
3528309219;vologda;01.70;01
7728514082;moscow city;86.23;86
7451414575;chelyabinsk;47.59.30;47
6222000796;ryazan;86.23;86
9718016162;moscow city;46.73;46
0105980999;adygeya;93.19;93
2360017250;krasnodar;01.61;01
0917041304;karachaevo-chercessia;77.12;77
6324050718;samara;86.23;86
5830001401;penza;94.99;94
6133007214;rostov;01.11;01
3017036956;astrakhan;73.11;73
7720876041;moscow city;46.90;46
7743694016;moscow city;47.64;47
3666041206;voronezh;47.77.20;47
3128119460;belgorod;81.21;81
3100001557;belgorod;73.11;73
3443145113;volgograd;93.29;93
7017070866;tomsk;94.99;94
4101098310;kamchatka;45.31.10;45
0503008704;dagestan;62.09;62
3327821184;vladimir;45.30;45
3250535420;bryansk;56.29;56
7103040664;tula;25.12;25
4703148953;leningrad;47.73;47
2356042430;krasnodar;70.22;70
0600011090;ingushetia;47.19;47
9402016744;luhansk;71.12.20;71
9724181220;moscow city;69.10;69
5321138610;novgorod;68.32;68
4826010610;lipetzk;56.10;56
3123144463;belgorod;71.11.10;71
3110009964;belgorod;43.12;43
1658136813;tatarstan;71.11.10;71
1513063022;north ossetia;68.32.10;68
2722074693;khabarovsk;62.02;62
1655459870;tatarstan;46.37;46
5004028704;moscow reg.;68.20;68
7603034115;yaroslavl;43.21;43
3009010190;astrakhan;43.12.30;43
9306004640;donetsk;47.24;47
7453335047;chelyabinsk;93.19;93
6505007062;sakhalin;41.20;41
6228012935;ryazan;47.80;47
9717103493;moscow city;45.31;45
9721107684;moscow city;46.52;46
3525479357;bashkortostan;62.01;62
4253015823;kemerovo;71.10;71
1840071111;udmurtia;25.61;25
1101093420;komi;49.40;49
8904094208;yamal-nenets ao;45.20.40;45
2920016982;arkhangelsk;42.12;42
6670403768;sverdlovsk;49.40;49
6952316680;tver;94.92;94
1831207655;udmurtia;41.20;41
1200008584;marij el;62.01;62
6685208061;sverdlovsk;46.69;46
2623025857;stavropol;46.73;46
0411161974;altai rep.;46.70;46
9002003074;zaporizhzhia;01.11;01
5407105278;novosibirsk;71.10;71
7728354537;moscow city;43.29;43
5001161070;moscow reg.;41.20;41
1001018845;karelia;94.99;94
6230101526;ryazan;73.11;73
7530014114;zabaikalsk terr.;01.41;01
1500004647;north ossetia;42.11;42
7536099097;zabaikalsk terr.;41.20;41
6679068271;sverdlovsk;13.99;13
6451900767;saratov;52.21.24;52
9721083923;moscow city;46.33;46
7610000614;yaroslavl;46.30;46
9723037070;moscow city;46.31.20;46
4808003000;lipetzk;49.31;49
1328019460;mordovia;46.90;46
4703124110;leningrad;71.12.63;71
0278039522;bashkortostan;52.21.24;52
7602082412;yaroslavl;47.91;47
5402487263;novosibirsk;95.10;95
7838087098;moscow reg.;43.29;43
3016052419;astrakhan;72.20;72
5102004074;murmansk;47.11;47
6509020811;sakhalin;45.20;45
3619022421;voronezh;45.31;45
7610100633;yaroslavl;43.20;43
0533010620;dagestan;01.50;01
5448104690;novosibirsk;69.20.10;69
1657242061;tatarstan;33.12;33
5190063020;murmansk;46.38.10;46
6316163387;samara;56.10;56
6319209745;samara;45.20;45
4029056282;kaluga;49.41;49
3435146466;volgograd;45.20;45
5720023836;oryol;17.21;17
0608041603;ingushetia;41.20;41
4710030825;leningrad;56.10;56
3665135853;voronezh;52.29;52
3200005555;bryansk;25.11;25
3015111848;astrakhan;47.25;47
4502030870;kurgan;93.19;93
6161039225;rostov;86.23;86
1901057043;khakasia;46.90;46
0274980545;bashkortostan;46.90;46
7606064220;yaroslavl;49.41;49
2724204161;khabarovsk;86.10;86
6320037748;samara;43.21;43
2006001702;chechnya;46.73;46
2304980193;krasnodar;94.99;94
7726581693;moscow city;46.90;46
9109012794;crimea;01.20;01
2311359519;krasnodar;41.20;41
7453306751;chelyabinsk;62.01;62
7806602229;sankt-petersburg;62.01;62
7202236019;tyumen;62;62
6318002681;samara;68.32.20;68
6453156504;saratov;46.74;46
7839127226;sankt-petersburg;28.92;28
7203280123;tyumen;56.10;56
7310106472;ulyanovsk;13.95;13
7453343457;chelyabinsk;62.09;62
2901255255;arkhangelsk;41.20;41
7714026960;moscow city;70.22;70
7325097799;ulyanovsk;71.12.20;71
9406004556;luhansk;68.20;68
6027077428;pskov;52.29;52
3123468980;belgorod;56.10;56
6450117313;saratov;42.91.40;42
6501156602;sakhalin;42.22;42
7714966233;moscow city;52.29;52
2464006101;krasnoyarsk;93.19;93
5408234533;novosibirsk;68.20.20;68
4632194816;kursk;45.20.10;45
3436103151;volgograd;94.20;94
3443145057;volgograd;01.11;01
1841096567;udmurtia;70.22;70
5753076375;oryol;68.20;68
7751224656;moscow city;46.90;46
7017487339;tomsk;41.20;41
2539091650;primorsky terr.;41.20;41
6451999650;saratov;94.99;94
1001357485;karelia;25.11;25
9403027192;luhansk;47.25;47
6685038469;sverdlovsk;62.09;62
6800002978;tambov;69.10;69
6454101459;saratov;68.10;68
6200004807;ryazan;01.13;01
0323343703;buryatia;62.01;62
1101141440;komi;49.30;49
9719037253;moscow city;47.91;47
7712110285;moscow city;68.20;68
6167138617;rostov;41.20;41
5609029573;orenburg;93.21;93
1101479600;komi;94.11;94
0264082172;bashkortostan;93.19;93
4825071360;lipetzk;68.32.10;68
0300010017;kalmykia;20.41.40;20
6381003922;samara;70.22;70
6234202934;ryazan;93.12;93
5044139383;moscow reg.;71.12.60;71
5981011842;perm;46.73.40;46
4401088962;kostroma;62.01;62
2124025210;chuvashia;69.10;69
5321132417;novgorod;46.73;46
2635241926;stavropol;69.20;69
1840104624;udmurtia;68.10;68
3811157142;irkutsk;62.02;62
1500013257;north ossetia;93.19;93
2634810601;stavropol;47.11;47
0245023608;bashkortostan;68.20;68
4337004433;kirov;47.11.20;47
2310234740;krasnodar;70.22;70
3663134371;voronezh;62.01;62
7801324610;sankt-petersburg;68.20;68
3328302336;vladimir;52.21.24;52
5045011940;moscow reg.;68.32.20;68
1650412613;tatarstan;71.20.20;71
3017053768;astrakhan;25.11;25
2308283242;krasnodar;93.13;93
5012103257;moscow reg.;41.20;41
3015105080;astrakhan;42.21;42
7730298209;moscow city;41.20;41
7611029045;yaroslavl;46.41;46
5609192160;orenburg;46.90;46
0606005127;ingushetia;68.20.20;68
3100034721;belgorod;35.30.14;35
1700008141;tuva;52.10;52
0107034468;adygeya;46.69;46
1108022548;komi;43.21;43
1328016902;mordovia;52.29;52
5903151909;perm;68.32;68
7604141790;yaroslavl;73.20.20;73
9723182239;moscow city;25.99;25
2305023253;krasnodar;69.20;69
7106085582;tula;46.73.60;46
1683014505;tatarstan;46.90;46
0600001831;ingushetia;42.21;42
1121028612;komi;43.22;43
7459006828;chelyabinsk;45.20;45
6027208568;pskov;43.29;43
6313553903;samara;77.21;77
4510024969;kurgan;68.32;68
5825000360;penza;01.50;01
7707769869;moscow city;56.10;56
2116002843;chuvashia;73.11;73
6732239310;smolensk;47.91;47
1514017692;north ossetia;56.29;56
5010050426;moscow reg.;68.32.10;68
7715360357;moscow city;43.22;43
5050066550;moscow reg.;23.99.40;23
7710950747;moscow city;47.78.50;47
2309152299;krasnodar;43.31;43
9308005336;donetsk;25.11;25
7805673234;sankt-petersburg;43.99;43
4222012371;kemerovo;56.10;56
5403061260;novosibirsk;70.22;70
0725031824;kabardino-balkaria;56.10.10;56
7328019478;ulyanovsk;52.21.24;52
2801255043;amur;45.11;45
0600016203;ingushetia;49.32;49
8700001149;chukotka;94.99;94
9721198000;moscow city;18.12;18
4706036616;leningrad;56.10;56
4324008737;kirov;43.31;43
5751024251;oryol;47.43;47
7727256960;moscow city;33.12;33
9729313336;moscow city;93.19;93
4105001376;kamchatka;46.73.60;46
5700009713;oryol;93.29;93
2700014644;khabarovsk;86.10;86
5031140039;moscow reg.;16.23;16
4632077157;kursk;46.74.30;46
1101158839;komi;62.01;62
5506042269;omsk;62.09;62
0273940490;bashkortostan;46.90;46
4807004635;lipetzk;45.31.10;45
5908049190;perm;30.11;30
2029000889;chechnya;01.11.10;01
7326043813;ulyanovsk;42.21;42
6037009850;moscow city;46.51;46
0721024495;kabardino-balkaria;42.11;42
7714661312;moscow reg.;71.20.80;71
2807008932;amur;56.10;56
5321195079;novgorod;71.12.70;71
5638073432;orenburg;41.20;41
7751323689;moscow city;46.90;46
3805734190;irkutsk;43.91;43
4500007386;kurgan;62.09;62
2808023186;amur;86.23;86
7714494492;lipetzk;52.23.11;52
1840089542;udmurtia;45.20.30;45
9001028478;zaporizhzhia;94.99;94
7713718051;moscow city;62.01;62
3461005976;astrakhan;43.91;43
4401030659;kostroma;52.21.24;52
9103005222;crimea;73.20;73
9102297710;crimea;71.12.20;71
9718203243;moscow city;70.22;70
5836624480;penza;45.20.10;45
5904146620;perm;62.01;62
3016066027;astrakhan;62.09;62
2466294462;krasnoyarsk;47.11;47
7460063274;chelyabinsk;46.90;46
7716985915;moscow city;68.20.20;68
7727162818;moscow city;68.20;68
7841396882;sankt-petersburg;56.29;56
0105066810;adygeya;43.12;43
5433156350;novosibirsk;68.32.20;68
6671250345;sverdlovsk;68.31;68
3818031766;irkutsk;70.22;70
5017097198;moscow reg.;86.23;86
5321173170;novgorod;46.49;46
9200020748;sevastopol;71.20.20;71
4633015788;kursk;42.99;42
7743161586;moscow city;52.29;52
9403008231;luhansk;43.22;43
5503272754;omsk;86.21;86
5053998166;moscow reg.;01.49.50;01
3711044096;ivanovo;52.21.24;52
7704666840;moscow reg.;43.11;43
1400008359;yakutia;70.22;70
2311128335;krasnodar;41.20;41
4705078814;leningrad;41.20;41
2723087649;khabarovsk;45.10;45
9001022613;zaporizhzhia;69.10;69
3811136706;irkutsk;46.73.60;46
3528048990;vologda;94.99;94
3123380460;belgorod;93.19;93
0553001253;dagestan;01.19;01
7327062752;ulyanovsk;56.10;56
4205302634;kemerovo;25.11;25
6357041652;samara;42.11;42
5921017945;perm;41.20;41
9203543249;sevastopol;47.25;47
7604384874;yaroslavl;25.11;25
3605042259;voronezh;70.22;70
5027273131;moscow reg.;46.73;46
6234125599;ryazan;42.22;42
6732210511;smolensk;93.11;93
4501161574;kurgan;56.10;56
3461066200;volgograd;69.10;69
3435129291;volgograd;46.90;46
3811098948;irkutsk;45.31.10;45
1435115111;yakutia;45.32;45
5504070334;omsk;70.22;70
3906333300;kaliningrad;86.10;86
5018126028;moscow city;62.01;62
1901123754;khakasia;43.29;43
4213011580;kemerovo;01.50;01
4909071310;magadan;45.20;45
0107025537;adygeya;43.21;43
9204552430;sevastopol;08.12;08
7810672910;sankt-petersburg;41.20;41
3711005555;ivanovo;01.13.30;01
0274050028;bashkortostan;94.99;94
7810732541;sankt-petersburg;46.90;46
2016082958;chechnya;73.11;73
7327009928;ulyanovsk;86.23;86
1414013302;yakutia;56.29;56
7709597414;moscow city;68.10.11;68
4100000185;kamchatka;70.22;70
7500001742;zabaikalsk terr.;71.12.70;71
7458003045;chelyabinsk;52.21.22;52
6027165762;pskov;43.21;43
3906315118;kaliningrad;71.10;71
5507224896;omsk;33.12;33
0105015300;adygeya;56.10;56
1655328690;tatarstan;32.50;32
0700014658;kabardino-balkaria;62.01;62
6501287066;sakhalin;41.20;41
7453329205;chelyabinsk;42.21;42
3328474960;vladimir;41.20;41
2983011747;nenets ao;45.20;45
3123414455;belgorod;94.99;94
7523001788;zabaikalsk terr.;47.10;47
5321078897;novgorod;25.99.29;25
0300020600;buryatia;86.23;86
5402007446;novosibirsk;46.69.20;46
5834128663;penza;70.22;70
0800005255;kalmykia;47.91;47
2339015074;krasnodar;01.11;01
7415034465;chelyabinsk;32.12.50;32
0800008337;kalmykia;70.22;70
0900011679;karachaevo-chercessia;56.10.10;56
4632282597;yamal-nenets ao;01.11;01
6685205085;sverdlovsk;70.22;70
7716898638;moscow city;56.10.10;56
6318003244;samara;46.74.30;46
6952003020;tver;47.70;47
4909084710;magadan;01.13.10;01
7714971804;tver;25.11;25
7704605598;moscow reg.;45.30;45
1650155691;tatarstan;42.21;42
5403056566;novosibirsk;45.32;45
6732113733;smolensk;46.71;46
1650154553;tatarstan;29.32;29
7100017071;tula;73.11;73
3801146871;irkutsk;47.91;47
5249069850;nizhni novgorod;60.20;60
5005075249;moscow reg.;27.31;27
3444264360;volgograd;49.41.10;49
9729010420;moscow city;86.23;86
3851022021;irkutsk;42.22;42
4632198786;kursk;86.10;86
0300012342;buryatia;42.21;42
4027136736;oryol;38.11;38
3100031350;belgorod;70.22;70
3812112634;irkutsk;69.10;69
4345366476;kirov;62.02;62
1400017040;yakutia;94.99;94
0900010202;karachaevo-chercessia;46.69.50;46
4105043217;kamchatka;46.38.10;46
0278971397;bashkortostan;43.31;43
0725028557;kabardino-balkaria;25.99;25
2013431294;chechnya;94.99;94
9200018210;sevastopol;42.21;42
2466231462;krasnoyarsk;70.22;70
0510011031;dagestan;42.11;42
2538106720;primorsky terr.;46.51;46
7448237750;chelyabinsk;46.73.60;46
6671258859;sverdlovsk;46.69.50;46
1834051639;udmurtia;41.20;41
4909909351;magadan;46.39;46
3808061377;irkutsk;94.99;94
6722026143;smolensk;86.21;86
5047223058;moscow reg.;43.32;43
2348043649;krasnodar;41.20;41
6829096873;tambov;47.78.90;47
9407008017;luhansk;47.25.11;47
3255500460;bryansk;62.01;62
6433005578;saratov;01.10;01
3525109028;vologda;73.20;73
8602086708;khanty-mansijsk;47.61;47
7536071327;zabaikalsk terr.;46.74.20;46
1500012119;north ossetia;62.01;62
2312281230;krasnodar;42.21;42
0562064740;dagestan;68.10.10;68
1207010656;marij el;01.50;01
3702108949;ivanovo;43.99;43
6679069660;sverdlovsk;71.12;71
6820041414;tambov;71.20.20;71
7610012200;yaroslavl;52.21.24;52
4404000300;kostroma;45.31;45
8622024820;khanty-mansijsk;70.22;70
8602314351;khanty-mansijsk;41.20;41
4345235579;mordovia;43.12;43
2723200566;khabarovsk;81.30;81
0266074106;bashkortostan;69.10;69
7817304200;sankt-petersburg;68.20;68
2801271944;amur;45.31.10;45
2540285509;primorsky terr.;86.23;86
4443024061;kostroma;52.21.24;52
5028011971;moscow reg.;68.32;68
7725743461;moscow city;46.69.20;46
6500015800;sakhalin;56.29;56
5503189538;omsk;43.11;43
5835114536;penza;31.09;31
7718779019;moscow city;73.11;73
8602190530;khanty-mansijsk;86.23;86
5506224886;omsk;31.09;31
5032278978;moscow reg.;46.73.60;46
5191308586;murmansk;03.11;03
6732235587;smolensk;42.11;42
1650411539;tatarstan;52.21.20;52
4027146244;kaluga;43.11;43
2801111764;amur;73.11;73
7604264753;yaroslavl;46.73;46
9104003796;crimea;25.50;25
7705826053;tambov;25.99;25
1300000243;mordovia;42.21;42
7447147895;tula;93.21;93
9731108905;moscow city;47.59;47
6125032802;rostov;93.12;93
4312155166;kirov;41.20;41
6829143379;tambov;56.10.10;56
0105008208;adygeya;45.20.10;45
5040169651;moscow reg.;70.22;70
6234171972;ryazan;62.02;62
5753064556;oryol;46.38.21;46
1500019097;north ossetia;49.41;49
5503268652;omsk;46.18;46
2902075760;arkhangelsk;47.10;47
3662999911;voronezh;46.32;46
4632279890;kursk;69.20;69
4253012597;kemerovo;42.11;42
3663171038;voronezh;69.10;69
2315236194;krasnodar;70.22;70
5031149842;moscow reg.;56.30;56
7004006528;tomsk;52.29;52
5407255442;novosibirsk;68.20;68
3100010047;belgorod;69.20;69
9717077652;moscow city;58.14;58
5610230660;orenburg;46.13.20;46
9723041816;moscow reg.;46.90;46
2225184488;altai terr.;70.22;70
7841084629;sankt-petersburg;70.22;70
4703182552;leningrad;25.93;25
1686030174;tatarstan;47.71;47
7721266063;moscow city;91.02;91
0242011273;bashkortostan;47.64;47
6623043155;sverdlovsk;01.13;01
1840120111;udmurtia;62.01;62
9724016611;moscow city;45.31;45
7804062747;sankt-petersburg;69.10;69
7612041503;yaroslavl;71.12.90;71
6671089960;sverdlovsk;52.10;52
3308006032;vladimir;94.99;94
3435143377;volgograd;46.61;46
2703095722;khabarovsk;93.11;93
7710918800;moscow city;62.01;62
6684030770;sverdlovsk;52.21;52
0573003097;dagestan;46.13.20;46
3461060078;volgograd;46.73;46
0705005311;kabardino-balkaria;71.10;71
6670317572;sverdlovsk;47.42;47
0326473482;buryatia;86.23;86
8905067729;yamal-nenets ao;93.12;93
7706453100;moscow city;94.99;94
1831196153;udmurtia;49.41;49
7117013318;tula;71.12.12;71
7722533032;moscow city;72.19;72
7017394268;tomsk;45.31.10;45
4823074005;lipetzk;45.20;45
0300017728;buryatia;71.12.30;71
9727054083;moscow city;52.10;52
6320028214;samara;25.62;25
3811131112;irkutsk;45.30;45
2464209246;krasnoyarsk;56.10;56
3906381826;kaliningrad;46.71;46
0300018834;buryatia;43.29;43
3906324634;kaliningrad;71.10;71
1001151117;karelia;71.12.30;71
5433112169;novosibirsk;47.22;47
0229954014;bashkortostan;69.10;69
4720015103;leningrad;58.13;58
5249181604;nizhni novgorod;88.99;88
2014016477;chechnya;45.31;45
2801242397;amur;94.99;94
5834128222;penza;62.09;62
4826140143;lipetzk;52.29;52
2311290360;krasnodar;41.20;41
1800007208;udmurtia;45.31;45
5053028062;moscow reg.;73.11;73
1001073571;karelia;73.20.10;73
5837070242;penza;94.99;94
1800011388;udmurtia;46.72.21;46
0312016574;buryatia;70.22;70
9204570196;sevastopol;62.01;62
2222877484;altai terr.;41.20;41
4823053943;lipetzk;25.10;25
4217054496;kemerovo;62.01;62
9001019716;zaporizhzhia;49.42;49
6700016737;smolensk;94.99;94
5433175360;novosibirsk;41.20;41
0276973303;bashkortostan;41.20;41
2902089265;arkhangelsk;46.73;46
1644070626;tatarstan;33.12;33
3525164572;vologda;45.20.10;45
1900000414;khakasia;95.12;95
1435097230;yakutia;25.12;25
8602295405;khanty-mansijsk;56.10;56
1101178112;komi;56.10;56
6801004431;tambov;10.51;10
7702409365;moscow city;72.20;72
1832056529;udmurtia;62;62
7224032114;tyumen;47.25;47
1650412290;tatarstan;25.11;25
2912004912;arkhangelsk;68.32.10;68
7710872143;moscow city;46.21;46
9106002710;crimea;86.10;86
4217097500;kemerovo;69.10;69
4909127308;magadan;46.90;46
0547009381;dagestan;25.71;25
2130078548;chuvashia;62.01;62
7751279285;moscow city;73.11;73
2224172017;altai terr.;45.30;45
9310007115;donetsk;46.90;46
9111013957;crimea;52.21.24;52
2007006291;chechnya;41.20;41
3100026424;belgorod;46.44;46
9702043467;moscow city;64.99.11;64
2537102579;primorsky terr.;69.10;69
2130219968;chuvashia;47.25.10;47
3528129657;vologda;01.50;01
7720919288;moscow city;96.02;96
2508091499;primorsky terr.;68.32.10;68
4824092913;lipetzk;86.90;86
6163216737;rostov;71.20;71
0816038390;kalmykia;94.99;94
3305708146;vladimir;41.20;41
3663121622;voronezh;45.30;45
7207014147;tyumen;47.25;47
0400022908;altai rep.;49.41;49
6829106634;tambov;73.11;73
6234029550;ryazan;80.10;80
1101167833;komi;56.10;56
7802616598;sankt-petersburg;43.99;43
0326524507;buryatia;62.02;62
6165150070;rostov;52.29;52
5011036375;moscow reg.;70.22;70
2225132296;altai terr.;71.20;71
4400008467;kostroma;71.12.20;71
7814560050;sankt-petersburg;42.21;42
0912006881;karachaevo-chercessia;35.30.40;35
5904086900;perm;52.21.24;52
7016006917;tomsk;01.63;01
6952012378;tver;86.23;86
3438000169;volgograd;68.32.20;68
1651093529;tatarstan;46.75;46
7743885405;smolensk;52.29;52
4705120294;leningrad;71.20.50;71
1515907345;north ossetia;49.31.20;49
7612033277;yaroslavl;52.21.24;52
6714012267;smolensk;70.22;70
6678080090;sverdlovsk;43.22;43
5248044997;nizhni novgorod;49.41;49
0547012962;dagestan;68.32.10;68
5722997016;oryol;42.11;42
2801081301;amur;68.20.20;68
5402566010;novosibirsk;52.29;52
0326007562;buryatia;94.99;94
4401164571;kostroma;43.22;43
7703435713;moscow city;79.90;79
5835022420;penza;94.20;94
0107034771;adygeya;49.41;49
5722004638;oryol;47.11;47
4410002190;kostroma;47.73;47
0404004917;altai rep.;56.29;56
1326227552;mordovia;25.11;25
6230013037;ryazan;68.32.10;68
4824063895;lipetzk;70.22;70
6439100323;saratov;46.38;46
5605003662;orenburg;93.19;93
9726054193;moscow city;46.51;46
2465160434;krasnoyarsk;73.11;73
2301058470;krasnodar;68.30;68
1800020230;udmurtia;62.01;62
0724002073;kabardino-balkaria;49.41;49
6732238235;smolensk;46.73;46
7448194520;chelyabinsk;41.20;41
4401029967;kostroma;62;62
5614077678;orenburg;41.20;41
9500002605;kherson;46.71;46
2464266759;krasnoyarsk;69.10;69
3444190126;volgograd;45.30;45
0561051240;dagestan;68.32.10;68
9102047090;crimea;86.23;86
5249119194;nizhni novgorod;73.10;73
2801075509;amur;56.10;56
3328302784;vladimir;52.21.24;52
0265048199;bashkortostan;94.99;94
5507211495;omsk;73.10;73
4100037700;kamchatka;71.11;71
7300029941;ulyanovsk;62.09;62
0278126239;bashkortostan;46.71;46
2465169740;krasnoyarsk;62.02;62
9102269984;kalmykia;68.20;68
7705354481;moscow city;69.10;69
2724213134;khabarovsk;23.63;23
3015056019;astrakhan;41.20;41
0274078217;bashkortostan;38.32.20;38
6670435992;sverdlovsk;49.41;49
6316211496;samara;47.91;47
0701017210;kabardino-balkaria;41.20;41
4706023688;leningrad;56.10.10;56
6670522878;sverdlovsk;46.90;46
2462066049;krasnoyarsk;49.41;49
4800014786;lipetzk;93.19;93
1433020601;yakutia;47.20;47
0726025414;kabardino-balkaria;62.01;62
5751052280;oryol;93.29.90;93
5906105964;perm;73.20;73
2539054440;primorsky terr.;33.13;33
9402010005;luhansk;17.21;17
2700038645;khabarovsk;47.11;47
6686122522;sverdlovsk;49.41;49
0800018590;kalmykia;46.32;46
5047189618;moscow reg.;46.90;46
4900015977;magadan;41.20;41
2461027400;krasnoyarsk;10.51.20;10
6829146958;tambov;43.99;43
9407001220;luhansk;56.30;56
5405960368;novosibirsk;68.32;68
9001002166;zaporizhzhia;56.29;56
7707436965;moscow city;43.21;43
2723119594;khabarovsk;46.73;46
7415109174;chelyabinsk;45.20;45
6320073270;samara;46.73;46
1614009293;tatarstan;01.60;01
2466191530;krasnoyarsk;25.62;25
4501085972;kurgan;52.21.24;52
0602000738;ingushetia;94.99;94
5036007672;moscow reg.;68.20.20;68
2466126683;krasnoyarsk;70.22;70
0608042607;ingushetia;46.49;46
1717011738;tuva;43.21;43
1513066432;north ossetia;86.21;86
3812162628;irkutsk;42.99;42
2812007807;amur;01.11.20;01
7536985730;zabaikalsk terr.;94.99;94
0816029124;kalmykia;01.11;01
6413008316;saratov;85.14;85
6950246613;tver;69.20;69
7716977128;moscow city;46.62;46
5402161141;novosibirsk;52.20;52
7604241869;yaroslavl;56.30;56
4101129978;kamchatka;47.11;47
2634060878;stavropol;46.51;46
2014043103;chechnya;86.90;86
5009123990;moscow reg.;46.46.10;46
1435345468;yakutia;41.20;41
6500009531;sakhalin;25.11;25
7819022320;sankt-petersburg;01.19;01
6451016452;sevastopol;71.12;71
7326036990;ulyanovsk;94.99;94
2536346572;primorsky terr.;10.89;10
7706753545;moscow reg.;46.45;46
6731046273;smolensk;73.11;73
6829114956;tambov;73.11;73
3025013247;astrakhan;25.11;25
1001148019;karelia;56.10;56
3702196286;ivanovo;69.10;69
9204510052;sevastopol;47.62.10;47
7017405858;tomsk;69.20;69
2301113611;krasnodar;42.91.40;42
2543186591;primorsky terr.;45.32;45
3905612904;kaliningrad;47.11;47
4632238301;kursk;69.10;69
9706037746;moscow city;46.42;46
8603179560;khanty-mansijsk;43.12;43
3123363507;belgorod;70.22;70
5256097907;nizhni novgorod;41.20;41
6168111671;rostov;73.11;73
7111505708;tula;68.32.10;68
4105019091;kamchatka;68.20.20;68
2626045756;stavropol;46.46;46
4101171306;kamchatka;46.73;46
7900003173;jewish ao;46.34;46
7721792228;moscow reg.;46.40;46
0411176314;altai rep.;52.24.20;52
2540235931;primorsky terr.;68.20;68
5262078490;nizhni novgorod;94.12;94
2287005347;altai terr.;70.22;70
7703480508;moscow city;64.90;64
5835143061;penza;56.10;56
1101047712;komi;47.61;47
9723187460;moscow city;71.20;71
7453344588;chelyabinsk;56.10;56
3525488697;vologda;56.30;56
4600003280;kursk;86.21;86
6318061359;samara;46.73.30;46
2130140490;marij el;20.15;20
5262367781;nizhni novgorod;80.10;80
6682003436;sverdlovsk;25.61;25
1655487370;tatarstan;43.29;43
2454006462;krasnoyarsk;94.20;94
3328030805;vladimir;45.19;45
9002015538;zaporizhzhia;56.10;56
2983015082;nenets ao;41.20;41
0277915150;bashkortostan;47.91.20;47
7721831237;ingushetia;42.21;42
6732174493;smolensk;46.75;46
6234162262;ryazan;86.10;86
2801272708;amur;62.01;62
7202236121;tyumen;45.30;45
0326537619;buryatia;68.32.10;68
1841111462;udmurtia;71.12.20;71
4704086883;leningrad;45.20;45
9404005201;luhansk;01.11;01
1323126041;mordovia;49.31.20;49
0523001288;dagestan;01.41;01
6450106551;saratov;69.10;69
6686148714;sverdlovsk;56.10;56
6234199978;ryazan;86.23;86
8709906914;chukotka;35.11;35
7813313845;sankt-petersburg;86.23;86
6413523596;saratov;01.11.10;01
7801738850;sankt-petersburg;71.12.30;71
4900015511;magadan;43.21;43
4101107967;kamchatka;47.11;47
2224154201;altai terr.;31.09;31
3812105147;irkutsk;71.10;71
3525260244;vologda;45.32;45
7716955886;moscow city;93.19;93
7535005025;zabaikalsk terr.;52.21.24;52
2610020989;stavropol;42.21;42
6453119661;saratov;25.10;25
6671442470;sverdlovsk;25.12;25
6321291994;samara;69.10;69
5904076845;perm;52.21.24;52
0571007949;dagestan;93.19;93
8604050760;khanty-mansijsk;62.01;62
9726048760;moscow city;46.90;46
0700005773;kabardino-balkaria;68.20.10;68
5313014480;novgorod;93.19;93
2543111701;primorsky terr.;01.50;01
1835020320;udmurtia;41.20;41
2703074049;khabarovsk;47.25.20;47
2204010219;altai terr.;47.11.20;47
0400015450;altai rep.;49.41;49
6330067043;samara;71.10;71
6000003683;pskov;56.10;56
2808005525;amur;68.32;68
3301031784;vladimir;80.10;80
2629009837;stavropol;22.29.20;22
2801235921;amur;52.10;52
9201505294;sevastopol;43.21;43
2016079264;chechnya;45.20.1;45
5029278752;moscow reg.;46.46.20;46
6501299311;sakhalin;56.10;56
3906385468;kaliningrad;93.19;93
7735207090;moscow city;21.20;21
4000011881;kaluga;01.11.10;01
5032013033;moscow reg.;68.32.20;68
5920027796;perm;95.11;95
4029044311;kaluga;68.32;68
9729334336;moscow city;46.90;46
3812162530;irkutsk;86.22;86
2279006900;altai terr.;94.99;94
1515918509;north ossetia;86.90.90;86
7202260445;tyumen;73.11;73
0810004123;kalmykia;69.10;69
9110029577;crimea;94.99;94
2466220911;krasnoyarsk;79.11;79
3338002028;vladimir;62.01;62
9308008425;donetsk;25.61;25
4401178831;kostroma;45.31;45
9404006702;luhansk;01.11;01
3320005652;vladimir;93.11;93
5107917631;murmansk;68.20.20;68
7017141066;tomsk;71.10;71
5609201785;orenburg;42.11;42
6828008105;tambov;47.73;47
4025073287;kaluga;73.11;73
5614063435;orenburg;46.40;46
3700021844;ivanovo;94.12;94
6829118816;tambov;71.12.70;71
5300013698;novgorod;49.41;49
6638002666;sverdlovsk;01.41;01
6123005176;rostov;42.11;42
1840107505;udmurtia;49.41;49
1821009774;udmurtia;41.20;41
3257058135;oryol;93.29;93
1644096751;tatarstan;70.22;70
9723044687;moscow city;45.31;45
6673242685;sverdlovsk;46.72;46
8619005760;khanty-mansijsk;52.21.24;52
5029205200;moscow reg.;14.13;14
3663085533;voronezh;49.41;49
1513070809;north ossetia;45.20;45
6318044226;samara;70.22;70
1323123361;mordovia;47.19;47
5258131984;nizhni novgorod;49.41;49
7720928405;moscow city;46.49;46
5519009100;omsk;42.11;42
7810783722;sankt-petersburg;52.29;52
8601034778;khanty-mansijsk;93.11;93
2100016569;chuvashia;47.91.20;47
1701059188;tuva;56.29;56
1840019658;udmurtia;43.21;43
3123314267;belgorod;47.73;47
3906090626;kaliningrad;94.99;94
5507274262;omsk;70.22;70
6501304956;sakhalin;71.20;71
7310103626;ulyanovsk;42.21;42
5904376694;perm;41.20;41
7536185596;zabaikalsk terr.;43.29;43
3810082800;irkutsk;49.32;49
1400016141;yakutia;70.21;70
2706034372;khabarovsk;93.19;93
1434013131;yakutia;01.49.40;01
5048022989;moscow reg.;69.20;69
6501270016;sakhalin;46.34;46
2801274335;amur;46.90;46
6321383966;samara;47.70;47
7802130582;sankt-petersburg;63.11;63
7751251410;kalmykia;46.73;46
7733419613;moscow city;41.20;41
0571017190;dagestan;56.10;56
9309027251;donetsk;86.10;86
6312210269;samara;73.11;73
4900010425;magadan;41.20;41
9102017218;crimea;62.09;62
1514005182;north ossetia;41.20;41
1224006160;marij el;52.29;52
7602096020;yaroslavl;73.11;73
6952030144;tver;56.10;56
3329083221;vladimir;25.62;25
3662270004;voronezh;69.20;69
1900011014;khakasia;69.10;69
0400026532;altai rep.;93.11;93
6455074487;saratov;82.99;82
2447003100;krasnoyarsk;56.10;56
0901052364;karachaevo-chercessia;52.21.24;52
1900010807;khakasia;41.20;41
0326569843;buryatia;20.59.40;20
1327006517;mordovia;94.99;94
3724004710;ivanovo;01.61;01
3702730885;ivanovo;71.10;71
2116496279;chuvashia;47.11;47
5190035590;murmansk;42.11;42
5050106065;moscow reg.;46.41.10;46
3665038867;voronezh;41.20;41
7751106980;moscow city;49.41;49
9110029337;crimea;41.20;41
3523023760;vologda;49.41;49
9718178004;moscow city;47.89;47
5401355680;novosibirsk;81.22;81
4253042873;kemerovo;41.20;41
4500016373;kurgan;01.11;01
5247055650;nizhni novgorod;01.13;01
3666268285;voronezh;25.99;25
9002015979;zaporizhzhia;01.11;01
5320025797;novgorod;68.32;68
1661070288;tatarstan;41.20;41
3015095057;astrakhan;62.02;62
7329021575;ulyanovsk;49.40;49
5406817314;novosibirsk;62.01;62
7810236166;sankt-petersburg;94.90;94
1808500870;udmurtia;01.41;01
4205335510;kemerovo;93.29;93
4632050701;kursk;86.23;86
4633042220;kursk;93.12;93
5501217518;omsk;46.10;46
7309006716;ulyanovsk;68.20;68
3304023735;vladimir;86.23;86
5614059333;orenburg;95.10;95
7100049919;tula;86.23;86
2221216114;altai terr.;41.20;41
7810456940;sankt-petersburg;70.22;70
1616033478;tatarstan;49.41;49
2511021389;primorsky terr.;52.21.24;52
1109014998;komi;93.29;93
7730278690;moscow city;47.78.40;47
6454114546;saratov;56.10;56
7720490714;moscow city;69.10;69
9201522860;sevastopol;52.29;52
7802957157;sankt-petersburg;49.41;49
3912010153;kaliningrad;46.74;46
1831173533;udmurtia;93.19;93
8601012781;khanty-mansijsk;42.21;42
6453173700;saratov;42.22;42
6229075991;ryazan;42.21;42
5610237585;orenburg;42.22;42
6382066844;samara;70.10.10;70
5837013029;penza;70.22;70
2366008990;krasnodar;46.90;46
2724244301;khabarovsk;43.99;43
1101008921;komi;69.10;69
7736278086;moscow city;41.20;41
6450113372;penza;93.19;93
6317163260;samara;62.01;62
7801316915;sankt-petersburg;71.11;71
7731442977;moscow city;46.69;46
7131003576;tula;01.11.10;01
5405412107;novosibirsk;94.99;94
6606011770;sverdlovsk;52.21.24;52
9725013780;moscow city;68.10;68
7730324748;moscow city;46.90;46
0400020690;altai rep.;52.21;52
5038142236;moscow reg.;46.21.12;46
4300000256;kirov;43.39;43
5300001727;novgorod;62.01;62
5018183812;moscow reg.;41.20;41
1901088475;khakasia;62.01;62
9709085321;moscow city;46.73;46
2901236397;arkhangelsk;73.10;73
6683022431;sverdlovsk;85.42;85
1224000288;marij el;86.21;86
2536343275;primorsky terr.;46.74.20;46
1900003380;khakasia;56.10;56
3328498939;vladimir;46.49.10;46
1821015665;udmurtia;93.29.90;93
5614086288;orenburg;52.24;52
6126010304;rostov;01.70;01
2705094107;khabarovsk;07.29.41;07
6686157606;sverdlovsk;25.11;25
3444148974;stavropol;46.73;46
1004011380;karelia;68.20;68
5003022227;moscow city;85.13;85
0900008210;karachaevo-chercessia;45.32;45
0307034761;buryatia;70.22;70
4825052840;lipetzk;71.12;71
7900005614;jewish ao;94.99;94
3528325299;vologda;73.11;73
6155093560;rostov;94.99;94
8904088606;yamal-nenets ao;49.41;49
6500009940;sakhalin;56.10.10;56
2465242648;krasnoyarsk;68.20.20;68
2309179710;krasnodar;69.10;69
3525457635;vologda;86.10;86
2221050194;altai terr.;73.10;73
6234203127;ryazan;56.10;56
4501155997;kurgan;71.12;71
4100037690;kamchatka;45.20.10;45
9201532587;sevastopol;68.32;68
0232002640;bashkortostan;42.21;42
6205006734;ryazan;47.10;47
1901065171;khakasia;46.30;46
5406626670;novosibirsk;42.11;42
2901285429;arkhangelsk;70.22;70
1001347649;karelia;20.30;20
3706016992;ivanovo;46.41;46
9727027643;moscow city;68.31.22;68
3902011415;kaliningrad;24.53;24
5638031249;orenburg;36.00.10;36
3522003016;vologda;94.20;94
2013003041;chechnya;68.30;68
4202025527;kemerovo;86.23;86
5249071714;nizhni novgorod;43.20;43
5836664035;penza;56.10;56
0326480401;buryatia;52.21.24;52
7817106085;sankt-petersburg;68.20;68
7730692276;moscow city;71.20;71
4415008170;kostroma;01.13;01
5045998170;moscow reg.;94.20;94
5703017455;oryol;25.11;25
9204553560;sevastopol;94.12;94
0724000816;kabardino-balkaria;41.20;41
1006005303;karelia;01.19;01
7707802241;vladimir;25.11;25
7627024469;yaroslavl;68.31.22;68
1435224640;yakutia;43.12;43
6950256890;tver;56.10;56
1001227655;karelia;70.22;70
5501274107;omsk;46.73;46
5257073088;nizhni novgorod;68.32.10;68
7722187907;moscow city;68.20;68
5614081480;orenburg;49.20;49
3849020926;irkutsk;69.20.20;69
1327024474;mordovia;52.21.24;52
1835085655;udmurtia;23.61;23
4800002999;lipetzk;25.11;25
4403006725;kostroma;71.11;71
4217143629;kemerovo;73.11;73
4401195202;kostroma;41.20;41
2630030216;stavropol;93.12;93
5609203479;orenburg;46.74.20;46
6679027892;sverdlovsk;55.10;55
8704004951;chukotka;47.11;47
2465163065;krasnoyarsk;46.69.50;46
3664055193;voronezh;70.22;70
2901117230;arkhangelsk;73.11;73
9310010132;donetsk;47.11;47
9726083275;moscow city;47.11;47
5190406566;murmansk;46.38.10;46
3525489394;vologda;25.11;25
7714315658;tula;25.99;25
5829901687;penza;93.13;93
3902069246;kaliningrad;68.32.10;68
7100020846;tula;70.22;70
4027145410;kaluga;70.22;70
5321161633;novgorod;86.90.90;86
9728118300;moscow city;49.41;49
1655504699;tatarstan;25.11;25
6829080665;tambov;62.01;62
3528059632;vologda;52.21.24;52
7449144628;kurgan;71.12.20;71
3123091910;belgorod;26.51.60;26
2308297301;krasnodar;71.12.20;71
4027104043;kaluga;62.09;62
3808086614;irkutsk;70.22;70
2006007327;chechnya;43.12;43
7806419791;sankt-petersburg;86;86
7811724938;sankt-petersburg;46.74;46
7733319440;moscow city;46.74;46
7451043257;chelyabinsk;94.99;94
4205263287;kemerovo;73.11;73
5050019920;moscow reg.;68.32.20;68
2512306122;primorsky terr.;52.21.24;52
7017486617;tomsk;85.41.90;85
5035044329;moscow reg.;49.41.10;49
2511084558;primorsky terr.;52.29;52
6623126789;sverdlovsk;45.20;45
7817330619;sankt-petersburg;45.20;45
3016047916;astrakhan;86.23;86
3906248180;kaliningrad;45.31.10;45
3904054929;kaliningrad;62.01;62
2624032656;stavropol;68.32;68
2901296445;arkhangelsk;86.90.40;86
7500019637;zabaikalsk terr.;41.20;41
1683019905;tatarstan;46.73;46
5003013053;moscow city;94.90;94
7736667710;moscow reg.;68.32;68
0600001662;ingushetia;86.23;86
9102290143;crimea;42.21;42
5040161540;moscow reg.;46.15;46
5321195400;novgorod;56.10;56
6313553195;samara;46.72;46
4632266179;kursk;73.11;73
8613008229;khanty-mansijsk;94.99;94
4345341619;kirov;46.90;46
4400006974;kostroma;69.10;69
9702056882;moscow city;43.34;43
7448146823;chelyabinsk;93.19;93
4611014131;kursk;42.11;42
0400016090;altai rep.;49.41;49
9717106007;moscow city;46.46;46
2013009332;chechnya;93.19;93
9710136771;moscow city;74.10;74
4253003754;kemerovo;46.69.20;46
1506006016;north ossetia;01.11;01
1831088045;udmurtia;86.90.90;86
3906976781;kaliningrad;46.90;46
5834129498;penza;41.20;41
7814791121;sankt-petersburg;63.99.10;63
5190162574;murmansk;01.13;01
6952325324;tver;49.41;49
4501202478;kurgan;80.10;80
4105020410;kamchatka;68.32.20;68
9109026290;crimea;45.31;45
9408003290;luhansk;52.21.24;52
2224066989;altai terr.;46.17.10;46
5256111365;nizhni novgorod;46.90;46
9727062775;moscow city;70.21;70
6905038146;tver;68.32.10;68
1500014229;north ossetia;93.11;93
1000014125;karelia;86.23;86
7430025088;chelyabinsk;94.99;94
6165228978;rostov;62.01;62
7715916210;moscow city;47.73;47
4632031963;kursk;62.09;62
5610242088;orenburg;46.90;46
4500015468;kurgan;25.11;25
5249124282;nizhni novgorod;52.21.24;52
2001003262;chechnya;86.90;86
6228051797;ryazan;62.01;62
7733443856;moscow city;56.10;56
3702658420;novosibirsk;38.32.20;38
7404017468;chelyabinsk;52.21.24;52
7460045500;chelyabinsk;72.20;72
5503060710;omsk;94.99;94
2723211039;khabarovsk;08.11;08
4025048442;kaluga;01.70;01
4345505539;kirov;70.22;70
9201517966;crimea;41.20;41
1435233203;yakutia;70.22;70
3327136090;vladimir;41.20;41
1655445250;tatarstan;56.10;56
7814319906;sankt-petersburg;68.32.20;68
5190090471;murmansk;86.23;86
4027114926;kaluga;56.30;56
7811796548;sankt-petersburg;42.21;42
3233011603;bryansk;73.10;73
0323361540;buryatia;52.21.22;52
1327027570;mordovia;46.73;46
6673167893;sverdlovsk;96.09;96
2011885045;chechnya;69;69
1656056295;tatarstan;62.09;62
4345504214;kirov;68.31;68
6455024454;saratov;86.21;86
1435059474;yakutia;94.20;94
7718507664;moscow city;46.44.10;46
7203150406;tyumen;52.21.24;52
6013008801;pskov;94.99;94
1503001411;north ossetia;69.20.20;69
0517002170;dagestan;94.99;94
1800001171;udmurtia;14.13;14
6150028479;rostov;45.31;45
4501128739;kurgan;69.20.10;69
6731043995;smolensk;71.20.50;71
5053046551;moscow reg.;42.21;42
0721060800;kabardino-balkaria;52.21.20;52
9201502254;sevastopol;68.32;68
0219009036;bashkortostan;86.21;86
1400011577;yakutia;94.99;94
1326193286;mordovia;93.10;93
2224215849;altai terr.;47.91.20;47
1701080207;tuva;94.99;94
7722732077;moscow city;41.20;41
5906176764;perm;56.30;56
6612056610;sverdlovsk;56.10;56
5403179046;novosibirsk;22.29;22
6952019253;tver;70.22;70
3913012107;kaliningrad;93.29;93
6234182220;ryazan;49.41;49
0105079537;adygeya;46.76;46
5321081018;novgorod;86.23;86
2130150096;chuvashia;68.32.20;68
2130081406;chuvashia;73.11;73
7447254167;chelyabinsk;73.11;73
1215151019;marij el;94.99;94
1323001003;mordovia;93.19;93
7723771047;moscow city;68.32.10;68
7722489425;tula;25.11;25
9727034175;moscow city;73.11;73
1001238720;karelia;47.71;47
6027155210;pskov;73.11;73
1901063287;khakasia;46.90;46
2536312936;primorsky terr.;71.12;71
2635815560;stavropol;70.22;70
1119005400;komi;01.41;01
9705140613;moscow city;63.99.10;63
1655397983;tatarstan;46.73;46
0711055744;kabardino-balkaria;71.11;71
7404028004;chelyabinsk;70.22;70
8911011523;yamal-nenets ao;43.22;43
6318159354;samara;69;69
2801276090;amur;93.19;93
2466276054;krasnoyarsk;93.13;93
4401077086;kostroma;47.25;47
2983015131;nenets ao;94.99;94
5905249410;perm;93.19;93
3525287711;vologda;71.10;71
7722379334;moscow reg.;33.12;33
3127012877;belgorod;86.23;86
2828008394;amur;01.49.40;01
3900009788;kaliningrad;49.41;49
1901134410;khakasia;69.10;69
3812162219;irkutsk;25.29;25
6686113704;sverdlovsk;46.21;46
3022003265;astrakhan;68.32.20;68
6330072967;samara;41.20;41
9715209631;moscow city;45.20.20;45
4826104089;lipetzk;42.11;42
7327021019;ulyanovsk;52.21.24;52
9718155134;moscow city;94.99;94
7202064384;tyumen;42.99;42
7017438451;tomsk;71.12.70;71
6672270841;sverdlovsk;45.20;45
4029062409;kaluga;46.38;46
9718165622;moscow city;46.69.60;46
7806428789;leningrad;25.50.10;25
3663146137;voronezh;25.11;25
5902048320;perm;71.20.62;71
2224124983;altai terr.;73.11;73
4705084617;leningrad;94.99;94
0726010908;kabardino-balkaria;52.21.24;52
1018003580;karelia;47.52;47
2318006992;krasnodar;79.11;79
4826104138;lipetzk;68.32;68
8604027240;khanty-mansijsk;94.20;94
2312212558;krasnodar;43.39;43
4704115380;leningrad;02.20;02
7734672866;moscow city;45.30;45
0601027783;ingushetia;94.99;94
6800001999;tambov;71.12.10;71
6671078461;sverdlovsk;62.01;62
2901304791;arkhangelsk;69.20;69
1901093450;khakasia;25.62;25
7718298178;moscow city;43.21;43
4345512180;kirov;45.20;45
3254004967;bryansk;46.73;46
4826140376;lipetzk;94.99;94
0268016068;bashkortostan;68.32.20;68
3806006155;irkutsk;94.99;94
3811128367;irkutsk;70.22;70
5042111199;moscow reg.;01.61;01
6150026506;rostov;68.32.10;68
5250066067;nizhni novgorod;52.29;52
2508147416;primorsky terr.;45.31.10;45
5612060171;orenburg;52.21.24;52
7708757810;moscow city;47.50;47
2466162547;krasnoyarsk;68.31;68
1000001060;karelia;03.11.20;03
7805428948;sankt-petersburg;41.20;41
2466168130;krasnoyarsk;42.11;42
2635207851;stavropol;45.30;45
2320252603;krasnodar;71.20.62;71
4632267790;kursk;70.22;70
9703115019;moscow city;46.74.20;46
3200003452;bryansk;25.61;25
1435338260;yakutia;69.10;69
6439074673;saratov;25.72;25
2721088767;khabarovsk;69.20.10;69
5902239741;perm;62.01;62
5047252250;moscow reg.;64.99;64
8901034850;yamal-nenets ao;43.13;43
1215144558;marij el;62.01;62
7017315629;tomsk;43.29;43
1215207448;marij el;71.12.62;71
1215107250;marij el;47.25;47
2463102998;krasnoyarsk;93.19;93
6732182423;smolensk;94.99;94
5321178997;novgorod;41.20;41
3811179072;irkutsk;42.11;42
5752052822;oryol;71.20;71
6658483929;sverdlovsk;45.30;45
4500014506;kurgan;69.20.20;69
1007027733;karelia;86.21;86
0700006110;kabardino-balkaria;43.12.30;43
9722064899;moscow city;62.02;62
9707018961;moscow city;46.90;46
0701006466;kabardino-balkaria;94.20;94
1661036946;tatarstan;96;96
1215062520;marij el;41.20;41
0607001735;ingushetia;45.30;45
6501176461;sakhalin;95.10;95
3664007055;voronezh;94.99;94
0105083646;adygeya;43.22;43
9722074953;moscow city;47.91;47
7103518823;tula;01.11;01
8001019182;zabaikalsk terr.;69.10;69
4800009433;lipetzk;45.20;45
5473005572;novosibirsk;43.99.70;43
6714034648;smolensk;45.30;45
0919002036;karachaevo-chercessia;01.50;01
1700005447;tuva;47.91;47
0326591863;buryatia;71.12;71
7017093824;tomsk;69.20;69
1660271337;tatarstan;68.20.20;68
5615013300;orenburg;71.12.63;71
5260411393;nizhni novgorod;69.10;69
2457074502;krasnoyarsk;08.11;08
5040173440;moscow reg.;22.19.70;22
1841110476;udmurtia;01.13;01
7733407992;moscow city;46.90;46
7728438770;moscow city;64.99.30;64
0901003818;karachaevo-chercessia;52.21.24;52
5610240669;orenburg;49.41;49
3664250236;voronezh;41.20;41
0544015669;dagestan;86.10;86
4501219908;kurgan;69.20.20;69
7810304306;sankt-petersburg;94.99;94
1327032370;mordovia;47.91.20;47
7810832715;sankt-petersburg;86;86
5401217507;novosibirsk;52.21.24;52
3460073170;volgograd;49.41;49
2352058831;krasnodar;45.20;45
2460112067;krasnoyarsk;69.10;69
5837027920;penza;62.01;62
2130209367;chuvashia;46.49;46
7703671968;moscow city;47.61;47
7326057220;ulyanovsk;52.21;52
4900014941;magadan;71.12.30;71
3810036018;khakasia;68.20;68
4824096001;lipetzk;47.53.30;47
5018211509;moscow reg.;62.01;62
6658486006;sverdlovsk;46.73.40;46
5027316272;moscow reg.;46.13;46
7017172762;tomsk;68.32.10;68
8602259809;khanty-mansijsk;62.01;62
2801261329;amur;70.22;70
0274953911;bashkortostan;46.39;46
1328017310;mordovia;45.20;45
3327319168;vladimir;79.11;79
6150091978;rostov;25.11;25
7536182891;zabaikalsk terr.;70.22;70
9403028573;luhansk;94.99;94
7802302400;sankt-petersburg;46.90;46
5611002988;orenburg;68.20.20;68
6102073778;rostov;41.20;41
5834038240;penza;68.20;68
2015009627;chechnya;41.20;41
6168116101;rostov;46.13.20;46
7000019558;tomsk;86.10;86
6501309560;sakhalin;56.10;56
4025447133;kaluga;93.29;93
2312294127;krasnodar;46.73;46
6686146442;sverdlovsk;43.11;43
3805706179;irkutsk;52.29;52
1513049892;north ossetia;46.34.10;46
1700011521;tuva;49.41;49
2634803403;stavropol;73.11;73
9724051327;moscow city;46.72;46
6829050759;tambov;68.32.10;68
9202503170;sevastopol;94.99;94
0277107667;bashkortostan;41.20;41
1660332156;tatarstan;86.21;86
5905057210;perm;93.19;93
3702253103;ivanovo;13.92;13
2312279601;krasnodar;69.10;69
4707042242;leningrad;70.22;70
7017423751;tomsk;43.29;43
3444166074;volgograd;73.11;73
1615009384;tatarstan;43.22;43
6317164200;samara;93.12;93
0326019575;tuva;49.41.20;49
9704227981;moscow city;41.20;41
4214028723;kemerovo;68.32.10;68
7327000509;ulyanovsk;46.31;46
5905059659;perm;25.62;25
6316260542;samara;80.10;80
7734739253;moscow city;73.11;73
3232016729;bryansk;43.91;43
9724081184;moscow city;93.11;93
6450109104;saratov;09.10;09
7536116930;zabaikalsk terr.;41.20;41
1215229272;marij el;46.49.33;46
6319139657;samara;62;62
4029046823;kaluga;43.20;43
5038087602;moscow reg.;41.20;41
6952314876;tver;49.31.21;49
2721223991;khabarovsk;73.11;73
7801726968;sankt-petersburg;46.75;46
3102021277;belgorod;01.11;01
1001096723;karelia;46.42.11;46
1500020166;north ossetia;93.12;93
7811146236;sankt-petersburg;62.02;62
4401166868;kostroma;70.22;70
5506224269;omsk;45.31.10;45
0529776669;dagestan;46.90;46
2020001454;chechnya;71.12.45;71
6683018322;sverdlovsk;62.01;62
2801160673;amur;94.99;94
7203468076;kurgan;43.99;43
6623099990;sverdlovsk;86.10;86
6658285349;sverdlovsk;93.29;93
9403030050;luhansk;45.11;45
7203538580;tyumen;45.31;45
6685200295;sverdlovsk;46.90;46
1513081938;north ossetia;93.11;93
4312154194;kirov;86.23;86
4017005011;kaluga;49.39.11;49
4101178118;kamchatka;56.30;56
3305801410;vladimir;71.12.20;71
2221214484;altai terr.;52.29;52
1400023082;yakutia;49.41;49
3849092007;irkutsk;46.73.60;46
4401187280;kostroma;42.21;42
1655497201;tatarstan;41.20;41
9306004464;donetsk;47.25.10;47
5042061533;moscow reg.;94.99;94
7604016750;yaroslavl;94.20;94
5031104591;moscow reg.;25.92;25
3849058905;irkutsk;05.10;05
7456005706;chelyabinsk;41.20;41
4900016900;magadan;45.31;45
7806573708;sankt-petersburg;82.92;82
6623064081;sverdlovsk;68.32.10;68
2014025305;chechnya;41.20;41
3327115781;vladimir;49.40;49
0274929027;bashkortostan;94.12;94
7448237284;chelyabinsk;49.41;49
1435282585;yakutia;46.44;46
0411136054;altai rep.;43.21;43
2320190308;krasnodar;71.10;71
0276961315;bashkortostan;82.99;82
6829125394;tambov;69.20.20;69
5007122896;moscow reg.;43.21;43
9703044520;moscow city;70.22;70
2222782850;altai terr.;45.30;45
4703177369;leningrad;62.01;62
4029065897;kaluga;42.22;42
7707479119;moscow city;62.01;62
3000003053;astrakhan;49.41;49
9727003346;moscow city;68.10;68
5751066082;oryol;62.01;62
6729021458;smolensk;52.21.24;52
1327023336;mordovia;41.20;41
6500003522;sakhalin;49.41;49
2502031542;primorsky terr.;68.20;68
3100021779;belgorod;41.20;41
4714008500;leningrad;01.61;01
0573006595;dagestan;68.31;68
7604335549;yaroslavl;56.10;56
2304074791;krasnodar;56.10;56
4900010584;magadan;01.41;01
0278128437;bashkortostan;93.29.90;93
7719670127;moscow city;46.10;46
5837079478;mordovia;71.12.20;71
2312171950;krasnodar;35.12;35
7447212150;chelyabinsk;25.10;25
2462062943;krasnoyarsk;73.11;73
1101472266;komi;85.30;85
1657256681;tatarstan;46.90;46
5904200210;perm;71.11.10;71
1901111822;khakasia;42.11;42
0326489179;buryatia;41.20;41
7814690282;sankt-petersburg;49.41;49
0275043802;bashkortostan;68.20.20;68
4500005614;kurgan;93.13;93
6683010700;sverdlovsk;85.42.90;85
6027162560;pskov;71.12.70;71
9721197261;moscow city;73.11;73
5027295745;moscow reg.;46.31;46
3128009764;belgorod;52.23.10;52
3663104514;voronezh;93.19;93
7725315480;moscow city;47.72.10;47
8901034176;yamal-nenets ao;41.20;41
2304053463;krasnodar;45.31;45
8901030397;yamal-nenets ao;42.11;42
2983012451;nenets ao;68.32.10;68
2901313130;arkhangelsk;25.99.20;25
9721219028;moscow city;82.99;82
7802552224;sankt-petersburg;46.41;46
7100010767;tula;73.20;73
2320201380;krasnodar;71.10;71
7722312474;moscow city;66.22;66
5407971887;novosibirsk;47.11;47
9403025773;luhansk;49.41;49
0242007196;bashkortostan;46.60;46
3435074596;astrakhan;73.20;73
7804687530;sankt-petersburg;46.73;46
6147041670;rostov;45.20;45
5507231710;omsk;62.02;62
4345526433;udmurtia;70.22;70
6324078865;samara;25.11;25
6319220523;samara;41.20;41
5032369093;moscow reg.;45.32;45
7810014702;sankt-petersburg;33.12;33
2540193760;primorsky terr.;86.21;86
4253051476;kemerovo;86.10;86
7606121648;yaroslavl;94.99;94
1513081455;north ossetia;62.09;62
2435006523;krasnoyarsk;01.47;01
0323416197;buryatia;93.19;93
5835142967;penza;73.11;73
5001156264;moscow reg.;49.42;49
5834118672;penza;46.33;46
9304002905;donetsk;93.29;93
1660333720;tatarstan;73.11;73
6950206346;tver;62.01;62
9001015535;zaporizhzhia;46.32;46
4633020844;kursk;71.12.70;71
5405184394;novosibirsk;86.21;86
4007006658;kaluga;01.11;01
3304016921;vladimir;47.11;47
9105009913;crimea;01.11;01
3906340964;kaliningrad;70.22;70
9201519868;sevastopol;43.99;43
4437000400;kostroma;01.16;01
4401151406;kostroma;46.90;46
5027249820;moscow reg.;46.90;46
7610089838;yaroslavl;81.22;81
9408009398;luhansk;47.11;47
3019024071;astrakhan;43.21;43
9407005094;luhansk;41.20;41
4105043619;kamchatka;52.29;52
3702950190;ivanovo;94.99;94
5638077300;orenburg;41.20;41
3808206167;khakasia;01.11.10;01
5032053798;moscow reg.;68.20;68
2983010310;nenets ao;41.20;41
9715472978;moscow city;41.10;41
0601027173;ingushetia;46.13;46
4800014779;lipetzk;25.11;25
7325050906;ulyanovsk;69.10;69
5027325485;moscow reg.;73.11;73
9001010760;zaporizhzhia;46.90;46
4825062319;lipetzk;27.90;27
6150034585;rostov;28.92;28
5042017647;moscow reg.;71.12.12;71
6311182210;samara;62.09;62
6806000631;tambov;01.11.10;01
2130229317;chuvashia;45.31;45
7806548370;sankt-petersburg;52.29;52
1661031497;tatarstan;47.25;47
0400024662;altai rep.;08.12;08
6168202270;rostov;68.32.20;68
4808003666;lipetzk;10.41;10
2826001178;amur;68.32;68
2503022861;primorsky terr.;73.11;73
0326019920;buryatia;69.10;69
5190143109;murmansk;49.42;49
5070000959;moscow reg.;01.41;01
5429108843;novosibirsk;94.20;94
7604309997;yaroslavl;70.10;70
9102038962;crimea;41.20;41
8611005913;khanty-mansijsk;47.73;47
1655218994;tatarstan;90.01;90
7720905581;moscow city;14.19;14
6950243588;tver;47.25.11;47
0916000440;karachaevo-chercessia;49.31.21;49
7203582371;tyumen;62.01;62
2507008297;primorsky terr.;42.11;42
1841090371;udmurtia;25.12;25
7017999739;tomsk;94.99;94
3906967755;kaliningrad;64.99;64
2466189482;krasnoyarsk;45.20;45
4000017435;kaluga;47.91;47
5322015917;novgorod;93.13;93
5835044712;penza;62.01;62
9203003726;sevastopol;68.32;68
9308010784;donetsk;25.11;25
2012008103;chechnya;73.20;73
6700012940;smolensk;56.30;56
6166077827;rostov;68.32;68
1001329946;karelia;45.31;45
3329038405;vladimir;73.11;73
3666216255;voronezh;41.20;41
7325021782;ulyanovsk;71.12;71
2725101835;khabarovsk;49.32;49
0900002748;karachaevo-chercessia;68.20;68
6439081215;saratov;73.10;73
0917028423;karachaevo-chercessia;47.19.10;47
7707288001;moscow city;86.23;86
4826151145;lipetzk;45.20;45
7017305839;tomsk;86.23;86
5014003762;moscow reg.;01.10;01
3849058743;irkutsk;86.10;86
2635061120;karachaevo-chercessia;68.20.20;68
7451431926;chelyabinsk;43.32;43
6164276256;rostov;47.73;47
2127316961;chuvashia;73.11;73
3222003255;bryansk;94.20;94
3257035434;bryansk;77.32;77
7719881270;moscow city;52.29;52
0721058889;kabardino-balkaria;47.59.10;47
6027135969;pskov;56.10;56
0320003089;buryatia;01.13.30;01
7734467419;moscow city;53.20.30;53
6234168120;ryazan;73.11;73
1841034585;udmurtia;95.10;95
2807011269;amur;94.99;94
5415102760;novosibirsk;01.11.10;01
7327097240;ulyanovsk;46.73;46
2004011085;chechnya;49.40;49
3126021156;belgorod;93.12;93
2462013880;krasnoyarsk;01.13.10;01
7203094543;tyumen;45.11.20;45
0255021529;bashkortostan;49.41;49
7820080373;sankt-petersburg;41.20;41
4101090600;kamchatka;68.32.10;68
2464165750;krasnoyarsk;56.10;56
3900001676;kaliningrad;70.10.20;70
7724522780;moscow city;94.99;94
3702078652;ivanovo;68.32.20;68
3328011009;vladimir;73.11;73
5406824209;novosibirsk;86.10;86
8904038651;yamal-nenets ao;45.20;45
3328031020;vladimir;49.41;49
2635257387;stavropol;73.20.20;73
5050162158;moscow reg.;62.01;62
9717110324;moscow city;38.32.50;38
5105062050;murmansk;52.21.24;52
4900012415;magadan;45.20;45
3305792557;vladimir;62.01;62
1800019468;udmurtia;68.20;68
0323096444;buryatia;46.66;46
6102003788;rostov;68.20.20;68
7017144557;tomsk;68.32.10;68
1901143542;khakasia;42.12;42
2901279866;arkhangelsk;42.11;42
1419008659;yakutia;71.10;71
5503194560;omsk;46.49;46
2901304576;arkhangelsk;46.51;46
9715466082;moscow city;41.20;41
7017492314;tomsk;71.12.20;71
2464045319;krasnoyarsk;49.41.20;49
2627026146;stavropol;47.25;47
3459069362;volgograd;86.10;86
7704364328;moscow city;47.29.35;47
5258105085;nizhni novgorod;49.30;49
0900007136;karachaevo-chercessia;86.23;86
2801095287;amur;62.01;62
2223638376;altai terr.;70.22;70
4632184014;kursk;56.10;56
7130025457;tula;01.10;01
6501297152;sakhalin;10.71;10
7712021123;moscow city;52.21.24;52
8901037956;yamal-nenets ao;10.13;10
1400032802;yakutia;41.20;41
3525000800;vologda;70.22;70
5035038526;moscow reg.;68.20.20;68
2635073100;stavropol;42.11;42
2901292352;arkhangelsk;68.20;68
3818042670;irkutsk;69.10;69
7718943607;moscow city;86.10;86
9304023775;donetsk;56.30;56
9110003385;crimea;41.20;41
4909100183;magadan;43.20;43
2465139714;krasnoyarsk;46.66;46
7813212710;sankt-petersburg;72.19;72
1513060021;north ossetia;73.11;73
7611027834;yaroslavl;62.01;62
1400037568;yakutia;36.00.20;36
1841108540;udmurtia;52.21.22;52
6204000112;ryazan;41.20;41
7447157131;chelyabinsk;69.10;69
4826156182;lipetzk;45.32;45
2204083087;altai terr.;25.30.10;25
1653020477;tatarstan;46.44.20;46
4102011231;kamchatka;71.10;71
3801159006;irkutsk;69.10;69
3329054164;vladimir;93.29.90;93
5016000830;moscow reg.;68.20;68
2703088926;khabarovsk;49.31;49
3628020660;voronezh;25.12;25
2723194182;khabarovsk;25.50;25
3328479728;samara;68.20.20;68
7204201100;tyumen;43.31;43
5260471280;nizhni novgorod;69.10;69
7328107149;ulyanovsk;36;36
3123459551;belgorod;41.20;41
6321279764;samara;56.29;56
7708591530;moscow city;95.12;95
5700011409;oryol;49.41;49
6318071438;samara;25.62;25
5047270097;moscow reg.;62.01;62
1903003558;khakasia;71.12.20;71
9103088966;crimea;56.10;56
1513083614;north ossetia;49.41;49
7733720570;moscow city;47.10;47
4415008660;kostroma;42.21;42
3200005731;bryansk;62.01;62
0100002185;adygeya;42.21;42
5837031652;penza;94.20;94
1400033980;yakutia;47.25.10;47
6432038250;saratov;68.32.20;68
6027079993;pskov;56.10;56
8602298188;khanty-mansijsk;71.11;71
5838011105;penza;70.22;70
2540191931;primorsky terr.;52.10;52
2720057981;khabarovsk;45.20;45
8904892133;yamal-nenets ao;43.21;43
2457058451;krasnoyarsk;47.29;47
4105041611;kamchatka;45.20;45
4816025790;lipetzk;28.99;28
4706061228;leningrad;52.29;52
5700001175;oryol;49.41;49
2530008150;primorsky terr.;69.10;69
4345514276;kirov;56.10;56
2812171660;amur;93.19;93
9204001915;sevastopol;41.20;41
5410064254;novosibirsk;46.73;46
3666269296;voronezh;25.62;25
3525426010;vologda;41.20;41
4824081051;lipetzk;68.20;68
1400008214;yakutia;42.21;42
6501297770;sakhalin;41.20;41
0572028596;dagestan;41.20;41
3906293739;kaliningrad;69;69
0816037291;kalmykia;47.73;47
0265033940;bashkortostan;62.02;62
2902045814;arkhangelsk;86;86
9734004742;moscow city;63.99;63
0548013398;dagestan;86.21;86
5105081670;murmansk;93.29.90;93
4221019649;kemerovo;47.51.10;47
6234067403;ryazan;70.22;70
4345403939;kirov;49.40;49
1901143856;khakasia;45.32;45
6800004196;tambov;46.74.20;46
5501278831;omsk;47.22;47
4345018373;kirov;73.20;73
5043080169;moscow reg.;73.11;73
4824056552;lipetzk;69.10;69
4706023751;leningrad;47.11;47
6234065822;ryazan;56.10;56
7729516950;moscow city;90;90
1504002785;north ossetia;45.32;45
2632119220;stavropol;86.23;86
5029191903;moscow reg.;70.10.10;70
4631008560;kursk;94.99;94
3522002439;vologda;47.20;47
7610001248;yaroslavl;94.20;94
6800012052;tambov;62.01;62
2127311829;chuvashia;41.20;41
3328999519;vladimir;93.19;93
6911018613;tver;68.20.20;68
7122025622;tula;49.31.21;49
4205380625;kemerovo;43.99.90;43
2722130965;krasnodar;41.20;41
5405494389;novosibirsk;94.99;94
7451470812;chelyabinsk;08.12.10;08
2443052940;krasnoyarsk;41.20;41
4714014415;leningrad;68.32.20;68
1660308354;tatarstan;93.12;93
6316259882;samara;71.12;71
7806614048;sankt-petersburg;47.52.79;47
7100048143;tula;49.41;49
3652002581;voronezh;94.99;94
2536321610;primorsky terr.;41.20;41
7731422307;moscow city;47.25;47
7627054470;yaroslavl;47.19;47
2801178374;amur;62.09;62
2407015188;krasnoyarsk;02.20;02
9715260540;moscow city;46.69;46
7100021399;tula;93.29.90;93
2312160980;kalmykia;86;86
7206062557;tyumen;62.02;62
1431007718;yakutia;01.70;01
4501226535;kurgan;42.99;42
1701055095;tuva;52.21.20;52
2901286510;arkhangelsk;86.90;86
5427101271;novosibirsk;01.61;01
6321344565;samara;73.11;73
7452155002;chelyabinsk;46.90;46
2225205032;altai terr.;56.30;56
7816235786;sankt-petersburg;41.20;41
1900005483;khakasia;41.10;41
5948063057;perm;93.29.90;93
2635229478;stavropol;64.99;64
4102010044;kamchatka;56.10;56
1106017486;komi;01.49.40;01
8912002313;yamal-nenets ao;47.11;47
4004400511;kaluga;49.40;49
4401164645;kostroma;46.90;46
4101121457;kamchatka;71.12.60;71
2630048686;stavropol;01.11;01
7707375575;udmurtia;56.10;56
7715799313;sevastopol;73.11;73
3444262733;volgograd;86.23;86
2337040727;krasnodar;01.61;01
2508145602;primorsky terr.;94.99;94
1702001180;tuva;46.38;46
4632071243;kursk;68.20;68
1001350063;karelia;62.03.13;62
4101167003;kamchatka;86.23;86
9729366948;moscow city;45.20;45
4401109475;kostroma;73.11;73
0560030907;dagestan;93.29.90;93
4029058191;kaluga;52.24;52
6312049179;samara;45.31;45
7116008530;tula;52.21.24;52
3435136500;volgograd;93.11;93
7729737797;moscow city;47.54;47
5501230660;omsk;45.20;45
9715398026;moscow city;46.43.40;46
3702113258;ivanovo;41.20;41
7804386798;sankt-petersburg;33.15;33
2901131940;arkhangelsk;46.72.20;46
2311147271;krasnodar;71.11.10;71
5028039208;moscow reg.;46.90;46
4401149541;kostroma;86.21;86
0300006363;buryatia;46.18.12;46
0600010508;ingushetia;01.50;01
2015038410;chechnya;42.11;42
3666205944;voronezh;73.11;73
4401137680;kostroma;25.50;25
1300002970;mordovia;01.50;01
0542022565;dagestan;70.22;70
2807005113;amur;73.11;73
4345341753;kirov;46.49;46
9310001530;donetsk;43.21;43
2543162424;primorsky terr.;52.10;52
0400019736;altai rep.;52.21.22;52
7743404052;moscow city;42.99;42
4345516555;kirov;71.20;71
9204558128;sevastopol;62.09;62
6452919834;saratov;71.11.10;71
5008059439;moscow reg.;46.90;46
9102254603;crimea;46.38;46
5611086321;orenburg;56.10;56
4205385408;kemerovo;43.99;43
3917053256;kaliningrad;25.11;25
7704690931;moscow city;73.10;73
5075033108;moscow reg.;41.20;41
7814732020;sankt-petersburg;68.32.20;68
2466286609;krasnoyarsk;49.41;49
7726063966;moscow city;21.20.10;21
7721778061;moscow reg.;95.29;95
2801232078;amur;46.73;46
7811407632;sankt-petersburg;63.11.10;63
0245026292;bashkortostan;68.32;68
1840046250;udmurtia;43.39;43
2635252220;stavropol;47.52.73;47
7811633423;sankt-petersburg;94.99;94
5503073910;omsk;70.22;70
1841032490;udmurtia;41.20;41
7814310029;sankt-petersburg;68.20;68
0100009582;adygeya;93.12;93
1661048927;tatarstan;46.62;46
3100009281;belgorod;42.11;42
9705004339;moscow city;46.38;46
6316998499;samara;85.42.90;85
6501197983;sakhalin;47.23;47
0500018292;dagestan;41.20;41
0700016045;kabardino-balkaria;49.31;49
9701198210;moscow city;70.22;70
5027033041;moscow reg.;55.30;55
2320003861;krasnodar;56.10;56
6167053868;rostov;41.20;41
7100054524;tula;93.19;93
6623134074;sverdlovsk;49.41;49
1001028434;karelia;52.21.24;52
1638007513;tatarstan;94.99;94
2424006779;krasnoyarsk;10.10;10
6439040184;saratov;68.20.20;68
7205020522;tyumen;52.21.24;52
1001263580;karelia;46.73;46
6611008565;sverdlovsk;01.47;01
4501094007;kurgan;69.10;69
5752072385;oryol;47.11;47
3702097479;ivanovo;73.20;73
4011014450;kaluga;71.10;71
0816031099;kalmykia;01.11;01
7814315394;sankt-petersburg;16.10;16
2305023341;krasnodar;68.31;68
9724049367;moscow city;77.32;77
1701045731;tuva;41.20;41
6321454769;samara;52.29;52
6501107651;sakhalin;06.10;06
1435156710;yakutia;46.51;46
0274981411;bashkortostan;45.11;45
9704223634;moscow city;93.19;93
1000013097;karelia;25.11;25
7727060950;moscow city;62.01;62
5300009028;novgorod;46.71;46
7430038626;chelyabinsk;73.11;73
3200003029;bryansk;68.20.20;68
9201003142;sevastopol;68.20;68
3019013898;astrakhan;43.99.10;43
6829109530;tambov;62.09;62
4101093295;kamchatka;52.21.24;52
7721057140;moscow city;68.32.10;68
7203569902;tyumen;49.41;49
0105063671;adygeya;01.20;01
3123478385;belgorod;86.90;86
0274140105;bashkortostan;93.19;93
2367015870;krasnodar;41.20;41
5263131394;nizhni novgorod;49.41;49
7017416521;tomsk;41.20;41
7806583946;sankt-petersburg;45.20.10;45
3123223517;belgorod;43.21;43
3808185982;irkutsk;02.20;02
1901044767;khakasia;69.20;69
1515919439;north ossetia;52.21.24;52
6455025088;saratov;42.21;42
0274962472;bashkortostan;43.21;43
7906503824;jewish ao;43.12;43
9500027039;kherson;01.11;01
4502031480;kurgan;62.09;62
5250077693;nizhni novgorod;43.99;43
3025031775;astrakhan;52.22.26;52
9718224613;moscow city;41.20;41
9731110887;moscow city;45.32;45
0901020771;karachaevo-chercessia;94.99;94
1513007846;north ossetia;46.45;46
5905061560;perm;93.11;93
7202141416;tyumen;68.20;68
6661001580;sverdlovsk;72.19;72
3702224166;ivanovo;71.12;71
4101142866;kamchatka;93.10;93
6672169834;sverdlovsk;25.62;25
9715461775;moscow city;52.10;52
3804040351;irkutsk;20.11;20
7326031247;ulyanovsk;69.20;69
2723132690;khabarovsk;25.11;25
7816461802;sankt-petersburg;46.17;46
7017387486;tomsk;62.01;62
6453177328;saratov;45.20.30;45
9103095385;crimea;86.90;86
1909052047;khakasia;01.70;01
4101104691;kamchatka;68.20.20;68
6162043633;rostov;69.20.20;69
3528083924;vologda;42.91.20;42
0326520630;buryatia;47.91.20;47
7300013973;ulyanovsk;45.31;45
4909096956;magadan;43.30;43
5916025690;sankt-petersburg;46.90;46
4214045180;kemerovo;68.32.10;68
3015111527;astrakhan;45.11.40;45
1434053127;yakutia;46.19;46
3123217986;belgorod;62.01;62
8904039253;yamal-nenets ao;46.90;46
0505010441;dagestan;46.14.10;46
4431004737;kostroma;73.11;73
5609202130;orenburg;62.01;62
4825109670;lipetzk;71.10;71
4004402741;kaluga;41.20;41
6683006373;sverdlovsk;68.32.20;68
7805382404;sankt-petersburg;68.20.20;68
3917055528;kaliningrad;49.41;49
9714007689;moscow city;49.41;49
9500024454;kherson;41.20;41
1513080684;north ossetia;93.29;93
5017027144;moscow reg.;49.40;49
1834600208;udmurtia;52.21.24;52
5310021271;novgorod;93.19;93
6319195926;samara;56.10;56
6932006746;tver;47.11;47
2343017243;krasnodar;46.21.11;46
4501189185;kurgan;45.31.10;45
1215155292;marij el;56.10.10;56
6234161830;ryazan;47.61;47
7104522830;tula;45.30;45
5501284401;omsk;62.09;62
1821005804;udmurtia;01.11;01
5110008185;murmansk;42.91.50;42
7729501791;moscow city;71.12.40;71
0323376667;buryatia;71.12;71
6731058494;smolensk;41.20;41
2901167993;arkhangelsk;69.20.20;69
7806610847;sankt-petersburg;62.01;62
9721187778;moscow city;46.63;46
8904074321;yamal-nenets ao;46.72.21;46
0721058913;kabardino-balkaria;43.20;43
2443044480;krasnoyarsk;49.42;49
9102298706;crimea;79.11;79
3329050427;vladimir;52.21.24;52
4500011128;kurgan;45.32;45
0101005326;adygeya;01.10;01
6439087922;saratov;71.20;71
7841081900;sankt-petersburg;94.99;94
3665818200;voronezh;43.21;43
2223030154;altai terr.;94.99;94
4253056354;kemerovo;25.62;25
2901071875;arkhangelsk;94.99;94
5837053543;penza;49.42;49
7017482468;tomsk;71.12.40;71
2311255735;krasnodar;47.52.70;47
3302003444;vladimir;46.73.60;46
4400019420;kostroma;86.23;86
4027129136;kaluga;41.20;41
5190016012;murmansk;45.31.10;45
9308025501;donetsk;25.11;25
7452105650;chelyabinsk;45.20;45
6162068902;rostov;93.19;93
4345470702;kirov;93.29;93
7100050287;tula;49.41;49
1001351589;karelia;49.41;49
0711045545;kabardino-balkaria;52.21.24;52
1840050619;udmurtia;56.10;56
9403024392;luhansk;68.20;68
0279998458;bashkortostan;88.99;88
1818004141;udmurtia;42.21;42
6449048841;saratov;30.20.33;30
9725025552;moscow city;70.22;70
6677014859;sverdlovsk;86.10;86
2536342546;primorsky terr.;94.99;94
3435097201;volgograd;69.20.20;69
7017464780;tomsk;59.11;59
9302000839;donetsk;25.61;25
0608035430;ingushetia;86.23;86
2901313027;arkhangelsk;42.11;42
7449115031;chelyabinsk;62.09;62
5406809313;novosibirsk;94.99;94
1684021368;tatarstan;47.91.20;47
2100013180;chuvashia;25.99.20;25
7814695146;sankt-petersburg;79.90;79
5752071913;oryol;41.20;41
5300008458;novgorod;25.61;25
5031094880;moscow reg.;52.10;52
3321017795;vladimir;41.20;41
6168112080;rostov;43.21;43
6730035494;smolensk;52.21;52
2540120031;primorsky terr.;46.90;46
2225225293;altai terr.;49.41;49
3906336950;kaliningrad;41.20;41
3206003441;bryansk;01.11.10;01
1312016216;mordovia;56.10;56
9728067857;moscow city;62.01;62
2901312560;arkhangelsk;73.20;73
6684031608;sverdlovsk;46.73;46
7801151276;sankt-petersburg;68.32.20;68
6950182430;tver;42.21;42
4510031540;kurgan;45.32;45
9203546994;sevastopol;93.29;93
7720868611;moscow city;46.73;46
6102059491;rostov;46.72.21;46
1300006982;mordovia;73.11;73
1326247164;mordovia;70.22;70
2466288532;krasnoyarsk;86.23;86
3811144922;irkutsk;47.43;47
1500007503;north ossetia;52.21.24;52
1321117860;mordovia;86.23;86
0300008949;buryatia;62.01;62
6229035332;ryazan;41.20;41
3801067179;irkutsk;49.41;49
6732069788;smolensk;25.11;25
1102082780;komi;69.10;69
7804658530;sankt-petersburg;86.23;86
2116490679;chuvashia;86.90.40;86
4825133249;lipetzk;47.59;47
6670179795;sverdlovsk;94.99;94
5905068540;perm;42.21;42
7717522074;moscow city;43.11;43
2901136829;arkhangelsk;43.12;43
5404232359;novosibirsk;46.19;46
4401195629;kostroma;41.20;41
4825100229;lipetzk;56.10;56
1102084146;komi;71.12.30;71
6501216957;sakhalin;46.90;46
0400006462;altai rep.;56.10;56
2723196831;khabarovsk;45.31;45
7106021973;tula;68.20.20;68
4253051236;kemerovo;25.11;25
3701049602;ivanovo;14.13;14
7733793145;moscow city;46.15.90;46
5310022941;novgorod;42.13;42
1001230827;karelia;93.11;93
9311026600;donetsk;56.10;56
1400037590;yakutia;47.26;47
5614010377;orenburg;94.92;94
3100032643;belgorod;70.22;70
4705046650;leningrad;80.10;80
5904262986;perm;69.10;69
3123429645;belgorod;62.02;62
7536170487;zabaikalsk terr.;52.24;52
5609063197;orenburg;42.11;42
9721059046;moscow city;68.20;68
7000007665;tomsk;42.11;42
2920016904;arkhangelsk;02.20;02
4403006563;kostroma;70.10;70
4800012651;lipetzk;46.38.29;46
3817050332;irkutsk;94.99;94
4217137343;mordovia;25.50.10;25
2703048514;khabarovsk;43.20;43
1102074691;komi;73.11;73
4000007363;kaluga;56.10;56
2634100023;stavropol;56.10;56
9102182814;crimea;42.11;42
2315216335;krasnodar;94.99;94
0530010854;dagestan;71.12.40;71
8905059460;yamal-nenets ao;86.23;86
5904411701;perm;69.20.30;69
6501289850;sakhalin;56.30;56
9725149533;moscow city;68.31;68
1901040297;khakasia;73.11;73
7708324742;moscow city;68.10;68
9310015839;donetsk;43.29;43
3123487968;belgorod;42.21;42
5248046352;nizhni novgorod;25.11;25
7726362885;moscow city;69.10;69
2724229381;khabarovsk;45.32;45
6606010142;sverdlovsk;52.21.24;52
5192302315;murmansk;52.21.24;52
1200000360;marij el;94.99;94
1650365441;tatarstan;25.61;25
4800013091;lipetzk;42.11;42
3305052954;vladimir;52.21.24;52
9710039150;moscow city;68.10;68
4401171794;kostroma;94.99;94
0278096104;bashkortostan;70.22;70
6314038239;samara;49.40;49
7106518910;tula;70.22;70
2367029336;krasnodar;70.22;70
4212020214;kemerovo;86.10;86
1500014839;north ossetia;68.32.10;68
3522006592;vologda;93.29.90;93
8911033164;yamal-nenets ao;41.20;41
7724180657;moscow city;68.32.10;68
2983010990;nenets ao;47.25;47
1651079309;tatarstan;68.20;68
6503014868;sakhalin;01.13;01
8709907682;chukotka;94.99;94
9103097992;crimea;68.20.20;68
2223643182;altai terr.;47.11;47
6321460272;samara;69.20;69
3000009055;astrakhan;62.01;62
5410084525;novosibirsk;46.38.20;46
7743057560;moscow reg.;80.10;80
5405251844;novosibirsk;46.69;46
2463245731;krasnoyarsk;70.22;70
3123380968;belgorod;86.90.90;86
5402068128;novosibirsk;68.20.20;68
3905073441;kaliningrad;43.99;43
5505068264;omsk;49.39;49
6130704129;rostov;94.20;94
0306217071;buryatia;49.31;49
6147041536;rostov;46.69;46
5752079126;oryol;43.22;43
4253001605;kemerovo;47.59;47
2537066419;primorsky terr.;69.10;69
2539088231;primorsky terr.;62.02;62
0560030030;dagestan;93.29.90;93
5009132089;moscow reg.;43.33;43
1650377768;tatarstan;49.41;49
6829098020;tambov;68.32;68
9409008982;luhansk;56.10;56
2540265277;primorsky terr.;46.14;46
4802003860;lipetzk;94.99;94
6501298090;sakhalin;47.11;47
3460083393;volgograd;41.20;41
9201517652;sevastopol;41.20;41
6732133850;smolensk;46.73.30;46
7743089668;moscow city;55.10;55
9303022578;donetsk;71.12;71
5039002633;moscow reg.;47.19.20;47
4725482214;leningrad;25.61;25
6950163413;tver;43.21;43
8617026571;khanty-mansijsk;73.11;73
6952320453;tver;49.41;49
2263032415;altai terr.;43.21;43
5406978329;novosibirsk;61.10.10;61
7813249572;sankt-petersburg;71.10;71
1327035807;mordovia;56.10;56
1215161850;marij el;71.12.30;71
7816528359;leningrad;93.29;93
0726022082;kabardino-balkaria;47.25.10;47
3616023145;voronezh;43.21;43
6229075889;ryazan;69.10;69
9731051945;novosibirsk;72.19;72
7736339490;moscow city;77.39.11;77
5321178394;novgorod;47.61;47
3801137468;irkutsk;68.32;68
2618026277;stavropol;93.19;93
2225173849;altai terr.;62.01;62
0608053013;ingushetia;68.20;68
0545025927;dagestan;70.22;70
7604391720;yaroslavl;52.21.24;52
4025443636;kaluga;68.20;68
1615014419;tatarstan;62.01;62
0400025747;altai rep.;68.32.10;68
4345348075;kirov;68.20.20;68
9500014336;kherson;01.11;01
7722329076;moscow city;25.11;25
4023003799;kaluga;94.20;94
5001112718;moscow reg.;49.41;49
1700005020;tuva;49.41;49
7807269235;karelia;56.10;56
7300034518;ulyanovsk;45.31;45
7841082357;sankt-petersburg;69.20;69
2536197899;primorsky terr.;47.73;47
2505015274;primorsky terr.;03.11;03
5406836684;novosibirsk;49.41;49
5300006725;novgorod;01.41;01
9001017941;zaporizhzhia;68.10;68
6215033039;ryazan;71.20.50;71
6625012995;sverdlovsk;01.25.10;01
5904231829;perm;46.90;46
0916008706;karachaevo-chercessia;42.99;42
6166103386;rostov;46.90;46
2130215466;chuvashia;68.20.20;68
4909126079;magadan;56.10;56
4105022552;kamchatka;70.10.10;70
9201513390;sevastopol;70.22;70
8602302677;khanty-mansijsk;25.11;25
4704069990;leningrad;68.10.23;68
7447250476;chelyabinsk;73.11;73
1006011716;karelia;49.40;49
3323000853;vladimir;01.41;01
0411147271;altai rep.;93.19;93
4501220741;kurgan;25.11;25
6900000893;tver;42.21;42
9707023390;moscow city;49.42;49
5506235743;omsk;47.29;47
3827011639;irkutsk;68.32.20;68
5405219431;novosibirsk;41.20;41
2901304752;arkhangelsk;47.30;47
3811169540;sankt-petersburg;42.13;42
5321201893;novgorod;43.22;43
6453026921;saratov;94.20;94
9715385429;moscow city;95.11;95
7720568181;moscow city;62.02;62
2130196005;chuvashia;71.20.20;71
2464114499;krasnoyarsk;01.41;01
3447007474;volgograd;52.21.24;52
2312310481;zaporizhzhia;49.41;49
1400018117;yakutia;43.29;43
7743449053;moscow city;56.10;56
7705005603;moscow city;43.21;43
2801181095;amur;46.34.10;46
5753071225;oryol;69.10;69
6325073154;samara;86.23;86
1900001305;khakasia;56.10.10;56
1510017740;north ossetia;94.99;94
0608050140;ingushetia;46.13;46
7810718191;leningrad;46.32.10;46
7224032883;tyumen;43.99.60;43
6501212550;sakhalin;68.20.20;68
6679164070;sverdlovsk;49.41;49
1513071785;north ossetia;43.21;43
6501268031;sakhalin;68.32;68
7309005705;ulyanovsk;43.32.10;43
3814031613;irkutsk;68.32;68
6234196695;ryazan;42.21;42
7736359867;moscow city;52.29;52
0572017097;dagestan;41.20;41
6234157294;ryazan;41.20;41
9204509280;sevastopol;46.46.10;46
6325002072;samara;45.31.10;45
9701044789;moscow city;46.43.40;46
5260474361;nizhni novgorod;86.23;86
4101163055;kamchatka;69.10;69
3329088692;vladimir;86.90.10;86
5190095487;murmansk;68.32.10;68
7706548031;moscow city;69.20;69
7751324820;moscow city;25.99;25
0264083169;bashkortostan;70.22;70
9724135129;moscow city;73.11;73
7826689443;sankt-petersburg;86.23;86
5507281904;omsk;46.90;46
5191204178;murmansk;73.11;73
7610056952;yaroslavl;94.99;94
2524119102;primorsky terr.;86.23;86
6500019924;sakhalin;43.21;43
9725018347;moscow city;46.72;46
5752203528;oryol;25.12;25
5503151510;nizhni novgorod;41.20;41
5903120788;perm;25.62;25
6732043885;smolensk;73.11;73
2100011909;chuvashia;49.41;49
5948062092;perm;68.32;68
5620021610;orenburg;47.59;47
7727077320;moscow city;58.14;58
2100012162;chuvashia;41.20;41
3810061670;irkutsk;25.11;25
1644094465;tatarstan;43.99;43
6950245289;tver;88.99;88
1660296162;tatarstan;71.11;71
3808042416;irkutsk;94.20;94
7017326959;tomsk;69.10;69
9409009249;luhansk;45.40.10;45
9703142319;moscow city;49.42;49
1659171218;kalmykia;68.20;68
4401146170;kostroma;41.20;41
7500001196;zabaikalsk terr.;46.73;46
7820078430;sankt-petersburg;68.20;68
2205011906;altai terr.;70.22;70
4632048653;kursk;41.20;41
5257160710;nizhni novgorod;93.19;93
9715375759;moscow city;68.20;68
4703169689;leningrad;73.11;73
7731442889;moscow city;42.22.20;42
6658570280;sverdlovsk;43.29;43
5027327387;moscow reg.;62.01;62
3245010428;bryansk;45.31.10;45
7224082852;tyumen;93.19;93
3906120616;kaliningrad;46.45;46
7300006535;ulyanovsk;43.31;43
6516008540;sakhalin;47.25;47
9002002352;zaporizhzhia;56.10.10;56
6949114838;tver;94.99;94
5751026883;oryol;47.43;47
2460195031;krasnoyarsk;73.11;73
0300005391;buryatia;46.46.20;46
1215187417;marij el;93.11;93
2635808933;stavropol;46.71;46
1109015624;komi;93.19;93
4824090070;lipetzk;71.12;71
9728118501;moscow city;81.10;81
3700000153;ivanovo;70.22;70
0725012412;kabardino-balkaria;71.12.53;71
1840120552;udmurtia;46.13;46
2509002082;primorsky terr.;10.11;10
3911013384;kaliningrad;52.21.24;52
5321801393;novgorod;94.99;94
7735186442;moscow city;46.52;46
0800018744;kalmykia;41.20;41
7810996054;sankt-petersburg;42.21;42
2508141862;primorsky terr.;47.25.10;47
4909122525;magadan;94.99;94
5614087203;orenburg;28.91;28
2312253018;krasnodar;25.62;25
4825128954;lipetzk;70.10;70
0573008899;dagestan;45.20;45
5451007223;novosibirsk;46.24;46
6732200672;smolensk;49.41;49
6911012530;tver;52.21.24;52
6228027272;ryazan;52.21.24;52
7743365942;moscow city;73.11;73
5047050574;moscow reg.;72.19;72
7018037558;tomsk;68.32.10;68
1515907754;north ossetia;73.10;73
5257194491;nizhni novgorod;46.75;46
9311025879;donetsk;43.31;43
8901035684;yamal-nenets ao;41.20;41
4400005603;kostroma;25.99;25
2725005779;khabarovsk;47.59;47
3300012595;vladimir;41.20;41
6027196182;pskov;47.64;47
7000011100;tomsk;25.62;25
6607005635;sverdlovsk;68.32.20;68
2901229329;arkhangelsk;45.30;45
7448237862;chelyabinsk;45.31;45
9725068732;moscow city;62.01;62
8603212828;khanty-mansijsk;93.13;93
6164102387;rostov;68.20.20;68
0107034147;adygeya;93.19;93
6316212267;samara;94.99;94
3908033694;kaliningrad;45.11.10;45
5404318775;novosibirsk;25.11;25
8904022852;yamal-nenets ao;43.31;43
3000013735;astrakhan;71.12;71
6501184350;sakhalin;94.99;94
2508079565;primorsky terr.;85.41;85
5720008940;oryol;86.90.40;86
5507282954;omsk;46.34.23;46
4501219859;kurgan;70.22;70
7804031770;sankt-petersburg;86.21;86
0276967797;bashkortostan;01.11;01
0268064255;bashkortostan;46.43;46
7300032790;ulyanovsk;47.30.12;47
9103009330;crimea;41.20;41
8903029647;yamal-nenets ao;45.20.10;45
3906296722;kaliningrad;66.22;66
0300008498;buryatia;47.11;47
9309016066;donetsk;45.31;45
1840058343;udmurtia;69.10;69
7707349208;novosibirsk;45.31.10;45
2308286589;krasnodar;52.21;52
7814685204;sankt-petersburg;46.46;46
4345414440;kirov;31.02;31
0107020521;adygeya;42.11;42
7107093057;tula;73.11;73
1215123276;marij el;46.90;46
1101081784;komi;41.20;41
2204090327;altai terr.;46.73.40;46
2700004759;khabarovsk;62.09;62
7839473530;sankt-petersburg;52.29;52
0721017360;kabardino-balkaria;56.10;56
1513058777;north ossetia;69.20;69
0317318770;buryatia;56.30;56
7703729382;moscow city;70.10.20;70
5751065667;oryol;45.31.10;45
4400007865;kostroma;62.01;62
9724041449;moscow city;46.90;46
5042147501;moscow reg.;69.20;69
2366003864;krasnodar;46.17;46
6902018328;tver;68.32.10;68
1326225788;mordovia;86.10;86
7810402102;pskov;43.21;43
7812012757;sankt-petersburg;70.22;70
3528049190;vologda;52.21.24;52
7736222020;moscow city;52.29;52
4027105255;kaluga;70.22;70
7116508597;tula;49.41;49
5034068736;moscow reg.;41.20;41
5505072944;omsk;94.99;94
9709053048;moscow city;46.73;46
5219384029;nizhni novgorod;69.10;69
7733398360;moscow city;43.91;43
2901182529;arkhangelsk;69.10;69
3017045090;astrakhan;56.10;56
9404011300;luhansk;47.25.10;47
7603043303;yaroslavl;86.23;86
3257067281;bryansk;70.22;70
6829088103;tambov;52.24.10;52
9725142552;moscow city;41.20;41
2901306397;arkhangelsk;56.29;56
6367032978;samara;70.22;70
3257084946;bryansk;62.02;62
2311282993;krasnodar;25.62;25
9721228142;moscow city;82.99;82
3810063780;irkutsk;68.20;68
2801234879;amur;69.20.20;69
2625125198;stavropol;86.23;86
2462015196;krasnoyarsk;68.32.20;68
7802559332;leningrad;73.11;73
5515012937;omsk;01.11;01
4632254906;kursk;41.20;41
6700020099;smolensk;25.99;25
4101162069;kamchatka;43.99.40;43
3443127393;volgograd;69.10;69
5321085573;novgorod;01.70;01
6501211719;sakhalin;01.13.10;01
4501231687;kurgan;45.31;45
5259024713;nizhni novgorod;52.21.24;52
0105081871;adygeya;69.20.30;69
1831098903;udmurtia;71.12.20;71
4825116846;lipetzk;56.10;56
7806541576;sankt-petersburg;49.41;49
2629013061;stavropol;42.11;42
3528330193;vologda;73.11;73
7730034171;moscow city;47.61;47
6501296744;sakhalin;25.11;25
1020011884;karelia;01.13.10;01
0500018969;dagestan;49.41;49
1900000647;khakasia;47.99.50;47
7448234438;chelyabinsk;46.44.10;46
5321206690;novgorod;52.29;52
7814322384;sankt-petersburg;41.20;41
0323123810;buryatia;68.32.10;68
6671098034;sverdlovsk;25.99;25
6685151961;sverdlovsk;41.20;41
5320026695;novgorod;86.21;86
5190068540;murmansk;68.32;68
7734415210;moscow city;46.69;46
2222873793;altai terr.;46.90;46
0323412026;buryatia;70.22;70
6949112090;tver;46.18;46
3662311878;voronezh;62.01;62
6732232498;smolensk;45.20.30;45
2014032888;chechnya;42.11;42
5032325138;moscow reg.;78.10;78
2221005071;altai terr.;25.99;25
4825040749;lipetzk;86.23;86
7203430107;tyumen;93.19;93
2223634036;altai terr.;46.13;46
7107088265;tula;46.44.20;46
7714967607;moscow city;72.19;72
0411144270;altai rep.;94.99;94
9725091869;moscow city;09.90;09
3662239974;voronezh;25.62;25
8904998891;yamal-nenets ao;94.99;94
5029998609;moscow reg.;86.90.40;86
9715491843;moscow city;46.73;46
0100004658;adygeya;41.20;41
5260476545;nizhni novgorod;46.14;46
4501153774;kurgan;95.11;95
7415084184;chelyabinsk;47.78.90;47
6501216749;sakhalin;45.20;45
4345064002;kirov;81.21;81
4524007106;kurgan;70.22;70
3905089794;kaliningrad;93.12;93
0268069775;bashkortostan;46.73;46
4205390567;kemerovo;49.41;49
4501190864;kurgan;68.20;68
7723894842;moscow city;95.11;95
5078024380;moscow reg.;79.11;79
2904028941;arkhangelsk;69.10;69
2308124161;krasnodar;73.11;73
6316254940;samara;47.75;47
9718067248;moscow city;46.45;46
5700002299;oryol;47.78;47
3019029055;astrakhan;49.42;49
6678013294;sverdlovsk;45.30;45
0229012126;bashkortostan;56.10;56
5022998367;moscow reg.;93.10;93
1835073113;udmurtia;93.29.90;93
6732035725;smolensk;45.30;45
9203540294;sevastopol;47.25;47
2204096713;altai terr.;42.11;42
1901081800;khakasia;46.77;46
4509010136;kurgan;42.21;42
6234185460;ryazan;43.21;43
9200024206;sevastopol;71.12.20;71
7327999143;ulyanovsk;70.22;70
2635251473;stavropol;47.91;47
1513058939;north ossetia;69.10;69
6451422655;saratov;46.69.90;46
7707773618;moscow city;61.10.10;61
2310192948;krasnodar;18.12;18
2724214184;khabarovsk;46.73;46
7810751329;sankt-petersburg;41.20;41
4816025769;lipetzk;68.20;68
6321358215;samara;25.61;25
1326231157;mordovia;71.10;71
3811450630;irkutsk;62.09;62
3702167260;ivanovo;45.20;45
5904999473;perm;62.01;62
6215028783;ryazan;68.32;68
3328448751;vladimir;73.11;73
2224054006;altai terr.;94.99;94
2508137009;primorsky terr.;47.59;47
6950177511;tver;41.20;41
6318236055;samara;33.13;33
5260124487;nizhni novgorod;58.11;58
5050131978;moscow reg.;72.19;72
7107518334;tula;73.11;73
9715386849;moscow city;62.01;62
7415060708;chelyabinsk;45.31.10;45
7751060447;moscow city;71.11.10;71
4703100415;leningrad;52.21.24;52
7735161487;moscow city;77.11;77
7449135260;chelyabinsk;42.21;42
3711050798;ivanovo;46.33;46
4900010922;magadan;46.71.20;46
2723161885;khabarovsk;69.10;69
5260477612;nizhni novgorod;52.24;52
4501098298;kurgan;70.22;70
0917003732;karachaevo-chercessia;56.10;56
7404042577;chelyabinsk;25.11;25
5041212564;moscow reg.;41.20;41
8601035676;khanty-mansijsk;68.31;68
1907004070;khakasia;01.45.10;01
7811771166;sankt-petersburg;62.01;62
2005010366;chechnya;71.10;71
7804429025;sankt-petersburg;71.10;71
0726006362;kabardino-balkaria;42.11;42
4705114702;leningrad;47.91.10;47
5190068941;murmansk;70.22;70
7204194325;tyumen;71.11.10;71
2103002050;chuvashia;10.51;10
1001307269;karelia;56.10;56
7826138012;sankt-petersburg;77.39.29;77
3102635213;belgorod;49.41;49
5402473743;novosibirsk;94.99;94
1660024289;tatarstan;94.20;94
6453086416;saratov;52.21.24;52
4900011203;magadan;41.20;41
6501149281;sakhalin;73.20;73
6234205357;ryazan;69.20;69
9102290658;crimea;70.22;70
3528293287;vologda;93.12;93
1831154097;udmurtia;08.10;08
4710032942;leningrad;86.23;86
5101306996;murmansk;42.21;42
7811000050;sankt-petersburg;52.21.24;52
7724470892;moscow city;47.61;47
1102076385;komi;52.21.24;52
8603124219;khanty-mansijsk;68.32.10;68
6732210631;smolensk;41.20;41
6673183905;sverdlovsk;46.40;46
9002015633;zaporizhzhia;68.32.10;68
3102044556;belgorod;70.22;70
6671407420;sverdlovsk;45.10;45
4909911495;magadan;94;94
0105042015;adygeya;71.10;71
4501203859;kurgan;70.22;70
8603213324;khanty-mansijsk;25.62;25
9303008118;donetsk;45.20;45
9102278467;crimea;42.21;42
1216024359;marij el;46.72;46
4345491318;kirov;52.21;52
1000013450;karelia;46.73.60;46
4714015352;leningrad;71.12.45;71
3419008250;volgograd;01.11.10;01
7326050338;ulyanovsk;25.62;25
3128138103;belgorod;71.12.12;71
1435347401;yakutia;56.10.10;56
5032381333;moscow reg.;71.12.20;71
6914020089;tver;49.41;49
4824062771;lipetzk;56.10;56
9723140662;moscow city;45.20.30;45
4632235269;kursk;25.11;25
3441502539;volgograd;68.32.10;68
6732222203;smolensk;46.90;46
6501312812;sakhalin;86.23;86
0105080148;adygeya;42.11;42
3100025621;belgorod;46.73.60;46
1500015159;north ossetia;62.01;62
2304066222;krasnodar;41.20;41
5262246900;nizhni novgorod;80.10;80
5506221363;omsk;16.10;16
6215035759;ryazan;62.09;62
6229099720;ryazan;62.01;62
1901143567;khakasia;45.31;45
5010053346;moscow reg.;14.13;14
6449050368;saratov;03.12;03
5017133865;moscow reg.;86.10;86
0100004827;adygeya;56.10;56
9001008249;zaporizhzhia;01.11;01
1102023337;komi;68.20.20;68
2983999132;nenets ao;94.99;94
5503099732;omsk;42.21;42
6501307509;sakhalin;46.69.20;46
2310034035;krasnodar;86.21;86
8905067366;yamal-nenets ao;01.49.50;01
6907005178;tver;01.13;01
5503211582;omsk;68.20.20;68
3102020266;belgorod;01.42;01
7729701705;tver;01.13;01
1500002946;north ossetia;62.01;62
3528120929;vologda;41.20;41
7203302472;tyumen;42.21;42
5406822459;novosibirsk;41.20;41
3017046880;astrakhan;46.37;46
9705233963;moscow city;62.01;62
0800004741;kalmykia;70.22;70
7707460870;moscow city;68.31.50;68
6829045124;tambov;52.21.24;52
9725030792;moscow city;49.41;49
7500004366;zabaikalsk terr.;46.71.10;46
9703082772;moscow city;41.20;41
0323355353;buryatia;69.20.10;69
1326231911;mordovia;41.20;41
5410006848;novosibirsk;47.20;47
9722044719;moscow city;43.29;43
6501280906;sakhalin;71.12.45;71
7704223366;moscow city;70.22;70
5633003174;orenburg;94.20;94
5103063234;murmansk;86.23;86
4813009840;lipetzk;01.47;01
5079013511;moscow reg.;10.72;10
3702041268;ivanovo;52.21.24;52
6150098780;rostov;25.29;25
2907018451;arkhangelsk;56.10;56
5903017082;perm;93.12;93
7733336702;moscow city;43.39;43
9109022087;crimea;43.21;43
7900003448;jewish ao;47.19;47
5700007353;oryol;62.01;62
7310000821;ulyanovsk;01.41;01
2100002703;chuvashia;47.71;47
2543026580;primorsky terr.;43.22;43
1326219590;mordovia;68.31;68
2325024304;krasnodar;25.11;25
5190050310;murmansk;62.01;62
0900006492;karachaevo-chercessia;46.73.60;46
2463052899;krasnoyarsk;43.21;43
1106036369;komi;43.21;43
6323068046;samara;46.72;46
7451443657;chelyabinsk;45.20;45
4632239866;kursk;56.10;56
2014038590;chechnya;56.29;56
4501111527;kurgan;52.21.24;52
3525420177;vologda;41.20;41
5503245687;omsk;25.11;25
6229068296;ryazan;25.10;25
4633040921;kursk;25.11;25
3525147087;vologda;43.21;43
1101031712;komi;69;69
6679114249;sverdlovsk;46.90;46
7727393371;moscow city;46.71;46
2536344110;primorsky terr.;43.29;43
3521007057;vologda;56.10;56
9724171487;moscow city;69.10;69
7602059195;yaroslavl;47.73;47
7536054314;zabaikalsk terr.;94.99;94
2465104990;krasnoyarsk;43.30;43
0326036852;buryatia;86;86
7118015371;tula;33.12;33
6323075974;samara;47.52.73;47
5503024078;omsk;94.99;94
6153023140;rostov;01.11;01
9729023482;moscow city;86.10;86
1106031508;komi;47.73;47
1831070143;udmurtia;46.90;46
3811076750;irkutsk;96.02;96
5507168828;omsk;94.99;94
6732103421;smolensk;69.10;69
5190031638;murmansk;41.20;41
0533019541;dagestan;47.19;47
1712003388;tuva;01.45.10;01
7724402518;moscow reg.;47.52.70;47
1215103463;marij el;73.11;73
3329094368;vladimir;69.20;69
0274981789;bashkortostan;56.21;56
3300003745;vladimir;49.41;49
6000005169;pskov;42.99;42
0228005084;bashkortostan;01.10;01
3917052260;kaliningrad;93.12;93
0900008161;karachaevo-chercessia;41.20;41
0326544817;buryatia;41.20;41
4501130664;kurgan;47.70;47
1001307759;karelia;41.20;41
6230120960;ryazan;69.20;69
1513009410;north ossetia;10.61;10
7300005718;ulyanovsk;41.20;41
0411176709;altai rep.;01.25.10;01
7610138524;yaroslavl;43.91;43
1324001373;mordovia;52.29;52
3438006594;volgograd;56.10;56
5639007016;orenburg;93.19;93
2309150238;krasnodar;46.69.40;46
0274924011;bashkortostan;69.10;69
0277959365;bashkortostan;62.01;62
9204561699;sevastopol;70.22;70
3459079882;volgograd;68.32;68
0411134547;altai rep.;71.12.30;71
4000004355;kaluga;86.23;86
9001004420;zaporizhzhia;56.10;56
4909119466;magadan;71.12.12;71
1328003621;mordovia;47.11;47
1101073470;komi;73.11;73
3705009840;ivanovo;13.92;13
7841099696;sankt-petersburg;69.10;69
1901132484;khakasia;41.20;41
5003132452;moscow reg.;86.90;86
5041210863;moscow reg.;56.10;56
7816748675;sankt-petersburg;43.31;43
8905062826;yamal-nenets ao;93.11;93
7413099918;chelyabinsk;01.13.11;01
1215206839;marij el;62.01;62
1901132780;khakasia;49.31.21;49
4205189393;kemerovo;94.99;94
1001270410;karelia;41.20;41
7000008620;tomsk;86.21;86
0326019857;buryatia;94.99;94
7801613146;sankt-petersburg;47.78.90;47
3702674670;ivanovo;70.22;70
2723212314;khabarovsk;45.11;45
5262240538;nizhni novgorod;71.11;71
0220024014;bashkortostan;08.12;08
7451429846;chelyabinsk;62.02;62
1007023337;karelia;49.40;49
4101191623;kamchatka;45.11;45
5321127618;novgorod;71.11;71
1215132320;marij el;01.50;01
4345517069;kirov;93.19;93
4217196268;kemerovo;25.11;25
5410776050;novosibirsk;71.12.45;71
3325014322;vladimir;46.71;46
5433962335;novosibirsk;93.12;93
5250076643;nizhni novgorod;42.11;42
8622025252;khanty-mansijsk;73.11;73
1300005788;mordovia;70.22;70
1435260937;yakutia;43.29;43
7448206159;chelyabinsk;46.47;46
3016041784;astrakhan;68.32.20;68
9201504653;sevastopol;94.99;94
4025436815;kaluga;56.10;56
5754200378;oryol;69.20.20;69
6625013452;sverdlovsk;01.25.10;01
3329093678;vladimir;62.01;62
7810680163;sankt-petersburg;68.20.20;68
2016005720;chechnya;46.13;46
2222896060;altai terr.;47.91;47
6453134451;saratov;70.22;70
4826155213;lipetzk;42.21;42
6670205685;sverdlovsk;46.72.20;46
7451407948;chelyabinsk;47.52.73;47
7203552602;tyumen;49.41;49
3665828150;voronezh;56.10;56
1655187312;tatarstan;62.01;62
2628017313;stavropol;45.30;45
1603002909;tatarstan;47.25;47
5001108172;moscow reg.;62.01;62
4400014559;kostroma;41.20;41
5304005560;novgorod;45.31.10;45
6143085620;rostov;86.21;86
4501221262;kurgan;45.20;45
5018207358;moscow reg.;14.13;14
1832157319;udmurtia;49.42;49
6325014416;samara;71.11;71
8602137409;tyumen;41.20;41
5190122902;murmansk;45.30;45
2224150430;altai terr.;72.10;72
1700007998;tuva;49.41;49
8904083140;yamal-nenets ao;01.46.10;01
3328474007;vladimir;52.29;52
7718199882;moscow city;62.02;62
2130224630;chuvashia;86.21;86
1327013850;mordovia;46.90;46
5902989889;perm;94.99;94
1653015614;tatarstan;94.99;94
2124015236;chuvashia;70.22;70
7627057898;yaroslavl;25.11;25
2801238489;amur;93.11;93
2801194256;amur;41.20;41
5250076731;nizhni novgorod;93.12;93
2130229645;chuvashia;93.12;93
2463133160;krasnoyarsk;62.03;62
7728371116;moscow city;78.10;78
3000009947;astrakhan;42.12;42
5406374461;novosibirsk;43.21;43
7801715405;sankt-petersburg;43.39;43
0323339136;buryatia;52.21.24;52
2127019246;chuvashia;94.99;94
0274968562;bashkortostan;68.32.10;68
0700011079;kabardino-balkaria;71.20.20;71
5751063490;oryol;93.29.90;93
6671301737;sverdlovsk;93.29;93
5917004044;perm;47.73;47
7017389606;tomsk;41.20;41
3329082073;vladimir;41.20;41
5003150476;moscow reg.;93.12;93
0229013874;bashkortostan;10.51.90;10
2543184562;primorsky terr.;69.10;69
6950043613;tver;52.29;52
0411175631;altai rep.;69.10;69
6730052130;smolensk;93.11;93
2460065321;krasnoyarsk;45.32;45
2222864566;altai terr.;94.99;94
4703006250;leningrad;25.61;25
7328079903;ulyanovsk;52.21.24;52
5318009332;novgorod;41.20;41
4703178637;leningrad;42.21;42
6828008850;tambov;42.11;42
9402004080;luhansk;94.99;94
3305052231;vladimir;68.20.20;68
4029011757;kaluga;52.21.24;52
7017460584;tomsk;68.32;68
5001089635;moscow reg.;86.90.90;86
7730621356;moscow city;46.34;46
1428003583;yakutia;94.20;94
1908003022;khakasia;01.41;01
5404186039;novosibirsk;86.21;86
2901174486;arkhangelsk;43.12;43
3329081129;vladimir;49.42;49
8611009516;khanty-mansijsk;47.25.11;47
7604165625;yaroslavl;25.70;25
7204089225;tyumen;46.73;46
4000008631;kaluga;86.90;86
4501219295;kurgan;69.10;69
4345518908;kirov;70.10.10;70
7805643575;sankt-petersburg;43.29;43
1701062631;tuva;56.10;56
4909114228;magadan;52.29;52
2901288934;arkhangelsk;49.41;49
6025048527;pskov;86.23;86
3525134514;vologda;70.22;70
7328505020;ulyanovsk;56.10;56
7714473943;moscow city;73.11;73
2309015207;krasnodar;64.99.11;64
5404469661;novosibirsk;71.12.40;71
1701055810;tuva;49.41.20;49
1101128496;komi;62.02;62
9704202585;moscow city;46.51;46
5021014370;moscow city;52.10;52
7820305242;sankt-petersburg;68.32.10;68
9201526590;sevastopol;45.11;45
3664235453;voronezh;93.12;93
2723197786;khabarovsk;56.10.10;56
6901059339;tver;68.32.10;68
2308295946;krasnodar;41.20;41
4705035137;leningrad;86.21;86
6234007235;ryazan;49.41.20;49
0707020749;kabardino-balkaria;46.90;46
7709166841;moscow city;94.20;94
7731542019;moscow city;46.90;46
1300003519;mordovia;94.20;94
7404045514;chelyabinsk;64.91;64
7839341300;sankt-petersburg;69.20.20;69
4632290809;kursk;52.21.24;52
3702073485;ivanovo;69.20;69
7728860188;moscow city;93.19;93
5634020535;orenburg;47.30.12;47
6027198768;pskov;62.01;62
6950230042;tver;43.29;43
0107023755;adygeya;56.10;56
7203091454;tyumen;52.21.24;52
6317157107;samara;43.21;43
2721170605;khabarovsk;71.12;71
7202257001;tyumen;56.10;56
6829109970;tambov;46.34.10;46
9312010152;donetsk;93.12;93
7810640435;sankt-petersburg;95.12;95
8603244570;khanty-mansijsk;49.41;49
2225205770;altai terr.;46.90;46
0400015668;altai rep.;86.90.40;86
7451249843;chelyabinsk;84.24;84
7536114500;zabaikalsk terr.;68.32;68
9200008596;sevastopol;62.09;62
4401081621;kostroma;93.19;93
0509008130;dagestan;42.91;42
5321170564;novgorod;56.10;56
6453031897;saratov;62.01;62
6027092610;pskov;41.20;41
0277005520;bashkortostan;22.29.20;22
0277037554;bashkortostan;52.21.24;52
6019009008;pskov;28.10;28
7806617472;sankt-petersburg;68.10;68
5501213094;omsk;69.10;69
7128013951;tula;43.34;43
1709007093;tuva;52.21.22;52
5473012548;novosibirsk;62.01;62
5410031770;novosibirsk;94.99;94
4345516837;kirov;01.61;01
8603231852;khanty-mansijsk;43.21;43
2015006859;chechnya;45.31;45
9725096112;moscow city;41.20;41
4205191473;kemerovo;46.90;46
7451226589;chelyabinsk;73.11;73
5040157871;moscow reg.;68.32;68
6163123433;rostov;56.10;56
2443000677;khakasia;73.11;73
4341003249;kirov;45.31.10;45
7017389282;tomsk;23.99.60;23
9729306850;moscow city;56.10;56
7114503473;tula;46.73;46
4406008456;kostroma;86.23;86
2304065187;krasnodar;71.20;71
2634112540;stavropol;43.29;43
7206048217;tyumen;49.42;49
7838105692;sankt-petersburg;69.10;69
7725618453;moscow city;49.31.21;49
6163227626;rostov;70.22;70
2005009586;chechnya;47.80;47
4028073687;kaluga;93.29.20;93
7724337805;moscow city;46.73;46
2511113537;primorsky terr.;70.10;70
1001329512;karelia;73.11;73
3729003975;ivanovo;41.20;41
1101114503;komi;62.01;62
0506008653;dagestan;69.20;69
6325077751;samara;45.20;45
2130177482;chuvashia;56.10;56
1659200733;tatarstan;46.73.60;46
5041020020;moscow reg.;02.20;02
2631041468;stavropol;94.12;94
2901222901;arkhangelsk;49.40;49
2801113289;amur;25.99;25
4205996125;kemerovo;70.22;70
3711047724;ivanovo;46.77;46
4026006501;kaluga;94.20;94
8602167925;khanty-mansijsk;47.30;47
6820013791;tambov;01.61;01
6714050343;smolensk;49.41;49
5445262289;novosibirsk;94.99;94
3015102466;astrakhan;41.20;41
9710123998;moscow city;73.11;73
5321154763;novgorod;73.11;73
4632020947;kursk;68.20.20;68
9200005570;sevastopol;70.22;70
3100017356;belgorod;25.11;25
6829910531;tambov;94.99;94
9102249191;crimea;42.11;42
8602027580;khanty-mansijsk;71.11.10;71
1513054317;north ossetia;71.11;71
9102035129;crimea;86.23;86
3435021717;volgograd;47.11.20;47
5101730683;murmansk;94.99;94
0107035013;adygeya;86.90;86
9729186783;moscow city;46.76.10;46
0906000112;karachaevo-chercessia;41.20;41
4501218580;kurgan;69.10;69
9721163424;moscow city;73.11;73
2203003723;altai terr.;56.10;56
2801177853;amur;94.99;94
2721244007;khabarovsk;69.10;69
9725160424;moscow city;41.20;41
7505008653;zabaikalsk terr.;70.22;70
2724224224;khabarovsk;86.21;86
3000014707;astrakhan;25.99;25
9310013422;donetsk;94.99;94
2511120728;primorsky terr.;52.21.24;52
4205376925;kemerovo;43.32;43
5700007000;oryol;86.90;86
4909093031;magadan;88.10;88
0105083928;adygeya;71.12.53;71
5036145577;moscow city;80.10;80
3901003429;kaliningrad;52.24;52
2703092859;khabarovsk;68.20.20;68
7705713998;moscow city;46.71.10;46
6452082480;moscow city;46.72;46
7707242504;moscow city;56.10;56
8604034960;khanty-mansijsk;41.20;41
1101091091;komi;73.10;73
5036162501;moscow reg.;46.73;46
5433120554;novosibirsk;68.32.20;68
1703000768;tuva;01.49.40;01
5609064634;orenburg;70.22;70
6316177661;samara;41.20;41
5406782654;novosibirsk;43.21;43
7802822625;sankt-petersburg;46.32;46
2128005052;chuvashia;94.99;94
1425006240;yakutia;94.99;94
3607002710;voronezh;01.19;01
9715421476;moscow city;43.22;43
2320145070;krasnodar;56.10;56
4028063216;kaluga;43.22;43
3250061481;bryansk;71.11.10;71
7814760003;sankt-petersburg;45.32;45
8622012461;khanty-mansijsk;71.12.41;71
7708371037;moscow city;68.10;68
2626034458;stavropol;49.31;49
2624036636;stavropol;47.91;47
4205203841;kemerovo;73.11;73
2724137910;khabarovsk;70.22;70
0245968991;bashkortostan;33.12;33
2812174068;amur;70.22;70
1712006036;tuva;68.32.10;68
5300008225;novgorod;43.31;43
4501189940;kurgan;62.02;62
6950206427;tver;25.99;25
6313540196;samara;94.99;94
1328011157;mordovia;71.10;71
2901239711;arkhangelsk;93.29.90;93
7802957220;sankt-petersburg;47.91;47
6732238771;smolensk;42.99;42
8907001674;yamal-nenets ao;01.49.40;01
3017064174;astrakhan;68.32;68
6165196451;rostov;52.10;52
6729024882;smolensk;41.20;41
6500012380;sakhalin;73.11;73
6722034017;smolensk;52.10;52
5190090400;murmansk;49.42;49
2116001825;chuvashia;71.20;71
9305012208;donetsk;68.32;68
3666268983;voronezh;42.21;42
4824097661;lipetzk;49.41;49
3126020219;belgorod;68.32.10;68
4345131636;kirov;41.20;41
9703137728;moscow city;46.73;46
3711046914;ivanovo;69.10;69
2625028349;stavropol;42.11;42
9303033749;donetsk;66.22;66
1901134058;khakasia;43.33;43
6722022822;smolensk;80.10;80
0608057321;ingushetia;69.10;69
7303019853;ulyanovsk;56.10;56
2465362550;krasnoyarsk;68.32.10;68
8622027316;khanty-mansijsk;42.21;42
6671257816;sverdlovsk;47.51;47
4632249536;kursk;46.41;46
0277041409;bashkortostan;47.11.20;47
9500012829;kherson;46.32;46
1433030800;yakutia;52.21.24;52
3702114244;ivanovo;47.52;47
0276935040;bashkortostan;41.20;41
5610011394;orenburg;68.20.20;68
9709109950;moscow city;46.90;46
4205421663;kemerovo;71.20.60;71
5031123210;moscow reg.;41.20;41
2540152146;primorsky terr.;80.10;80
5036172605;moscow reg.;86.23;86
9102290390;crimea;70.22;70
8617014209;khanty-mansijsk;42.21;42
5321132833;novgorod;71.20;71
0303007534;buryatia;01.40;01
5837057298;penza;69.10;69
5320013061;novgorod;73.20.10;73
2006000970;chechnya;41.20;41
0600002546;ingushetia;45.32;45
7713473838;moscow city;43.31;43
6321181134;samara;68.20;68
2635239170;stavropol;86.21;86
7743277975;moscow city;43.31;43
6165167203;dagestan;43.91;43
5528012099;omsk;01.41;01
1900014287;khakasia;49.41;49
9001017765;zaporizhzhia;01.11;01
6453149909;saratov;45.31;45
1001164934;karelia;52.21.20;52
5044078540;moscow reg.;47.52.73;47
7811445050;sankt-petersburg;62.01;62
7811747597;sankt-petersburg;46.75.10;46
4632299287;kursk;56.10;56
9102218877;crimea;52.29;52
7329025844;ulyanovsk;46.33;46
9410012214;luhansk;45.32;45
9408000035;luhansk;47.11;47
2348000074;krasnodar;47.11;47
2607009505;stavropol;70.22;70
3015088035;astrakhan;68.32.10;68
3023002634;astrakhan;70.22;70
4826143264;lipetzk;42.11;42
5507279983;omsk;73.11;73
6500004660;sakhalin;25.11;25
5948014317;perm;68.32.10;68
9303007080;donetsk;42.91;42
3257052180;bryansk;56.10.10;56
7536162574;zabaikalsk terr.;93.13;93
0274960370;bashkortostan;93.19;93
0265041612;bashkortostan;63.99.10;63
3702098754;ivanovo;86.23;86
3616017871;voronezh;42.21;42
4632213829;kursk;47.59;47
7203377118;tyumen;46.73;46
1435161453;yakutia;47.11;47
6671355179;sverdlovsk;86.23;86
2700018952;khabarovsk;52.24;52
0708011539;kabardino-balkaria;47.78.60;47
4824008333;lipetzk;70.22;70
1001265820;karelia;70.22;70
7722813449;moscow city;52.29;52
9718238422;moscow city;46.90;46
2301097906;krasnodar;33.12;33
7321005677;ulyanovsk;93.12;93
5404321714;novosibirsk;71.11.10;71
7453991176;chelyabinsk;94.12;94
1658103053;tatarstan;47.74;47
3305801995;vladimir;56.10;56
6700011048;smolensk;42.11;42
9724056406;kalmykia;47.91;47
2632103773;stavropol;42.21;42
7716910772;moscow city;69.10;69
2308044244;krasnodar;94.99;94
3255508156;bryansk;62.01;62
5018072950;moscow reg.;72.19;72
4826072817;lipetzk;73.11;73
4500003695;kurgan;70.22;70
6658490161;sverdlovsk;62.01;62
3316400699;vladimir;68.32.20;68
9703003996;moscow city;62.01;62
6102026947;rostov;45.31.10;45
6453149673;saratov;45.20;45
5610239423;orenburg;93.19;93
0274932943;bashkortostan;93.19;93
5638081793;orenburg;93.12;93
2014020226;chechnya;69.10;69
1001336598;karelia;62.01;62
7718904020;krasnodar;43.21;43
3525236957;vologda;86.90.90;86
0323413541;buryatia;23.32;23
4253041090;kemerovo;71.20;71
7300009293;ulyanovsk;25.11;25
1215230870;marij el;46.21;46
3906395882;kaliningrad;46.75;46
1101177790;komi;45.32;45
4345510514;kirov;70.22;70
3257070340;bryansk;43.22;43
3327147487;vladimir;46.13;46
3444259603;volgograd;49.41;49
5905068903;tatarstan;62.01;62
5257204460;nizhni novgorod;73.11;73
0600002070;ingushetia;49.32;49
9312000676;donetsk;56.10;56
3525388004;vologda;46.13;46
0274949175;bashkortostan;41.20;41
3128078609;belgorod;71.20;71
7743083338;moscow city;45.20.2;45
6321135071;samara;71.10;71
4825095120;lipetzk;93.13;93
7604373150;yaroslavl;71.11;71
4501222890;kurgan;47.30;47
2623007343;stavropol;52.21.24;52
4632265513;kursk;71.11;71
7712073756;moscow city;68.32.10;68
0107025664;adygeya;52.29;52
6800003530;tambov;56.29;56
5190080018;murmansk;94.99;94
1001355544;karelia;70.22;70
7328108512;ulyanovsk;73.11;73
5036039219;moscow reg.;94.12;94
4238015032;kemerovo;35.30.14;35
4616006832;kursk;62.02;62
2721980208;khabarovsk;94.20;94
8602297963;khanty-mansijsk;45.31;45
9201010044;sevastopol;86.23;86
3851018145;irkutsk;41.20;41
7814689495;sankt-petersburg;93.19;93
9201517934;kirov;25.50;25
1831183309;udmurtia;52.29;52
6000009318;pskov;56.10.10;56
1101095610;komi;68.30;68
3528213806;vologda;52.29;52
5836678119;penza;25.94;25
1501031629;north ossetia;47.20;47
2543160152;primorsky terr.;41.20;41
6141048800;rostov;33.15;33
7725379244;moscow city;70.22;70
0705000017;kabardino-balkaria;25.73;25
7203432520;tyumen;42.21;42
6226014623;ryazan;69.20;69
7522004955;zabaikalsk terr.;70.22;70
5190099876;murmansk;56.10;56
0816035576;kalmykia;70.22;70
3906975812;kaliningrad;68.32;68
3702169821;ivanovo;73.11;73
8620013580;khanty-mansijsk;01.70;01
0100003781;adygeya;69.10;69
4345259266;kirov;25.62;25
3702219896;ivanovo;52.29;52
3025028797;astrakhan;52.29;52
7722366303;moscow city;64.92.20;64
5263096654;nizhni novgorod;25.99;25
5753057943;oryol;73.11;73
5321118187;novgorod;01.70;01
4401186303;kostroma;73.11;73
7411022765;chelyabinsk;41.20;41
5410783876;novosibirsk;45.20;45
5503255798;omsk;25.11;25
5908013966;perm;94.99;94
9109014015;crimea;94.20;94
9703189892;moscow city;71.12.10;71
6828008031;tambov;25.11;25
8622026312;khanty-mansijsk;88.10;88
0800006675;kalmykia;41.20;41
9409003350;luhansk;94.20;94
3316018183;vladimir;71.12.41;71
0220001031;bashkortostan;73.11;73
3702079092;ivanovo;71.12.40;71
5424950301;novosibirsk;86.10;86
9200011327;sevastopol;70.21;70
9710031401;moscow city;58.11;58
2130164437;marij el;47.25.10;47
3525401270;vologda;43.99;43
9714003814;moscow city;42.99;42
9719026251;moscow city;46.49.49;46
7826127099;sankt-petersburg;46.69.80;46
0541009307;dagestan;25.12;25
5408123576;novosibirsk;94.20;94
7801155785;sankt-petersburg;86.23;86
6501108662;sakhalin;56.10;56
0411158185;altai rep.;01.40;01
4027100070;kaluga;43.21;43
9718245300;moscow city;47.22.10;47
5404399238;novosibirsk;46.46;46
1434041033;yakutia;73.11;73
5754201188;oryol;70.22;70
7300033514;ulyanovsk;25.61;25
7730293401;moscow city;52.10;52
4345323232;kirov;49.40;49
5050049120;moscow reg.;41.20;41
9717112160;moscow city;71.12;71
4345207363;kirov;70.10.10;70
9729018041;moscow city;41.20;41
4629040284;kursk;94.99;94
4824025586;lipetzk;62.01;62
0700007675;kabardino-balkaria;62.02;62
3528163048;vologda;68.32;68
3121009050;belgorod;10.20;10
6318073080;samara;35.30.40;35
3904065529;kaliningrad;94.99;94
2720007469;khabarovsk;01.13.10;01
2505011865;primorsky terr.;68.32.10;68
9403025220;luhansk;56.10;56
9102020330;crimea;70.22;70
2460127000;krasnoyarsk;47.25;47
6022010074;pskov;52.10;52
3507014662;vologda;73.11;73
9200022544;sevastopol;73.11;73
3849039170;irkutsk;68.32;68
5415104013;novosibirsk;94.99;94
7447297523;chelyabinsk;46.61;46
4824061834;lipetzk;70.22;70
7806608799;sankt-petersburg;56.10;56
4101186430;kamchatka;49.41;49
4704049867;oryol;73.11;73
5537012803;omsk;69.10;69
3257050129;bryansk;52.21.29;52
6673226250;sverdlovsk;47.50;47
9714008139;moscow city;49.41;49
2013011878;chechnya;41.20;41
7107537979;tula;49.41;49
1215093857;marij el;47.20;47
6926002060;tver;01.11;01
0400018161;ingushetia;68.20;68
2443005932;krasnoyarsk;25.11;25
5408018420;novosibirsk;62.01;62
5753046356;oryol;70.22;70
0917020329;karachaevo-chercessia;42.11;42
3307004219;vladimir;68.20;68
3441029190;volgograd;73.11;73
2315209673;krasnodar;47.91;47
5190911054;murmansk;69;69
9410003080;luhansk;94.20;94
3665068847;voronezh;69.10;69
0545021009;dagestan;68.32;68
3528265265;vologda;52.24;52
1400032584;yakutia;70.10;70
4900015462;magadan;56.10.10;56
0105040882;adygeya;69.20.20;69
7710873059;sankt-petersburg;71.11.10;71
4632189710;kursk;68.10;68
3700022319;ivanovo;62.01;62
9726021303;moscow city;69.10;69
7719636052;moscow city;46.90;46
7726471267;moscow city;41.20;41
9102182934;crimea;71.10;71
0500000993;dagestan;01.70;01
7903527584;jewish ao;94.99;94
5018081391;moscow reg.;94.99;94
1001303225;karelia;43.99;43
0100002033;adygeya;52.21;52
2901202775;arkhangelsk;46.40;46
1832149950;udmurtia;63.91;63
3305054422;vladimir;33.12;33
4708017104;leningrad;46.74;46
2723129592;khabarovsk;47.81;47
1433028833;yakutia;47.19;47
7422045242;chelyabinsk;25.10;25
8905058643;yamal-nenets ao;56.10;56
3904602903;kaliningrad;46.90;46
7449149672;chelyabinsk;46.71;46
7450071903;chelyabinsk;41.20;41
7726400266;moscow reg.;70.22;70
7524000120;zabaikalsk terr.;41.20;41
6667006792;sverdlovsk;52.21.24;52
1001123350;karelia;68.32.20;68
6166109275;rostov;42.22.20;42
4826123412;lipetzk;42.11;42
0326570750;buryatia;41.20;41
1831208666;udmurtia;43.22;43
3123389939;belgorod;56.10;56
5074083466;moscow reg.;41.20;41
4205358700;kemerovo;71.11;71
5190089814;murmansk;49.42;49
5528026895;omsk;47.10;47
2225233128;altai terr.;71.12.20;71
1660364662;tatarstan;41.20;41
7203421536;tyumen;25.11;25
2130151491;chuvashia;46.90;46
3245512259;bryansk;46.90;46
9721207865;moscow city;01.25;01
5501062783;omsk;52.10.90;52
4706079546;leningrad;93.19;93
7704215816;moscow city;68.32;68
4502031313;kurgan;93.11;93
5752071712;oryol;69.10;69
7735602156;moscow city;46.69;46
7451455677;chelyabinsk;56.10;56
2721143520;khabarovsk;86.23;86
7202138950;moscow city;06.10;06
7604247684;yaroslavl;73.11;73
1215052177;marij el;47.50;47
2349023726;krasnodar;68.20.20;68
6166053752;rostov;68.20.20;68
9723168210;moscow city;46.90;46
3906167572;kaliningrad;69.10;69
6911019737;tver;01.40;01
5190078890;murmansk;49.32;49
2456007020;krasnoyarsk;01.19;01
3234045940;bryansk;70.22;70
7455002854;chelyabinsk;47.52;47
3019026657;astrakhan;41.20;41
3906402378;kaliningrad;52.10.90;52
7725314335;moscow city;62.01;62
7701359168;tula;94.99;94
0323389881;buryatia;56.10;56
3443068691;volgograd;69.20;69
3100010921;belgorod;41.20;41
9729287319;moscow city;86.23;86
6110003573;rostov;01.11.10;01
2312073664;krasnodar;52.21.24;52
7017459973;tomsk;43.21;43
5027283429;moscow reg.;68.20;68
4627003209;kursk;43.12.30;43
9729343595;moscow city;49.41;49
6829158449;tambov;71.12.70;71
0515013650;dagestan;93.29.10;93
3000002998;astrakhan;41.20;41
6002010887;pskov;01.41;01
9709098497;moscow city;43.21;43
7446027972;chelyabinsk;46.49.33;46
0700000581;kabardino-balkaria;93.11;93
6673211221;sverdlovsk;68.32;68
7811328236;sankt-petersburg;52.21.24;52
2627800144;karachaevo-chercessia;42.11;42
3528192909;vologda;27.12;27
5753075614;oryol;41.10;41
6500018381;sakhalin;62.01;62
1901071552;khakasia;94.99;94
6440012294;saratov;56.29;56
8604053465;khanty-mansijsk;68.20;68
1901122750;khakasia;46.49;46
6451017590;saratov;49.41;49
5837083019;penza;42.21;42
0700015330;kabardino-balkaria;01.50;01
1103015402;komi;86.10;86
7500002182;zabaikalsk terr.;07.29.41;07
7220100701;tyumen;01.11;01
7447143065;chelyabinsk;68.10;68
5504108700;omsk;69;69
9701292911;belgorod;71.20.40;71
5035464490;moscow reg.;68.32.20;68
6671290027;sverdlovsk;69.10;69
9200008236;sevastopol;49.42;49
4909111386;magadan;52.21.24;52
2723135187;khabarovsk;45.20.10;45
7500019725;zabaikalsk terr.;41.20;41
1841024523;udmurtia;42.21;42
8602311689;khanty-mansijsk;93.12;93
7206042906;tyumen;43.30;43
2130003782;chuvashia;41.20;41
5032062288;moscow reg.;68.20.20;68
1831201572;udmurtia;45.32;45
7021059086;tomsk;86.21;86
8602278167;khanty-mansijsk;86.10;86
6161090704;rostov;56.10;56
7203316845;tyumen;94.99;94
0533019647;dagestan;47.11;47
5321154770;novgorod;46.69.90;46
2901125577;arkhangelsk;94.92;94
2902048477;arkhangelsk;73.10;73
7329031340;ulyanovsk;69.10;69
2013433485;chechnya;43.12;43
6451433872;saratov;46.72.20;46
4705095898;leningrad;77.32;77
3917051700;kaliningrad;43.21;43
3815005246;irkutsk;68.20.20;68
6234140727;ryazan;70.22;70
7604322420;yaroslavl;46.49;46
7841303020;khanty-mansijsk;70.10;70
3444143260;volgograd;86.23;86
6321448123;samara;49.41;49
5835079024;penza;73.11;73
6685196070;sverdlovsk;49.41;49
0508015800;dagestan;43.39;43
7706808650;moscow city;41.20;41
3306012425;vladimir;01.10;01
1900006656;khakasia;01.41;01
6229006980;ryazan;73.11;73
3808190252;irkutsk;86.10;86
4826049448;lipetzk;62.01;62
2014008349;chechnya;93.10;93
5024182207;moscow reg.;47.91;47
6612055543;sverdlovsk;25.11;25
9305001171;donetsk;68.20;68
9204575229;sevastopol;56.10;56
6318072946;samara;42.21;42
2618023950;stavropol;42.11;42
3100031343;belgorod;49.42;49
5258148890;nizhni novgorod;45.32;45
2722008274;khabarovsk;45.20.10;45
7604270203;yaroslavl;46.73;46
5539005400;omsk;01.11.10;01
0323392958;buryatia;46.34.20;46
7460068201;chelyabinsk;94.99;94
4401152008;kostroma;46.52.20;46
0276097511;bashkortostan;73.11;73
8901023551;yamal-nenets ao;62.01;62
9102161821;crimea;46.90;46
5403030977;novosibirsk;17.29;17
7456042031;chelyabinsk;43.99;43
3100005583;belgorod;43.39;43
4725006769;leningrad;25.11;25
3502000200;vologda;47.20;47
2712010429;khabarovsk;45.20;45
7100035698;tula;25.61;25
2225196910;altai terr.;62.01;62
7817117351;leningrad;25.11;25
7128008077;tula;56.10;56
1001227648;karelia;94.99;94
8606008394;khanty-mansijsk;86.23;86
0256021666;bashkortostan;81.10;81
9304024867;donetsk;46.90;46
5501069852;omsk;62.01;62
7707538653;tula;01.47;01
1901130279;khakasia;73.11;73
6679161344;sverdlovsk;46.49;46
2130217470;chuvashia;62.01;62
5904406300;perm;49.41;49
5406665855;novosibirsk;25.10;25
7536102896;zabaikalsk terr.;69.10;69
6027162105;pskov;47.21.20;47
6686051448;sverdlovsk;46.73;46
7224089897;tyumen;45.11.40;45
4826155647;lipetzk;73.11;73
0608017255;ingushetia;46.46;46
3500005637;vologda;49.41;49
5321144395;novgorod;68.32.10;68
3128098115;belgorod;01.13.10;01
5402045089;novosibirsk;72.19;72
7743698557;moscow city;47.91.20;47
1200014796;marij el;52.10;52
2538028039;primorsky terr.;52.21.24;52
3811439362;irkutsk;46.73.60;46
7839129495;sankt-petersburg;72.19;72
4827000205;lipetzk;49.41;49
8901040268;yamal-nenets ao;93.12;93
7203516450;tyumen;42.11;42
3849061457;irkutsk;93.29;93
2334018360;krasnodar;46.21.11;46
2319027427;krasnodar;68.31.12;68
1104011256;komi;49.40;49
2540264266;primorsky terr.;71.12.20;71
8602287059;khanty-mansijsk;73.11;73
7810469065;sankt-petersburg;69.10;69
3100027026;belgorod;43.39;43
5707004457;oryol;01.11;01
4011013827;kaluga;71.12.40;71
9403018550;luhansk;10.72;10
6673123529;sverdlovsk;02.10;02
7446059195;chelyabinsk;96.09;96
3801145282;irkutsk;47.30;47
6162015731;rostov;42.11;42
4826088359;lipetzk;47.50;47
7743248854;moscow city;93.29.90;93
1658210087;tatarstan;46.72;46
7453360131;chelyabinsk;45.19;45
7715772537;moscow city;25.90;25
3706022019;ivanovo;42.21;42
5751040969;oryol;69.10;69
1650318040;tatarstan;25.61;25
9002017920;zaporizhzhia;01.11;01
7751509027;moscow city;56.29;56
2225057680;altai terr.;46.90;46
5834013327;penza;68.32.10;68
6685135215;sverdlovsk;49.41;49
9406015244;luhansk;56.10.10;56
9308021722;donetsk;69.20;69
0272011217;bashkortostan;77.39;77
9103086430;crimea;41.20;41
6154107756;rostov;28.29;28
7804570966;sankt-petersburg;56.10;56
4345050994;kirov;68.32.20;68
5028037850;moscow reg.;58.14;58
7300004104;ulyanovsk;41.20;41
6829118767;tambov;62.01;62
3100034827;belgorod;73.11;73
5116041252;murmansk;69.10;69
7729511535;moscow city;68.20;68
1656112616;tatarstan;56.10;56
1841104024;udmurtia;41.20;41
3702686900;ivanovo;41.20;41
6827027955;tambov;41.20;41
2801278065;amur;52.10;52
4909128566;magadan;56.10;56
5433966379;novosibirsk;47.91.20;47
6027101991;pskov;47.99.20;47
7203478405;tyumen;47.11;47
1832161160;udmurtia;25.62;25
5405089510;altai rep.;86.90.40;86
5408001306;novosibirsk;45.31.10;45
5259154039;nizhni novgorod;25.11;25
9704051657;moscow city;96.02;96
2801274744;amur;68.31;68
0105077307;adygeya;69.10;69
1513068447;north ossetia;52.23.11;52
9500001993;kherson;52.29;52
6162078971;rostov;52.24;52
3500005267;vologda;49.41;49
0572017795;dagestan;56.10.10;56
6671256690;sverdlovsk;64.99;64
4028029021;kaluga;94.99;94
6449087463;saratov;56.29;56
4632299128;kursk;49.41;49
4027149414;kaluga;62.09;62
7300017671;ulyanovsk;49.41;49
6345030871;samara;73.11;73
2011000983;chechnya;01.10;01
6660009554;sverdlovsk;47.62.20;47
9726083250;moscow city;47.91;47
7816634075;moscow city;46.73;46
7725852848;moscow city;46.73;46
3123474119;belgorod;01.25;01
9727046614;moscow city;45.31;45
1650122400;tatarstan;86.23;86
7802944084;sankt-petersburg;56.10;56
3702083469;ivanovo;94.99;94
0571019694;dagestan;25.12;25
4027125276;kaluga;45.20;45
9703012013;moscow city;62.01;62
6902010015;tver;52.21.24;52
7734457682;moscow city;01.41;01
7713426972;moscow city;68.20;68
7805485706;sankt-petersburg;13.92;13
6350028155;samara;41.10;41
4205325656;kemerovo;49.41;49
4632257047;kursk;49.41;49
9703001580;moscow city;86.10;86
7605021295;yaroslavl;56.30;56
5610141971;orenburg;71.20;71
0267024002;bashkortostan;41.20;41
2801247613;amur;62.02;62
5404486709;novosibirsk;47.78.90;47
5404951561;novosibirsk;47.91;47
4501179370;kurgan;49.30;49
3818017680;moscow city;16.10;16
9727027763;moscow city;41.20;41
2465089703;krasnoyarsk;81.10;81
5503257509;omsk;41.20;41
4205399714;kemerovo;49.41;49
3447029735;volgograd;62.09;62
6829061510;tambov;86;86
2207004929;novosibirsk;46.21.11;46
6501098220;sakhalin;47.52.50;47
2508142993;primorsky terr.;52.29;52
6367660010;samara;68.32.20;68
2805005220;amur;52.21.24;52
1435101140;yakutia;94.20;94
6900004383;tver;93.11;93
5192130112;murmansk;94.99;94
9724118268;moscow city;73.11;73
3907206094;kaliningrad;52.29;52
6230090320;ryazan;42.11;42
4000012684;kaluga;47.11;47
2901291581;arkhangelsk;38.32;38
7727751059;moscow city;46.46;46
5254082503;nizhni novgorod;68.32.10;68
5190094740;murmansk;62.09;62
5834900463;penza;73.11;73
5042136796;moscow reg.;68.32.20;68
5263114261;nizhni novgorod;94.99;94
5261048045;nizhni novgorod;68.20.20;68
4826080310;lipetzk;73.10;73
5047296641;moscow reg.;47.91;47
3665812826;voronezh;46.69;46
0223005281;bashkortostan;47.11;47
3662103388;voronezh;43.30;43
4345186113;kirov;62.02;62
4703178370;leningrad;71.12.41;71
5908051182;perm;45.20;45
5452114316;novosibirsk;68.32;68
2632089448;stavropol;46.73;46
7730243866;moscow city;46.90;46
4345394508;kirov;43.21;43
6504017903;sakhalin;68.20.20;68
1101176852;komi;46.46.10;46
3661027487;voronezh;70.22;70
7610092887;yaroslavl;10.71;10
0917033977;karachaevo-chercessia;68.32.10;68
1701001212;tuva;94.11;94
2309101657;krasnodar;71.20.80;71
9002006389;zaporizhzhia;81.10;81
3702253840;ivanovo;41.20;41
3328495078;vladimir;62.01;62
3000005389;astrakhan;86.23;86
1300000540;mordovia;25.99.30;25
2804021519;amur;56.10.10;56
9102218570;crimea;41.20;41
1656107510;tatarstan;41.20;41
7816722677;sankt-petersburg;68.31;68
0602034631;ingushetia;69.10;69
6449015765;saratov;25.11;25
5904349041;perm;52.29;52
3245501698;bryansk;52.23.11;52
6449083772;saratov;86.23;86
2130180894;chuvashia;94.99;94
7726668979;moscow city;46.41;46
2222795190;altai terr.;01.41;01
7735140014;moscow city;46.49;46
6155079452;rostov;42.21;42
9729290826;moscow city;46.49.44;46
1328001582;mordovia;49.40;49
6820040690;tambov;46.69;46
0700004829;kabardino-balkaria;52.21.22;52
7017481190;smolensk;94.99;94
6700019791;smolensk;45.11.30;45
1101076093;komi;46.30;46
0105057597;adygeya;94.99;94
1500008641;north ossetia;56.10;56
6452154825;saratov;46.90;46
2232010997;altai rep.;47.19.10;47
0919005252;karachaevo-chercessia;49.31.25;49
7449111340;chelyabinsk;45.20;45
1310188450;mordovia;43.20;43
3123486019;belgorod;41.20;41
6673130847;sverdlovsk;47.72;47
0278902844;bashkortostan;68.32.10;68
1101058778;komi;73.11;73
4508007613;kurgan;49.40;49
6911002959;tver;68.20.20;68
7806606343;sankt-petersburg;56.10;56
7842357910;sankt-petersburg;41.20;41
0105022033;adygeya;47.77.20;47
7623002584;yaroslavl;73.11;73
7842414929;sankt-petersburg;86.23;86
1707003713;tuva;01.41;01
7733404423;moscow city;23.11;23
0229953645;bashkortostan;35.30.14;35
4501221103;kurgan;86.21;86
6141021406;rostov;80.10;80
2635108280;stavropol;86.90.10;86
5261130733;nizhni novgorod;82.20;82
5027229220;moscow reg.;68.20;68
4345533857;kirov;70.22;70
3808268445;irkutsk;02.20;02
6732220252;smolensk;56.10;56
3810080722;irkutsk;69.20;69
5190996160;murmansk;70.22;70
9102186858;crimea;33.12;33
2224990397;altai terr.;94.12;94
6500012171;sakhalin;71.12;71
7203440539;tyumen;86.23;86
4704011912;leningrad;25.61;25
4205286478;kemerovo;47.19.10;47
1901052221;khakasia;62.01;62
1215107316;marij el;52.10;52
4401057562;kostroma;52.21.24;52
3812538334;irkutsk;41.20;41
7726756819;moscow city;46.73.60;46
7100037649;tula;25.99;25
0800011442;kalmykia;71.12;71
6132013423;crimea;62.09;62
6950251839;tver;41.20;41
3019002159;astrakhan;45.11.10;45
3459076994;volgograd;43.21;43
6230103450;ryazan;69.10;69
7413012635;sverdlovsk;42.22;42
4401184313;kostroma;86.90;86
6165236030;rostov;46.34.23;46
3808212033;irkutsk;43.20;43
7713491354;moscow city;93.19;93
6450109658;saratov;69.10;69
9718145425;moscow reg.;45.31;45
9727011153;moscow city;43.29;43
5017133840;moscow reg.;01.21;01
3528215176;vologda;42.99;42
0277962760;bashkortostan;70.22;70
7840098234;sankt-petersburg;46.73;46
3662242889;voronezh;47.91.20;47
7707448336;moscow city;68.20;68
7130030908;tula;46.77;46
1435358330;yakutia;93.29;93
2225132137;altai terr.;62.02;62
7329017427;ulyanovsk;47.30;47
4500000493;kurgan;73.11;73
3801141986;moscow city;68.32.10;68
7804642547;sankt-petersburg;46.90;46
4601005498;kursk;47.73;47
1001218700;karelia;62.09;62
4825131153;lipetzk;42.21;42
5503266905;omsk;70.22;70
6165156836;rostov;70.22;70
6025037282;pskov;41.20;41
7710705784;moscow city;09.10.90;09
1020014606;karelia;93.19;93
1841044417;udmurtia;47.11;47
8617038672;khanty-mansijsk;69.10;69
7802954237;sankt-petersburg;14.12;14
7016006240;tomsk;55.90;55
5906176860;perm;25.99;25
5404310141;novosibirsk;10.41;10
4825028815;lipetzk;47.11;47
4205265118;kemerovo;69.10;69
4106000600;kamchatka;71.12.41;71
7604289317;yaroslavl;93.13;93
9102239570;crimea;64.91;64
4401125558;kostroma;56.10;56
5404096949;novosibirsk;42.22;42
6325060275;samara;94.99;94
1434017320;yakutia;94.20;94
4502032807;kurgan;86.90.90;86
6950260696;tver;56.10;56
6234165256;ryazan;71.12.13;71
2258001500;altai terr.;47.73;47
3025030027;astrakhan;94.99;94
6415006339;saratov;43.12;43
3702699762;ivanovo;70.22;70
3725007295;ivanovo;52.29;52
7708413537;moscow city;46.73;46
2536308111;primorsky terr.;69.10;69
7714623331;moscow city;41.20;41
7813205254;sankt-petersburg;93.12;93
4703146392;leningrad;68.32;68
1903026065;khakasia;41.20;41
4501026053;kurgan;43.31;43
0105074835;adygeya;52.29;52
5907028470;perm;47.19;47
6226007785;ryazan;93.19;93
9702030362;moscow city;52.29;52
5047268443;moscow reg.;46.73;46
6027137571;pskov;71.11.10;71
6714047485;smolensk;71.11;71
4823076549;lipetzk;73.11;73
6168072239;rostov;46.73;46
1435345161;yakutia;42.11;42
7805503948;sankt-petersburg;73.10;73
7627052829;yaroslavl;73.11;73
2130199221;chuvashia;49.41;49
3906240751;kaliningrad;70.22;70
0571017986;dagestan;46.44;46
6000008988;pskov;14.13;14
3711048245;ivanovo;45.31.10;45
4025001860;kaluga;52.21.24;52
8702001472;chukotka;01.49.40;01
2540162320;primorsky terr.;46.61;46
7701859080;moscow city;73.11;73
6726023150;smolensk;45.31;45
7805790001;sankt-petersburg;49.42;49
9725054578;moscow city;64.20;64
7325171379;ulyanovsk;42.21;42
3905073191;kaliningrad;46.40;46
4715021574;leningrad;25.62;25
5246046163;nizhni novgorod;45.10;45
1102057840;komi;62.01;62
2543148902;primorsky terr.;46.90;46
3827057496;irkutsk;49.41;49
5906173210;perm;49.41;49
8911032918;yamal-nenets ao;01.13;01
3435138458;volgograd;86.23;86
6381020156;samara;70.22;70
7302010583;ulyanovsk;69.20.10;69
5904337600;perm;46.90;46
9704084740;moscow city;68.20;68
4401184345;kostroma;31.01;31
8603159525;khanty-mansijsk;25.11;25
5501142069;omsk;93.11;93
3435127488;volgograd;42.22;42
7701983954;chelyabinsk;69.20.10;69
6449036204;saratov;94.99;94
5609003818;orenburg;45.20;45
5300013190;novgorod;52.29;52
0573018382;dagestan;70.22;70
5707003862;oryol;01.11;01
7733275344;moscow city;61.10;61
6165169426;rostov;46.62;46
5506121344;omsk;93.11;93
5837007071;penza;52.21.24;52
0323338848;buryatia;25.50.10;25
7820026619;sankt-petersburg;33.12;33
7804518892;sankt-petersburg;96.02;96
9701122490;moscow city;10.83;10
5260450829;nizhni novgorod;68.32;68
3234050002;bryansk;69.10;69
3123061552;belgorod;62.01;62
9109030810;crimea;25.11;25
4205275758;kemerovo;73.11;73
4028028229;kaluga;73.20;73
7801735063;sankt-petersburg;47.76;47
2537033477;primorsky terr.;68.32.10;68
7801706305;sankt-petersburg;41.20;41
4105041749;kamchatka;68.32.20;68
5612046900;orenburg;56.10;56
7719482282;moscow city;42.21;42
8911026495;yamal-nenets ao;68.20;68
1007006998;karelia;52.21.24;52
1800006099;udmurtia;56.10;56
5027189419;moscow city;41.20;41
0100002097;adygeya;62.01;62
3808282217;irkutsk;41.20;41
0571019126;dagestan;68.31;68
1624016187;tatarstan;41.20;41
9200011172;sevastopol;62.01;62
5032276882;moscow reg.;58.19;58
1686025897;tatarstan;93.19;93
1001245830;karelia;70.22;70
9305011684;donetsk;56.30;56
5404379457;novosibirsk;69.10;69
7708425677;moscow city;41.20;41
0277128096;bashkortostan;62;62
9001021000;zaporizhzhia;49.41;49
2804021156;amur;94.99;94
7203229060;tyumen;25.11;25
3834013228;irkutsk;52.21.24;52
5903135897;perm;69.10;69
5404021453;novosibirsk;69.10;69
5101310960;murmansk;56.29;56
6165206646;rostov;70.22;70
1215179350;marij el;52.29;52
5914025504;perm;68.32.20;68
1326176837;mordovia;52.21.24;52
1659169018;tatarstan;68.20;68
6155038255;rostov;71.12.12;71
9102055693;crimea;42.11;42
7536165920;zabaikalsk terr.;45.32;45
4909107220;magadan;69.20;69
3904052978;kaliningrad;86.23;86
1215119449;marij el;25.90;25
9721126422;moscow city;43.22;43
5402030822;novosibirsk;71.12.20;71
4400013450;kostroma;49.41;49
2801276269;amur;41.20;41
5507105232;omsk;69.10;69
2124010679;chuvashia;52.21.24;52
8905068867;yamal-nenets ao;56.30;56
2635252519;stavropol;43.29;43
7813654115;sankt-petersburg;73.11;73
0816038880;kalmykia;49.32;49
7728707670;moscow city;45.10;45
4345523383;kirov;46.69;46
0801006830;kalmykia;01.11;01
5700010476;oryol;71.12.41;71
7736325890;moscow city;78.30;78
9310012901;donetsk;41.20;41
0273912662;bashkortostan;25.11;25
1841091167;udmurtia;31.09;31
2632052663;stavropol;18.12;18
0323377149;buryatia;71.12;71
5031141339;moscow reg.;43.29;43
6501259358;sakhalin;42.21;42
9303037655;donetsk;69.10;69
4345437952;kirov;69.10;69
9201505801;sevastopol;25.93;25
1841098451;udmurtia;86.10;86
5607046076;orenburg;25.62;25
5029270087;moscow reg.;62.03.13;62
5003095828;zabaikalsk terr.;70.22;70
9728094096;moscow city;41.20;41
7536156771;zabaikalsk terr.;70.22;70
0816037936;kalmykia;68.32.10;68
3257085210;bryansk;70.22;70
3665828311;voronezh;62.02;62
4345402710;kirov;45.20;45
7448158843;chelyabinsk;49.40;49
7802949519;sankt-petersburg;70.22;70
9309002715;donetsk;56.10;56
5030089911;moscow reg.;56.10;56
4028045312;kaluga;69;69
9103087472;crimea;79.90.10;79
1646014747;tatarstan;69.10;69
7203456955;kurgan;25.62;25
6685122590;sverdlovsk;73.11;73
7606048772;yaroslavl;93.19;93
5013051308;moscow reg.;86.21;86
6150056370;rostov;56.10;56
4500013823;kurgan;93.19;93
7300032616;ulyanovsk;47.11;47
7451300289;chelyabinsk;56.29;56
7447272624;chelyabinsk;68.32.10;68
7724767188;moscow city;43.11;43
0816040093;kalmykia;43.22;43
5405115432;novosibirsk;68.32.10;68
1620005353;tatarstan;68.20;68
9723217450;moscow city;41.20;41
5904374418;perm;45.31;45
5056012180;moscow reg.;68.20;68
7203400180;tyumen;56.10;56
7806045465;sankt-petersburg;47.11;47
1655345449;moscow city;72.19;72
3306005040;vladimir;94.20;94
2543060366;primorsky terr.;47.25;47
2626050330;stavropol;86.90.90;86
9725144670;moscow city;62.01;62
9719031244;moscow city;47.78;47
9728074501;moscow city;14.19.50;14
9303021849;zaporizhzhia;47.30;47
8604068567;khanty-mansijsk;49.39;49
4826147163;lipetzk;43.91;43
7604364194;yaroslavl;73.11;73
7017097233;tomsk;45.30;45
4826141637;lipetzk;41.20;41
3127017709;belgorod;70.22;70
6136016841;rostov;94.99;94
3100027428;belgorod;75;75
3906122123;kaliningrad;42.21;42
9705196373;moscow city;46.90;46
7838118540;omsk;20.59.50;20
7100028154;tula;93.12;93
1685002992;tatarstan;49.41;49
5043038015;moscow reg.;86.23;86
7610135259;yaroslavl;56.10;56
5433956476;novosibirsk;46.71.20;46
7725577398;moscow city;69;69
2464247604;krasnoyarsk;46.71;46
0102002399;adygeya;43.21;43
2813011690;amur;62.01;62
7606118645;yaroslavl;69.10;69
2723174330;khabarovsk;43.39;43
4205311188;kemerovo;69.10;69
2625048232;stavropol;46.90;46
0107027559;adygeya;45.11.20;45
2635800155;stavropol;73.11;73
7734445535;moscow city;71.20.80;71
7724324651;vladimir;45.20;45
4025073110;kaluga;47.19.10;47
5321194893;novgorod;41.20;41
6025999057;pskov;71.20.40;71
5612173930;orenburg;62.01;62
7730273109;moscow city;46.73;46
2130058277;chuvashia;86.21;86
7816587925;sankt-petersburg;25.62;25
8608061629;khanty-mansijsk;70.21;70
3528319760;vologda;69.20;69
7202011777;tyumen;25.12;25
2130080868;chuvashia;86;86
1616033301;tatarstan;46.69.80;46
7500011638;zabaikalsk terr.;73.11;73
7448229269;chelyabinsk;45.31;45
5036159883;moscow reg.;25.62;25
1425005920;yakutia;88.99;88
6674330863;sverdlovsk;93.19;93
5611083578;orenburg;70.22;70
6722034916;smolensk;08.12;08
0816012995;kalmykia;86.10;86
2983014258;nenets ao;47.25;47
0278915836;bashkortostan;73.11;73
0268023160;bashkortostan;46.39.20;46
1683012498;tatarstan;49.41;49
7447280713;chelyabinsk;56.10;56
7813664402;sankt-petersburg;86.90;86
9722074569;moscow city;46.73;46
9304014788;donetsk;47.73;47
4825051814;lipetzk;69.10;69
5754201205;oryol;47.19;47
2461221580;krasnoyarsk;86.23;86
4100045612;kamchatka;46.69.80;46
1674002341;tatarstan;64.99;64
7202143653;tyumen;56.10;56
9701032328;moscow city;41.20;41
3435095571;volgograd;56.10;56
5615019510;orenburg;43.21;43
7805666526;sankt-petersburg;56.10;56
4029042307;kaluga;52.21.24;52
7202193132;tyumen;73.11;73
5005019621;moscow reg.;68.32.20;68
2540219418;primorsky terr.;73.11;73
2124023540;chuvashia;68.32.10;68
7730193005;moscow city;93.12;93
0500005159;dagestan;56.10;56
7708371887;moscow city;46.69;46
2460041271;krasnoyarsk;73.11;73
4212046364;kemerovo;41.20;41
3455000440;volgograd;64.90;64
2901303501;arkhangelsk;93.19;93
7500015294;zabaikalsk terr.;31.09;31
7117503680;tula;45.20;45
2901303075;arkhangelsk;45.31;45
7103040960;tula;41.20;41
4705094397;leningrad;52.24.10;52
5614020752;orenburg;71.20;71
3906413901;kaliningrad;62.01;62
5609194440;orenburg;93.12;93
5190097131;murmansk;62.01;62
3250504077;bryansk;69.10;69
3428986810;volgograd;47.25.10;47
4205053554;kemerovo;73.11;73
0400020354;altai rep.;86.21;86
0703008691;kabardino-balkaria;47.30;47
6671288571;sverdlovsk;41.20;41
9201004770;sevastopol;43.22;43
7718620564;moscow city;68.20;68
0300005384;buryatia;41.20;41
3100024547;belgorod;86.90.30;86
7811610472;sankt-petersburg;56.10;56
7743939442;moscow city;46.49;46
9723230877;moscow city;01.61;01
5609076911;orenburg;71.11;71
9200014712;sevastopol;70.22;70
0105038604;adygeya;41.20;41
5402083937;novosibirsk;46.72;46
5405983527;novosibirsk;62.02;62
2306026137;krasnodar;46.21;46
0313032184;buryatia;69.10;69
1215089515;marij el;46.90;46
4705066449;leningrad;52.24.20;52
5190995752;murmansk;69.10;69
2261001073;altai terr.;86.23;86
8602082372;khanty-mansijsk;41.20;41
4205369678;kemerovo;42.21;42
9703102700;moscow city;26.20;26
5752082810;oryol;41.10;41
7802839812;sankt-petersburg;63.11.10;63
2907008870;arkhangelsk;01.41;01
4909129464;magadan;71.12;71
5703008468;oryol;70.22;70
3413010165;rostov;01.10;01
7224091335;tyumen;41.20;41
3316016789;vladimir;47.10;47
0105006850;adygeya;41.20;41
2635216415;stavropol;43.21;43
3665147810;voronezh;73.11;73
9102282752;crimea;01.21;01
7017304338;tomsk;47.99;47
0326508311;buryatia;42.11;42
7602020504;yaroslavl;94.12;94
4908013940;magadan;69;69
7204109440;tyumen;43.21;43
1717009016;tuva;01.41;01
3915452745;kaliningrad;45.20;45
5257123571;nizhni novgorod;68.32.10;68
4345525341;kirov;56.10;56
7017479345;tomsk;93.19;93
6949109122;tver;47.73;47
7017412534;tomsk;25.50.10;25
1435252580;yakutia;68.32;68
9728081298;moscow city;41.20;41
6025000243;pskov;25.11;25
6670417739;sverdlovsk;62.09;62
6319114571;samara;25.11;25
2311298295;krasnodar;46.21.11;46
1427009977;yakutia;01.43.10;01
5829007141;penza;86.23;86
7024043158;tomsk;56.30;56
9500016855;kherson;41.20;41
7704400223;novosibirsk;52.10;52
2543168810;primorsky terr.;62.01;62
7327030310;ulyanovsk;69.10;69
3904612740;kaliningrad;86.23;86
9704144407;moscow city;46.76.40;46
2901259411;arkhangelsk;86.21;86
3702508640;ivanovo;70.22;70
8905069540;yamal-nenets ao;41.20.10;41
0273022099;bashkortostan;52.21.24;52
6671108638;sverdlovsk;68.32;68
5601022495;orenburg;10.51;10
5041018359;moscow reg.;62.01;62
7327098163;ulyanovsk;70.22;70
0573000473;dagestan;52.29;52
1101010494;komi;43.30;43
1655068675;tatarstan;70.22;70
1101088148;komi;68.20.20;68
3257037199;bryansk;46.33;46
4027086644;kaluga;71.20.90;71
7203335573;tyumen;52.29;52
1327037000;mordovia;71.20.90;71
5834052608;penza;73.11;73
6005003750;pskov;86.21;86
9713005600;moscow city;52.10;52
5321204157;novgorod;71.20;71
0700010406;kabardino-balkaria;94.99;94
7728854642;moscow city;82.99;82
2208019325;altai terr.;52.21.24;52
3446047876;volgograd;73.10;73
7100055302;tula;46.46;46
7609003177;yaroslavl;94.20;94
0100004506;adygeya;52.21.22;52
6451129706;saratov;68.20.20;68
2923000162;arkhangelsk;01.41;01
5503138928;omsk;56.30;56
6321319833;samara;79.11;79
6679077300;sverdlovsk;22.22;22
7610104162;yaroslavl;41.20;41
2543017829;primorsky terr.;47.11;47
7000015610;tomsk;71.12.20;71
1001285738;karelia;69.20;69
5905220925;perm;86.10;86
3250528790;bryansk;70.22;70
9406015318;luhansk;43.22;43
1402048558;yakutia;69.10;69
3700001855;ivanovo;62.02;62
0277924387;bashkortostan;73.11;73
7727273910;kursk;70.22;70
4400011318;kostroma;86.21;86
0276176450;bashkortostan;46.14;46
0543002113;dagestan;56.10;56
3300001875;vladimir;56.10.10;56
5047025585;moscow reg.;69.20.10;69
7121026172;tula;01.11;01
7536170085;zabaikalsk terr.;47.19;47
4401087341;kostroma;43.21;43
7751278690;moscow city;62.02;62
2225185442;altai terr.;93.10;93
2536337345;primorsky terr.;45.31.10;45
0107019220;krasnodar;68.32;68
0274153070;bashkortostan;41.20;41
7801363584;sankt-petersburg;72.20;72
7100055528;tula;24.20;24
0509008122;dagestan;56.29;56
7017220818;tomsk;93.10;93
4400014894;kostroma;02.20;02
3327835740;vladimir;70.22;70
4400001567;kostroma;46.41;46
4025050096;kaluga;94.99;94
7017484000;tomsk;62.02;62
0917012960;karachaevo-chercessia;52.21.21;52
9718207093;moscow city;43.21;43
8603216614;khanty-mansijsk;49.41.10;49
0900002096;karachaevo-chercessia;46.75.10;46
3232034340;bryansk;68.20.20;68
5027207668;moscow reg.;71.20.30;71
5018104433;moscow reg.;56.10;56
4704068940;leningrad;49.41.20;49
9710095797;moscow city;46.71;46
9721153909;moscow city;43.31;43
3255065842;bryansk;94.99;94
4632078915;kursk;70.10.20;70
5908070227;perm;49.30;49
6312205741;samara;46.15.30;46
7816487889;sankt-petersburg;46.40;46
2720061459;khabarovsk;01.61;01
7716868922;moscow city;68.20.20;68
6345003684;samara;47.73;47
4720009075;leningrad;52.21.24;52
5003002492;moscow reg.;42.22;42
0308161265;buryatia;01.13;01
5027288787;ingushetia;47.71;47
4105019824;kamchatka;68.32.20;68
0278191911;bashkortostan;79.10;79
5042136066;moscow reg.;49.40;49
7802932018;sankt-petersburg;41.20;41
0256020366;bashkortostan;93.10;93
6450942348;saratov;70.22;70
1832128967;udmurtia;46.42;46
7904505569;jewish ao;01.11;01
7806417547;sankt-petersburg;82.99;82
7722401780;moscow city;87.90;87
3666245778;voronezh;46.43;46
6727019012;kaluga;62;62
3123456085;sankt-petersburg;46.34;46
3811143238;irkutsk;46.46;46
5402060697;novosibirsk;41.20;41
4028064957;kaluga;62.01;62
3666182091;voronezh;41.20;41
4205372857;kemerovo;25.11;25
9704178170;moscow city;41.20;41
7727546758;moscow city;41.20;41
6102041575;rostov;52.29;52
1648045525;tatarstan;52.29;52
7708204117;moscow city;68.32.20;68
5903158260;perm;25.62;25
7203492375;tyumen;86.90.90;86
5050145628;moscow reg.;47.11;47
4025428437;kaluga;94.99;94
2312302057;krasnodar;46.73;46
7726744901;yakutia;43.21;43
5029213547;moscow reg.;46.69.80;46
0105051348;adygeya;69.10;69
7814826624;sankt-petersburg;45.31;45
1657259202;tatarstan;42.11;42
9404002779;luhansk;01.11;01
2543127525;primorsky terr.;52.29;52
5190144166;murmansk;68.32.10;68
6683004880;sverdlovsk;46.73.60;46
5190149090;murmansk;70.22;70
7733379520;moscow city;41.20;41
4100050387;kamchatka;41.20;41
0411171740;altai rep.;47.52;47
5072006804;moscow reg.;71.20.90;71
6319180574;samara;43.29;43
1701062896;tuva;56.10;56
1655498519;tatarstan;62.01;62
0312016430;buryatia;70.22;70
6950186883;tver;73.11;73
5214008542;nizhni novgorod;47.20;47
6950254195;tver;93.29;93
3900009361;kaliningrad;01.45.10;01
4101176463;kamchatka;62.01;62
2130233708;chuvashia;45.20;45
1657190864;tatarstan;46.73.60;46
3305058561;vladimir;73.10;73
9201525910;sevastopol;86.22;86
0816019077;kalmykia;01.41;01
7413030031;chelyabinsk;25.94;25
7224024850;tyumen;73.20.10;73
3231000099;bryansk;42.21;42
5603045709;orenburg;93.19;93
5070010410;moscow reg.;13.94;13
9705178857;moscow city;42.99;42
6314037490;samara;73.11;73
7448245856;chelyabinsk;47.91;47
2801266045;amur;71.12.20;71
3446039272;volgograd;62.09;62
9727072501;moscow city;46.72;46
6215006719;ryazan;68.32.20;68
5610241285;orenburg;62.01;62
6320067799;samara;93.19;93
6732173309;smolensk;93.19;93
1324000806;mordovia;70.22;70
7726420343;moscow city;46.49.33;46
7405012046;chelyabinsk;86.23;86
0326586172;buryatia;73.20;73
5003998636;moscow reg.;69.10;69
6501214950;sakhalin;86.10;86
6829911454;tambov;73.20;73
2410004490;krasnoyarsk;01.41.11;01
5012028592;moscow reg.;45.20.10;45
9715419371;moscow city;62.01;62
9001019032;zaporizhzhia;94.99;94
2460091522;krasnoyarsk;69.10;69
4632133034;kursk;93.19;93
4802009887;lipetzk;47.10;47
7100037092;tula;43.29;43
2901310241;arkhangelsk;46.65;46
3123108994;belgorod;42.11;42
3662312600;voronezh;56.10;56
2624013149;stavropol;47.11;47
1435362696;yakutia;43.99;43
1326247407;mordovia;01.70;01
0726011700;kabardino-balkaria;69.10;69
7453352010;chelyabinsk;86.90;86
7604099080;tula;69.20;69
5075038748;moscow reg.;49.41;49
3801052824;irkutsk;42.91.50;42
2700011650;khabarovsk;41.20;41
7446048965;chelyabinsk;41.20;41
2100010895;chuvashia;49.41;49
9204563270;sevastopol;93.11;93
2305021136;krasnodar;47.73;47
9308024385;donetsk;94.99;94
3200000532;bryansk;93.12;93
3851020433;irkutsk;46.90;46
9406012839;luhansk;86.23;86
2222901970;altai terr.;70.22;70
8911015493;yamal-nenets ao;62.02;62
3019021056;astrakhan;42.11;42
9204572860;sevastopol;45.31;45
9703110275;moscow city;46.51;46
7806103195;sankt-petersburg;68.20.20;68
2807032822;amur;43.21;43
7842225030;sankt-petersburg;45.11;45
7206032062;tyumen;01.41;01
3334024101;vladimir;62.01;62
5248046458;nizhni novgorod;43.31;43
5206024942;nizhni novgorod;49.30;49
0814136314;kalmykia;70.22;70
1828006130;udmurtia;52.21.24;52
5256192981;nizhni novgorod;27.90;27
4345382975;kirov;93.11;93
6450061773;saratov;47.59;47
5501263465;omsk;31.09;31
9705108828;moscow reg.;93.13;93
0554000213;dagestan;68.32.10;68
2902088504;arkhangelsk;71.12;71
2721248280;khabarovsk;93.29;93
4626006292;kursk;70.10.10;70
5321144356;novgorod;68.32.10;68
7415106141;chelyabinsk;01.11;01
9724108171;moscow city;41.20;41
3015112859;astrakhan;71.20;71
1400020941;yakutia;52.21;52
3303035833;vladimir;56.10.10;56
4345124847;kirov;46.40;46
4307019087;kirov;56.10;56
6027198246;pskov;49.41;49
4027126248;kaluga;46.69;46
6500002448;sakhalin;43.11;43
5040147055;moscow reg.;86.23;86
5753075036;oryol;86.23;86
6685105595;sverdlovsk;41.20;41
6025025671;pskov;10.20;10
7604344649;yaroslavl;49.41;49
6658521229;sverdlovsk;94.99;94
0700005163;kabardino-balkaria;62.01;62
1840072771;udmurtia;25.61;25
2129015448;chuvashia;73.11;73
6800011027;tambov;47.73;47
7709677645;moscow city;77.12;77
1512006230;north ossetia;45.20;45
7100048922;tula;85.42;85
5404400606;novosibirsk;52.29;52
7325900769;ulyanovsk;52.21.24;52
9500014135;kherson;46.46;46
3442111680;volgograd;69.20.10;69
2901261530;arkhangelsk;68.20.20;68
4720030768;leningrad;46.47.30;46
2723180951;khabarovsk;46.73.40;46
3123473108;belgorod;46.73.30;46
9200014617;sevastopol;41.20;41
8905039792;yamal-nenets ao;43.21;43
1102084604;komi;69.10;69
2801210500;amur;70.22;70
6234122862;ryazan;71.12.13;71
0920000026;karachaevo-chercessia;69.10;69
7707553267;moscow city;68.20;68
9715403477;moscow city;41.20;41
2366041443;krasnodar;68.32.10;68
9402008327;luhansk;71.20;71
4345277434;kirov;46.10;46
6800008426;tambov;86.22;86
0268100104;bashkortostan;86.22.10;86
1218003298;marij el;52.29;52
4712028148;leningrad;43.12.30;43
7706539904;moscow city;69.20;69
2903012561;arkhangelsk;47.71.10;47
3443123279;volgograd;70.22;70
4431001165;kostroma;01.10;01
2462072758;krasnoyarsk;43.29;43
4501147467;kurgan;71.20;71
7715880081;moscow city;33.14;33
3528283828;vologda;73.11;73
5001123413;leningrad;94.99;94
2122002827;chuvashia;68.32.10;68
1674001274;tatarstan;71.12.70;71
2511120622;primorsky terr.;46.90;46
4029042113;kaluga;71.10;71
0603009892;ingushetia;47.61;47
7801634058;sankt-petersburg;56.10;56
2536282174;primorsky terr.;47.91.20;47
3328102111;vladimir;68.32.10;68
7456052897;chelyabinsk;93.12;93
3805736254;irkutsk;02.20;02
9728110936;moscow city;73.11;73
5507198597;omsk;69.20;69
0901022289;karachaevo-chercessia;56.10;56
6027206585;pskov;49.41;49
5038054117;moscow reg.;46.40;46
3524016476;vologda;01.47;01
7807316485;sankt-petersburg;86.90.90;86
5904370822;perm;71.20;71
4632186597;kursk;62.09;62
0800017719;kalmykia;41.20;41
0105076720;adygeya;94.99;94
4205246436;kemerovo;56.10;56
5258071630;nizhni novgorod;68.20;68
5404315157;novosibirsk;15.20;15
6000007173;pskov;93.19;93
7508006245;zabaikalsk terr.;47.25;47
5501272068;omsk;45.11.30;45
0411173560;altai rep.;94.20;94
6950231656;tver;70.22;70
4703131438;leningrad;47.73;47
9001019530;zaporizhzhia;68.10;68
5104000029;murmansk;86;86
3257063706;bryansk;71.12;71
3461066351;volgograd;01.13.60;01
6800003675;tambov;62.01;62
3525266013;vologda;70.22;70
2706999370;khabarovsk;01.70;01
0600015288;ingushetia;01.41;01
5505218618;omsk;25.11;25
0601030786;ingushetia;93.11;93
3900016753;kaliningrad;30.11;30
9717115594;moscow city;46.71.20;46
4706041687;leningrad;49.41;49
1901102850;khakasia;43.12;43
1207001740;marij el;01.19;01
5032311382;moscow reg.;46.31;46
3128142283;belgorod;46.21.13;46
6714050287;smolensk;49.41;49
2723191181;khabarovsk;46.39;46
8905063386;yamal-nenets ao;71.20.40;71
9201519917;sevastopol;94.12;94
3257034293;bryansk;70.22;70
5501268128;omsk;43.99;43
5507147909;tambov;73.11;73
7453300372;chelyabinsk;46.72;46
5410015049;novosibirsk;77.40;77
4632033640;kursk;42.99;42
7901541262;jewish ao;46.73.60;46
3629000748;voronezh;01.11.10;01
0608006905;ingushetia;43.21;43
3908032757;kaliningrad;71.12.40;71
7017463560;tomsk;47.19;47
7725383515;moscow city;73.11;73
5313990010;novgorod;93.10;93
3254000440;bryansk;42.99;42
1000015143;karelia;70.22;70
4706048273;leningrad;94.99;94
5259138365;nizhni novgorod;46.71.20;46
4632287860;kursk;94.99;94
9403017973;luhansk;52.21;52
8602268578;khanty-mansijsk;86.10;86
7014017769;tomsk;68.32.20;68
1831200160;udmurtia;47.11;47
4406008287;kostroma;47.73;47
2635261182;stavropol;86.22.10;86
3702268413;ivanovo;49.41;49
1655467013;tatarstan;49.41;49
6318184079;samara;47.50;47
7203515791;tyumen;47.78.90;47
6166098626;rostov;46.73;46
6672258403;moscow city;63.11.10;63
3900009562;kaliningrad;42.99;42
7224053347;tyumen;68.20;68
0917025736;karachaevo-chercessia;69.10;69
9110011442;crimea;52.21.24;52
6686025938;sverdlovsk;46.90;46
1901125448;khakasia;25.12;25
2902051825;arkhangelsk;56.30;56
2100012194;chuvashia;49.41;49
7734447476;moscow city;46.72;46
9725120358;moscow city;47.11;47
0264076274;bashkortostan;25.61;25
9721201905;moscow city;43.21;43
7732505228;moscow city;46.62;46
2724224986;khabarovsk;43.12;43
5261136252;nizhni novgorod;56.30;56
5905071511;perm;47.91;47
5405030108;novosibirsk;41.20;41
2014011285;chechnya;56.10;56
2902090609;arkhangelsk;42.11;42
1701003971;tuva;49.41.10;49
2222892500;altai terr.;80.20;80
6200001757;ryazan;49.41;49
6015005468;pskov;49.31.20;49
7725168483;moscow city;64.99;64
6659078360;sverdlovsk;93.21;93
5113001205;murmansk;86;86
6317050682;samara;68.32.10;68
3528337826;vologda;41.20;41
4401191550;kostroma;62.09;62
6731055743;smolensk;68.20.20;68
6501289874;sakhalin;42.99;42
3528051016;vologda;68.20.20;68
7017336523;tomsk;62.01;62
4003035552;kaluga;69.20;69
6501165999;sakhalin;47.78.90;47
7727496881;moscow city;47.52.70;47
7733235454;moscow city;46.73;46
9726039050;moscow city;43.21;43
3528094355;vologda;68.32.10;68
3834014782;irkutsk;02.20;02
4345209628;kirov;73.11;73
3702001480;ivanovo;73.11;73
7603057592;yaroslavl;52.29;52
9709034180;moscow city;25.11;25
6901027400;tver;68.32;68
0814012492;kalmykia;70.22;70
7104519523;tula;86.23;86
5038174069;moscow reg.;52.10;52
0273937593;bashkortostan;73.11;73
6021006903;pskov;41.20;41
4706083609;leningrad;68.32;68
2983001851;nenets ao;41.20;41
4253044535;kemerovo;15.20;15
2628040954;stavropol;43.30;43
6200008745;ryazan;70.22;70
2309179766;krasnodar;69.10;69
1840019457;udmurtia;74.10;74
1660365401;tatarstan;46.74;46
3123465442;belgorod;93.19;93
6234194031;ryazan;42.21;42
0411172366;altai rep.;41.20;41
7203186314;tyumen;25.12;25
5321185722;novgorod;25.11;25
6829010869;tambov;11.07.20;11
5448952812;novosibirsk;46.32;46
3849036612;irkutsk;47.52;47
2901203024;arkhangelsk;46.70;46
3443151371;volgograd;41.20;41
3810033722;irkutsk;35.30.14;35
4401112291;kostroma;70.22;70
2723107373;khabarovsk;56.10;56
3702235224;ivanovo;45.31;45
6501200403;sakhalin;45.31.10;45
3922502718;kaliningrad;01.45.10;01
5310018575;novgorod;73.11;73
7801202072;sankt-petersburg;47.52.73;47
5260464170;nizhni novgorod;41.20;41
3257020170;bryansk;42.21;42
6670382500;sverdlovsk;46.40;46
5262123506;nizhni novgorod;68.10;68
8709907474;chukotka;01.70;01
0572013021;dagestan;62.09;62
2013800495;chechnya;62.01;62
2804020787;amur;93.12;93
7002012068;tomsk;49.40;49
5315005805;novgorod;46.90;46
7446042554;chelyabinsk;70.22;70
0917035660;karachaevo-chercessia;52.21.22;52
3700016474;ivanovo;86.22.10;86
2348039956;krasnodar;01.11;01
1216023919;marij el;46.69.90;46
7718531723;moscow city;43.32;43
6162087609;rostov;52.29;52
5981012324;perm;16.10;16
0572001724;dagestan;52.29;52
7816466328;sankt-petersburg;69.20;69
9704177473;moscow city;46.90;46
1215186438;marij el;58.11;58
5753074900;oryol;28.30.30;28
2365031266;krasnodar;25.11;25
3663166327;voronezh;94.99;94
7325133430;ulyanovsk;62.09;62
0721000180;kabardino-balkaria;68.20.20;68
4253047920;kemerovo;73.11;73
7724180671;moscow city;68.32.10;68
3328433226;vladimir;45.20;45
1400022459;yakutia;71.12;71
7714461553;moscow city;86.23;86
8619008465;khanty-mansijsk;52.29;52
2539048285;primorsky terr.;46.72.20;46
3311014386;vladimir;68.20.20;68
7816470525;sankt-petersburg;28.99;28
0502007190;dagestan;43.39;43
2463200716;krasnoyarsk;68.20.20;68
9722073318;moscow city;41.20;41
6311157492;samara;43.12.30;43
6829157830;tambov;49.41;49
2005012571;chechnya;73.11;73
1328011936;mordovia;52.29;52
1326204548;mordovia;71.12;71
3851025287;irkutsk;23.63;23
7453129527;chelyabinsk;42.21;42
5031143368;moscow reg.;81.22;81
2460122918;krasnoyarsk;43.22;43
5812009493;penza;49.41;49
7714892172;moscow city;43.22;43
9311011749;donetsk;56.10;56
5834033771;penza;70.22;70
6726022830;smolensk;70.10.10;70
7839502565;sankt-petersburg;69.20;69
3327106018;vladimir;70.22;70
1109016610;komi;45.31;45
3663080341;voronezh;45.31.10;45
3460074991;volgograd;73.11;73
2703053867;khabarovsk;42.11;42
6612059107;sverdlovsk;46.71;46
6828008320;tambov;25.11;25
3528212369;vologda;52.29;52
5005074037;moscow reg.;49.41;49
8609321090;khanty-mansijsk;94.99;94
7604134031;yaroslavl;86.23;86
6950269882;tver;25.62;25
1685001879;tatarstan;49.41;49
4029055056;kaluga;56.10.10;56
3257055631;bryansk;94.99;94
2334015930;krasnodar;25.12;25
0814030220;kalmykia;68.20.20;68
7900005780;jewish ao;01.11;01
8603151533;khanty-mansijsk;68.32.10;68
2466063240;krasnoyarsk;94.99;94
8202001001;kamchatka;01.49.40;01
5262351164;nizhni novgorod;73.11;73
9715330437;moscow city;41.20;41
9703113854;moscow city;46.73;46
8602312989;khanty-mansijsk;43.99.90;43
2224007334;altai terr.;62.01;62
2532010878;primorsky terr.;47.74;47
5042163398;moscow reg.;31.09;31
5612171996;orenburg;68.32.20;68
3518010042;vologda;68.32;68
2224165845;altai terr.;73.11;73
4345240963;kirov;69.10;69
3812532413;irkutsk;47.11.20;47
2707009308;khabarovsk;49.31.20;49
1516615634;north ossetia;45.20.10;45
6950254808;tver;73.11;73
7720471165;moscow city;59.12;59
5075023830;moscow reg.;01.13.30;01
7814455539;sankt-petersburg;86.23;86
5261013740;nizhni novgorod;68.32.10;68
8709013910;chukotka;47.52.70;47
2703045545;sverdlovsk;41.20;41
1646048351;tatarstan;70.22;70
5904292620;perm;46.66;46
0276955294;bashkortostan;49.42;49
3528231570;vologda;46.62.20;46
8602315370;khanty-mansijsk;71.12.20;71
7751238271;moscow city;69.10;69
7723769827;moscow city;43.39;43
5020092383;moscow reg.;46.49;46
1903024318;khakasia;52.29;52
6324006758;samara;68.32.10;68
1435327772;yakutia;73.20;73
9203547645;sevastopol;68.32;68
5102007692;murmansk;49.41;49
4818009233;lipetzk;23.61;23
3604082474;voronezh;68.20.20;68
7901547578;jewish ao;68.32.10;68
8605033341;khanty-mansijsk;56.29;56
5050155986;moscow reg.;93.19;93
4028063576;kaluga;25.62;25
7733357830;moscow city;41.20;41
2465362430;krasnoyarsk;27.40;27
1652008928;tatarstan;47.19;47
7415074010;chelyabinsk;47.73;47
2014018795;chechnya;68.20;68
0515016347;dagestan;94.99;94
3123420603;belgorod;73.11;73
7802859720;sankt-petersburg;41.20;41
5904243398;perm;68.32.10;68
7708768748;moscow city;71.10;71
7604111193;yaroslavl;46.69;46
4401023203;kostroma;25.61;25
3255503599;bryansk;49.40;49
0725025637;kabardino-balkaria;49.20.90;49
3436101203;volgograd;52.21.24;52
7500011451;zabaikalsk terr.;25.11;25
7714996968;moscow city;68.32;68
1513039534;north ossetia;46.14;46
6230078370;ryazan;45.10;45
6670328214;tyumen;58.13;58
3444162986;volgograd;70.22;70
2311132606;krasnodar;68.32;68
7801320037;sankt-petersburg;62.01;62
2536318960;primorsky terr.;42.21;42
7009004041;tomsk;86.10;86
1512009304;north ossetia;01.11.10;01
5190195629;murmansk;46.69;46
7449146914;chelyabinsk;43.21;43
8904091327;yamal-nenets ao;93.12;93
6923002343;tver;01.11.10;01
4025437640;kaluga;69.10;69
5406791634;novosibirsk;01.11.10;01
7731341552;moscow city;70.22;70
5403364553;novosibirsk;25.50.10;25
4345519274;kirov;62.01;62
6452105338;saratov;01.11;01
4620000150;kursk;25.99.23;25
1001191896;karelia;62.01;62
7411023832;chelyabinsk;46.39.10;46
7203420050;tyumen;93.12;93
2454030602;krasnoyarsk;49.41;49
6660089422;sverdlovsk;52.21.24;52
7717647500;moscow city;69;69
9310015638;donetsk;56.10;56
0272924351;bashkortostan;70.10;70
9410009035;luhansk;46.90;46
2511126215;primorsky terr.;52.21;52
6904007378;tver;62.01;62
2116830607;chuvashia;94.20;94
6670006898;sverdlovsk;68.20;68
2466210261;krasnoyarsk;52.29;52
7610077374;yaroslavl;43.30;43
6231058376;ryazan;94.99;94
6229100045;ryazan;43.39;43
7805669904;sankt-petersburg;23.63;23
7224085532;tyumen;52.23.13;52
9721124591;moscow city;41.20;41
2318006047;krasnodar;47.10;47
1400036067;yakutia;25.62;25
7735206956;moscow city;73.12;73
1514000593;north ossetia;01.43.10;01
4826143225;lipetzk;41.20;41
9725030425;moscow city;94.12;94
8700001639;chukotka;94.99;94
2801176169;amur;47.50;47
2636802437;stavropol;49.40;49
5614082942;orenburg;01.49.10;01
4401160859;kostroma;42.21;42
6623116928;sverdlovsk;69.10;69
5405032793;novosibirsk;62.01;62
1415007943;yakutia;01.41;01
7203470639;tyumen;56.10;56
4028073327;kaluga;46.23;46
7100034817;tula;41.20;41
7718672410;moscow city;28.29;28
5075370350;moscow reg.;68.32.10;68
5024167618;moscow city;46.90;46
3702707251;ivanovo;42.99;42
3804018814;irkutsk;52.21.24;52
0600003941;ingushetia;86.21;86
3250501830;bryansk;71.12.41;71
1017900202;karelia;94.99;94
2130228867;chuvashia;43.99;43
7726477332;belgorod;69.10;69
5607141033;orenburg;73.11;73
4100050330;kamchatka;42.11;42
3849097340;irkutsk;47.91;47
5190914697;murmansk;70.22;70
5501285099;omsk;86.21;86
4501144138;kurgan;73.11;73
6829054961;tambov;86.23;86
3019001839;astrakhan;42.11;42
1659075257;tatarstan;41.20;41
1900008519;khakasia;49.42;49
3257047694;bryansk;25.62;25
5074085576;moscow reg.;70.22;70
4502029233;kurgan;49.20;49
7130027694;tula;01.10;01
3435314583;volgograd;25.62;25
5042131318;moscow reg.;68.20;68
7411023303;chelyabinsk;86.23;86
5214013969;nizhni novgorod;69.20;69
3435128650;volgograd;62.01;62
6439088725;saratov;68.32;68
1101157345;komi;71.20.50;71
6732119679;smolensk;46.73;46
4811006970;lipetzk;01.11;01
3906363150;kaliningrad;73.11;73
6312202959;samara;42.11;42
2455028405;krasnoyarsk;42.21;42
6732113388;smolensk;94.99;94
2801258848;amur;43.22;43
4345439290;kirov;46.69;46
5257200787;nizhni novgorod;62.01;62
7840110202;sankt-petersburg;62.01;62
5018205664;moscow reg.;93.11;93
6672315549;sverdlovsk;73.10;73
6317153945;samara;71.20.90;71
6318064166;samara;46.69;46
1500008031;north ossetia;42.11;42
6829158336;tambov;25.11;25
7713445830;moscow city;46.69;46
2015010848;chechnya;62.01;62
1215148513;marij el;62.01;62
4101168127;kamchatka;41.20;41
3123140885;belgorod;68.32.10;68
9704009253;moscow city;52.21.10;52
8602266299;khanty-mansijsk;73.20;73
3257016400;bryansk;62.09;62
3234033381;bryansk;94.90;94
3906145427;kaliningrad;52.29;52
3665828590;voronezh;86.21;86
2460068227;krasnodar;62.09;62
7743717760;moscow city;46.73;46
7707466279;tambov;62.01;62
7724403744;moscow city;73.11;73
2005504615;chechnya;01.10;01
7814779251;sankt-petersburg;62.01;62
6449108561;saratov;93.29;93
7751324467;moscow city;93.29;93
5321183700;novgorod;49.41;49
3907023608;kaliningrad;46.71;46
3917056747;kaliningrad;56.10;56
6824005713;tambov;41.20;41
1903025791;khakasia;52.10.30;52
1510008633;north ossetia;52.21.24;52
6441021478;saratov;41.20;41
7804699832;sankt-petersburg;14.13;14
6312096549;samara;43.33;43
2635120304;stavropol;80.10;80
1326248753;mordovia;49.41;49
8601031914;khanty-mansijsk;94.20;94
3512000023;vologda;47.29.20;47
0400001880;altai rep.;69.10;69
1660349657;tatarstan;47.25;47
3811166490;irkutsk;43.21;43
5321185793;novgorod;42.99;42
2703057974;khabarovsk;41.20;41
5261094490;nizhni novgorod;46.73;46
5905221870;perm;52.20;52
0725019841;kabardino-balkaria;46.12;46
6663016817;sverdlovsk;71.20;71
2804016533;altai terr.;41.20;41
2129028486;chuvashia;43.21;43
7704834291;moscow city;68.32;68
1435291452;yakutia;69.10;69
7100036606;tula;71.11;71
6501264260;sakhalin;69.10;69
0608041498;ingushetia;68.32.10;68
1513005119;north ossetia;41.20;41
0326482381;buryatia;43.29;43
4100048910;kamchatka;71.12;71
1840013367;udmurtia;42.21;42
0100005877;adygeya;93.19;93
0306217843;buryatia;73.20;73
5248046786;nizhni novgorod;94.99;94
0900002635;karachaevo-chercessia;86.90.40;86
3729019936;ivanovo;73.11;73
7456028929;chelyabinsk;25.99;25
1215105573;marij el;73.11;73
7727452210;moscow city;63.99.10;63
7805568039;sankt-petersburg;63.12;63
3811156685;irkutsk;70.22;70
4826132142;lipetzk;69.10;69
9723114006;moscow city;47.91.20;47
6154070665;rostov;35.30;35
3301031128;vladimir;62.01;62
5405042914;novosibirsk;46.90;46
7606109249;yaroslavl;73.11;73
6163090202;rostov;86.21;86
7536124931;zabaikalsk terr.;68.20;68
2508118648;primorsky terr.;41.20;41
1400009730;yakutia;86.90.40;86
5809261693;penza;73.11;73
1102084932;komi;56.10;56
6450103543;saratov;94.99;94
0400010162;altai rep.;47.52;47
7710157425;moscow city;68.32.10;68
1200004068;marij el;41.20;41
6133002706;rostov;45.30;45
8602312611;khanty-mansijsk;42.22;42
2129050315;chuvashia;86.23;86
9704030760;moscow city;56.10;56
2463107989;krasnoyarsk;43.21;43
5752202644;oryol;43.21;43
1102085904;komi;42.11;42
2902031480;arkhangelsk;94.20;94
0400018010;altai rep.;42.11;42
5028036775;moscow reg.;71.12;71
0917041008;karachaevo-chercessia;41.20;41
9705065324;moscow city;52.29;52
2464255034;krasnoyarsk;47.52.20;47
4502018506;kurgan;01.61;01
5040185879;moscow reg.;68.31;68
5433977109;novosibirsk;93.12;93
7325068928;ulyanovsk;86.23;86
3512000256;vologda;47.11.20;47
8604060871;khanty-mansijsk;46.69;46
1841105050;udmurtia;41.20;41
5257097138;nizhni novgorod;52.21.24;52
4332007007;kirov;01.11;01
5406604267;novosibirsk;43.99;43
5190071302;murmansk;45.31;45
4800004080;lipetzk;73.11;73
2309177046;krasnodar;70.22;70
2511082649;primorsky terr.;25.10;25
3702241387;ivanovo;46.74;46
8901036737;yamal-nenets ao;46.13.20;46
6318233142;samara;46.73;46
7730185815;moscow city;94.99;94
6686137945;sverdlovsk;71.12;71
0321004529;buryatia;47.10;47
5904412208;perm;56.10;56
0326567998;buryatia;43.11;43
4705069425;leningrad;49.40;49
4800006288;lipetzk;46.90;46
4824095424;lipetzk;68.20.20;68
7802922309;sankt-petersburg;43.99;43
4312157685;kirov;43.39;43
7328037597;ulyanovsk;46.41.10;46
3257035392;bryansk;52.21.24;52
7100031439;tula;42.11;42
1417009791;yakutia;94.99;94
2348017663;krasnodar;01.13.30;01
4345282716;kirov;46.19;46
2221049632;altai terr.;86.21;86
0100005789;adygeya;69.10;69
7805340972;sankt-petersburg;70.22;70
4212033213;kemerovo;52.21.24;52
2635259024;stavropol;93.12;93
2632119928;stavropol;77.31;77
4703156030;kaliningrad;47.42;47
0919001314;karachaevo-chercessia;71.12.70;71
4100039464;kamchatka;70.22;70
5249132396;nizhni novgorod;16.10;16
3327850315;vladimir;73.10;73
2317059335;krasnodar;93.20;93
2311334553;krasnodar;43.21;43
0711020886;kabardino-balkaria;45.20.10;45
0572023774;dagestan;94.99;94
3906349607;kaliningrad;82.30;82
0225995323;bashkortostan;86.21;86
7602086329;chechnya;68.10;68
8603135242;khanty-mansijsk;52.21.24;52
9729306716;moscow city;62.01;62
4401165470;kostroma;47.74;47
4324004122;kirov;43.21;43
3808226928;irkutsk;73.11;73
3700011821;ivanovo;25.11;25
1225001397;marij el;45.31;45
3666271288;voronezh;56.10;56
2635251868;stavropol;70.21;70
6167202037;rostov;49.41;49
1200011499;marij el;94.99;94
6316259233;samara;17.21;17
3203004045;bryansk;86.90.40;86
5822003959;penza;42.11;42
0600003042;ingushetia;71.12;71
2818006246;amur;69.20.20;69
0272921833;bashkortostan;47.73;47
2323032860;krasnodar;47.73;47
3525457794;vologda;25.62;25
2543138735;primorsky terr.;73.11;73
3442020249;volgograd;69.10;69
2703088323;khabarovsk;56.10;56
1661065295;tatarstan;46.17;46
9707030366;moscow city;55.10;55
0411162495;altai rep.;93.29.90;93
7203498176;tyumen;49.41;49
5904236168;perm;25.61;25
5320019962;novgorod;46.60;46
5190117349;murmansk;52.22;52
1650385254;tatarstan;73.11;73
3327120090;vladimir;47.25.10;47
6452127677;saratov;46.39;46
3917520077;kaliningrad;46.43.20;46
8601072082;khanty-mansijsk;68.10;68
9102246810;crimea;71.12;71
1831201639;udmurtia;46.90;46
5650011859;orenburg;46.21.11;46
2337020431;krasnodar;49.10;49
7841482588;sankt-petersburg;46.73.60;46
6730000660;smolensk;68.20;68
1648032075;tatarstan;62.01;62
7100055937;tula;45.31;45
4703099953;leningrad;52.21.24;52
3257061219;bryansk;47.19.10;47
6318226466;samara;73.11;73
0800005128;kalmykia;86.21;86
9001002744;zaporizhzhia;01.11;01
5111016693;murmansk;47.73;47
6684007690;sverdlovsk;56.10;56
6952025000;tver;69.10;69
7424024456;chelyabinsk;41.20;41
7707474424;moscow city;46.13;46
6231010984;ryazan;94.20;94
9105006260;crimea;01.11;01
5030098472;moscow reg.;46.90;46
8603056400;khanty-mansijsk;01.20;01
4027103515;kaluga;25.62;25
4826063788;lipetzk;71.12.60;71
0100008003;adygeya;86.10;86
4400005730;kostroma;71.20.40;71
2315182245;krasnodar;45.11.20;45
1326252291;mordovia;49.41;49
5607010915;orenburg;56.29;56
2901118481;arkhangelsk;73.11;73
5031149659;moscow reg.;49.41;49
6027137042;pskov;47.52.70;47
6914018869;tver;41.20;41
5904349997;perm;69.20;69
7804467486;sankt-petersburg;93.21;93
0100005115;adygeya;45.11.20;45
3812524290;irkutsk;45.20;45
5300007729;novgorod;42.11;42
3525275794;vologda;45.11.20;45
8608203753;khanty-mansijsk;01.19;01
7415055634;dagestan;52.29;52
7715812726;moscow reg.;69.10;69
4703177344;leningrad;69.10;69
2539106265;primorsky terr.;56.10;56
6027186635;pskov;71.12;71
6623091938;sverdlovsk;41.20;41
2360015750;krasnodar;62.01;62
7708405617;moscow city;46.75.10;46
6234134561;ryazan;70.22;70
7838086697;sankt-petersburg;71.12;71
0726008955;kabardino-balkaria;71.12.70;71
0400008854;altai rep.;93.19;93
7415111977;chelyabinsk;47.91;47
8603225802;khanty-mansijsk;47.78.30;47
0600010184;ingushetia;93.29;93
3816032563;irkutsk;42.11;42
5233003109;nizhni novgorod;16.10.10;16
2315996389;krasnodar;68.10;68
6670266695;sverdlovsk;47.20;47
7701646204;moscow city;68.20.20;68
7300010475;ulyanovsk;43.29;43
0278937815;bashkortostan;68.20.20;68
4706032273;leningrad;96.09;96
1651088092;tatarstan;86.21;86
1400003865;yakutia;49.32;49
3017034444;astrakhan;10.71;10
6700010492;smolensk;47.91;47
9500001440;kherson;01.11;01
3849035626;irkutsk;52.29;52
4900016554;magadan;71.12.30;71
6909010367;tver;86.10;86
2723215481;khabarovsk;68.32;68
4205410340;kemerovo;46.71;46
2618025403;stavropol;47.91;47
5904384303;perm;22.22;22
5836657239;penza;25.12;25
2636215848;stavropol;86.23;86
3665821066;voronezh;42.21;42
7707352828;moscow city;62.01;62
9723203143;moscow city;47.19;47
4345402565;kirov;25.73;25
4345503370;kirov;62.02;62
5911060437;perm;43.30;43
6500013513;sakhalin;93.11;93
6671182720;sverdlovsk;94.99;94
7202093829;tyumen;68.32.20;68
4632125869;kursk;52.21.24;52
6832037490;tambov;52.21.24;52
2801265690;amur;52.10;52
1804001888;udmurtia;52.20;52
9103095353;crimea;70.22;70
2508078995;primorsky terr.;86.90.90;86
3334001104;vladimir;47.73;47
0100006060;adygeya;45.11.20;45
3664249946;voronezh;86.10;86
6161083344;rostov;86.21;86
4632266524;kursk;43.39;43
7735580047;moscow city;86.23;86
4004020774;kaluga;01.24;01
7724585050;bryansk;68.20.20;68
7801723822;sankt-petersburg;77.32;77
3812056919;irkutsk;71.12;71
1410008076;yakutia;70.22;70
7100042744;tula;71.20.10;71
5190919261;murmansk;03.11;03
3702041532;ivanovo;94.92;94
7310007369;ulyanovsk;80.10;80
3905054946;kaliningrad;46.90;46
3444194770;volgograd;52.29;52
3810072390;irkutsk;45.20;45
6226014630;ryazan;49.41;49
3665820986;voronezh;80.20;80
4826009124;lipetzk;52.21.24;52
1001345641;karelia;71.12.30;71
7328003485;ulyanovsk;45.31;45
7500002231;zabaikalsk terr.;49.41;49
3528087277;vologda;68.32.1;68
1686020627;tatarstan;41.20;41
9402011295;luhansk;52.21;52
0250014006;bashkortostan;45.31;45
1433030110;yakutia;46.90;46
4714019170;leningrad;41.20;41
2907011128;arkhangelsk;47.11;47
6732202172;smolensk;73.11;73
0275931188;bashkortostan;93.19;93
1400007926;yakutia;25.11;25
3851001600;irkutsk;45.20;45
6200005247;ryazan;70.22;70
6722020416;smolensk;49.41.10;49
1435275972;yakutia;43.99.30;43
3123102103;belgorod;45.31.10;45
7801724664;sankt-petersburg;69.10;69
7017213539;tomsk;52.21.24;52
6154081681;rostov;45.20.10;45
6950264860;tver;96.02;96
2630034179;stavropol;46.66;46
2465335388;krasnoyarsk;46.90;46
7718834870;moscow city;25.62;25
1001267802;karelia;68.32;68
5402579041;novosibirsk;41.20;41
9001020221;zaporizhzhia;94.99;94
7610137143;yaroslavl;43.21;43
7203522005;tyumen;71.12.20;71
3123040672;belgorod;69.20.10;69
7819018980;sankt-petersburg;80.10;80
1215207776;marij el;56.30;56
5903161047;perm;32.99;32
2700018790;khabarovsk;71.12.20;71
8608055456;khanty-mansijsk;68.20;68
6678096491;sverdlovsk;43.39;43
7704117791;moscow city;91.02;91
6312190044;samara;49.41;49
6381021216;samara;01.46;01
7203309647;tyumen;56.10;56
5834125359;penza;70.22;70
2543116121;primorsky terr.;41.20;41
2105006010;chuvashia;01.41;01
1901058696;khakasia;46.66;46
0700015274;kabardino-balkaria;56.10;56
5300011250;novgorod;70.22;70
2624036749;stavropol;70.22;70
5190123399;murmansk;93.29.90;93
7716981910;moscow city;49.41;49
5918019290;perm;47.11;47
1650323018;tatarstan;29.32;29
3811030717;irkutsk;56.10;56
9724047909;moscow city;46.49.40;46
2818005588;amur;94.99;94
1328003075;mordovia;45.20;45
7455040151;chelyabinsk;69.20.20;69
0601022633;ingushetia;86;86
2465322815;krasnoyarsk;46.73.10;46
0278061006;bashkortostan;45.20.10;45
1901027056;khakasia;45.31.10;45
1683016083;tatarstan;56.10;56
1808202779;udmurtia;73.11;73
1433026459;yakutia;52.21;52
2411024650;krasnoyarsk;80.10;80
7733422013;moscow city;81.22;81
3906406703;kaliningrad;93.19;93
2130186134;chuvashia;45.20;45
4632270175;kursk;73.11;73
4345459762;kirov;45.11;45
1328007432;mordovia;46.90;46
6725016023;smolensk;94.99;94
2361011244;krasnodar;46.90;46
5024175143;moscow reg.;79.11;79
6950051766;tver;70.22;70
5607140939;orenburg;01.70;01
6319259714;samara;46.38;46
2901301504;arkhangelsk;41.20;41
4632107651;kursk;62.09;62
6167196295;rostov;50.20;50
7801448284;sankt-petersburg;70.22;70
2724162507;khabarovsk;46.73.30;46
6167202598;rostov;46.72;46
3327311962;vladimir;71.11;71
7703656374;moscow city;43.30;43
2223054405;altai terr.;43.32;43
5040165664;moscow reg.;43.22;43
3443071542;volgograd;45.11.20;45
2130051585;chuvashia;46.30;46
4632247722;kursk;49.42;49
7203374163;tyumen;82.99;82
0276091534;bashkortostan;62.02;62
9703083303;moscow city;46.33;46
7751036229;moscow city;52.29;52
3528159147;vologda;47.19;47
1215221026;marij el;69.10;69
3257051066;bryansk;46.11;46
9202500997;sevastopol;94.99;94
6950230444;tver;47.11;47
2130188371;chuvashia;69.10;69
5045036670;moscow reg.;01.40;01
0326525123;buryatia;45.11.20;45
9724121327;moscow city;73.11;73
6211007341;ryazan;86.23;86
1838021160;udmurtia;49.41;49
6501287683;sakhalin;11.05;11
0274953799;bashkortostan;46.71;46
4501221706;kurgan;71.11;71
4205388871;kemerovo;46.63;46
0600000683;ingushetia;69.20;69
2266022172;altai terr.;01.41;01
4100048028;kamchatka;94.99;94
2465245487;krasnoyarsk;69.10;69
0400022545;altai rep.;41.20;41
6685005921;sverdlovsk;79.11;79
4101159362;kamchatka;70.22;70
9201519233;sevastopol;73.11;73
6125021776;rostov;42.21;42
5257213360;nizhni novgorod;70.22;70
4600001652;kursk;49.41;49
3702554164;ivanovo;45.20;45
5260420800;nizhni novgorod;41.20;41
9703075704;moscow city;46.72;46
2901289920;arkhangelsk;73.11;73
6102009733;rostov;43.11;43
7804682451;sankt-petersburg;47.11;47
0917036350;karachaevo-chercessia;45.32;45
7453332367;chelyabinsk;25.11;25
0276158210;bashkortostan;46.71;46
2130223851;chuvashia;46.39;46
9726004971;moscow city;85.42;85
6732062768;smolensk;46.73;46
9204552768;sevastopol;45.10;45
0700004956;kabardino-balkaria;62.01;62
0800000810;kalmykia;86.90.10;86
6330097489;samara;46.43;46
7727275321;moscow city;78.20;78
4217026749;kemerovo;82.99;82
0400015153;altai rep.;41.20;41
6154106142;rostov;69;69
2130137962;chuvashia;45.31.10;45
9200018812;sevastopol;56.10;56
6501299248;sakhalin;93.12;93
1215094378;marij el;86.23;86
3817047273;irkutsk;46.73;46
0326482462;buryatia;52.21.24;52
7716149942;moscow city;94.99;94
5407461244;novosibirsk;62.03;62
6167207109;rostov;43.39;43
6027092352;pskov;93.20;93
4100042629;kamchatka;93.11;93
4004020485;kaluga;86.23;86
6829136445;tambov;46.90;46
3801163940;irkutsk;41.20;41
4909092165;magadan;47.75;47
6950220206;tver;73.11;73
9709068090;moscow city;72.19;72
5031147940;moscow reg.;41.20;41
2130205355;chuvashia;43.91;43
7325155289;ulyanovsk;93.29;93
6603015921;sverdlovsk;01.10;01
9724198129;moscow city;56.10;56
9725155270;moscow city;46.52;46
1106036383;komi;56.10;56
5507229196;omsk;41.20;41
7448211159;chelyabinsk;52.29;52
3904050280;kaliningrad;69.10;69
6147025157;rostov;56.10;56
6027198260;pskov;70.22;70
4501161052;kurgan;01.10;01
1650265006;tatarstan;46.71;46
2801182469;amur;49.40;49
1326175801;mordovia;25.62;25
5258084580;mordovia;52.29;52
2127318260;chuvashia;45.30;45
3528119190;vologda;46.13.20;46
3441033830;volgograd;49.41.20;49
5401996170;novosibirsk;49.41;49
7801426298;sankt-petersburg;85.42.90;85
2703060832;khabarovsk;49.40;49
7735145559;moscow city;56.10;56
6453163149;saratov;45.20;45
5609186985;orenburg;45.11;45
7203222717;tyumen;70.22;70
3311013569;vladimir;25.73;25
7449134161;chelyabinsk;49.41;49
9200021389;sevastopol;45.11;45
6143071265;rostov;56.10;56
5503171844;omsk;47.59.90;47
2626030534;stavropol;49.41.30;49
2543024223;primorsky terr.;71.10;71
9715422014;moscow city;47.91;47
3327824040;vladimir;47.11;47
0300019700;buryatia;45.11.20;45
4312030209;kirov;01.41;01
3661180069;voronezh;73.11;73
5501096493;omsk;46.90;46
7903526301;jewish ao;47.10;47
0726014941;kabardino-balkaria;68.32;68
0547010683;dagestan;41.10;41
7704519282;penza;46.21;46
5404187829;novosibirsk;45.31.10;45
2315216906;krasnodar;32.99;32
3100014891;belgorod;41.20;41
2223024601;altai terr.;52.21.24;52
7325109370;volgograd;73.10;73
7224039254;tyumen;01.11.10;01
1701058057;tuva;94.99;94
7751056271;moscow city;71.12;71
7300019485;ulyanovsk;41.20;41
2506010945;primorsky terr.;80.10;80
6700011545;smolensk;43.99;43
2621002798;stavropol;01.11.10;01
6321293920;samara;69.20;69
2901120949;arkhangelsk;47.41;47
3241504095;bryansk;45.11.20;45
1685007486;tatarstan;43.99;43
0800004759;kalmykia;45.32;45
2618026260;stavropol;69.20;69
6714047037;smolensk;46.11.30;46
1419009331;yakutia;42.22;42
6732187284;smolensk;62.01;62
7707648769;moscow city;86.23;86
4712030394;leningrad;01.50;01
7536176030;zabaikalsk terr.;70.22;70
1700004732;tuva;01.41;01
2130228306;chuvashia;27.12;27
8904001637;yamal-nenets ao;47.29;47
7604272352;yaroslavl;69.20.10;69
7404045970;chelyabinsk;25.62;25
1513075860;north ossetia;71.20.20;71
7707814504;moscow city;58.11;58
4401069511;kostroma;46.69.90;46
6678118272;sverdlovsk;62.02;62
8903021648;yamal-nenets ao;68.20.20;68
3300002212;vladimir;01.50;01
0274103752;bashkortostan;94.20;94
2308238514;krasnodar;94.99;94
3801102546;irkutsk;56.10;56
1904005396;khakasia;47.11;47
1300009479;mordovia;68.20;68
0411169229;altai rep.;43.21;43
1700011031;tuva;46.71;46
7724244727;amur;70.10.10;70
4622008228;kursk;42.13;42
3308008784;vladimir;69.20.10;69
2536141060;primorsky terr.;56.10;56
6318010403;samara;73.11;73
5257158623;nizhni novgorod;46.69;46
2543071706;primorsky terr.;46.49;46
8608058577;khanty-mansijsk;49.40;49
1326224897;mordovia;86.21;86
1500003932;north ossetia;49.41;49
5904102358;perm;43.91;43
4901008475;magadan;01.13.30;01
9721126609;moscow city;81.30;81
6452104214;saratov;79.11;79
1007023753;karelia;01.25.10;01
2320019942;krasnodar;70.22;70
4800014708;lipetzk;68.32;68
6215006740;ryazan;94.99;94
5911046231;perm;71.10;71
6617024387;sverdlovsk;49.40;49
9704129416;moscow city;41.20;41
7449130784;chelyabinsk;49.41;49
4307019344;kirov;52.21.24;52
2224057889;altai terr.;45.11.10;45
5410070850;novosibirsk;46.39;46
8601065543;khanty-mansijsk;49.41;49
5321178161;novgorod;56.10;56
1446000240;yakutia;94.99;94
5105062074;murmansk;52.21.24;52
3906007900;kaliningrad;94.20;94
7706815946;moscow city;46.90;46
7100031862;tula;62.01;62
7536066729;zabaikalsk terr.;86.23;86
6316234817;samara;46.73;46
9201006665;sevastopol;45.10;45
3022006700;astrakhan;47.11;47
2130066221;chuvashia;73.11;73
5027262588;moscow reg.;25.62;25
9723184324;moscow city;46.71;46
2464228016;krasnoyarsk;25.11;25
4826135351;lipetzk;46.90;46
2130193646;chuvashia;41.20;41
7816742987;sankt-petersburg;68.31;68
0572032553;dagestan;73.11;73
9304004363;donetsk;01.11;01
3662308441;voronezh;43.11;43
5838014113;penza;25.93;25
6501303102;sakhalin;71.20;71
2309098669;krasnodar;47.20;47
7536157609;zabaikalsk terr.;49.40;49
2466292360;krasnoyarsk;49.41.10;49
0411150482;altai rep.;71.20.50;71
9303032833;donetsk;42.21;42
2901310114;arkhangelsk;45.31;45
9102267761;crimea;71.12;71
7843309652;sankt-petersburg;47.21;47
7126004408;tula;56.10.10;56
9102051755;crimea;86.23;86
3665822616;voronezh;42.21;42
7801270636;leningrad;56.10;56
7906505363;jewish ao;01.11.30;01
3000011992;astrakhan;52.29;52
7107122903;tula;45.32;45
5005006358;moscow reg.;47.52;47
7203366356;tyumen;25.11;25
5261103306;nizhni novgorod;69.20;69
1901143260;khakasia;86.10;86
2801255950;amur;62.01;62
5703007400;oryol;94.99;94
5503035834;omsk;73.11;73
4411004175;kostroma;68.20.20;68
2635800878;stavropol;42.11;42
9706046941;moscow city;68.20;68
8612009854;khanty-mansijsk;52.21.24;52
0814004935;kalmykia;56.29;56
1658223953;tatarstan;46.33.10;46
0326594046;buryatia;73.20;73
5514016537;omsk;94.99;94
0326555569;buryatia;73.20;73
2801250736;amur;41.20;41
6950237601;tver;79.11;79
1901068260;khakasia;56.10;56
5905060284;perm;42.21;42
7017494223;tomsk;73.11;73
2636206843;stavropol;86.23;86
5024243185;moscow reg.;62.01;62
0275025497;bashkortostan;42.11;42
3525406581;vologda;25.12;25
4330007918;kirov;45.20;45
3000003945;astrakhan;01.42.10;01
6027178232;pskov;43.21;43
7751002580;moscow city;72.19;72
2222807889;altai terr.;45.10;45
0278935342;bashkortostan;49.41;49
7720647130;moscow city;68.10.10;68
1326134146;mordovia;93.11;93
2323001252;krasnodar;68.20.20;68
7743521912;bryansk;52.29;52
5406550580;novosibirsk;46.38.24;46
9200002121;sevastopol;68.32.20;68
6639013445;sverdlovsk;01.10;01
6219007801;ryazan;01.11;01
6318233745;samara;47.76.20;47
8604003440;khanty-mansijsk;45.20.20;45
7811793882;sankt-petersburg;63.11;63
9703007310;moscow city;28.25.10;28
3123121089;belgorod;25.72;25
1501034073;north ossetia;71.10;71
4501232793;kurgan;68.32;68
7017485170;tomsk;73.11;73
7840081022;sankt-petersburg;01.11;01
7460038550;chelyabinsk;46.72;46
5259127412;nizhni novgorod;68.32.10;68
0107980024;adygeya;93.19;93
5190101726;murmansk;25.62;25
3305800367;vladimir;93.12;93
2540200424;primorsky terr.;47.11;47
7206027866;tyumen;52.21.24;52
7329032104;ulyanovsk;94.99;94
2536084920;primorsky terr.;47.20;47
3017060229;astrakhan;56.10;56
5402076249;novosibirsk;43.12.40;43
4632274194;kursk;41.20;41
6230081990;ryazan;62.01;62
2443052932;krasnoyarsk;56.10.10;56
1831106199;udmurtia;68.20;68
3812135649;irkutsk;43.32;43
0326550627;buryatia;42.11;42
5614082741;orenburg;25.11;25
6501298477;sakhalin;41.20;41
7816634830;sankt-petersburg;43.99.90;43
9102046410;crimea;25.11;25
7842138210;sankt-petersburg;25.62;25
4205401321;kemerovo;27.11.10;27
9704077180;moscow city;46.90;46
5403044730;novosibirsk;46.75;46
7724467064;moscow city;47.59;47
6449068171;saratov;68.32.10;68
5252030010;nizhni novgorod;46.63;46
3305799496;vladimir;69.10;69
0816038094;kalmykia;86.23;86
2540275927;primorsky terr.;71.11;71
9309027981;donetsk;86.10;86
2901235925;arkhangelsk;49.30;49
5216017550;nizhni novgorod;47.10;47
0274005579;bashkortostan;46.73.60;46
4501167801;kurgan;62;62
2302048524;krasnodar;47.73;47
4205044895;kemerovo;46.46;46
7325122692;ulyanovsk;73.11;73
7713467760;moscow city;46.73;46
1328165894;mordovia;10.91.10;10
7810884914;leningrad;62.01;62
5433967742;novosibirsk;69.20;69
7448134070;chelyabinsk;46.90;46
5032293197;moscow reg.;45.32;45
7723497637;moscow city;53.20.30;53
1700010912;tuva;56.10;56
5318007825;novgorod;69.10;69
9707015336;moscow city;62.02;62
6002008831;pskov;71.11.10;71
7731473492;moscow reg.;93.29.90;93
1650268960;tatarstan;49.40;49
7725405487;moscow city;62.01;62
5528048031;omsk;49.41;49
1101176563;komi;86.10;86
7708338086;moscow city;33.12;33
0264077207;bashkortostan;01.47;01
5406824311;novosibirsk;14.19;14
0572030242;dagestan;80.10;80
4501224577;kurgan;45.19;45
3461065421;volgograd;41.20;41
5902837244;perm;69;69
6726019524;smolensk;47.91.20;47
4205372656;kemerovo;71.12;71
4500010815;kurgan;62.02;62
2311303210;krasnodar;73.11;73
7729740398;moscow city;46.60;46
2636222556;stavropol;56.10;56
4236000400;kemerovo;01.11.10;01
5042142373;moscow reg.;47.52.70;47
6664041171;khanty-mansijsk;69.20;69
3121181491;belgorod;10.51;10
7536152424;zabaikalsk terr.;25.11;25
7536033956;zabaikalsk terr.;52.21.24;52
9728094931;moscow city;41.20;41
2700034619;khabarovsk;79.11;79
4205333696;kemerovo;42.22.30;42
5720011679;oryol;01.13;01
7810771100;krasnodar;70.10;70
5036125919;moscow reg.;28.21.20;28
3525447002;vologda;49.41;49
0500008720;dagestan;49.39.11;49
2721122746;khabarovsk;62.02;62
8603214649;khanty-mansijsk;56.10;56
1513077427;north ossetia;94.99;94
7730285320;moscow city;46.73;46
7017491208;tomsk;49.39;49
2502074539;primorsky terr.;46.74.30;46
1500021106;north ossetia;73.11;73
7203480517;tyumen;49.41;49
2208064800;altai terr.;49.41;49
9107037514;crimea;47.25;47
1435324027;yakutia;43.21;43
2221170205;altai terr.;16.10;16
3315095114;vladimir;68.32.20;68
6820004074;tambov;01.11.10;01
2801184699;amur;25.10;25
5260473488;nizhni novgorod;70.22;70
9500024542;kherson;47.30;47
5905054636;perm;49.41;49
3817045477;irkutsk;62.02;62
9402005728;luhansk;68.20;68
5190063492;murmansk;41.20;41
7530006145;zabaikalsk terr.;52.21.24;52
2635242214;stavropol;56.10.10;56
3917024287;kaliningrad;25.11;25
6234196617;ryazan;56.10.10;56
3200001381;bryansk;45.19;45
5403353657;novosibirsk;47.19;47
6455062989;saratov;62.09;62
7017228670;tomsk;68.20.20;68
5610098388;orenburg;94.99;94
3528126568;vologda;01.19;01
6010004407;pskov;93.29;93
7802803990;sankt-petersburg;68.10.22;68
1328015994;mordovia;43.29;43
2313015256;krasnodar;01.61;01
2700032523;khabarovsk;70.10;70
1601009465;tatarstan;47.73;47
0411143414;altai rep.;68.10;68
2208998335;altai terr.;94.99;94
7128012796;tula;01.13.10;01
5190100810;murmansk;71.12.20;71
7300003848;ulyanovsk;56.10;56
5473012499;novosibirsk;47.78;47
9204557981;sevastopol;62.01;62
7901535357;jewish ao;68.20.20;68
3233014146;bryansk;47.11.20;47
0608062787;ingushetia;41.20;41
3528306024;vologda;56.10.10;56
4027121225;kaluga;46.69;46
5803020652;penza;45.20;45
3123193453;belgorod;45.31.10;45
1833028002;udmurtia;81.29.10;81
9729319433;moscow city;73.11;73
1513048056;north ossetia;68.32;68
3704003476;ivanovo;94.99;94
7329033764;ulyanovsk;47.65;47
6162049138;rostov;94.99;94
0105073415;adygeya;01.11;01
2703054910;karachaevo-chercessia;42.11;42
1000002553;karelia;93.12;93
7736210659;moscow city;85.12;85
0308164900;buryatia;52.29;52
7714356252;moscow city;73.11;73
6311186912;samara;41.20;41
6163055590;rostov;47.72.10;47
9728132665;moscow city;46.90;46
5507212964;omsk;47.25;47
2366024663;krasnodar;85.30;85
9710115330;moscow city;73.11;73
1435249595;yakutia;71.10;71
9722081647;moscow city;45.32.10;45
9204572926;sevastopol;91.03;91
9105013814;crimea;94.99;94
3702724722;ivanovo;70.22;70
5047285022;moscow reg.;63.91;63
9731031547;moscow city;72.19;72
4500007668;kurgan;71.12;71
7811574658;sankt-petersburg;52.29;52
5032369470;moscow reg.;93.29.90;93
4706056958;leningrad;46.90;46
1901040762;khakasia;68.20.2;68
5190087454;murmansk;93.29;93
2722021878;khabarovsk;45.20;45
4414017013;kostroma;25.11;25
8902014831;yamal-nenets ao;47.10;47
7014066460;tomsk;43.21;43
5753039937;oryol;86.23;86
2222070394;altai terr.;68.20.20;68
1003018209;karelia;52.21.24;52
6501259044;sakhalin;46.71;46
5836687441;penza;71.12.20;71
7453358975;chelyabinsk;71.12.20;71
7017286826;tomsk;62;62
3121080180;belgorod;68.20.20;68
1659164725;tatarstan;47.74;47
0800006844;kalmykia;71.11.10;71
4100048998;kamchatka;71.12;71
6686109539;sverdlovsk;43.99.30;43
5321074596;novgorod;46.49.30;46
0411170288;altai rep.;46.73.60;46
6952038231;tver;47.30;47
7017376389;tomsk;70.22;70
5404479780;novosibirsk;62.09;62
5256099453;nizhni novgorod;68.20.20;68
0274175718;bashkortostan;45.20;45
9705155232;moscow city;47.91.20;47
7447015345;chelyabinsk;94.20;94
7536181464;zabaikalsk terr.;41.20;41
9102033026;crimea;45.31;45
3459075736;volgograd;25.11;25
6317111409;samara;42.12;42
6229035808;ryazan;73.11;73
7730072508;moscow city;52.21.24;52
8602267937;khanty-mansijsk;25.11;25
2721073094;khabarovsk;62.09;62
4611012977;kursk;73.11;73
2015800476;chechnya;93.29;93
3662990796;voronezh;43.32;43
2465228474;krasnoyarsk;71.20.50;71
3025036011;astrakhan;56.10.10;56
5648021070;orenburg;49.41;49
3720005311;ivanovo;93.29.90;93
6900005500;tver;47.75;47
0320990332;buryatia;93.29;93
2221069075;altai terr.;43.20;43
5614044305;orenburg;46.69.50;46
7453338584;chelyabinsk;80.10;80
2301030700;krasnodar;41.20;41
7733878448;moscow city;25.11;25
4632205881;kursk;25.12;25
2223602852;irkutsk;46.73.10;46
1511028086;north ossetia;46.76.10;46
3906406870;kaliningrad;71.12.20;71
1215029989;marij el;25.73;25
5249150839;nizhni novgorod;47.11;47
5250070585;nizhni novgorod;71.12.70;71
1215211885;marij el;68.32;68
5800007452;penza;41.20;41
5903129396;perm;68.10;68
7452115144;chelyabinsk;62.09;62
0800024554;kalmykia;47.91;47
7726603139;moscow city;69.10;69
0323388133;buryatia;43.31;43
0726024918;kabardino-balkaria;43.12;43
2829003110;amur;01.42.10;01
8602269388;khanty-mansijsk;49.40;49
9102180165;crimea;25.11;25
1215140200;marij el;25.11;25
2223580060;altai terr.;62.02;62
1300007979;mordovia;56.30;56
5751038039;oryol;52.29;52
6000002383;pskov;62.01;62
4100044136;kamchatka;93.13;93
3808268501;irkutsk;93.29.90;93
7743443781;moscow city;41.20;41
3257083276;bryansk;01.45;01
2100013141;chuvashia;69.10;69
2015007644;chechnya;01.11;01
6501289320;sakhalin;86.23;86
4401114919;kostroma;94.99;94
7310008309;ulyanovsk;01.13.10;01
5614088581;orenburg;86.22;86
9724179630;moscow city;46.34;46
5047146251;moscow reg.;73.11;73
3906295486;kaliningrad;62.01;62
3518010395;vologda;01.11;01
0326003455;buryatia;70.22;70
9200016011;sevastopol;42.11;42
9703169286;moscow city;46.90;46
3906212377;kaliningrad;46.60;46
5246049630;nizhni novgorod;49.42;49
3662188208;voronezh;41.20;41
3435118050;volgograd;49.40;49
9701211013;moscow city;46.42;46
2312115145;krasnodar;49.41.20;49
4401161281;kostroma;25.21;25
3015117487;astrakhan;52.22.16;52
5321151868;novgorod;43.21;43
2464149540;krasnoyarsk;46.73.60;46
0725030203;kabardino-balkaria;52.21.24;52
5005043920;moscow reg.;86.23;86
6161064768;rostov;68.32.10;68
9403005512;luhansk;71.12;71
6829164523;tambov;93.29;93
9109027430;crimea;25.11;25
9402010894;luhansk;45.31;45
7802854112;sankt-petersburg;43.21;43
5410136491;novosibirsk;41.20;41
5262367816;nizhni novgorod;41.20;41
2632073536;stavropol;46.40;46
3525207057;vologda;68.32.10;68
7814368364;sankt-petersburg;41.20;41
0722002039;kabardino-balkaria;86.90;86
8905058562;yamal-nenets ao;45.40.20;45
1901145300;khakasia;93.19;93
6661004693;sverdlovsk;94.20;94
5038115183;voronezh;71.10;71
5406999858;novosibirsk;47.78.90;47
2901256770;arkhangelsk;25.61;25
2630037081;stavropol;25.10;25
7103512074;tula;56.10;56
7602048972;yaroslavl;56.29;56
0606012357;ingushetia;94.20;94
9201508947;sevastopol;94.99;94
0400003239;altai rep.;47.29;47
0411147680;altai rep.;68.32;68
2111005826;chuvashia;25.61;25
7705365571;moscow city;94.99;94
6319058052;samara;41.20;41
0277964372;bashkortostan;68.32;68
6167144709;rostov;43.99.90;43
7325114405;ulyanovsk;46.69.90;46
4011000049;kaluga;43.21;43
4707056647;leningrad;25.99.20;25
0572005599;dagestan;78.20;78
7743323893;moscow city;68.20;68
4001012246;kaluga;70.22;70
7816672627;sankt-petersburg;41.20;41
8617035255;khanty-mansijsk;93.11;93
5904045195;perm;68.32;68
7702647722;moscow city;71.11.10;71
7460030198;chelyabinsk;38.11;38
2632097897;stavropol;46.30;46
7459005895;chelyabinsk;93.19;93
0105024217;adygeya;47.11;47
3304025108;vladimir;46.90;46
6670520060;sverdlovsk;46.47;46
7729100486;moscow reg.;68.20.20;68
2460097468;krasnoyarsk;62.01;62
0265052318;bashkortostan;42.11;42
5010062735;moscow reg.;88.99;88
1800018961;udmurtia;43.39;43
1513063583;north ossetia;56.10;56
5904249022;perm;71.20.40;71
0274922134;bashkortostan;49.41;49
7106000518;tula;47.19;47
5072705930;moscow reg.;68.20;68
3327149519;vladimir;69.10;69
0608061769;ingushetia;68.32;68
6168073271;rostov;86.21;86
1905011875;khakasia;41.20;41
6900002001;tver;62.01;62
7811777697;sankt-petersburg;46.90;46
4334006961;kirov;56.10;56
1714006810;tuva;52.21.22;52
2420005816;krasnoyarsk;47.26;47
9706016369;moscow city;56.10;56
3900005624;kaliningrad;25.99;25
6025030390;pskov;68.32.10;68
6684003907;sverdlovsk;73.10;73
5032205867;moscow reg.;49.40;49
6949012995;tver;25.99;25
0245962365;bashkortostan;52.29;52
1658217445;tatarstan;86.10;86
9718145640;moscow city;46.46;46
2722097651;khabarovsk;70.22;70
4325003393;kirov;45.31.10;45
5300007221;novgorod;43.99;43
3906235800;kaliningrad;52.29;52
1215230084;marij el;86.90;86
4027149622;kaluga;71.20;71
7715382689;moscow city;43.21;43
3814014791;chechnya;69;69
5501252128;omsk;45.30;45
3817998600;irkutsk;49.40;49
5029237178;moscow reg.;68.20;68
3257058079;bryansk;86.21;86
3245516750;bryansk;41.20;41
3665818345;voronezh;43.33;43
6829062169;tambov;41.20;41
7448161758;chelyabinsk;73.11;73
4901008531;magadan;68.32;68
0323410195;buryatia;42.21;42
4011029947;kaluga;49.41;49
4205241389;kemerovo;62;62
9204019976;sevastopol;52.21.24;52
1435314935;yakutia;42.11;42
6027173570;pskov;43.21;43
6025038543;pskov;49.32;49
2536136127;primorsky terr.;47.11;47
2632116758;stavropol;47.91;47
4500012989;kurgan;41.20;41
7100036324;tula;25.62;25
9727011876;moscow city;62.02;62
2700019272;khabarovsk;49.41;49
9102190540;crimea;41.20;41
2014017784;chechnya;47.59.10;47
2724179370;khabarovsk;49.40;49
5260332335;nizhni novgorod;45.20;45
6686155616;sverdlovsk;68.31;68
1659022431;tatarstan;82.99;82
5404955929;novosibirsk;41.20;41
9310014592;donetsk;47.73;47
6950264323;tver;41.20;41
7814796874;sankt-petersburg;46.69.50;46
5045014274;moscow reg.;68.32.20;68
6164318996;rostov;41.20;41
3302004215;vladimir;22.21;22
1686026227;tatarstan;52.21.24;52
2503033052;primorsky terr.;56.10;56
5838014667;penza;93.19;93
0326590228;buryatia;73.20;73
7718003586;moscow city;68.20;68
6454114641;saratov;64.99;64
2923007048;arkhangelsk;68.32;68
2801103530;amur;47.25;47
6950230701;tver;42.11;42
6829118213;tambov;71.12.10;71
5610073224;orenburg;69.10;69
2724066296;khabarovsk;41.20;41
2604005196;stavropol;01.11.10;01
2524030574;primorsky terr.;01.25.10;01
7707784289;moscow reg.;69.10;69
5405417874;novosibirsk;46.90;46
7714242368;moscow city;80.10;80
6230122389;ryazan;46.21.10;46
5020088186;moscow reg.;25.12;25
2502028701;primorsky terr.;73.11;73
7415063699;chelyabinsk;68.32.10;68
5603035644;orenburg;86;86
5028032682;moscow reg.;43.22;43
9725121320;moscow city;46.90;46
7820301336;sankt-petersburg;15.12;15
5312003461;novgorod;47.11;47
0804008200;kalmykia;56.10;56
7448208893;chelyabinsk;46.77;46
5192302548;murmansk;52.21.24;52
3417003715;volgograd;70.22;70
9111002867;crimea;52.22;52
5047201047;moscow reg.;55.10;55
4813002386;lipetzk;01.10;01
2926009131;arkhangelsk;70.22;70
7123502540;tula;62.09;62
1308082953;mordovia;47.11;47
3022008200;astrakhan;56.10;56
2525011655;primorsky terr.;70.22;70
1326228740;mordovia;46.17;46
7325164406;ulyanovsk;93.11;93
2635260340;stavropol;25.93;25
6827030997;tambov;01.25;01
4909105270;magadan;49.41;49
9309019596;donetsk;35.11;35
0105041580;adygeya;49.31.21;49
9203000475;moscow city;52.29;52
5904400812;perm;42.11;42
2007006485;chechnya;43.22;43
2311128800;krasnodar;56.10;56
0900011238;karachaevo-chercessia;45.20;45
2721248643;khabarovsk;46.71;46
7606097850;yaroslavl;41.20;41
4824017144;lipetzk;43.39;43
1514014067;north ossetia;01.25.30;01
5638076296;orenburg;46.46;46
3528325838;vologda;43.29;43
5638079628;orenburg;70.22;70
0603023400;ingushetia;93.11;93
6439008991;saratov;93.19;93
9500015594;kherson;46.75;46
1001350151;karelia;42.11;42
7715400183;moscow city;71.12.90;71
2463033279;krasnoyarsk;41.20;41
3525273853;vologda;52.29;52
7802208976;sankt-petersburg;14.39;14
7734374588;moscow reg.;01.41;01
0323395050;buryatia;49.40;49
4632243950;kursk;47.52.70;47
2703101214;khabarovsk;93.11;93
6128005003;rostov;01.11.10;01
7728398213;moscow city;96.01;96
7715408369;moscow city;68.20;68
0275910050;bashkortostan;25.11;25
2902090662;arkhangelsk;70.21;70
3123429980;belgorod;93.19;93
7726431786;moscow city;74.10;74
6163212443;rostov;52.29;52
6829076098;tambov;86.23;86
2543158523;primorsky terr.;62.01;62
9201522444;sevastopol;73.11;73
1650349979;tatarstan;63.12.10;63
2221251366;altai terr.;71.20;71
7743402947;moscow city;43.29;43
3918013873;kaliningrad;42.91;42
2703087200;khabarovsk;42.11;42
5321188339;novgorod;70.22;70
7107511120;tula;62.02;62
5190087616;murmansk;69.10;69
3906338644;kaliningrad;01.11;01
3811473518;irkutsk;93.29.90;93
1513081222;north ossetia;86.21;86
3507314850;vologda;46.90;46
7714331297;moscow city;46.73;46
4825100356;lipetzk;25.50;25
5751063067;oryol;49.41;49
1901021569;khakasia;68.20.20;68
5904317635;perm;68.32;68
3900014636;kaliningrad;47.25;47
0600005762;ingushetia;68.32.10;68
5045067879;moscow reg.;47.11;47
5190400638;murmansk;73.11;73
8601067156;khanty-mansijsk;94.99;94
1701023167;tuva;68.32.20;68
5609190572;orenburg;73.11;73
0800005174;kalmykia;43.32.30;43
6501210948;sakhalin;62.02;62
2224142862;altai terr.;94.99;94
6623104383;sverdlovsk;45.11;45
6234196720;ryazan;94.99;94
2503024675;primorsky terr.;71.20.50;71
0326601825;buryatia;62.03.13;62
2515011688;primorsky terr.;73.11;73
6683010570;sverdlovsk;47.25;47
2301002830;krasnodar;68.20;68
7457007625;chelyabinsk;45.32;45
1435361830;yakutia;46.65;46
9102191657;crimea;93.29;93
4101176551;kamchatka;93.11;93
3808094534;irkutsk;41.20;41
0711012726;kabardino-balkaria;25.21;25
7203559206;tyumen;85.41.10;85
3900018398;kaliningrad;69.10;69
6700011513;smolensk;46.69;46
4414014982;udmurtia;69.10;69
0900000130;karachaevo-chercessia;71.12.20;71
7536160721;zabaikalsk terr.;56.30;56
4901006693;magadan;01.50;01
6908020108;tver;33.12;33
1831199274;udmurtia;94.99;94
1655487059;tatarstan;43.29;43
4230021274;kemerovo;47.59.10;47
5404007882;novosibirsk;62.02;62
1101041527;komi;68.20;68
6804002792;tambov;94.20;94
4909907643;magadan;94.99;94
4345490755;kirov;41.20;41
9108007985;crimea;68.32;68
4632130273;kursk;69.20;69
3666249726;voronezh;86.10;86
5501234150;omsk;73.11;73
9108124350;crimea;56.30;56
5258051464;nizhni novgorod;86.10;86
3662086580;voronezh;68.20.20;68
1838005954;udmurtia;86.23;86
9104032451;crimea;01.21;01
3509005350;vologda;47.19;47
1006006635;karelia;52.21.24;52
4611012430;kursk;73.11;73
4027106805;kaluga;71.12.62;71
7904505953;jewish ao;01.11.10;01
2315234052;krasnodar;52.29;52
0500013583;dagestan;62.01;62
6443021804;saratov;86.23;86
6685080975;sverdlovsk;41.20;41
1215126485;marij el;62.01;62
7713490784;moscow city;93.19;93
6500005456;sakhalin;46.38;46
7404037640;chelyabinsk;45.32;45
5024189788;moscow reg.;25.40;25
3604084721;voronezh;94.99;94
6832040359;tambov;71.20;71
2801151421;amur;45.11.40;45
6908006270;tver;52.21.24;52
7536101797;zabaikalsk terr.;86.21;86
1677001385;tatarstan;68.10;68
1101055897;komi;73.11;73
5837006832;penza;52.21.24;52
4632225221;kursk;43.39;43
3904063546;kaliningrad;43.30;43
7610129294;yaroslavl;56.10;56
1102990380;komi;94.99;94
7725401362;moscow city;62.01;62
2420007965;krasnoyarsk;68.20;68
3435134943;volgograd;47.91.20;47
9304003218;donetsk;25.62;25
6671181878;sverdlovsk;25.11;25
2222836382;altai terr.;42.21;42
2922008000;arkhangelsk;01.70;01
6154137687;rostov;41.20;41
4501045881;kurgan;68.32.20;68
8911027869;yamal-nenets ao;47.25.10;47
1435318016;yakutia;45.32;45
6027169870;pskov;62.01;62
3100027097;belgorod;70.22;70
9204550016;sevastopol;82.99;82
0323375991;buryatia;86.23;86
6317140199;samara;25.62;25
0554006737;dagestan;35.30.40;35
0326475137;buryatia;25.99.29;25
7327009766;ulyanovsk;46.32;46
0814153398;kalmykia;94.99;94
5249118521;nizhni novgorod;62.02;62
0700013100;kabardino-balkaria;25.99.21;25
7203580180;tyumen;46.73;46
7721641437;moscow city;68.32.10;68
6664009435;sverdlovsk;72.19;72
3123371385;belgorod;47.73;47
5322004680;novgorod;94.20;94
7841060385;sankt-petersburg;56.10;56
2703104945;khabarovsk;86.23;86
2130124804;chuvashia;70.22;70
4101174770;kamchatka;41.20;41
2536330460;primorsky terr.;68.20;68
2466232152;krasnoyarsk;46.73.10;46
6829162692;tambov;62.02;62
8904046067;yamal-nenets ao;43.12.30;43
0600013820;ingushetia;43.21;43
0300009580;buryatia;46.18.12;46
0912005870;karachaevo-chercessia;42.11;42
3461067806;volgograd;82.30;82
7900003254;jewish ao;94.99;94
3128146168;belgorod;68.20.20;68
7709676909;moscow city;85.30;85
7838064541;sankt-petersburg;47.61;47
3257076141;bryansk;71.20.20;71
7813631157;sankt-petersburg;68.20;68
9702061522;moscow city;73.11;73
0608064583;ingushetia;46.73;46
6111982843;rostov;69.20;69
1017001533;karelia;94.99;94
4632236223;kursk;69.10;69
5029230768;mordovia;49.41;49
2014016420;chechnya;46.73;46
5611066981;orenburg;69;69
9722020806;moscow city;46.34;46
7017369864;tomsk;42.21;42
6629016486;sverdlovsk;20.30;20
3250055199;bryansk;93.19;93
5507081609;omsk;56.30;56
9703085036;moscow city;46.90;46
6678137860;sverdlovsk;46.73.60;46
0276017139;bashkortostan;52.21.24;52
7105512898;tula;25.62;25
3700004768;ivanovo;69.20;69
2281006087;altai terr.;28.22.90;28
5027036187;moscow city;43.21;43
7204202375;tyumen;43.11;43
4345264594;kirov;73.11;73
6730058283;smolensk;25.61;25
7726456340;moscow city;49.41;49
6229095620;ryazan;70.22;70
2363001770;krasnodar;87.10;87
6439101951;saratov;56.30;56
3804045085;irkutsk;68.20.20;68
2130118053;chuvashia;25.21.20;25
5029279844;moscow reg.;49.41;49
6800006161;tambov;93.19;93
1511000193;north ossetia;68.20.20;68
7321001979;ulyanovsk;01.47;01
1901074747;khakasia;86.21;86
4414003500;kostroma;25.90;25
3801109855;irkutsk;46.71;46
7530013696;zabaikalsk terr.;45.30;45
3900007773;kaliningrad;25.11;25
4400010522;kostroma;62.01;62
9001026216;zaporizhzhia;47.73;47
3255517337;bryansk;25.61;25
4345084175;kirov;52.29;52
7729706301;moscow city;77.33;77
6037005278;pskov;01.13.10;01
0326035640;buryatia;68.32.10;68
4501232120;kurgan;41.20;41
5836899975;penza;56.30;56
1683024912;tatarstan;25.93;25
5260491053;nizhni novgorod;25.61;25
6501220760;sakhalin;45.30;45
2901306679;arkhangelsk;70.21;70
9204567820;sevastopol;41.20;41
4501220678;kurgan;62.09;62
6501285816;sakhalin;25.11;25
1684022795;tatarstan;41.20;41
0400004835;altai rep.;01.49;01
4205137204;kemerovo;68.31.50;68
1901103412;khakasia;46.42.20;46
1400015444;yakutia;62.01;62
4204008090;kemerovo;68.32.10;68
4909106435;magadan;52.21.24;52
3327126173;vladimir;93.29;93
4629041400;kursk;52.21.24;52
5506021646;omsk;42.99;42
7715898138;moscow city;47.73;47
9701169450;moscow city;46.31;46
7116151080;tula;93.19;93
7725195913;moscow city;47.61;47
7901531602;khabarovsk;01.70;01
7107124516;tula;41.20;41
4825101310;lipetzk;41.20;41
0562069995;dagestan;45.20;45
7714474496;moscow city;46.45;46
6664068938;sverdlovsk;94.99;94
3528236680;vologda;49.40;49
5610159190;orenburg;47.99;47
9726076736;moscow city;46.51;46
5507278612;omsk;43.91;43
8602066691;khanty-mansijsk;70.22;70
6811006004;tambov;43.21;43
1624006647;tatarstan;68.32;68
5042154393;moscow reg.;73.20;73
4900010898;magadan;45.31;45
7203013174;tyumen;41.20;41
3100031135;belgorod;41.20;41
2536277262;primorsky terr.;70.22;70
5505059326;omsk;47.19;47
4442014487;kostroma;69.20;69
6154153150;rostov;62.01;62
0603022011;ingushetia;41.20;41
2901235717;arkhangelsk;56.29;56
6670501927;sverdlovsk;41.20;41
4909104766;magadan;71.12.30;71
8602311174;khanty-mansijsk;45.31;45
2225133010;altai terr.;33.12;33
1434032938;yakutia;68.32.10;68
2724250270;khabarovsk;70.22;70
3000002035;astrakhan;25.11;25
6619018741;sverdlovsk;10.71.10;10
9109028650;crimea;68.32;68
5904410049;perm;42.21;42
5044041885;moscow reg.;68.32.10;68
2232010588;altai terr.;46.73;46
2208046061;altai terr.;10.51;10
4823008940;lipetzk;94.20;94
3849057411;irkutsk;46.73;46
7703643696;moscow reg.;68.32;68
5050155111;moscow city;68.20;68
2901185086;arkhangelsk;41.20;41
6027204210;pskov;69.10;69
6500018110;sakhalin;73.11;73
7104039894;tula;70.22;70
4217211519;kemerovo;56.10;56
6671142364;sverdlovsk;56.10;56
9724067447;moscow city;69.10;69
6143080904;rostov;46.60;46
5405068831;novosibirsk;01.21;01
1400035465;yakutia;93.11;93
0500012565;dagestan;73.11;73
0600003892;ingushetia;69.10;69
7325076982;ulyanovsk;56.10;56
3666263223;voronezh;56.10;56
1901145652;khakasia;69.10;69
4632293567;kursk;69.20.20;69
1400015243;yakutia;56.10;56
6450100937;saratov;43.99;43
3804052276;irkutsk;56.10;56
2226000662;altai terr.;42.91.20;42
7733352670;moscow city;68.31;68
8601051413;khanty-mansijsk;62.01;62
2320209125;krasnodar;46.39;46
0600017430;ingushetia;47.91.20;47
7017223255;tomsk;73.10;73
6455028258;saratov;86.21;86
7326005430;ulyanovsk;52.21.24;52
5018192599;moscow reg.;46.69.80;46
7820044865;sankt-petersburg;10.89;10
7100031911;tula;62.01;62
6165210709;rostov;47.73;47
4025442801;kaluga;45.20.20;45
8200002472;kamchatka;41.20;41
5409012082;novosibirsk;47.73;47
9001001109;zaporizhzhia;49.41;49
4703156087;leningrad;42.21;42
1648016429;tatarstan;38.11;38
5700009985;oryol;47.73;47
7627036295;yaroslavl;49.30;49
9701179962;moscow city;46.38;46
9204575035;sevastopol;71.11;71
6950265334;tver;49.41;49
9710070873;moscow city;73.20.20;73
7326007244;ulyanovsk;68.32.10;68
5948072069;perm;41.20;41
3435142581;volgograd;42.21;42
2801186826;amur;70.22;70
5828000320;penza;49.41;49
5507285433;omsk;43.31;43
6226007898;ryazan;93.20;93
7452990444;chelyabinsk;94.99;94
3459075327;volgograd;25.62;25
4706077789;leningrad;45.20;45
3257056593;bryansk;94.99;94
7709957177;moscow city;82.99;82
6732168524;smolensk;49.41;49
5031023600;moscow reg.;46.44.10;46
3419004418;volgograd;01.11.10;01
1659126896;tatarstan;93.13;93
5501284730;omsk;46.90;46
5249085611;nizhni novgorod;46.51;46
3435057713;volgograd;42.21;42
7743312348;moscow city;41.20;41
4632096223;kursk;33.12;33
3666249719;voronezh;73.11;73
5503261110;omsk;33.13;33
6679166462;sverdlovsk;94.99.40;94
4105127315;kamchatka;41.20;41
5047279928;kalmykia;47.91;47
4003034630;kaluga;93.19;93
3304027659;vladimir;01.13.31;01
3327128903;vladimir;41.20;41
3444130430;volgograd;49.31.10;49
6950219144;tver;56.10;56
4632186082;kursk;46.74.20;46
6800006186;tambov;62.01;62
3105004939;belgorod;01.41;01
9724046408;moscow city;72.19;72
6320042339;samara;49.42;49
1624008676;tatarstan;68.32.20;68
3608001074;voronezh;94.99;94
7838290830;sankt-petersburg;58.11.10;58
8901015381;yamal-nenets ao;69.10;69
7725132582;tver;70.22;70
7451463484;chelyabinsk;46.47.20;46
0721018780;kabardino-balkaria;56.10;56
9705002420;kostroma;42.99;42
4705051925;leningrad;43.21;43
7451411704;chelyabinsk;70.22;70
2465102129;krasnoyarsk;49.41;49
2366031685;krasnodar;68.32.10;68
6234082610;ryazan;69.20.20;69
0920001742;karachaevo-chercessia;88.10;88
0326044130;buryatia;73.11;73
1660313315;tatarstan;41.20;41
0725008511;kabardino-balkaria;71.12.70;71
1514013610;north ossetia;43.11;43
4253011106;kemerovo;73.11;73
6501272870;sakhalin;52.29;52
7734459400;moscow city;45.31;45
7705554434;moscow city;46.63;46
5246047248;nizhni novgorod;93.19;93
3664090945;voronezh;41.20;41
4704117644;leningrad;71.12;71
2319034840;krasnodar;01.25.10;01
0326600941;buryatia;73.20;73
6501305131;sakhalin;69.20;69
4909127643;magadan;49.41;49
7017280729;tomsk;43.11;43
1121018580;komi;68.30;68
2130213589;chuvashia;70.22;70
5321207528;novgorod;41.20;41
4025421015;kaluga;25.11;25
0276979320;bashkortostan;46.69.50;46
7417017803;chelyabinsk;86.90.10;86
1832035462;udmurtia;86.23;86
4101137263;kamchatka;46.40;46
0500014058;dagestan;49.41;49
3257064192;bryansk;56.30;56
6950040718;tver;73.11;73
7325114211;ulyanovsk;73.11;73
6450079724;saratov;35.30;35
3816033180;irkutsk;86.23;86
6901077987;tver;70.22;70
5011037555;moscow reg.;01.19.20;01
6727040007;smolensk;68.32.10;68
7423016452;chelyabinsk;01.25.10;01
0268056952;bashkortostan;49.31.20;49
9726040264;moscow city;45.19;45
2311322981;krasnodar;95.11;95
2540172713;primorsky terr.;56.10;56
1001267714;karelia;46.73.60;46
3702708488;ivanovo;73.11;73
9728125682;moscow city;47.91.10;47
2368010472;krasnodar;31.01;31
2225218899;altai terr.;43.21;43
4821021424;lipetzk;73.10;73
2543177318;primorsky terr.;45.31;45
0800002543;kalmykia;69.10;69
6828005111;tambov;47.25;47
2801143406;amur;70.10.20;70
4007008408;kaluga;01.11;01
0600009140;ingushetia;46.46.20;46
0312016599;buryatia;70.22;70
4501000129;kurgan;25.73;25
6809007120;tambov;52.10.30;52
2366007080;krasnodar;41.20;41
0726004559;kabardino-balkaria;25.11;25
5948066361;perm;52.21.24;52
0917030013;karachaevo-chercessia;94.99;94
6161096181;rostov;62.01;62
8905059125;yamal-nenets ao;52.21.24;52
5834063695;penza;86.21;86
5007112249;moscow reg.;93.19;93
0107033640;adygeya;86.10;86
9311026079;donetsk;01.11;01
5027082634;moscow reg.;45.20.20;45
6829022670;tambov;47.20;47
6228050306;ryazan;43.20;43
5505068634;omsk;46.90;46
0500020100;dagestan;56.10;56
3005006989;astrakhan;01.41;01
1003019146;karelia;52.21.24;52
7204124832;tyumen;45.20;45
4028990080;kaluga;93.19;93
5610234150;orenburg;41.20;41
9701092729;moscow city;52.21.22;52
3444185221;volgograd;86.10;86
5074077624;moscow reg.;42.21;42
7017161707;tomsk;68.32.10;68
5050001418;moscow reg.;72.19;72
6161061580;rostov;18.10;18
6686049248;sverdlovsk;46.72.20;46
6678137268;sverdlovsk;43.22;43
1435344560;yakutia;70.22;70
9102224310;tula;41.20;41
7714781793;moscow city;69;69
6501288920;sakhalin;41.20;41
9706002983;mordovia;69.10;69
7733360896;moscow city;96.03;96
2902089755;arkhangelsk;93.11;93
2465204064;krasnoyarsk;45.20.20;45
0711041847;kabardino-balkaria;86.10;86
4632218986;kursk;43.22;43
5011005730;moscow reg.;03.20;03
6163139592;rostov;46.71.10;46
6685081810;sverdlovsk;68.10.10;68
9728012760;moscow city;41.20;41
6234183921;ryazan;43.31;43
7734460205;moscow city;46.90;46
5262277224;nizhni novgorod;73.11;73
6234159686;ryazan;52.29;52
3115007505;belgorod;01.11;01
3663169832;voronezh;42.21;42
1200013305;marij el;69.10;69
7814615567;sankt-petersburg;71.10;71
8602018521;khanty-mansijsk;45.30;45
1659200934;tatarstan;01.11;01
2539059551;primorsky terr.;62.01;62
2531012985;primorsky terr.;47.11;47
9201502543;sevastopol;93.29;93
3423018974;volgograd;42.21;42
7104074088;tula;69.20.20;69
7728895536;moscow city;46.51;46
3917504477;kaliningrad;43.99;43
5038177253;moscow reg.;43.29;43
0509106024;dagestan;47.19;47
5638081962;orenburg;42.11;42
9715419068;moscow city;71.20.62;71
5505073112;omsk;86.21;86
6234145644;ryazan;73.11;73
5107917430;murmansk;70.22;70
3123469091;belgorod;46.69.80;46
3810340650;irkutsk;68.20.20;68
7727019007;moscow city;42.21;42
1215208353;marij el;45.32;45
4101119144;kamchatka;41.20;41
6829063444;tambov;41.20;41
6450115066;saratov;41.20;41
0608049151;ingushetia;69.20;69
7020032451;tomsk;41.20;41
2222881723;altai terr.;41.20;41
0600011332;ingushetia;94.99;94
4710014767;leningrad;68.32;68
7810569486;sankt-petersburg;27.90;27
3307010340;vladimir;94.20;94
6901029486;tver;70.22;70
6234186440;ryazan;86.90.30;86
4705103972;leningrad;46.75;46
9204002066;sevastopol;45.30;45
9200023107;sevastopol;93.12;93
8603222671;khanty-mansijsk;70.22;70
1300011982;mordovia;68.32;68
1512003013;north ossetia;23.70.20;23
3528340000;vologda;86.23;86
2540146992;primorsky terr.;69.10;69
2902087148;arkhangelsk;56.10;56
0261069857;bashkortostan;41.20;41
6732190858;smolensk;52.21;52
7017417490;tomsk;03.22.20;03
1650200320;tatarstan;41.20;41
5904361779;perm;71.12;71
4401032007;kostroma;68.32.20;68
5918221179;perm;45.31.10;45
5404058950;novosibirsk;94.99;94
2626803167;stavropol;69.10;69
5310018631;novgorod;25.11;25
4705096394;leningrad;42.21;42
5903112748;perm;46.90;46
1000000436;karelia;70.10;70
3811107575;irkutsk;49.40;49
4246025186;kemerovo;86.90;86
5077021066;moscow reg.;45.20;45
9203004889;sevastopol;52.10;52
5751060299;oryol;86.10;86
0278983804;bashkortostan;86.22;86
7743803307;moscow city;46.42.20;46
5404428390;novosibirsk;68.32;68
0816024895;kalmykia;71.20;71
5506032020;omsk;41.20;41
9102290457;crimea;25.62;25
5256180908;kalmykia;46.42;46
9102226370;crimea;45.31;45
5262360289;nizhni novgorod;46.75;46
4825089367;lipetzk;71.12.45;71
6167128190;rostov;91.04;91
2234016017;altai terr.;25.92;25
6155093418;rostov;49.41;49
3518001898;vologda;56.10;56
3906408740;kaliningrad;69.10;69
0608058149;ingushetia;47.71;47
0917031779;karachaevo-chercessia;42.91.20;42
2311368320;krasnodar;70.22;70
2330037122;krasnodar;25.10;25
6905067676;tver;01.40;01
6025041955;pskov;46.71;46
1215186854;marij el;49.41;49
3017065971;astrakhan;86.21;86
5752029284;oryol;46.73;46
3700008811;ivanovo;42.13;42
5260127777;nizhni novgorod;62.01;62
2725093694;khabarovsk;33.12;33
7604201231;yaroslavl;73.20;73
6316277507;samara;41.20;41
1657083220;tatarstan;46.33.10;46
6658559342;sverdlovsk;52.29;52
1656094082;tatarstan;43.22;43
3525243312;vologda;86.23;86
6426002336;saratov;01.11.10;01
7449077450;chelyabinsk;70.22;70
7708623397;moscow city;62.01;62
1435015318;yakutia;42.21;42
2465080210;krasnoyarsk;45.11.10;45
7017173942;tomsk;70.22;70
6324061597;samara;46.38.20;46
9106015821;crimea;94.99;94
7813279009;sankt-petersburg;41.20;41
8601069072;khanty-mansijsk;71.12;71
2609023907;stavropol;46.73;46
2014038223;chechnya;42.21;42
6658349169;sverdlovsk;69.10;69
5836691092;penza;45.11;45
1001172332;karelia;70.22;70
8604067820;khanty-mansijsk;71.12.45;71
9734003717;moscow city;13.95;13
6679092203;sverdlovsk;47.11;47
4345371797;kirov;70.22;70
9108105982;crimea;94.99;94
4801000289;lipetzk;13.92;13
1001337094;karelia;69.10;69
6950020359;tver;47.41;47
5249168716;nizhni novgorod;46.44.20;46
3808267882;irkutsk;86.10;86
5103300502;murmansk;94.99;94
6027199056;pskov;70.10;70
7801735659;sankt-petersburg;56.10.10;56
2628061601;stavropol;47.11;47
7710562279;moscow city;71.11;71
0105048585;adygeya;86.21;86
4029067051;kaluga;62.01;62
7733178340;moscow city;21.20.10;21
4818001690;lipetzk;86.90.90;86
2460096344;krasnoyarsk;68.32.10;68
7726429473;moscow city;68.32;68
2801268010;amur;49.41.10;49
4401170374;kostroma;45.31;45
2901298925;arkhangelsk;70.10.10;70
1200013619;marij el;43.22;43
9001007164;zaporizhzhia;56.10.10;56
7733382265;moscow city;46.39;46
2256006044;altai terr.;01.11.10;01
6164122619;rostov;46.38.21;46
9402010012;luhansk;47.11;47
9722077520;moscow city;73.20.10;73
4632097932;kursk;86.23;86
6168006067;rostov;68.20.20;68
2700026209;khabarovsk;47.22;47
2607022873;stavropol;01.13.10;01
9200014039;sevastopol;43.29;43
9705046441;moscow reg.;94.12;94
5038129010;moscow reg.;79.11;79
5404518823;novosibirsk;90.04.30;90
6501309658;sakhalin;94.99;94
5906099630;perm;01.10;01
3701050252;ivanovo;66.21;66
7726462897;moscow city;46.90;46
0917016918;karachaevo-chercessia;86;86
4501049607;kurgan;86.90.40;86
3015014121;astrakhan;86.90.10;86
8911028887;yamal-nenets ao;49.41.20;49
4524007057;kurgan;45.20.10;45
6501316006;sakhalin;56.10.10;56
1101176186;komi;86.23;86
7841497425;sankt-petersburg;96.02;96
1327006179;mordovia;69.10;69
0276976625;bashkortostan;47.91;47
0105076991;adygeya;49.40;49
1515921156;north ossetia;43.22;43
2636048065;stavropol;56.10;56
5720024050;oryol;45.31;45
3811462869;irkutsk;46.71;46
7842492910;leningrad;43.29;43
7806605251;sankt-petersburg;46.45;46
2623013146;stavropol;45.31.10;45
7801728732;sankt-petersburg;25.12;25
1841108290;udmurtia;43.29;43
2460099881;krasnoyarsk;43.99;43
4101005796;kamchatka;43.21;43
6722038660;smolensk;42.11;42
3661046715;voronezh;62.09;62
9303033570;donetsk;94.20;94
0300019965;buryatia;45.11;45
8602313693;khanty-mansijsk;25.62;25
1901121228;khakasia;25.11;25
7816585967;sankt-petersburg;43.21;43
2801231684;amur;69.10;69
9200020410;sevastopol;71.12;71
3910501886;kaliningrad;28.93;28
5047213130;moscow reg.;45.20;45
9701118102;moscow city;56.10.10;56
5190079598;arkhangelsk;45.11;45
6950007742;tver;73.11;73
3917051072;kaliningrad;73.11;73
6452093869;saratov;52.21.24;52
7100037423;tula;63.11;63
1327007302;mordovia;68.32.10;68
7203470413;tyumen;85.42;85
4405004018;kostroma;47.19;47
3808188581;irkutsk;25.11;25
2369003541;krasnodar;68.32;68
0572034543;dagestan;71.12;71
9201529200;sevastopol;47.11;47
3528164228;vologda;01.70;01
5405071986;novosibirsk;69.20;69
5911075017;perm;96.03;96
3805736423;irkutsk;73.11;73
1215229201;marij el;69.20;69
4630023100;kursk;46.43.10;46
5410095527;novosibirsk;41.20;41
7716941763;moscow city;62.01;62
7100044484;tula;73.11;73
3257047775;bryansk;69.20;69
6211007817;ryazan;49.31.21;49
7113009053;tula;93.29.90;93
7610060035;yaroslavl;68.20.20;68
9402008415;luhansk;46.90;46
4101153191;kamchatka;43.12;43
4001009324;kaluga;45.31;45
1646013694;tatarstan;68.32.10;68
2508114058;primorsky terr.;52.29;52
1651091803;tatarstan;71.20;71
1700010856;tuva;47.78.61;47
6731028820;smolensk;31.01;31
5827902318;penza;43.21;43
2234003610;altai terr.;42.21;42
7735145630;moscow city;42.22;42
5001161352;moscow reg.;45.20.10;45
2635819692;stavropol;71.10;71
1001357037;karelia;71.12.30;71
5410136928;novosibirsk;86.10;86
5321064446;novgorod;73.11;73
7726479516;moscow city;45.32;45
2465086580;krasnoyarsk;86.10;86
7460041471;chelyabinsk;45.31;45
6829075231;tambov;73.11;73
5101810032;murmansk;94.99;94
1215123332;marij el;68.20.20;68
5321163670;novgorod;71.10;71
9722047290;moscow city;46.73;46
2460071572;krasnoyarsk;41.20;41
9701264375;moscow city;56.10;56
6168043630;rostov;73.10;73
3245003967;bryansk;01.10;01
6671398743;sverdlovsk;71.11.10;71
7604244732;yaroslavl;68.32.10;68
5300012704;novgorod;70.22;70
3811143975;irkutsk;46.33.30;46
2536071110;primorsky terr.;94.99;94
5190066327;murmansk;43.22;43
5904404239;perm;71.12;71
0708014882;kabardino-balkaria;69.20.10;69
4443020162;kostroma;56.10;56
1604006222;tatarstan;47.19;47
5074089066;moscow reg.;49.41;49
6150099367;rostov;46.34.23;46
6027124491;pskov;93.19;93
7708395038;moscow city;68.10;68
6670209873;sverdlovsk;43.21;43
1900002997;khakasia;68.32.10;68
6318068259;samara;25.11;25
7811592840;sankt-petersburg;46.73;46
1326233877;mordovia;70.22;70
2312320560;krasnodar;45.19.10;45
5504003835;omsk;71.12.12;71
0107029073;adygeya;45.11.20;45
7708710748;moscow city;46.49.42;46
6163096910;rostov;55.10;55
1001166748;karelia;42.13;42
9715284100;moscow city;77.32;77
7802679439;sankt-petersburg;43.21;43
0400019616;altai rep.;69.10;69
3528291113;vologda;93.11;93
0300018136;buryatia;79.11;79
5835141032;penza;73.11;73
9705059264;moscow city;46.71;46
9721088752;moscow city;49.41;49
3123219694;belgorod;70.10.20;70
2222871034;altai terr.;71.12;71
5638054278;orenburg;45.30;45
3234032620;bryansk;93.19;93
2013009117;chechnya;86.21;86
7731424696;moscow city;18.10;18
5032375058;moscow reg.;41.20;41
1106016323;komi;71.12.41;71
4705470549;leningrad;94.99;94
7614004994;yaroslavl;93.19;93
6166990610;rostov;85.41;85
6000003443;pskov;56.10;56
9721089450;tatarstan;56.10;56
6449099370;saratov;49.41;49
7736665871;moscow reg.;70.22;70
6452155280;saratov;52.29;52
0326552085;buryatia;25.92;25
4401036851;kostroma;71.12.10;71
4725011568;leningrad;45.20;45
1327035532;mordovia;71.20.50;71
6454107806;saratov;25.12;25
3811174155;irkutsk;93.19;93
6670336590;sverdlovsk;49.40;49
4205138078;kemerovo;71.12.70;71
0107004015;adygeya;01.10;01
1513078276;north ossetia;69.10;69
6732119615;smolensk;68.20;68
2543156847;primorsky terr.;25.11;25
2801268236;amur;49.41;49
2925007082;arkhangelsk;70.22;70
7103042460;tula;94.99;94
7453323482;chelyabinsk;86.23;86
6000001407;pskov;70.22;70
4909088666;magadan;56.29;56
6027203810;pskov;68.20;68
5905037126;perm;46.49;46
1515915353;north ossetia;46.90;46
5917998283;perm;42.21;42
7811558261;leningrad;41.20;41
7751142146;moscow city;93.29;93
3316009291;vladimir;16.29.10;16
5254482251;nizhni novgorod;47.53.20;47
6453174422;saratov;70.22;70
4823080087;lipetzk;70.10;70
6833018444;tambov;42.21;42
4007021913;kaluga;73.11;73
5838011585;penza;69.10;69
2983014963;nenets ao;47.91.20;47
2123026186;chuvashia;25.62;25
4629003300;kursk;68.32;68
6162068194;rostov;41.20;41
3311023750;vladimir;46.90;46
4411000220;kostroma;01.47;01
3025035427;astrakhan;71.20;71
4714016902;leningrad;49.40;49
9310009803;donetsk;68.32.20;68
8603229645;khanty-mansijsk;45.20;45
6501233254;sakhalin;43.12;43
2224063410;altai terr.;62.01;62
9204569592;sevastopol;25.11;25
3907211457;kaliningrad;69.20;69
1215158222;marij el;52.29;52
3666085210;voronezh;71.11;71
6732199184;smolensk;45.31;45
9200011623;sevastopol;73.11;73
6102021258;rostov;45.30;45
6102000480;rostov;56.10;56
7611020130;yaroslavl;25.99.20;25
0273944375;bashkortostan;49.41;49
7604368311;yaroslavl;41.20;41
5010051606;moscow reg.;01.11;01
1834041616;udmurtia;23.61;23
6140018520;rostov;47.73;47
2723033467;khabarovsk;52.21.24;52
5032349001;moscow reg.;41.10;41
6501313816;moscow city;46.19;46
3823032941;irkutsk;41.20;41
2465359967;krasnoyarsk;68.32.20;68
4509007020;kurgan;93.12;93
2370000464;krasnodar;01.25.10;01
7536078361;zabaikalsk terr.;73.10;73
1800004126;udmurtia;25.62;25
0245023580;marij el;45.30;45
2700025452;khabarovsk;94.20;94
2325021832;krasnodar;93.19;93
8622024996;khanty-mansijsk;46.73.20;46
2904013350;arkhangelsk;43.22;43
7606135792;yaroslavl;93.19;93
5014002021;moscow reg.;01.41;01
3662121845;voronezh;70.22;70
5445014543;novosibirsk;68.20;68
2223596599;altai terr.;25.21;25
2801073910;amur;62.01;62
6321071452;samara;52.21.24;52
2901320024;arkhangelsk;96.03;96
2723188728;khabarovsk;45.31;45
5836901134;penza;41.20;41
1840086213;udmurtia;70.10;70
3605005680;voronezh;49.31.21;49
4725011511;leningrad;49.41;49
9200025270;sevastopol;01.61;01
5017136070;moscow reg.;71.11.10;71
4401181626;kostroma;01.13;01
9500001425;kherson;47.73;47
3019013908;astrakhan;69.20;69
8911032354;yamal-nenets ao;56.10;56
2720047662;khabarovsk;43.30;43
7720638424;moscow city;43.99.50;43
2461027826;krasnoyarsk;86.10;86
8904072677;yamal-nenets ao;56.29;56
4516009519;kurgan;01.11;01
3000007435;astrakhan;70.22;70
6312219399;samara;46.90;46
0276094461;bashkortostan;94.99;94
7805800066;sankt-petersburg;94.99;94
9002000411;zaporizhzhia;56.10.1;56
1658247665;tatarstan;77.32;77
3123468316;belgorod;47.11;47
5256161567;nizhni novgorod;45.31;45
1700009843;tuva;56.10;56
7802929745;sankt-petersburg;68.32;68
1900006504;khakasia;94.99;94
7017460707;tomsk;43.21;43
4004018310;kaluga;49.41;49
8602283946;khanty-mansijsk;41.20;41
8902014574;yamal-nenets ao;52.29;52
6037010334;pskov;93.11;93
2724178962;khabarovsk;42.21;42
7303005882;ulyanovsk;94.99;94
6150068778;rostov;46.90;46
6027186177;pskov;43.21;43
5902039742;tyumen;46.38.22;46
4205304230;kemerovo;23.99.30;23
3906313760;kaliningrad;52.29;52
7728852028;moscow city;51.10.20;51
2813011203;amur;43.39;43
5906997489;perm;47.78.30;47
3017043505;astrakhan;71.12.40;71
6161082693;rostov;70.22;70
0608064488;ingushetia;01.41;01
6681010550;sverdlovsk;71.12;71
6324081201;samara;47.59;47
7611014754;yaroslavl;47.73;47
3444118017;volgograd;94.20;94
1808204720;udmurtia;68.30;68
7805805699;sankt-petersburg;52.29;52
2368001446;krasnodar;69.20;69
1904005501;khakasia;01.40;01
5504243241;omsk;73.11;73
2311287590;kamchatka;62.01;62
7602076578;yaroslavl;45.31.10;45
7107135050;tula;43.31;43
1832160110;tatarstan;01.11;01
5017022717;moscow reg.;01.19;01
6155075264;rostov;25.11;25
3702181709;ivanovo;93.19;93
8601041278;khanty-mansijsk;73.11;73
3812151584;irkutsk;73.11;73
6501073917;sakhalin;01.11;01
2465088971;krasnoyarsk;70.22;70
1001176175;karelia;73.11;73
7447110302;chelyabinsk;43.21;43
7321015234;ulyanovsk;71.20.20;71
7718276689;moscow city;46.43;46
1101155965;komi;62.01;62
4101168374;kamchatka;52.21.24;52
7203582822;tyumen;88.99;88
9707018351;moscow city;47.91.20;47
5803029006;penza;49.42;49
2823005110;amur;41.20;41
7500020400;zabaikalsk terr.;43.22;43
7728624857;moscow city;56.10;56
7203318881;tyumen;25.61;25
5408019487;novosibirsk;46.51;46
9724163782;moscow city;47.91.20;47
5403050797;novosibirsk;47.59;47
4632111143;kursk;56.10;56
2130190444;chuvashia;64.19;64
9102167654;crimea;94.99;94
6027051490;pskov;49.40;49
1655231177;tatarstan;42.21;42
2635080940;stavropol;73.11;73
0300011451;buryatia;56.10;56
7530014788;zabaikalsk terr.;93.12;93
7017456098;tomsk;71.12.30;71
5300012976;novgorod;47.91;47
2465072386;krasnoyarsk;70.22;70
9404011124;luhansk;41.20;41
3100004727;belgorod;71.11;71
4611014597;kursk;25.11;25
7718973584;karelia;43.21;43
6025004350;pskov;42.11;42
6949117170;tver;47.25.10;47
7202201898;tyumen;49.41.10;49
3704569991;ivanovo;68.20;68
6807007830;tambov;69.10;69
7202149550;tyumen;68.20;68
9405004120;luhansk;68.32.10;68
2632087730;stavropol;70.22;70
4629014439;kursk;68.32.10;68
5834020973;penza;73.20.10;73
7725850960;moscow city;68.32;68
3663107427;voronezh;42.13;42
2713021039;khabarovsk;71.12.70;71
7104084103;tula;73.11;73
5718003825;oryol;01.11;01
7726314031;moscow city;20.41.30;20
3665816718;voronezh;43.22;43
4501231775;kurgan;49.41.10;49
5028037313;moscow reg.;29.31;29
0323124162;buryatia;86.21;86
9500025970;kherson;41.20;41
1660367173;tatarstan;68.10;68
3528300456;vologda;94.99;94
5260485589;nizhni novgorod;46.90;46
4400001341;kostroma;43.21;43
7106071565;tula;46.44.20;46
7130504315;tula;47.50;47
5044115632;tver;43.22;43
7733227453;moscow city;46.32;46
3100025004;belgorod;41.20;41
5507295061;omsk;01.11.30;01
3507009976;vologda;86.90.40;86
6714032312;smolensk;68.10;68
9724191042;moscow city;43.21;43
7725788470;moscow city;62.01;62
2100013776;chuvashia;41.20;41
4408004023;kostroma;47.10;47
7705974044;sakhalin;70.22;70
4102011930;kamchatka;93.29.90;93
5752083436;oryol;69.10;69
5752032417;oryol;73.11;73
5406650866;novosibirsk;45.11;45
6155080930;rostov;88.99;88
9723065790;moscow city;45.31;45
6318037405;samara;12.00.10;12
7415082035;chelyabinsk;25.99;25
3664230430;voronezh;47.74;47
7733657713;moscow city;46.43;46
3127015797;belgorod;70.22;70
5263093318;nizhni novgorod;52.29;52
5754008642;oryol;52.10;52
5320980118;novgorod;93.19;93
2511120037;primorsky terr.;49.41;49
5406616791;novosibirsk;43.12;43
7327094426;ulyanovsk;10.51;10
6452150179;saratov;47.19;47
7100014553;tula;86.23;86
7714808893;moscow city;62.01;62
7733398272;moscow city;43.29;43
7900002902;jewish ao;52.10.21;52
3702129723;ivanovo;43.21;43
6713006775;smolensk;56.30;56
5717003653;oryol;52.21.22;52
6316181724;samara;52.21.24;52
6685123026;sverdlovsk;25.11;25
6163113724;rostov;93.19;93
2538010000;primorsky terr.;52.21.24;52
3257077794;bryansk;93.11;93
7404054290;chelyabinsk;46.69;46
0276953441;bashkortostan;71.20.80;71
7417001948;chelyabinsk;94.99;94
1001354847;karelia;41.20;41
1300007880;mordovia;42.21;42
3301019064;vladimir;71.12.70;71
7728398157;moscow city;21.20.10;21
6316270156;samara;25.11;25
1226000406;marij el;68.32.20;68
2015003110;chechnya;94.92;94
0274145135;bashkortostan;69.20;69
7735182102;moscow city;69.20;69
5753015326;oryol;94.90;94
2540264033;primorsky terr.;25.12;25
1400011721;yakutia;73.11;73
3849073597;irkutsk;56.10;56
3017050478;astrakhan;81.22;81
1841088196;udmurtia;81.10;81
3200000099;bryansk;70.22;70
4253042432;kemerovo;46.76;46
8602136444;khanty-mansijsk;25.10;25
1832067432;udmurtia;49.41.10;49
3123322275;belgorod;56.10;56
6141061543;rostov;46.73;46
4501185335;kurgan;46.72.20;46
5406806873;novosibirsk;47.76;47
3121070551;belgorod;10.61.20;10
0600012329;ingushetia;41.20;41
8905067165;yamal-nenets ao;46.90;46
5257218505;nizhni novgorod;69.10;69
2100011521;chuvashia;45.20;45
4909097082;magadan;45.20.20;45
6500012284;sakhalin;86.21;86
0100005404;adygeya;86.21;86
1516608482;north ossetia;73.11;73
1326229207;mordovia;69.10;69
5905290070;perm;47.64;47
6732224419;smolensk;69.10;69
6229054705;ryazan;56.10.10;56
5321206154;novgorod;41.10;41
5024203626;moscow reg.;47.76.20;47
2224213136;altai terr.;46.73.30;46
4345039711;kirov;47.51;47
3906103787;kaliningrad;68.20;68
3702043681;ivanovo;62.01;62
8603197150;khanty-mansijsk;49.40;49
9710135200;moscow city;33.12;33
4101005309;kamchatka;56.10;56
2130157609;chuvashia;25.99;25
0268038840;bashkortostan;47.11;47
3250524764;bryansk;69.10;69
6910023890;tver;62.01;62
3702013648;ivanovo;69.10;69
3849093473;irkutsk;43.29;43
2723162215;sakhalin;25.11;25
3123201351;belgorod;73.11;73
7801657915;sankt-petersburg;68.10.11;68
9102213773;crimea;47.74;47
2221005868;altai terr.;68.20.20;68
5249154255;nizhni novgorod;43.21;43
1831167018;udmurtia;47.52.73;47
7816559082;sankt-petersburg;41.20;41
6617023827;sverdlovsk;47.73;47
3019028608;astrakhan;68.32;68
0571000541;dagestan;52.23.11;52
4101150539;kamchatka;43.20;43
6504035853;sakhalin;42.21;42
7811677540;sankt-petersburg;46.90;46
7716917009;moscow city;70.22;70
0900007979;karachaevo-chercessia;71.11;71
5190115870;murmansk;35.11;35
3241017077;bryansk;41.20;41
7734468780;moscow city;71.11;71
3023018144;astrakhan;62.02;62
5904235453;perm;47.25;47
7720648359;moscow city;49.41;49
4401048335;kostroma;46.72.23;46
2221221668;altai terr.;43.22;43
5190040657;murmansk;46.13.20;46
2315170458;krasnodar;46.74.20;46
5504249557;omsk;49.30;49
6671005135;sverdlovsk;73.11;73
5248995223;nizhni novgorod;70.22;70
6685199787;sverdlovsk;25.11;25
7327016570;ulyanovsk;68.32.10;68
5027225667;moscow reg.;73.11;73
0547009695;dagestan;70.22;70
5820004820;penza;10.50;10
2221182176;altai terr.;41.20;41
2540224873;primorsky terr.;45.31;45
1101009065;komi;73.11;73
7810610550;karelia;62.01;62
0275906978;bashkortostan;94.99;94
5836696439;penza;69.10;69
7456038518;chelyabinsk;33.12;33
6449092544;saratov;52.10;52
4706048241;leningrad;42.11;42
6952003246;tver;41.20;41
5250079563;nizhni novgorod;41.20;41
9701042118;moscow city;41.20;41
7724444885;moscow reg.;70.22;70
6612049476;sverdlovsk;94.99;94
4824095640;lipetzk;71.12;71
6813007726;tambov;70.10;70
2308176459;krasnodar;43.22;43
2801274960;amur;47.91;47
3665013213;voronezh;52.21.20;52
3900012621;kaliningrad;88.99;88
2014032662;chechnya;94.99;94
1434032889;yakutia;68.32.10;68
7751309204;moscow city;46.90;46
2902086070;arkhangelsk;71.11;71
7627049008;yaroslavl;73.11;73
3443902885;volgograd;94.20;94
3664081901;voronezh;94.99;94
4025454596;kaluga;42.11;42
9724123814;moscow city;72.19;72
7810460922;sankt-petersburg;45.31.10;45
9403022902;luhansk;68.32.20;68
2311102601;krasnodar;73.11;73
1841003160;udmurtia;86.23;86
1650070222;tatarstan;52.29;52
4703151120;leningrad;68.32;68
9725125797;moscow city;46.73;46
4401107990;kostroma;45.10;45
7716992013;moscow city;62.09;62
3254508650;bryansk;70.22;70
1400007073;yakutia;45.20;45
4416004450;kostroma;16.10;16
3525360658;vologda;46.76.10;46
1639010269;tatarstan;68.32.20;68
7447199893;chelyabinsk;71.20;71
7801545337;sankt-petersburg;86.10;86
8903024832;yamal-nenets ao;93.10;93
4205276110;kemerovo;43.99;43
7453158581;chelyabinsk;47.78;47
2435001204;krasnoyarsk;01.11.10;01
1684015540;tatarstan;68.32;68
3808005421;irkutsk;56.29;56
9705191713;moscow city;46.73;46
3305716436;vladimir;28.99.90;28
6826512645;tambov;86.23;86
4401170656;kostroma;93.19;93
4401075748;kostroma;68.20;68
5611065917;orenburg;73.11;73
0800002590;kalmykia;01.43;01
2922002840;arkhangelsk;01.49.10;01
2130216389;chuvashia;73.11;73
6732000384;smolensk;70.22;70
2626032080;stavropol;73.11;73
1215191043;marij el;46.90;46
7823004677;leningrad;45.10;45
4502016989;kurgan;70.22;70
7813090028;sankt-petersburg;10.89;10
9308013785;donetsk;71.12;71
1328911461;mordovia;41.20;41
9715377435;moscow city;46.45;46
5249182164;nizhni novgorod;86.90;86
3849098129;irkutsk;70.22;70
0274933915;bashkortostan;08.12;08
5021020198;moscow reg.;79.11;79
1650431020;tatarstan;41.20;41
1650096012;tatarstan;62.09;62
5835135350;penza;41.20;41
6027155073;pskov;69.20;69
2289004405;altai terr.;71.20.50;71
5405972010;novosibirsk;70.22;70
0721064240;kabardino-balkaria;69;69
4501117857;kurgan;47.41;47
9201510142;sevastopol;94.99;94
8904044052;yamal-nenets ao;42.11;42
5836689400;penza;43.29;43
4501156334;kurgan;70.22;70
9703023167;moscow city;82.11;82
3123343846;belgorod;70.22;70
7839118687;sankt-petersburg;49.42;49
1812906231;udmurtia;47.11;47
5504168160;omsk;41.20;41
8001017876;zabaikalsk terr.;41.20;41
7816651225;sankt-petersburg;73.11;73
7203553740;tyumen;56.10;56
4102010816;kamchatka;68.32;68
9204563985;sevastopol;70.22;70
6449105521;saratov;93.12;93
1415007171;yakutia;01.11;01
1215233977;marij el;46.90;46
2723210050;khabarovsk;69.10;69
5905254138;perm;68.32;68
8601052424;khanty-mansijsk;01.13.10;01
6231059676;ryazan;86.23;86
7505008935;zabaikalsk terr.;52.21.24;52
7707327268;moscow city;01.11;01
5409002704;novosibirsk;41.20;41
7728491910;moscow city;62.01;62
7725492169;moscow city;80.10;80
7113021621;tula;71.12.40;71
7329006753;ulyanovsk;93.11;93
0300022220;buryatia;93.19;93
5402580456;novosibirsk;69.20.10;69
7300028433;ulyanovsk;43.29;43
3666184162;voronezh;41.20;41
1101147516;komi;73.11;73
5609023973;orenburg;52.10;52
9303020355;donetsk;46.90;46
8504004425;irkutsk;94.99;94
5047062523;moscow reg.;46.10;46
7713790442;moscow city;71.10;71
5215005953;nizhni novgorod;01.10;01
9723110996;moscow city;96.09;96
6506011696;sakhalin;68.20.20;68
7203563361;tyumen;56.10.20;56
9709071488;moscow city;82.99;82
1414015677;yakutia;49.40;49
6018009380;pskov;70.22;70
5249995522;nizhni novgorod;94.99;94
1660238315;tatarstan;46.63;46
1501011020;north ossetia;45.32;45
5507115921;omsk;49.40;49
7707432671;moscow city;56.10;56
6671069555;sverdlovsk;82.11;82
7734670379;moscow city;41.20;41
9703154410;moscow city;31.09;31
7725096373;moscow city;47.10;47
5190922673;murmansk;25.61;25
2540167047;primorsky terr.;46.49.40;46
0278057641;bashkortostan;56.29;56
0608058163;ingushetia;86.90.90;86
2301086862;krasnodar;86.90.40;86
5321181220;novgorod;86.90.90;86
4632254046;kursk;47.25;47
7000008154;tomsk;70.10;70
4909121225;magadan;68.32;68
0800021722;kalmykia;69.10;69
9303015764;donetsk;49.41;49
3620010935;voronezh;68.32.10;68
2225109280;altai terr.;93.10;93
9402003463;luhansk;68.20.2;68
6230119361;ryazan;43.29;43
1101483003;komi;69.10;69
0573017276;dagestan;94.99;94
9311026262;donetsk;46.34;46
6731072435;smolensk;43.12;43
4401154478;kostroma;42.11;42
6714031277;smolensk;14.19;14
1700011987;tuva;68.32;68
1500001942;north ossetia;46.73;46
0104014713;adygeya;46.90;46
6000001950;pskov;73.11;73
3849062549;irkutsk;47.91;47
6451020579;saratov;62.01;62
6439101038;saratov;56.10;56
3906972716;kaliningrad;73.11;73
6678077587;sverdlovsk;49.41.10;49
0274974968;bashkortostan;41.20;41
0245955512;bashkortostan;46.52;46
4250010707;kemerovo;49.40;49
4345527469;kirov;47.91;47
0700007001;kabardino-balkaria;01.42;01
3123311107;crimea;46.40;46
4401046592;kostroma;46.90;46
1659212376;tatarstan;86.90;86
4501222749;kurgan;56.30;56
2014039795;chechnya;41.20;41
6829047996;tambov;68.32.10;68
5835136089;penza;93.19;93
9310016279;donetsk;41.20;41
5911043880;perm;43.12;43
5260123902;nizhni novgorod;94.20;94
1650078140;tatarstan;86.23;86
5422107840;novosibirsk;01.70;01
9500001070;kherson;46.21;46
1901052398;khakasia;73.11;73
9715491829;moscow city;46.77;46
5209006003;nizhni novgorod;11.07;11
4708002669;leningrad;72.19;72
4707044088;leningrad;52.29;52
2610014738;stavropol;94.99;94
2308161734;krasnodar;43.11;43
7017368148;tomsk;71.10;71
8608056298;khanty-mansijsk;68.32.10;68
8700001244;chukotka;01.13.12;01
9500015403;kherson;94.99;94
5805004399;penza;47.30;47
4027102913;kaluga;93.13;93
6454077855;saratov;68.32.10;68
5751029193;oryol;62;62
1425000746;yakutia;05.10.13;05
7017470938;tomsk;62.03.13;62
0726008962;kabardino-balkaria;56.10;56
5032217615;moscow reg.;61.10;61
7606128749;yaroslavl;25.11;25
6501073755;sakhalin;01.13.10;01
0400004401;altai rep.;43.21;43
3906902980;kaliningrad;94.12;94
1215159240;marij el;46.13;46
2700019762;khabarovsk;42.11;42
9307007884;donetsk;45.11;45
3662276528;voronezh;73.11;73
1832149967;udmurtia;25.62;25
6027182060;pskov;47.51;47
6658405913;sverdlovsk;46.75;46
3666247292;voronezh;49.41;49
1218000917;marij el;45.31;45
0239951245;bashkortostan;94.12;94
2465137280;krasnoyarsk;86.23;86
7801648910;sankt-petersburg;27.51;27
9706021464;moscow city;62.01;62
7805781350;sankt-petersburg;46.69.90;46
5190128421;murmansk;86;86
5406811030;novosibirsk;73.11;73
7000002120;tomsk;72.19;72
5902814127;perm;41.20;41
3105004167;belgorod;86.23;86
1840095514;udmurtia;62.01;62
6219009076;ryazan;25.61;25
3663151401;voronezh;46.69;46
1655446119;tatarstan;49.41;49
1800008314;udmurtia;25.11;25
3702112744;ivanovo;94.99;94
5321163920;novgorod;69.20;69
3000001514;astrakhan;93.19;93
7730323624;moscow city;41.20;41
2921003129;arkhangelsk;68.32.20;68
6671267395;sverdlovsk;86.90;86
7325090391;ulyanovsk;62.01;62
5751064367;oryol;70.10;70
5612075749;orenburg;46.69.20;46
7451404552;chelyabinsk;86.10;86
1001001619;karelia;41.20;41
6154115669;rostov;94.99;94
7734511509;moscow city;72.19;72
2311337890;krasnodar;70.22;70
6637003635;sverdlovsk;02.10;02
6658538840;sverdlovsk;71.12;71
6678099566;sverdlovsk;68.32.20;68
2223636153;zabaikalsk terr.;56.10;56
2308122823;krasnodar;01.70;01
5190914200;sankt-petersburg;46.38.10;46
0521017525;dagestan;68.31;68
7207022878;tyumen;49.41;49
8709908076;chukotka;01.13;01
4029037868;kaluga;68.32;68
7300022826;ulyanovsk;73.20;73
2108001691;chuvashia;01.10;01
3100031449;belgorod;68.20;68
5642023378;orenburg;42.22;42
7017327825;tomsk;52.21.24;52
7017368719;tomsk;80.10;80
3528160946;vologda;62.09;62
3625009348;voronezh;69.10;69
7743869361;moscow city;43.99.90;43
0264021966;bashkortostan;42.91.40;42
3906381978;kaliningrad;69.10;69
6000007342;pskov;56.10.10;56
6443019354;saratov;68.20;68
6627022540;sverdlovsk;86.23;86
2536321017;primorsky terr.;46.73;46
1660348540;tatarstan;86.23;86
4510004232;kurgan;68.32.20;68
2801268042;amur;86.22;86
5609078958;orenburg;69;69
2130162454;chuvashia;71.10;71
3245021331;bryansk;49.41;49
6659023113;sverdlovsk;68.32.10;68
4632113165;kursk;49.30;49
3025033927;astrakhan;86.23;86
7811695973;sankt-petersburg;46.69;46
5040103611;moscow reg.;23.41;23
5249174950;nizhni novgorod;25.11;25
6317143619;samara;93.29;93
1685013602;tatarstan;73.11;73
7814647914;sankt-petersburg;42.21;42
2619013087;stavropol;45.30;45
3327138108;vladimir;45.20;45
7718545684;moscow city;56.10;56
1435352232;yakutia;86.22;86
3812536489;irkutsk;45.31;45
7733357484;moscow city;72.19;72
0561042239;dagestan;25.12;25
6230036274;ryazan;52.29;52
7806608421;sankt-petersburg;42.22;42
4345350363;kirov;25.12;25
2130197827;chuvashia;62.01;62
4415000076;kostroma;49.31.20;49
6165185918;rostov;43.21;43
8905066450;yamal-nenets ao;45.20;45
9102247557;crimea;01.11;01
5406705988;novosibirsk;73.11;73
0407008356;altai rep.;68.32.10;68
4217204790;kemerovo;70.22;70
0107028182;adygeya;86.21;86
3507313246;vologda;49.41;49
9311002198;donetsk;81.10;81
4345476550;kirov;25.99;25
4632189911;kursk;43.29;43
5404464286;novosibirsk;52.29;52
5404424815;novosibirsk;56.10;56
9727029880;moscow city;94.12;94
6446011723;saratov;71.11.10;71
7810966892;sankt-petersburg;71.12;71
6950040549;tver;49.41;49
9302006950;donetsk;94.20;94
7900004762;jewish ao;43.39;43
6950180000;tver;20.30;20
7300017015;ulyanovsk;52.29;52
0708017298;kabardino-balkaria;01.24;01
7604336599;yaroslavl;70.10.20;70
9409007749;luhansk;01.11;01
3406007891;volgograd;36.00.20;36
7733906920;moscow city;69.20;69
5025012286;moscow reg.;25.11;25
3711051537;ivanovo;42.11;42
9706014450;moscow city;46.51;46
5003123112;moscow reg.;42.22;42
1840080998;udmurtia;56.10;56
3528340593;vologda;75.00.20;75
7743238750;moscow city;47.19;47
6231030243;ryazan;25.12;25
7751157093;moscow city;73.20;73
5190189512;murmansk;52.29;52
7718952680;moscow city;68.20;68
2628061721;stavropol;68.32;68
3233011917;bryansk;49.41;49
4101008557;kamchatka;46.74.20;46
0700004353;kabardino-balkaria;69.10;69
3528254802;vologda;70.22;70
3328014842;vladimir;94.99;94
2722050727;khabarovsk;41.20;41
7751195388;moscow city;90.01;90
7708826020;moscow city;41.20;41
5513006215;omsk;35.30;35
7718260150;moscow city;68.20;68
6905010214;tver;86.21;86
7811351387;sankt-petersburg;47.78.90;47
7204016259;tyumen;70.22;70
5607020800;orenburg;86.23;86
6679015752;sverdlovsk;71.11;71
0917042185;karachaevo-chercessia;79.11;79
3808190598;irkutsk;68.20.10;68
6167072797;rostov;47.10;47
1701026979;tuva;43.29;43
3327147670;vladimir;71.12.20;71
0901047903;karachaevo-chercessia;71.20.90;71
4826100060;lipetzk;46.49.49;46
1101034537;komi;71.12.30;71
3711008789;ivanovo;94.99;94
0800013827;kalmykia;45.20;45
5506079276;omsk;68.32.10;68
2124033411;chuvashia;86.10;86
3729027260;ivanovo;94.99;94
7727004530;yamal-nenets ao;71.12.30;71
2801261343;amur;42.21;42
5816004111;penza;86.23;86
1701058191;tuva;47.19.10;47
3311020686;vladimir;68.32.20;68
2130999877;chuvashia;52.21.24;52
1327028704;mordovia;43.29;43
3328019294;vladimir;62.01;62
9723229504;moscow city;45.31;45
5029286249;moscow reg.;73.11;73
6439079791;saratov;86.10;86
5837074631;penza;73.11;73
9722013319;tyumen;62.09;62
9200023604;sevastopol;25.93;25
6950193520;tver;69.20;69
4516009950;kurgan;45.20;45
6623038074;sverdlovsk;41.20;41
0410003929;altai rep.;52.21.21;52
2450037501;krasnoyarsk;47.91.20;47
6633027628;sverdlovsk;55.90;55
6612047398;sverdlovsk;46.73;46
0814028975;kalmykia;71.11.10;71
6376020305;samara;86.90.30;86
0261018203;bashkortostan;25.62;25
7900005406;jewish ao;43.29;43
0266040795;bashkortostan;47.30;47
0725019810;kabardino-balkaria;69.10;69
0900004199;karachaevo-chercessia;41.20;41
1001127234;karelia;41.20;41
5610212710;orenburg;62.09;62
7713535185;moscow city;86.90.90;86
1001326511;karelia;69.20;69
7820019499;sankt-petersburg;01.13.30;01
2465362840;krasnoyarsk;94.99;94
5501281263;omsk;49.32;49
4909048712;magadan;49.41.10;49
7842502477;sankt-petersburg;70.10.10;70
0521016970;dagestan;73.11;73
6674373320;sverdlovsk;79.10;79
8603109531;khanty-mansijsk;01.13.30;01
9203008555;sevastopol;10.61;10
4011030043;kaluga;71.20.80;71
2224149508;altai terr.;71.20;71
5007101303;moscow reg.;41.10;41
6164134780;rostov;87.90;87
2310217906;krasnodar;46.19;46
9103098379;crimea;56.10.10;56
5445119962;novosibirsk;68.32.20;68
5405343781;novosibirsk;68.20;68
6119015414;rostov;43.39;43
5405066351;novosibirsk;93.11;93
5022031555;moscow reg.;94.99;94
2466098115;krasnoyarsk;56.10;56
5321155260;novgorod;43.21;43
5260470462;nizhni novgorod;42.21;42
5038096100;moscow reg.;47.24;47
6318238359;samara;43.21;43
8905067550;yamal-nenets ao;42.22;42
5300011066;novgorod;68.20.21;68
3702189031;ivanovo;56.10.10;56
4345160612;kirov;68.32.10;68
7606094112;yaroslavl;01.49;01
1001298141;karelia;45.20;45
2364020350;krasnodar;49.41;49
6501175980;sakhalin;49.40;49
6671282770;sverdlovsk;26.51.50;26
2221065850;altai terr.;73.20;73
2315219294;krasnodar;42.21;42
5507253921;omsk;93.29;93
7816338100;sankt-petersburg;46.69;46
6900012899;tver;71.12.20;71
6311167349;samara;41.20;41
2635803188;adygeya;49.41;49
1831195248;udmurtia;94.99;94
6902000345;tver;86.21;86
1510016610;north ossetia;46.73.60;46
0917036907;karachaevo-chercessia;01.19.20;01
0571002370;dagestan;62.01;62
2373021536;marij el;25.12;25
7300020674;ulyanovsk;25.62;25
7805740515;sankt-petersburg;01.50;01
6321314120;samara;70.22;70
2223024841;altai terr.;52.21.24;52
1832102729;udmurtia;46.46;46
7719435652;moscow city;46.74;46
5720022649;oryol;46.73;46
4706061443;leningrad;70.21;70
2903012434;arkhangelsk;94.99;94
7708421312;moscow city;43.29;43
1300001342;mordovia;93.11;93
5635000098;orenburg;56.29.20;56
9204024736;sevastopol;52.29;52
7726301226;moscow city;25.50.10;25
6324061942;kalmykia;68.20.20;68
4410044584;kostroma;01.50;01
5906157000;perm;70.21;70
6658529595;sverdlovsk;70.22;70
7017493808;tomsk;62.01;62
5636020636;orenburg;71.20.40;71
3812120748;moscow city;46.40;46
7203282265;tyumen;70.22;70
5902190052;perm;62.01;62
4400005353;kostroma;56.30;56
1001348025;karelia;69.20;69
4205407877;kemerovo;46.43;46
4205387660;kemerovo;25.62;25
0562054903;dagestan;73.10;73
6330079923;samara;25.11;25
7415039449;chelyabinsk;25.62;25
4401080360;kostroma;69.10;69
4805016811;lipetzk;49.41;49
1841008881;udmurtia;52.29;52
3245016363;bryansk;41.20;41
7840110298;sankt-petersburg;62.01;62
1800014131;udmurtia;73.11;73
4909126431;magadan;52.21.24;52
2124044090;chuvashia;41.20;41
1435311123;yakutia;41.20;41
2815001659;amur;01.49.40;01
1328012305;mordovia;73.11;73
7418020855;chelyabinsk;71.12.41;71
7802568880;sankt-petersburg;41.20;41
3664229192;voronezh;01.11.10;01
3507006608;vologda;01.13.10;01
7716709591;moscow city;46.69;46
1701057568;tuva;41.20;41
5610230822;orenburg;43.22;43
6829004463;tambov;43.99;43
9725146356;moscow city;45.20;45
0411175092;altai rep.;94.99;94
3525318470;vologda;69.10;69
6229009830;ryazan;46.31;46
5906145621;perm;43.21;43
5904409131;perm;71.12.20;71
5753990229;oryol;94.92;94
6501307354;sakhalin;45.31;45
3128127207;belgorod;42.21;42
1655407215;tatarstan;41.20;41
3705061777;ivanovo;56.10;56
0273040852;bashkortostan;47.11;47
0800025533;kalmykia;43.29;43
4824062997;lipetzk;61.10.90;61
6800004848;tambov;42.11;42
0608019686;ingushetia;47.19;47
4345501397;kirov;25.11;25
5038130142;moscow reg.;73.11;73
7813277957;sankt-petersburg;46.73;46
9729374522;moscow city;47.91;47
9404001486;luhansk;71.12.90;71
2466167224;krasnoyarsk;70.22;70
5501268833;omsk;93.13;93
0542026680;dagestan;86.10;86
2543149293;primorsky terr.;63.12.10;63
0276094172;bashkortostan;95.29;95
3325010649;vladimir;49.30;49
2414004370;krasnoyarsk;73.11;73
5702004012;oryol;41.20;41
4632020464;kursk;68.20;68
0707020040;kabardino-balkaria;69.10;69
7806055625;sankt-petersburg;86.23;86
5243042876;nizhni novgorod;41.20;41
7327098396;ulyanovsk;43.99;43
2225216732;altai terr.;25.11;25
3460079252;volgograd;49.41;49
5753068247;oryol;71.12.30;71
0725029134;kabardino-balkaria;41.20;41
9102248832;sankt-petersburg;71.12.20;71
2014022537;chechnya;01.50;01
4401060928;kostroma;52.21.24;52
5948057783;perm;25.99;25
7724391834;moscow city;38.11;38
2013010810;chechnya;47.91.20;47
6727000068;smolensk;56.29;56
5105061850;murmansk;68.32.10;68
6455068074;saratov;46.74;46
5260192173;nizhni novgorod;73.11;73
7325160024;ulyanovsk;08.12.10;08
2367003176;krasnodar;96.04;96
6501314898;sakhalin;68.31;68
7536143691;zabaikalsk terr.;56.10;56
3812998500;irkutsk;73.11;73
3906109098;kaliningrad;68.20;68
6449004097;saratov;96.02;96
2014014166;chechnya;68.32;68
2209053801;altai terr.;62.09;62
4230022849;kemerovo;73.20.20;73
3102045373;belgorod;46.71;46
2902005635;arkhangelsk;45.31.10;45
6901017392;tver;71.11.10;71
5300004622;novgorod;47.11;47
4443026580;kostroma;94.20;94
4345489333;kirov;28.30;28
3443109820;volgograd;71.20.50;71
5751012619;oryol;52.21.24;52
3700014290;ivanovo;43.21;43
4712030531;leningrad;73.20;73
3724001702;ivanovo;01.13.10;01
5321053490;novgorod;94.99;94
9714041552;moscow city;95.24;95
5012056494;moscow reg.;46.72;46
9706029470;moscow city;43.39;43
4345154915;kirov;47.11;47
3523024530;vologda;69.20;69
1200014309;marij el;62.01;62
2725122063;khabarovsk;25.12;25
6685102717;sverdlovsk;70.22;70
4230019620;kemerovo;70.22;70
5190073846;murmansk;46.38.10;46
5911041427;perm;45.31;45
3255516044;bryansk;43.21;43
0721019696;kabardino-balkaria;52.10;52
0500007244;dagestan;47.91;47
3245020553;bryansk;01.50;01
8906009543;yamal-nenets ao;80.10;80
9704235573;moscow city;95.24;95
2302044791;krasnodar;46.21.12;46
6952316560;tver;42.21;42
6501205458;sakhalin;52.21.24;52
6730071781;smolensk;43.21;43
3123449360;belgorod;73.11;73
4824102456;lipetzk;86.90;86
5609202740;orenburg;42.11;42
4706070342;leningrad;25.61;25
4633014390;kursk;45.20;45
2543162022;primorsky terr.;46.32;46
6166127210;rostov;45.11.20;45
6451902161;saratov;52.21.24;52
7806451033;sankt-petersburg;47.11;47
9402002660;luhansk;10.41;10
3252007200;bryansk;47.73;47
2538089930;primorsky terr.;45.31;45
1435239519;yakutia;93.10;93
2502067605;primorsky terr.;93.19;93
3442094963;volgograd;43.21;43
3702586783;ivanovo;43.20;43
7451010244;chelyabinsk;46.33;46
2221205183;altai terr.;56.10;56
7456055810;chelyabinsk;41.20;41
3459081994;volgograd;43.21;43
8904093194;yamal-nenets ao;86.90;86
1513084760;north ossetia;41.20;41
0542019280;dagestan;56.10.10;56
2801258478;amur;73.11;73
7804612550;sankt-petersburg;41.20;41
4526005383;kurgan;43.21;43
5259069383;nizhni novgorod;35.30.20;35
5018211555;moscow reg.;49.42;49
5032346459;moscow reg.;42.21;42
1834033887;udmurtia;70.22;70
7412010716;chelyabinsk;23.63;23
5256090860;nizhni novgorod;56.10;56
6165195176;moscow city;77.39.12;77
6453006442;saratov;69;69
9403000095;luhansk;86.22;86
9102163025;crimea;68.20;68
1106018200;komi;46.74.30;46
9718114410;moscow city;66.21;66
4101180893;kamchatka;86.22;86
7528001816;zabaikalsk terr.;01.50;01
9718222430;moscow city;43.31;43
4028067517;kaluga;41.20;41
7708792973;moscow city;46.90;46
2309102932;krasnodar;86.23;86
5506221370;omsk;45.10;45
6670181956;sverdlovsk;69.20;69
7810349610;leningrad;49.40;49
6027143906;pskov;56.10;56
7310104161;ulyanovsk;43.99;43
5505066073;omsk;96.03;96
3461062340;volgograd;42.21;42
6501242185;sakhalin;73.11;73
3801108354;irkutsk;46.71;46
9721134279;moscow city;46.73;46
3446022624;volgograd;71.20.70;71
1101177623;komi;71.12.20;71
7300024485;ulyanovsk;71.20;71
2703064996;khabarovsk;47.52;47
5902066030;perm;46.90;46
7708417718;moscow city;62.03;62
4230030310;kemerovo;25.93;25
7536065348;zabaikalsk terr.;47.11;47
4909118416;magadan;46.33;46
1840047630;udmurtia;56.10;56
5614081586;orenburg;49.41;49
1434035030;yakutia;52.21.24;52
1326224329;mordovia;70.22;70
4324000625;kirov;01.13.10;01
3461067549;volgograd;45.31;45
0105068479;adygeya;52.29;52
5752084415;oryol;86.23;86
7816070365;sankt-petersburg;94.99;94
2204014580;altai terr.;68.20;68
6686127873;sverdlovsk;70.22;70
4632223739;kursk;46.69;46
2138000110;chuvashia;25.11;25
3811452349;irkutsk;46.38;46
5818000497;penza;36.00.20;36
6311151853;samara;45.31.10;45
4501038740;kurgan;52.21.24;52
7604381023;yaroslavl;42.11;42
4234004590;kemerovo;68.32.20;68
7606086841;yaroslavl;68.30;68
7207018825;tyumen;62.09;62
4029066040;kaluga;45.31;45
9102264224;crimea;86.90;86
4345296885;kirov;25.62;25
9729371200;moscow city;96.02;96
5040183430;moscow reg.;14.31;14
5404010003;novosibirsk;42.21;42
7449014315;chelyabinsk;68.32.20;68
3241001510;bryansk;41.20;41
2901297142;arkhangelsk;71.12;71
6503015004;sakhalin;01.13.10;01
2901224779;arkhangelsk;71.11.10;71
4205365948;kemerovo;69.10;69
6155091820;rostov;42.21;42
6732190512;smolensk;46.45;46
4501229222;kurgan;62.01;62
1650274360;tatarstan;46.73.60;46
1661051599;tatarstan;30.30.50;30
7722466989;moscow city;43.21;43
5001160246;moscow reg.;68.20;68
2465307831;krasnoyarsk;46.74.20;46
5906113404;perm;73.10;73
4503003887;kurgan;01.11.10;01
4029034458;kaluga;49.31.20;49
4027107012;kaluga;56.30;56
1616003593;tatarstan;68.32;68
9311006192;donetsk;46.90;46
5800008777;penza;25.62;25
2907018846;arkhangelsk;93.29;93
7329012926;ulyanovsk;25.93;25
4345473005;kirov;42.21;42
7730306026;moscow city;43.29;43
7816740789;sankt-petersburg;93.12;93
9303000983;donetsk;45.20;45
0313317006;buryatia;45.11;45
5410786901;novosibirsk;46.90;46
5032338440;moscow reg.;47.25;47
2004001111;chechnya;01.11.10;01
6831022290;tambov;94.99;94
2801281660;amur;55.10;55
5405404770;novosibirsk;16.10;16
5018208792;moscow reg.;49.41;49
6125033605;rostov;86.21;86
3702530068;ivanovo;86.23;86
1655498501;tatarstan;71.11;71
1300004664;mordovia;46.69;46
5752002860;oryol;56.10;56
3528174554;vologda;69.20;69
9309003691;donetsk;52.29;52
2807032830;amur;73.11;73
2130049917;chuvashia;68.32.10;68
7804016148;sankt-petersburg;68.32.10;68
6312087720;samara;52.20;52
9701101540;chelyabinsk;41.20;41
5504222450;omsk;47.43;47
6453085081;saratov;43.21;43
1326221920;mordovia;49.32;49
2311011513;krasnodar;41.20;41
2465160642;krasnoyarsk;25.11;25
7704543895;moscow city;68.32;68
6455061128;saratov;41.20;41
0278962868;bashkortostan;70.22;70
7705711670;moscow city;62.09;62
2723217344;khabarovsk;49.41;49
2511082342;primorsky terr.;01.25.10;01
4909124579;magadan;56.10;56
7327044714;ulyanovsk;49.31.21;49
4703136193;leningrad;41.20;41
5256158902;nizhni novgorod;74.90.20;74
6950016257;tver;73.11;73
6125026372;rostov;46.90;46
5501246903;omsk;70.22;70
1503019440;north ossetia;47.73;47
6312100530;samara;71.20;71
3525338451;vologda;69.10;69
2700025029;khabarovsk;94.99;94
0608044516;ingushetia;68.32.10;68
5440100982;novosibirsk;01.50;01
7602021191;yaroslavl;52.21.24;52
2983015170;nenets ao;94.92;94
1417010564;yakutia;49.41;49
7838479803;sankt-petersburg;68.32.20;68
7810355100;sankt-petersburg;47.59;47
4345507695;kirov;41.20;41
6670456150;sverdlovsk;42.21;42
9201519160;sevastopol;94.99;94
5321121430;novgorod;94.99;94
0261045528;bashkortostan;93.19;93
4703151995;leningrad;71.12;71
7536061431;zabaikalsk terr.;93.10;93
7840291037;sankt-petersburg;71.20;71
3906123335;kaliningrad;47.79.10;47
9722045543;moscow city;46.90;46
4633025240;kursk;94.99;94
7708398663;moscow city;62.01;62
9002016806;zaporizhzhia;47.73;47
3662989487;voronezh;70.22;70
8904088733;yamal-nenets ao;69.10;69
3325014682;vladimir;71.12.60;71
2543161011;primorsky terr.;47.25;47
5300013465;novgorod;43.22;43
6670414230;sverdlovsk;46.73;46
1300012263;mordovia;56.10;56
6827033420;tambov;49.41;49
7203468407;tyumen;46.69.50;46
2623020898;stavropol;46.21;46
7534017170;zabaikalsk terr.;52.21.24;52
7536182605;zabaikalsk terr.;25.11;25
8904090034;yamal-nenets ao;93.12;93
5607143922;orenburg;52.21.24;52
3904074481;kaliningrad;01.11;01
9108113951;crimea;42.21;42
4205099968;kemerovo;71.10;71
6165239680;rostov;41.20;41
7153000152;tula;49.41;49
5009095863;moscow reg.;52.29;52
1303000509;mordovia;62.09;62
0725006899;kabardino-balkaria;69.10;69
9728013548;moscow city;62.01;62
2312312714;zaporizhzhia;46.71.20;46
7708754262;moscow city;56.10;56
2511069119;primorsky terr.;46.38;46
2466286447;krasnoyarsk;71.12;71
3801123602;irkutsk;47.30;47
7300019809;ulyanovsk;68.32;68
7802680353;sankt-petersburg;10.71;10
6950238845;tver;43.21;43
3257072161;bryansk;93.12;93
5837053952;penza;25.62;25
6311184143;samara;41.20;41
7203108436;tyumen;46.69.90;46
4253030130;kemerovo;73.11;73
7707734312;moscow city;41.20;41
2302039777;krasnodar;45.32;45
2222890630;altai terr.;93.29;93
5920008352;perm;68.32.10;68
3702741887;ivanovo;86.10;86
9107001451;crimea;68.32.10;68
6319136430;samara;45.31.10;45
9200012377;sevastopol;46.74;46
6670491475;sverdlovsk;71.20;71
4105127072;kamchatka;49.41;49
1402047755;yakutia;45.10;45
9310012450;donetsk;41.20;41
1901062050;khakasia;86.90.40;86
3001009587;astrakhan;56.10;56
6165189944;rostov;56.29;56
7727448912;moscow city;68.32.10;68
7751320550;moscow city;41.20;41
2344010441;krasnodar;01.11.10;01
7841366013;sankt-petersburg;46.90;46
6952041481;tver;68.31;68
4345245418;kirov;68.30;68
6025999025;pskov;70.22;70
2130094807;chuvashia;47.25;47
6027152234;pskov;25.11;25
9403026110;luhansk;86.23;86
1326210870;mordovia;52.21.24;52
7825660191;sankt-petersburg;94.20;94
7717767780;moscow city;46.90;46
7710904885;moscow city;46.22;46
0916005751;karachaevo-chercessia;68.32.10;68
3702742760;ivanovo;47.25;47
6950170241;tver;52.29;52
2224212848;altai terr.;46.90;46
2801275723;amur;93.12;93
7536177161;zabaikalsk terr.;69.10;69
8614008990;khanty-mansijsk;47.25;47
1901127974;khakasia;43.12.30;43
1102083167;komi;01.13.30;01
4725480859;leningrad;43.12;43
5627000697;orenburg;68.32.10;68
0600014936;ingushetia;49.41;49
3628021311;voronezh;25.11;25
9002005811;zaporizhzhia;01.11;01
7536987085;zabaikalsk terr.;68.31.50;68
4348036645;kirov;69.10;69
6318065755;samara;42.12;42
6501315901;sakhalin;86.10;86
6102077525;rostov;49.41;49
9718224740;moscow city;46.90;46
1841104031;udmurtia;46.73;46
4706011971;leningrad;68.32.20;68
2721241937;khabarovsk;42.22;42
5753020527;oryol;42.11;42
7327088327;ulyanovsk;49.42;49
1215157839;marij el;56.30;56
4707052794;leningrad;93.11;93
3528132385;vologda;68.32;68
5047143412;moscow reg.;41.20;41
6316139137;samara;52.21.24;52
3453007433;volgograd;41.20;41
9703072975;moscow city;96.02;96
9731079595;moscow city;93.29;93
2466286567;krasnoyarsk;46.73;46
0307034507;buryatia;70.22;70
3730007396;ivanovo;94.99;94
7202214760;tyumen;73.10;73
1435362784;yakutia;69.10;69
2311129459;krasnodar;71.12.15;71
6234147377;ryazan;93.11;93
3245018498;bryansk;42.21;42
1835041224;udmurtia;52.21.24;52
2900007041;nenets ao;47.11;47
0278971005;bashkortostan;70.22;70
2461212314;krasnoyarsk;42.21;42
6501249134;sakhalin;47.20;47
1435302471;yakutia;86.23;86
5612086660;orenburg;70.22;70
2635233202;stavropol;70.10;70
9718132306;moscow city;43.29;43
2801213928;amur;70.22;70
9001006869;zaporizhzhia;49.41;49
1841041656;udmurtia;73.11;73
3528116471;vologda;70.22;70
5808006041;penza;36;36
2543076359;magadan;45.31.10;45
5252044220;nizhni novgorod;46.14;46
7727542538;moscow city;55.10;55
7715209814;moscow city;47.79;47
7815021340;sankt-petersburg;72.19;72
6714012475;smolensk;01.11.10;01
0572019866;dagestan;93.10;93
5503060252;omsk;68.20.20;68
3702683427;ivanovo;70.22;70
3201003712;bryansk;86.23;86
0608037438;ingushetia;45.10;45
6455071510;saratov;70.22;70
3729010644;ivanovo;52.21.24;52
1831096261;udmurtia;46.61.10;46
0919002614;karachaevo-chercessia;52.21.22;52
1101163780;komi;88.99;88
3808221574;irkutsk;46.49;46
2919007729;arkhangelsk;94.12;94
5903083906;perm;33.14;33
1215192858;marij el;94.99;94
8602215618;khanty-mansijsk;93.29.90;93
9715404537;moscow city;62.01;62
1215176990;marij el;56.10;56
3435147981;volgograd;68.20.20;68
3525427479;vologda;43.91;43
6230118657;ryazan;43.21;43
6501315355;sakhalin;73.11;73
7325073276;ulyanovsk;46.73.60;46
6512004168;sakhalin;49.31;49
7017439399;tomsk;69.10;69
1434032649;yakutia;25.11;25
1400007387;yakutia;94.99;94
7728542570;moscow city;46.46;46
6731081341;smolensk;68.32.10;68
1328002321;mordovia;52.21.24;52
0542021522;dagestan;01.21;01
9721226681;moscow city;68.20;68
9728059366;moscow city;43.29;43
0716007092;kabardino-balkaria;43.22;43
6674303147;sverdlovsk;62.01;62
0278941459;bashkortostan;42.21;42
5641005200;orenburg;01.50;01
5027322886;moscow reg.;43.21;43
5753068751;oryol;52.10.30;52
1651063725;tatarstan;69;69
5403042549;novosibirsk;42.11;42
5044090071;moscow reg.;68.32.10;68
2204076604;altai terr.;52.21.24;52
2540156944;primorsky terr.;43.12.30;43
5906148823;perm;68.31;68
1657060382;nizhni novgorod;70.22;70
5258083064;nizhni novgorod;46.75.10;46
3528333300;vologda;71.20;71
7810714310;sankt-petersburg;56.10;56
4909114115;magadan;52.29;52
1841081803;udmurtia;46.73;46
9102197200;crimea;01.25.10;01
2460223680;krasnoyarsk;52.21.24;52
6452139432;saratov;46.69;46
9721190851;moscow city;47.76;47
1831067253;udmurtia;70.22;70
2127308463;chuvashia;94.99;94
9204024373;sevastopol;42.21;42
6164142460;rostov;47.73;47
6223002482;ryazan;01.11;01
9204560529;sevastopol;94.99;94
9406004041;luhansk;56.10;56
5835056404;penza;86.21;86
1420002404;yakutia;47.11;47
0276038026;bashkortostan;52.10;52
3525430584;vologda;69.10;69
1200012407;marij el;93.19;93
9108010787;crimea;45.20;45
3234017728;bryansk;94.99;94
2801120536;amur;43.99.70;43
4401049699;kostroma;52.21.24;52
1200009524;marij el;71.12.20;71
3015113404;astrakhan;46.73.10;46
5228002526;nizhni novgorod;68.20.20;68
3662311388;voronezh;86.10;86
5503216252;kaliningrad;93.29.20;93
7536179578;zabaikalsk terr.;43.29;43
5260287611;nizhni novgorod;49.30;49
7604061087;yaroslavl;69.10;69
6509024693;sakhalin;93.11;93
5262374651;nizhni novgorod;86.23;86
3245002508;bryansk;01.50;01
6230120416;ryazan;46.74;46
2314016661;krasnodar;42.11;42
1215157701;marij el;62;62
0725030027;kabardino-balkaria;62.01;62
0901053030;karachaevo-chercessia;45.11.20;45
4632270471;kursk;46.49.20;46
8608054460;khanty-mansijsk;49.41.10;49
9305007455;donetsk;01.11;01
6027065856;pskov;62.01;62
2461222182;krasnoyarsk;46.73;46
3812526219;irkutsk;01.11;01
6166083355;rostov;25.62;25
1901143341;khakasia;56.10;56
1000002360;karelia;25.11;25
4205245390;kemerovo;71.20;71
2460121093;krasnoyarsk;42.22;42
0600004575;ingushetia;93.19;93
3015085122;astrakhan;49.30;49
2525004337;primorsky terr.;70.22;70
5262109780;nizhni novgorod;27.90;27
6161069974;rostov;69.20;69
8904056643;yamal-nenets ao;94.20;94
9307007813;donetsk;46.90;46
7705185240;moscow city;43.21;43
6950211498;tver;41.20;41
1701056349;tuva;43.31;43
6227001232;ryazan;49.41.10;49
5917594964;perm;86.23;86
1650159625;tatarstan;47.20;47
5916034198;perm;43.29;43
4345533350;kirov;59.11;59
5911083177;perm;80.10;80
7813488330;sankt-petersburg;73.11;73
7724369388;moscow city;47.59;47
7606072260;yaroslavl;45.11.20;45
3123160747;belgorod;62.02;62
6020006259;pskov;46.73;46
9703050570;moscow city;43.39;43
7100010421;tula;45.20;45
3128094294;belgorod;69.20;69
2004008332;chechnya;47.11;47
3711033344;ivanovo;94.99;94
7901527123;jewish ao;43.21;43
5047272993;moscow city;70.22;70
3329095040;vladimir;93.19;93
5321198746;novgorod;73.11;73
1435286614;yakutia;41.20;41
6439075324;saratov;52.21.24;52
3805736374;irkutsk;64.99.60;64
7208002190;tyumen;94.99;94
2538009318;primorsky terr.;25.11;25
5752022962;oryol;93.19;93
3517804187;vologda;01.10;01
2543029260;primorsky terr.;45.31.10;45
4501176531;kurgan;70.22;70
7804643156;sankt-petersburg;62.02;62
0548007588;dagestan;45.20.20;45
3801993726;irkutsk;86.10;86
2543153540;primorsky terr.;45.31.10;45
5024191434;moscow reg.;46.90;46
7814100790;sankt-petersburg;85.13;85
0105071746;adygeya;43.29;43
7841003549;sankt-petersburg;52.21.24;52
0107032870;adygeya;62.01;62
6732215069;smolensk;69.10;69
2508143041;primorsky terr.;25.62;25
4345502175;kirov;56.10;56
6658994754;sverdlovsk;94.92;94
6455067955;saratov;70.22;70
9701151420;moscow city;79.90.10;79
3312040452;vladimir;68.32.10;68
8603201230;khanty-mansijsk;52.29;52
6714031894;smolensk;46.46.20;46
4345145773;kirov;71.20.30;71
9728044923;moscow city;41.20;41
7411000480;chelyabinsk;47.19;47
4401181954;kostroma;94.99;94
6829114603;tambov;62.01;62
1841088407;udmurtia;71.12.20;71
9731138755;moscow city;52.24;52
5802006447;penza;10.41.20;10
5190145272;murmansk;52.21.24;52
9715386172;smolensk;70.22;70
7203460969;tyumen;56.10;56
3664000885;voronezh;35.22;35
2634089073;stavropol;62.01;62
1658250837;tatarstan;46.69;46
8616013178;khanty-mansijsk;70.22;70
4708003687;leningrad;43.34.10;43
6950243595;tver;94.99;94
0509004008;dagestan;01.50;01
5904335000;perm;46.90;46
5228010421;nizhni novgorod;56.10;56
5249168346;nizhni novgorod;41.20;41
6377017168;samara;01.42.10;01
4101174868;kamchatka;93.11;93
4401196414;kostroma;49.41;49
3914018574;kaliningrad;71.11.10;71
3906169570;kaliningrad;94.99;94
7710463197;moscow city;72.19;72
6503013494;sakhalin;47.19;47
5407964456;novosibirsk;46.69.50;46
5190087366;murmansk;73.11;73
2536311932;primorsky terr.;45.31;45
3204002001;bryansk;52.21.24;52
6453143745;saratov;49.41.30;49
6829141639;tambov;42.11;42
9725148152;moscow city;82.99;82
3525457314;vologda;49.41;49
7810750011;leningrad;46.90;46
6109001003;rostov;56.10;56
5405394970;novosibirsk;46.73.60;46
9312009943;donetsk;42.21;42
9709034535;moscow city;46.90;46
0606004998;ingushetia;45.20.20;45
5010057911;moscow reg.;86.90;86
7401015254;chelyabinsk;68.32;68
5048064996;moscow reg.;01.13.10;01
5708002188;oryol;01.11.10;01
7731282392;moscow city;72.19;72
6726015216;smolensk;46.30;46
9721214171;moscow city;52.29;52
7500021555;zabaikalsk terr.;42.11;42
8911015077;yamal-nenets ao;42.21;42
9721063236;moscow city;46.73;46
2128035963;chuvashia;25.90;25
6671254974;sverdlovsk;56.10;56
3305712375;vladimir;46.60;46
3702711642;ivanovo;93.11;93
2204096262;altai terr.;68.32.20;68
7453345944;chelyabinsk;81.30;81
6450094659;saratov;46.34.10;46
4617005422;kursk;42.21;42
7448227952;chelyabinsk;49.41;49
6145008269;rostov;49.41;49
5031031456;moscow reg.;47.52.71;47
2466249117;krasnoyarsk;52.21.24;52
4253047430;kemerovo;42.11;42
7731395580;moscow city;55.10;55
8603231997;khanty-mansijsk;62.02;62
5029250820;zabaikalsk terr.;47.91;47
7720527379;moscow city;93.29.90;93
1509001552;north ossetia;01.11;01
5402053192;novosibirsk;46.90;46
4705103980;leningrad;73.11;73
0800021948;kalmykia;45.11;45
5506199358;omsk;71.20.50;71
5837025923;penza;52.21.24;52
2013434577;chechnya;86.23;86
6508010391;sakhalin;49.41;49
2465360673;krasnoyarsk;42.12;42
4011021553;kaluga;41.20;41
9722049629;moscow city;46.73;46
7706430590;moscow city;56.10;56
7456056323;chelyabinsk;68.20;68
6324072790;samara;46.76;46
5300001438;novgorod;45.11;45
1101178909;komi;41.20;41
7500022100;zabaikalsk terr.;47.91;47
0400015403;altai rep.;56.10;56
2015006841;chechnya;45.31;45
1655269371;tatarstan;56.30;56
1105023906;komi;41.20;41
0400018450;altai rep.;49.41;49
3525399824;vologda;25.11;25
4205389787;kemerovo;45.20;45
6900009014;tver;93.19;93
2634808641;stavropol;47.71.10;47
5301003773;novgorod;01.41;01
5902823690;perm;71.10;71
6829084042;tambov;68.20.20;68
5012110141;moscow reg.;43.99;43
0547009208;dagestan;41.20;41
1701081024;tuva;94.99;94
1215116423;marij el;86;86
5501193754;omsk;45.20.10;45
0550007810;dagestan;69.10;69
9717099085;moscow city;86.21;86
6382102926;samara;43.22;43
2901258295;arkhangelsk;70.22;70
5606022026;orenburg;94.12;94
5501206428;omsk;82.99;82
4821014804;lipetzk;49.41.20;49
5118002668;murmansk;70.22;70
4900011370;magadan;41.10;41
9714011780;moscow city;46.13.20;46
3327113960;vladimir;43.21;43
3905606756;kaliningrad;43.11;43
1660255543;tatarstan;73.11;73
1435360515;yakutia;46.32;46
0300003852;buryatia;46.17.10;46
7704488718;moscow city;94.20;94
7810882089;sankt-petersburg;22.29.20;22
9715460845;moscow city;62.02;62
0608017840;ingushetia;45.20;45
6829066413;tambov;71.12.60;71
3460084397;volgograd;25.11;25
9723178539;moscow city;73.11;73
2223633314;altai terr.;49.41.10;49
6507012438;sakhalin;64.92.60;64
4401193815;kostroma;46.49;46
5032044867;moscow reg.;68.32.20;68
9204004031;sevastopol;45.20;45
1400030185;yakutia;02.10;02
0917035734;karachaevo-chercessia;94.99;94
6952000284;tver;73.10;73
7802942104;sankt-petersburg;33.14;33
7327071228;ulyanovsk;69.20.20;69
4707032477;leningrad;41.20;41
7709473169;moscow city;94.99;94
1821015136;udmurtia;49.41;49
6231006057;ryazan;71.12.12;71
6453158830;saratov;46.39;46
8604043146;khanty-mansijsk;43.21;43
1435286903;yakutia;56.29;56
5752073572;oryol;52.29;52
4600001620;kursk;49.41;49
6025053809;pskov;62.01;62
7727654048;moscow city;47.64;47
6829114040;tambov;25.12;25
2905014691;arkhangelsk;35.12;35
6732021218;smolensk;45.31;45
4802014904;lipetzk;86.90;86
6123025630;rostov;47.11;47
7735511188;moscow city;86.10;86
4632265866;kursk;49.41;49
3527020294;vologda;16.10;16
2335013573;adygeya;01.11;01
7714692663;moscow city;73.10;73
1655346731;tatarstan;46.16.20;46
4345981471;kirov;94.12;94
1841039791;udmurtia;90.01;90
7734349895;moscow city;45.31.10;45
1121028860;komi;49.42;49
9718061334;moscow city;46.69.20;46
3435106671;volgograd;43.99;43
2222904794;altai terr.;01.11;01
3443047934;volgograd;86.23;86
1121027633;komi;41.20;41
4000014427;kaluga;49.41;49
7743684579;moscow city;68.10;68
0256021842;bashkortostan;25.91;25
5834124901;penza;43.22;43
1650313764;tatarstan;73.11;73
7105046125;tula;46.73;46
4252011696;kemerovo;52.21.24;52
5010032032;moscow reg.;68.20;68
1660336506;tatarstan;46.39;46
2901157434;arkhangelsk;62.01;62
6732163011;smolensk;46.69.70;46
5013025241;moscow reg.;73.20;73
3811017427;irkutsk;86.23;86
7751325171;moscow city;16.24;16
7811787663;sankt-petersburg;63.99.10;63
4345031631;kirov;73.11;73
5110004053;murmansk;49.32;49
2221247419;altai terr.;85.42;85
5012084533;moscow city;43.12.30;43
3808289290;irkutsk;43.99.40;43
3445014211;volgograd;71.11.10;71
3702517268;ivanovo;46.74.30;46
4000015685;kaluga;46.62;46
3025027916;astrakhan;43.31;43
2724165561;khabarovsk;56.10;56
4217180476;kemerovo;43.29;43
7610096578;yaroslavl;86.10;86
2801107119;amur;25.50.10;25
2632114165;stavropol;25.11;25
6501306350;sakhalin;73.11;73
7105052665;tula;47.99;47
1659160022;tatarstan;93.29.90;93
7736325748;moscow city;46.69.80;46
2466230490;krasnoyarsk;56.30;56
6829139823;tambov;55.10;55
9718273593;moscow city;32.20;32
1001294845;karelia;62.01;62
5610214891;orenburg;46.21.11;46
5406837328;novosibirsk;70.22;70
2315171691;krasnodar;41.20;41
7751243634;moscow city;46.74;46
3831001714;irkutsk;10.71;10
7727817599;moscow city;62.01;62
7900005068;jewish ao;01.41;01
2366040739;krasnodar;56.10.10;56
0917011229;karachaevo-chercessia;41.20;41
0411140854;altai rep.;86.23;86
6685025759;sverdlovsk;46.90;46
7451353001;chelyabinsk;43.21;43
1511027438;north ossetia;41.20;41
2015005446;chechnya;86.90.90;86
0326568303;buryatia;73.20;73
7327093711;ulyanovsk;71.12;71
6027165748;pskov;45.30;45
1215145978;marij el;86;86
9303030900;donetsk;41.20;41
5835101826;penza;73.10;73
3325011258;vladimir;70.22;70
3243002220;bryansk;47.25.10;47
1101054075;komi;42.21;42
7701643940;moscow city;94.99;94
5047199849;moscow reg.;52.10.90;52
0276175255;bashkortostan;46.90;46
3123115328;belgorod;25.10;25
8603152086;khanty-mansijsk;69.10;69
9303018194;donetsk;69.10;69
2312255583;krasnodar;46.13;46
4205061918;kemerovo;46.69.30;46
5321050394;novgorod;68.32.10;68
0107021821;adygeya;42.21;42
7717655878;moscow city;49.41;49
5906180697;perm;46.73.30;46
7604242936;yaroslavl;43.12.30;43
2373003093;krasnodar;62;62
2465337410;krasnoyarsk;47.19;47
3500011260;vologda;47.11;47
4007006961;kaluga;52.21.24;52
0571009520;dagestan;41.20;41
6452142160;saratov;93.19;93
5040138300;moscow reg.;62.01;62
6670450567;sverdlovsk;25.11;25
1001224118;karelia;46.37;46
1500005979;north ossetia;86.21;86
6500010255;sakhalin;52.22;52
4501182905;kurgan;93.29.90;93
9500001150;kherson;47.73;47
2100010630;chuvashia;93.11;93
7530013720;zabaikalsk terr.;46.51;46
5800005448;penza;69.10;69
7804682980;sankt-petersburg;25.11;25
5603041158;orenburg;49.40;49
2463115845;krasnoyarsk;71.12.30;71
2720041501;khabarovsk;01.10;01
9707026391;moscow city;59.11;59
2723017169;khabarovsk;68.32.10;68
1655380860;tatarstan;43.21;43
9705179265;moscow city;70.22;70
4341011306;kirov;52.21.24;52
8603137722;khanty-mansijsk;41.20;41
9729356876;moscow city;49.41;49
9200024090;sevastopol;43.99;43
7810141316;sankt-petersburg;64.99;64
4909905942;magadan;69.10;69
7724051595;moscow city;68.32.10;68
1101076640;komi;45.10;45
2536335690;primorsky terr.;25.11;25
1040000425;karelia;46.73;46
7806555635;sankt-petersburg;86.21;86
2465303121;krasnoyarsk;42.11;42
4718005362;leningrad;94.20;94
1841059124;udmurtia;93.29.90;93
7713478240;sverdlovsk;47.71;47
6027094416;pskov;70.10.20;70
1828012230;udmurtia;69.20;69
4821051267;lipetzk;69.10;69
6230123953;ryazan;45.11;45
6732224120;smolensk;46.73;46
6723020112;smolensk;13.91;13
7627059006;yaroslavl;56.29;56
1840056040;udmurtia;45.11.20;45
4632218545;kursk;45.31;45
5101311509;murmansk;68.32.10;68
9719056168;moscow city;52.10;52
7725739183;moscow city;47.99;47
2904015734;arkhangelsk;41.20;41
5501210375;omsk;73.11;73
4705079470;leningrad;94.99;94
3802012824;irkutsk;68.32;68
0326520887;buryatia;62.09;62
2207007630;altai terr.;86.23;86
5609078919;moscow reg.;43.21;43
3702129025;ivanovo;46.39;46
1900005155;khakasia;41.10;41
2464111829;krasnoyarsk;68.32.20;68
1215128330;marij el;71.11.10;71
2317082670;krasnodar;41.20;41
6145008149;rostov;93.12;93
5036137495;moscow reg.;18.12;18
6230096523;ryazan;46.33.10;46
5406317304;novosibirsk;69;69
7806087296;sankt-petersburg;52.29;52
1435272308;yakutia;25.99;25
5190071140;murmansk;25.11;25
6612042858;sverdlovsk;47.91;47
6678073039;sverdlovsk;25.11;25
2464012200;krasnoyarsk;68.32.20;68
9201532315;sevastopol;45.31;45
3663168821;voronezh;71.12;71
9724194212;moscow city;49.42;49
6672294377;sverdlovsk;58;58
1655409861;tatarstan;49.41;49
2130203750;chuvashia;71.12.20;71
7728875882;moscow city;62.09;62
2130171716;chuvashia;86.21;86
9729359796;moscow city;42.99;42
3015118152;astrakhan;46.38.20;46
7714434983;moscow city;71.20;71
1021001864;karelia;01.63;01
7104076286;tula;45.11;45
5903002199;perm;01.70;01
5402525222;novosibirsk;47.71.10;47
0800020655;kalmykia;43.21;43
3663162964;voronezh;46.73;46
7807233969;sankt-petersburg;47.59.10;47
3908020624;kaliningrad;45.32;45
7806599181;sankt-petersburg;82.30;82
7810209518;sankt-petersburg;01.70;01
3702630721;ivanovo;73.11;73
6500014732;sakhalin;86.21;86
8604040843;khanty-mansijsk;43.99.90;43
6323079087;samara;49.31.21;49
5948055634;perm;70.22;70
3812110958;buryatia;49.41;49
2721909276;khabarovsk;73.20.10;73
8701003283;chukotka;01.49.40;01
7727789430;moscow city;49.40;49
6714031630;smolensk;01.10;01
7810936312;sankt-petersburg;46.73;46
1639006216;tatarstan;56.10;56
5407267328;novosibirsk;69;69
7415106455;chelyabinsk;56.10;56
7806511740;sankt-petersburg;56.10;56
2727023170;khabarovsk;52.21.24;52
1327032002;mordovia;42.11;42
3702720809;ivanovo;69.10;69
3849004554;irkutsk;68.10;68
5258148850;nizhni novgorod;45.20;45
5905294250;perm;73.20;73
3459086897;volgograd;86.22;86
2461217591;krasnoyarsk;46.71.20;46
1902009155;khakasia;68.32.20;68
7729427107;moscow city;68.32.1;68
9102163748;crimea;73.11;73
7500006821;zabaikalsk terr.;56.30;56
0105069296;adygeya;68.32;68
3100007510;belgorod;71.12.20;71
1901071150;khakasia;94.99;94
1021300631;karelia;41.20;41
2001005069;chechnya;94.99;94
2130128397;chuvashia;41.20;41
2540285851;primorsky terr.;43.22;43
7460064380;chelyabinsk;70.22;70
4800014070;lipetzk;71.11;71
0908000541;karachaevo-chercessia;49.31.21;49
1657194280;tatarstan;41.20;41
7325112158;ulyanovsk;62.01;62
4632267736;kursk;73.20;73
9706002158;moscow city;41.20;41
5262227992;nizhni novgorod;46.75.20;46
2222785201;altai terr.;46.90;46
6681006829;sverdlovsk;45.32;45
4824101660;lipetzk;43.21;43
5406788857;novosibirsk;93.19;93
5403077118;novosibirsk;46.12.32;46
2225230286;altai terr.;41.20;41
3023008361;astrakhan;41.20;41
0816018161;kalmykia;43.21;43
7328075673;ulyanovsk;73.11;73
1658108894;tatarstan;01.50;01
9729335442;moscow city;71.12;71
7730267017;sankt-petersburg;46.41;46
9715445974;moscow city;46.52;46
3810313208;irkutsk;45.30;45
5403011580;novosibirsk;46.61;46
5751034595;oryol;46.90;46
6905062011;tver;25.11;25
4345114870;kirov;69;69
4100010970;kamchatka;43.11;43
6027144106;pskov;49.40;49
3702272762;ivanovo;62.01;62
2366044733;krasnodar;94.99;94
0278184713;bashkortostan;72.19;72
9200003654;sevastopol;68.32;68
7536184539;zabaikalsk terr.;73.20;73
9731130876;moscow city;74.20;74
1657097470;tatarstan;73.10;73
7805560992;sankt-petersburg;52.29;52
5528051926;omsk;43.21;43
1655026788;tatarstan;68.20.20;68
7447255530;chelyabinsk;43.22;43
4501043845;kurgan;52.21.24;52
7725582310;moscow city;46.49.43;46
0400009142;altai rep.;43.11;43
5402495793;khanty-mansijsk;49.41.10;49
4501226214;kurgan;62.01;62
6454118646;saratov;28.30;28
1215233656;marij el;73.11;73
1502044902;north ossetia;94.99;94
2631021630;stavropol;43.91;43
2905005023;arkhangelsk;52.21.24;52
2223638672;altai terr.;71.11;71
0268094651;bashkortostan;01.11;01
1215121945;marij el;45.10;45
4345360918;kirov;47.30.12;47
5316005780;novgorod;70.22;70
9109027409;crimea;94.99;94
1021001776;karelia;49.41;49
8706006841;chukotka;42.21;42
5507201842;omsk;41.20;41
8904089230;yamal-nenets ao;42.11;42
2127018556;chuvashia;93.10;93
5190037291;murmansk;46.13.20;46
1657192710;tatarstan;46.73.70;46
3257013060;bryansk;01.50;01
3442091458;volgograd;94.99;94
9731107517;moscow city;52.21;52
7701380018;moscow city;82.30;82
4401187272;kostroma;42.11;42
9109022961;crimea;47.29;47
5260224040;nizhni novgorod;43.21;43
9403028319;luhansk;01.13;01
7611998748;yaroslavl;47.59;47
9709075980;moscow city;74.10;74
9200006359;sevastopol;43.31;43
0276900979;bashkortostan;94.99;94
4501201467;kurgan;69.10;69
1216025970;marij el;68.32;68
6732067928;smolensk;49.20;49
0274188481;bashkortostan;11.05;11
5433951301;novosibirsk;62.01;62
6500015623;sakhalin;70.22;70
7536115976;zabaikalsk terr.;25.92;25
3461055832;volgograd;43.21;43
6168062368;rostov;20.30;20
1901107417;khakasia;43.99.90;43
3917051259;kaliningrad;25.61;25
0400016100;altai rep.;42.21;42
1001157782;karelia;86.21;86
2901317198;arkhangelsk;41.20;41
9718146370;moscow city;46.69.50;46
1200011611;marij el;49.32;49
3702014835;ivanovo;62.01;62
7901022309;jewish ao;52.21.24;52
9110026294;crimea;69.10;69
7456043980;chelyabinsk;16.10;16
9722018324;moscow city;79.11;79
1901019520;khakasia;47.51;47
5609048689;orenburg;86.23;86
5020087256;moscow reg.;50.40;50
2312323321;krasnodar;71.12;71
6449099331;saratov;62.02;62
9402003209;luhansk;49.41.20;49
7807251654;sankt-petersburg;46.73.60;46
7422990038;chelyabinsk;94.99;94
3123390797;belgorod;70.22;70
4027090390;kaluga;62.01;62
9705043017;moscow city;45.30;45
9002004656;zaporizhzhia;49.39;49
9500025930;kherson;01.11;01
2466120586;krasnoyarsk;56.10;56
7017999560;tomsk;93.10;93
3443004480;volgograd;45.31.10;45
6027201202;pskov;62.01;62
3906233240;kaliningrad;70.22;70
1001235938;karelia;46.73;46
9102031766;crimea;93.11;93
5263074227;nizhni novgorod;70.22;70
1829012708;udmurtia;52.21.24;52
5406525953;novosibirsk;41.20;41
2904016777;arkhangelsk;01.41;01
5118007024;murmansk;93.12;93
4101100256;kamchatka;49.31.20;49
9731050268;moscow city;63.11.10;63
3444085548;volgograd;73.11;73
7730678190;moscow city;56.10;56
7203257244;tyumen;70.22;70
9104008868;sevastopol;70.10.10;70
6027137388;pskov;71.12.20;71
5906179772;perm;47.91.20;47
9203001461;sevastopol;69.10;69
7224091800;tyumen;49.39;49
5042014903;moscow reg.;94.20;94
3123416357;belgorod;47.52;47
1659216074;tatarstan;69.20;69
1673001137;tatarstan;43.99.50;43
0258955502;bashkortostan;93.12;93
5501286494;omsk;56.30;56
9110089657;crimea;86.23;86
0400024951;altai rep.;41.20;41
0276107801;bashkortostan;42.21;42
6501248405;sakhalin;68.32;68
3665078845;voronezh;52.29;52
3906154414;kaliningrad;70.22;70
5700008614;oryol;25.11;25
1514007790;north ossetia;94.99;94
5014011033;moscow reg.;25.99;25
2540146167;primorsky terr.;45.11;45
5433195768;novosibirsk;46.73;46
6820038443;tambov;25.61;25
6908008397;tver;68.20.20;68
9709083370;moscow city;43.29;43
6633010381;sverdlovsk;70.22;70
3023021796;astrakhan;69.10;69
9703172320;moscow city;46.42;46
7536176489;zabaikalsk terr.;47.52;47
7729732372;dagestan;46.47.10;46
7901537883;jewish ao;43.30;43
7726468313;moscow city;10.91.30;10
4312121671;kirov;47.10;47
5410058444;novosibirsk;73.11;73
9715289972;moscow city;62.01;62
0500013745;dagestan;70.21;70
7116005473;tula;52.21;52
9717083060;moscow city;68.20;68
3328900880;vladimir;43.30;43
7321008124;ulyanovsk;46.18.91;46
2618015130;stavropol;93.29.90;93
1903029676;khakasia;49.41;49
7838075350;sankt-petersburg;47.11;47
3257059883;bryansk;52.29;52
7206062980;tyumen;46.13;46
3100015140;belgorod;71.12.11;71
4401162768;kostroma;25.11;25
5050161002;moscow reg.;10.13;10
4606002170;kursk;56.10;56
5507257901;omsk;43.99;43
7100019336;tula;45.31;45
3460085930;volgograd;71.12.20;71
7842190958;sankt-petersburg;01.11;01
7814829424;sankt-petersburg;45.11;45
4250001678;kemerovo;01.25.10;01
7702428209;moscow city;64.99;64
0273902248;bashkortostan;46.73;46
9701038231;leningrad;71.12.20;71
6111983727;rostov;01.11.10;01
4632031730;kursk;47.78.30;47
7714297656;moscow city;85.42;85
3910003513;kaliningrad;70.22;70
6732171407;smolensk;56.10;56
4028044044;kaluga;86.22;86
5261082656;nizhni novgorod;41.20;41
9715390299;moscow city;85.41;85
6027207839;pskov;71.12.62;71
6700000310;smolensk;70.22;70
2700013753;khabarovsk;70.22;70
5109096878;murmansk;47.25.10;47
6167068078;rostov;69.10;69
3100036944;belgorod;55.10;55
3702255742;ivanovo;49.41;49
5038182045;moscow reg.;43.99;43
0411163160;altai rep.;68.32.10;68
4345129370;kirov;68.32.10;68
1101006642;komi;41.20;41
6317167673;samara;93.12;93
2902085976;arkhangelsk;86.10;86
6321429096;samara;49.42;49
1901093147;khakasia;49.32;49
6686124329;sverdlovsk;86.90;86
7717143326;moscow city;28.29.11;28
3625009771;voronezh;49.41.20;49
4502032067;kurgan;42.21;42
7207019681;tyumen;46.61;46
7826139305;sankt-petersburg;94.99;94
4025410567;kaluga;62.01;62
1659126776;tatarstan;93.13;93
7451450728;chelyabinsk;68.32;68
6324103617;samara;45.31;45
0603020790;ingushetia;46.33;46
9310009602;donetsk;52.21.24;52
7728105072;moscow city;68.32.10;68
7325051064;ulyanovsk;42.21;42
0300026440;buryatia;45.11;45
6154157323;rostov;71.20.20;71
2700013055;khabarovsk;41.10;41
7802942954;sankt-petersburg;46.51;46
3461067926;volgograd;46.74;46
9717151465;moscow city;41.20;41
0508014645;dagestan;45.32;45
0263007327;bashkortostan;46.73.60;46
7813291711;sankt-petersburg;94.99;94
9715492879;moscow city;49.41;49
0721001508;kabardino-balkaria;25.12;25
4825150893;lipetzk;46.73;46
0608010429;ingushetia;71.10;71
7816727851;sankt-petersburg;62.01;62
1650340158;tatarstan;47.91.20;47
2700039663;khabarovsk;93.19;93
5948031584;perm;68.32;68
0917025101;karachaevo-chercessia;68.32;68
0278158858;bashkortostan;46.20;46
3528333290;vologda;73.11;73
7447186703;chelyabinsk;62.01;62
1101154400;komi;73.11;73
6620008554;sverdlovsk;43.21;43
1651057464;tatarstan;69.20.20;69
7725145302;moscow city;68.20;68
7329009881;ulyanovsk;52.10.30;52
2466277330;krasnoyarsk;73.11;73
6670435978;sverdlovsk;94.99;94
9724017260;moscow city;45.20;45
7733733058;moscow city;68.20;68
0326502013;buryatia;42.11;42
2312276270;krasnodar;69.20.20;69
3525444001;vologda;73.11;73
4105044316;kamchatka;01.47;01
5321182143;novgorod;73.11;73
5404200090;novosibirsk;46.38.22;46
0276966708;bashkortostan;41.20;41
1503016947;north ossetia;73.11;73
0275073003;kalmykia;86;86
7714470484;moscow city;93.12;93
3436015628;volgograd;71.12.10;71
6155091315;rostov;43.21;43
6679132992;sverdlovsk;93.21;93
4401115415;kostroma;70.22;70
5610244261;orenburg;93.29;93
4500010773;kurgan;43.21;43
2801255290;amur;73.11;73
9408002219;luhansk;52.21.24;52
4707036351;leningrad;49.50.20;49
9312003902;donetsk;68.20;68
8601048957;sverdlovsk;62.01;62
9402005510;luhansk;45.20;45
0323339270;buryatia;18.12;18
4252001401;kemerovo;47.20;47
7326053265;ulyanovsk;68.32;68
4307016008;kirov;49.40;49
1655225663;tatarstan;94.99;94
2222869243;altai terr.;73.11;73
7801311152;novgorod;70.22;70
0711009297;kabardino-balkaria;71.11;71
4825073342;lipetzk;73.20.20;73
7714235709;moscow city;46.40;46
1840119853;udmurtia;43.21;43
9303038049;donetsk;41.20;41
0326509523;buryatia;71.20.90;71
3305055151;vladimir;46.90;46
9309017398;donetsk;49.41;49
4600002494;kursk;46.34;46
5406818131;novosibirsk;71.20.20;71
5017133368;moscow reg.;68.20;68
1900006977;khakasia;93.11;93
9204556956;sevastopol;73.11;73
6454098534;saratov;10.51;10
4345296780;kirov;25.62;25
9719025642;moscow city;43.21;43
3664108920;voronezh;62.01;62
1513054525;north ossetia;47.73;47
1901123867;khakasia;62.02;62
1328198321;mordovia;42.21;42
0603280816;ingushetia;68.20.20;68
7536152640;zabaikalsk terr.;45.32;45
6452131176;saratov;43.21;43
4312003244;kirov;68.32.20;68
7729659450;moscow city;69.20;69
3525265080;vologda;41.20;41
9203541019;sevastopol;68.31;68
7604396559;yaroslavl;42.12;42
7128015356;tula;46.42;46
7710970045;moscow city;68.20.20;68
2801122300;amur;42.22;42
2901284760;arkhangelsk;49.41;49
1650328489;tatarstan;45.31.10;45
4632297748;kursk;62.02;62
3817030858;irkutsk;47.25.11;47
2720058520;khabarovsk;47.11;47
5609199198;orenburg;68.32;68
5706001510;oryol;94.20;94
2636090074;stavropol;94.99;94
2700014059;khabarovsk;52.29;52
6439076871;saratov;01.40;01
9728041270;moscow city;70.22;70
0400015107;altai rep.;42.11;42
7810416271;sankt-petersburg;69;69
7838112587;sankt-petersburg;46.90;46
2704026496;khabarovsk;71.11;71
1838013987;udmurtia;45.31.10;45
3459069813;volgograd;71.11;71
1301060848;mordovia;94.99;94
7842197520;sankt-petersburg;25.61;25
7606084322;yaroslavl;62.09;62
7449137589;chelyabinsk;46.72;46
3111003203;belgorod;94.20;94
6829160590;tambov;70.22;70
6321424330;samara;62.01;62
6317118860;samara;46.38;46
5753038203;oryol;41.20;41
2540253592;primorsky terr.;70.22;70
6037005060;pskov;46.43.10;46
5610232636;orenburg;49.41;49
6950178314;tver;73.11;73
3905085503;kaliningrad;69.10;69
4312157734;kirov;42.11;42
0264082951;bashkortostan;70.22;70
6732212396;smolensk;73.11;73
3443922169;volgograd;62.09;62
2411026810;krasnoyarsk;56.10;56
4028067852;kaluga;42.21;42
7811789205;sankt-petersburg;52.10;52
5501244110;omsk;71.20;71
7325089300;ulyanovsk;68.20.20;68
6234194137;ryazan;43.21;43
1900011350;khakasia;25.11;25
6150042829;rostov;93.29.90;93
5263132983;nizhni novgorod;46.76;46
2225195433;altai terr.;52.29;52
6320037730;samara;46.73.60;46
2309152490;krasnodar;73.11;73
5504238315;omsk;01.19;01
8901040596;yamal-nenets ao;56.10.10;56
3906906939;kaliningrad;42.11;42
2302029881;krasnodar;85.41;85
2904023051;arkhangelsk;93.19;93
6829141597;tambov;25.11;25
1215146428;marij el;73.10;73
1900016090;khakasia;42.11;42
6722018657;smolensk;52.21.24;52
9308005664;donetsk;68.20;68
3849019977;irkutsk;25.11;25
7413020107;chelyabinsk;41.20;41
7450001977;chelyabinsk;96.02;96
5610241158;orenburg;47.59;47
1108023044;komi;68.32;68
2700007816;khabarovsk;33.12;33
2902086433;arkhangelsk;62.09;62
1911008750;khakasia;07.29.41;07
6037010101;pskov;56.10;56
5032034146;moscow reg.;01.13.10;01
2812171902;amur;69.20;69
6950041221;tver;43.99;43
9310013101;donetsk;47.11;47
6316223100;samara;69.20;69
3318002904;vladimir;68.32.20;68
1901010711;khakasia;94.20;94
7720853679;moscow city;43.99;43
2807010699;amur;41.20;41
9702011458;moscow reg.;42.13;42
1901013511;khakasia;68.20.20;68
7810913604;sankt-petersburg;56.10;56
4900008433;magadan;52.21;52
6501269691;sakhalin;86.90.10;86
3528306698;vologda;93.19;93
7456048354;vladimir;25.21;25
0268091516;bashkortostan;46.73;46
7901021270;jewish ao;52.21.24;52
7728552433;moscow city;46.10;46
1513082850;north ossetia;52.10;52
3250529057;bryansk;73.11;73
2538082854;primorsky terr.;68.20.21;68
5118006895;murmansk;62.01;62
9200020843;sevastopol;01.21;01
3625018328;voronezh;68.20;68
4632220978;kursk;71.12;71
1650302730;tatarstan;43.21;43
1500009412;north ossetia;94.99;94
3100000105;belgorod;46.61;46
7017337735;tomsk;46.46;46
0726015769;kabardino-balkaria;46.90;46
5921019251;perm;47.25.10;47
2309154472;krasnodar;62.02;62
4405008710;kostroma;69.20;69
1624018730;tatarstan;93.19;93
6441015668;saratov;47.25.11;47
9200011550;sevastopol;01.24;01
8705001985;chukotka;01.70;01
3123487380;belgorod;42.11;42
7603063638;yaroslavl;69.10;69
2112005071;chuvashia;46.73.60;46
7736329100;moscow city;41.20;41
8906006302;yamal-nenets ao;86.23;86
8911026664;yamal-nenets ao;43.12;43
2130191014;chuvashia;46.73;46
1435214810;yakutia;94.99;94
7729720641;kaliningrad;52.29;52
5262358184;nizhni novgorod;69.10;69
8605022773;khanty-mansijsk;01.19;01
7716991475;moscow city;46.73.40;46
5405046813;novosibirsk;41.20;41
7723927216;moscow city;46.72.20;46
4706079225;leningrad;47.91.10;47
9201011094;sevastopol;71.20.20;71
5261117228;nizhni novgorod;46.69.90;46
2722131045;khabarovsk;01.50;01
3460068356;volgograd;93.11;93
2372032648;krasnodar;49.42;49
0608055814;ingushetia;94.99;94
5321093782;novgorod;52.21.21;52
6727030489;smolensk;41.20;41
3017039851;astrakhan;43.21;43
4101166024;kamchatka;70.22;70
2631037775;stavropol;43.99;43
6165183318;rostov;01.11;01
2364012976;krasnodar;93.19;93
5902059932;perm;70.22;70
8603228190;khanty-mansijsk;47.19;47
7017490740;tomsk;45.20;45
9201512492;sevastopol;52.29;52
2901302674;arkhangelsk;42.21;42
6452916382;saratov;68.32;68
2623027371;chechnya;45.31.10;45
7536170656;zabaikalsk terr.;42.22;42
3906101243;kaliningrad;22.23;22
2222898043;altai terr.;25.61;25
1319000832;mordovia;94.99;94
0107032005;adygeya;52.21.22;52
6670492052;sverdlovsk;46.73;46
9200000491;sevastopol;86.90;86
3702182188;ivanovo;41.20;41
7727428835;moscow city;46.71;46
9715225055;moscow city;79.11;79
5507293628;omsk;42.21;42
7606119328;yaroslavl;62.01;62
7802414986;sankt-petersburg;45.11.20;45
7017087186;tomsk;08.11;08
7014068241;tomsk;73.11;73
8617033716;khanty-mansijsk;62.01;62
0326547102;buryatia;25.11;25
7606139236;yaroslavl;45.31;45
1660220188;tatarstan;46.44.10;46
3702000254;ivanovo;46.41;46
6950042715;tver;42.21;42
3000009182;astrakhan;46.51;46
2623801891;stavropol;52.29;52
5751062955;oryol;43.99;43
1101171967;komi;46.73.10;46
0722004847;kabardino-balkaria;14.14;14
7303004751;ulyanovsk;49.31.23;49
6316268397;samara;47.78;47
7751191898;moscow city;70.22;70
0800019804;kalmykia;47.91.20;47
3412301186;volgograd;01.10;01
4704117757;leningrad;86.21;86
0107022712;adygeya;45.10;45
4400007745;kostroma;93.19;93
0561059426;dagestan;85.41;85
4101180149;kamchatka;47.11;47
4101163217;kamchatka;45.30;45
3525318504;vologda;46.73;46
4632178701;kursk;25.12;25
0546027726;dagestan;73.11;73
4217210177;kemerovo;41.20;41
3525388974;vologda;49.41;49
6725036968;smolensk;93.19;93
4345358323;kirov;45.30;45
3460079365;volgograd;55.10;55
1838020857;udmurtia;36;36
0917021481;karachaevo-chercessia;69;69
3817998945;irkutsk;47.11.30;47
8602262992;khanty-mansijsk;71.10;71
3015070687;astrakhan;73.20;73
2723016775;khabarovsk;52.21.24;52
3811127162;irkutsk;33.14;33
7728356975;moscow city;45.31;45
0261047074;bashkortostan;22.22;22
9309018560;donetsk;42.11;42
3232036524;bryansk;68.20.20;68
2502050739;primorsky terr.;86.21;86
5300017251;novgorod;56.10;56
6453104680;saratov;68.32.10;68
7820315843;sankt-petersburg;46.69.50;46
6449102418;saratov;41.20;41
6633029720;sverdlovsk;08.99;08
1832039114;udmurtia;86.10;86
7714438762;moscow city;06.10;06
7610142048;yaroslavl;62.01;62
2540183465;primorsky terr.;52.10;52
3457010236;volgograd;45.31;45
7224077764;tyumen;90.04.30;90
0277915752;bashkortostan;49.41;49
5401402316;novosibirsk;42.22;42
2308981825;krasnodar;93.19;93
9103103854;crimea;70.22;70
5192130190;murmansk;94.20;94
7838090742;sankt-petersburg;93.19;93
0543019501;dagestan;42.22;42
6952006007;tver;46.42;46
7610142344;yaroslavl;62.01;62
2005183591;chechnya;52.10.30;52
2901315828;arkhangelsk;62.01;62
3801160481;irkutsk;47.30.11;47
5504079048;omsk;62.01;62
7810094546;leningrad;79.12;79
2632801560;stavropol;46.20;46
0100000780;adygeya;81.30;81
2130177919;chuvashia;33.20;33
5007112506;moscow reg.;49.41;49
7604112750;yaroslavl;45.11;45
4205144240;kemerovo;45.31;45
6002006513;pskov;45.32;45
1701064357;tuva;47.52;47
2801099669;amur;62.01;62
5017041075;moscow reg.;93.10;93
4205383175;kemerovo;46.69.50;46
5504144219;omsk;56.10.10;56
6228001789;ryazan;45.11.20;45
1910010210;khakasia;94.20;94
4632208346;tver;68.31;68
5047149118;novgorod;70.10.10;70
4205248426;kemerovo;62.01;62
1840076127;udmurtia;56.10.10;56
1900009047;khakasia;43.29;43
7300015040;ulyanovsk;42.11;42
4501173570;kurgan;43.22;43
5503272240;omsk;58.21;58
4707056460;leningrad;73.11;73
7805040584;sankt-petersburg;68.32.10;68
3729021156;ivanovo;41.20;41
6128009287;rostov;86.23;86
4617004852;kursk;47.21;47
2462031110;krasnoyarsk;45.20.20;45
3811158033;irkutsk;86.90.90;86
5238000172;nizhni novgorod;01.11.10;01
6829057761;tambov;46.77;46
1430999957;yakutia;94.99;94
9500018482;kherson;94.99;94
0901049072;karachaevo-chercessia;93.29;93
6700023156;smolensk;86.23;86
2222071648;altai terr.;41.20;41
0268085907;bashkortostan;46.73;46
5190041410;murmansk;62.02;62
6501244231;sakhalin;96.09;96
3428990213;volgograd;41.20;41
5117006892;murmansk;42.11;42
1841110109;udmurtia;41.20;41
2623030663;stavropol;42.21;42
1326217152;mordovia;65.10;65
7722412888;moscow city;41.20;41
7814755290;sankt-petersburg;93.19;93
7810922260;sankt-petersburg;52.29;52
9311021521;donetsk;42.22;42
9203540921;sevastopol;71.20;71
6027167463;pskov;41.20;41
7604333630;yaroslavl;42.11;42
1326211200;mordovia;86;86
5501179380;omsk;52.22.20;52
2310129336;krasnodar;70.22;70
3702236820;ivanovo;43.22;43
1435237342;yakutia;68.32;68
2130145882;chuvashia;43.22;43
0716007631;kabardino-balkaria;01.11.10;01
2902032149;arkhangelsk;68.32.10;68
2723046459;khabarovsk;86.90.40;86
2466297590;krasnoyarsk;45.20;45
7811583885;leningrad;43.12.30;43
2130132890;chuvashia;43.29;43
5027280876;moscow reg.;45.31;45
4500004917;kurgan;46.31;46
2628801574;stavropol;62.09;62
1215224940;marij el;45.20;45
7203256586;omsk;68.32;68
6732013714;smolensk;94.92;94
3812113839;irkutsk;71.10;71
4706055471;leningrad;86.23;86
5609197948;orenburg;70.22;70
9403009115;luhansk;68.32.10;68
4401067610;kostroma;73.11;73
7724603341;moscow city;46.19;46
3123045350;belgorod;47.62.20;47
3123198081;belgorod;94.12;94
2204096826;altai terr.;86.21;86
1001187995;karelia;73.11;73
3257072500;bryansk;69.10;69
7841332215;chechnya;52.24;52
5045068174;moscow city;01.11;01
4632262745;kursk;52.21.24;52
6648007208;sverdlovsk;47.11;47
5903140343;perm;62.01;62
7810773844;sankt-petersburg;28.25;28
7806616207;sankt-petersburg;82.30;82
2311237126;krasnodar;01.70;01
3525422791;vologda;46.73;46
7806254211;sankt-petersburg;46.52;46
4345498031;kirov;71.12.70;71
2222903913;altai terr.;45.20;45
9309004984;donetsk;71.12;71
5703009849;oryol;47.24;47
4401171674;kostroma;94.99;94
6143079480;rostov;46.90;46
2700029707;khabarovsk;46.90;46
2511083321;primorsky terr.;52.21.24;52
1624008161;tatarstan;01.11.10;01
4205186201;kemerovo;79.11;79
7130024809;tula;68.20;68
9103066881;crimea;43.21;43
9702029631;moscow city;85.41;85
4707054713;leningrad;41.20;41
7713410500;moscow city;85.23;85
7719687836;moscow city;68.20.20;68
0545024225;dagestan;62.09;62
2801108024;amur;70.22;70
3817038409;irkutsk;43.22;43
2014018428;chechnya;86.90.90;86
2311266222;krasnodar;69.10;69
0533019559;dagestan;01.41;01
4401193879;kostroma;45.32;45
4101191380;kamchatka;69.20;69
5609184924;orenburg;41.20;41
3525236107;vologda;46.10;46
2902058926;arkhangelsk;45.11.20;45
5754027437;oryol;43.21;43
6678061040;sverdlovsk;71.11.10;71
3250506660;bryansk;25.61;25
8603211292;khanty-mansijsk;88.91;88
9404010850;luhansk;47.11;47
5403017623;novosibirsk;46.90;46
5610093407;orenburg;56.10;56
0920001855;karachaevo-chercessia;47.11;47
8617032631;khanty-mansijsk;43.21;43
9713018367;moscow city;56.10;56
6319232818;samara;77.11;77
4703165356;leningrad;86.10;86
7811546724;sankt-petersburg;46.37;46
3528233030;vologda;43.21;43
6500009027;sakhalin;70.22;70
1686008524;tatarstan;52.29;52
7017219403;tomsk;68.20.20;68
7418008262;chelyabinsk;52.21.24;52
0400017792;altai rep.;94.12;94
4511006105;kurgan;25.62;25
3304019055;vladimir;94.99;94
3528159549;mordovia;73.10;73
7707408830;moscow city;46.72.23;46
5406716203;novosibirsk;46.73;46
5042022510;moscow reg.;68.32.10;68
4632263682;kursk;73.11;73
3435121782;volgograd;71.11.10;71
2723056351;khabarovsk;69.10;69
4345512511;kirov;25.12;25
1327010270;mordovia;45.20;45
9102069350;crimea;68.20.20;68
5110002176;murmansk;47.50;47
4824092920;lipetzk;73.11;73
9103101423;crimea;41.20;41
6710003656;smolensk;01.16;01
9718190146;moscow city;46.69.50;46
7451338204;chelyabinsk;43.21;43
7901026166;jewish ao;46.49;46
4000017731;kaluga;47.91;47
3443078555;volgograd;68.20;68
7719715762;moscow city;85.41;85
5321102660;novgorod;62.01;62
5836632072;penza;43.31;43
2308164206;krasnodar;68.32.10;68
0400014030;altai rep.;52.21.24;52
6234058840;ryazan;86.23;86
1001231404;karelia;73.11;73
7459002284;chelyabinsk;70.22;70
4009010106;kaluga;86.21;86
4253045306;kemerovo;70.10;70
1655395320;tatarstan;46.90;46
6950103485;tver;45.32;45
7733124715;moscow city;68.20.20;68
7815010275;sankt-petersburg;82.99;82
5262295978;nizhni novgorod;82.99;82
3818048625;irkutsk;49.41;49
9102277512;crimea;62.01;62
5249047951;nizhni novgorod;56.10;56
1655476385;tatarstan;70.22;70
5834038057;penza;94.99;94
7606078907;yaroslavl;70.22;70
4824096379;lipetzk;69.10;69
6732177342;smolensk;62.01;62
6165198988;rostov;41.20;41
4632201260;kursk;70.22;70
0708012571;kabardino-balkaria;42.11;42
1102052218;komi;45.32;45
1326179193;mordovia;94.99;94
6952314403;tver;47.11;47
6501315210;sakhalin;43.21;43
2901253392;arkhangelsk;70.22;70
7802892728;sankt-petersburg;41.20;41
0917022742;karachaevo-chercessia;56.29;56
1516612802;north ossetia;62.01;62
1300001695;mordovia;01.11;01
7100037769;tula;43.39;43
2801010727;amur;94.99;94
2901307062;arkhangelsk;42.11;42
7840364447;leningrad;70.22;70
2536333950;primorsky terr.;69.10;69
1328909617;mordovia;43.21;43
7104514490;tula;46.73;46
6317077204;samara;93.29.90;93
9707029522;moscow city;56.10;56
6027125833;pskov;94.99;94
3425007150;volgograd;68.20.20;68
7606028600;yaroslavl;46.42.11;46
0277921026;bashkortostan;45.31;45
3906109884;kaliningrad;25.11;25
6810004438;tambov;01.11;01
9709072322;moscow city;56.30;56
6501313703;sakhalin;93.19;93
2901118153;arkhangelsk;69.20;69
3849064426;irkutsk;41.20;41
4345225130;kirov;86.23;86
7536183623;zabaikalsk terr.;43.13;43
7460017091;chelyabinsk;41.20;41
3808141826;irkutsk;94.99;94
9001001525;zaporizhzhia;68.20;68
6943007364;tver;01.50;01
9002014679;zaporizhzhia;56.29;56
6435001191;saratov;42.11;42
5256094649;nizhni novgorod;69.10;69
5753074988;oryol;73.11;73
3525488295;vologda;25.11;25
2901262541;arkhangelsk;68.20;68
6423235540;saratov;94.99;94
2632806208;stavropol;56.29;56
9723111326;moscow city;46.73;46
6500014595;sakhalin;49.41;49
6323087994;samara;68.20.20;68
2540101293;primorsky terr.;42.91.50;42
7734380895;moscow city;56.10;56
7725750028;moscow city;41.20;41
1673003159;tatarstan;43.39;43
7203522630;tyumen;45.20;45
1215062827;marij el;52.21.24;52
3525476010;vologda;70.10;70
3662165641;voronezh;73.11;73
9302004826;donetsk;69.10;69
5074074976;moscow reg.;68.32.10;68
5005038670;moscow city;10.86;10
9001021320;zaporizhzhia;47.11;47
5504147241;omsk;33.14;33
5904229604;perm;73.11;73
9304008199;donetsk;01.11;01
1655300769;tatarstan;46.66;46
2124048471;chuvashia;93.19;93
2015001762;chechnya;45.10;45
2366021535;krasnodar;47.19;47
5752080241;oryol;80.20;80
9701220138;moscow city;49.42;49
5836616546;penza;42.11;42
0274109112;bashkortostan;52.21.24;52
4632225197;kursk;41.20;41
0726025862;kabardino-balkaria;52.21.22;52
3816034881;irkutsk;22.19;22
1901084826;khakasia;71.12.70;71
9500022947;kherson;01.11;01
4217180437;kemerovo;49.41;49
6685177960;sverdlovsk;46.73;46
6005003944;pskov;25.11;25
3666183842;voronezh;56.10;56
0326557679;buryatia;41.20;41
4025046847;kaluga;35.12;35
5445028000;novosibirsk;38.11;38
0100007779;adygeya;46.90;46
4824036531;lipetzk;46.31;46
1435312889;yakutia;41.20;41
4825141708;lipetzk;69.20;69
5105014553;murmansk;25.11;25
4101176640;kamchatka;68.32;68
6700021913;smolensk;47.77.20;47
7730262570;moscow city;46.73;46
9103089744;crimea;71.12.20;71
7838388088;sankt-petersburg;47.59.50;47
2901231060;arkhangelsk;73.11;73
3311019200;vladimir;68.32.10;68
1001266439;karelia;42.91;42
2007007680;chechnya;01.11;01
2350010898;krasnodar;23.61;23
6313131161;samara;47.11;47
0224950792;bashkortostan;73.11;73
9718188651;moscow city;64.99;64
9718074767;moscow city;45.31.10;45
1660343567;tatarstan;68.20;68
5433950530;novosibirsk;52.29;52
0411161357;altai rep.;42.21;42
3000012795;astrakhan;45.20;45
2311170640;krasnodar;68.10;68
7721708307;moscow city;68.30;68
2208000525;altai terr.;10.71;10
0107028697;adygeya;43.99;43
4000014956;kaluga;56.29;56
7456032298;chelyabinsk;49.41.10;49
2626051372;stavropol;86.10;86
5038027106;moscow reg.;52.21.24;52
3257076173;bryansk;49.42;49
1513081286;north ossetia;71.12.70;71
9724202495;moscow city;46.90;46
6166042648;rostov;68.32.10;68
5602024921;orenburg;46.23;46
1659046168;tatarstan;62.01;62
3525086412;vologda;62.09;62
7500004609;zabaikalsk terr.;46.71;46
6230125654;ryazan;47.52.73;47
9718205057;moscow city;16.23;16
7751201747;moscow city;41.20;41
7719616923;moscow city;56.10;56
1200006474;marij el;47.91;47
6140016072;rostov;52.24;52
0547013290;dagestan;94.99;94
5609032939;orenburg;86.23;86
0608000406;ingushetia;71.11.10;71
7734674863;moscow city;62.09;62
2465099243;krasnoyarsk;86.23;86
3000002772;astrakhan;94.99;94
4205196802;kemerovo;79.10;79
7451456712;chelyabinsk;41.20;41
6454099048;saratov;25.29;25
2466150319;krasnoyarsk;52.29;52
2310116979;krasnodar;86.23;86
3662049035;voronezh;01.11;01
4100046535;kamchatka;56.30;56
4217129342;sevastopol;25.99;25
7709987950;moscow city;46.90;46
2464156555;krasnoyarsk;71.12;71
5001038408;moscow reg.;52.21.24;52
7536138500;zabaikalsk terr.;43.29;43
1901120922;khakasia;52.21.19;52
9709014673;moscow city;41.20;41
2543165680;primorsky terr.;45.31;45
5321115940;novgorod;43.11;43
8601064155;khanty-mansijsk;01.13;01
5405115577;novosibirsk;94.20;94
4212025269;kemerovo;69.10;69
4029055360;kaluga;94.99;94
0800003963;kalmykia;49.41;49
0608058759;ingushetia;45.20;45
7734440390;moscow city;42.11;42
7724496682;moscow city;47.91;47
5031018409;moscow reg.;94.20;94
1210000961;marij el;01.11.10;01
0544012890;dagestan;45.31;45
9002015094;zaporizhzhia;94.99;94
2320121752;krasnodar;52.21.24;52
2016006883;chechnya;62.02;62
6107008324;rostov;68.20;68
6673199373;sverdlovsk;52.21.24;52
5610235436;orenburg;80.10;80
9303029990;donetsk;45.11;45
7448235576;chelyabinsk;42.21;42
7610133734;yaroslavl;86.10;86
4345473132;kirov;46.73.60;46
0264083183;bashkortostan;68.31;68
5904326118;perm;46.65;46
6314018828;samara;70.10.20;70
2724235353;khabarovsk;42.11;42
1007002351;karelia;42.11;42
3017064150;astrakhan;73.11;73
6700021039;smolensk;73.11;73
1650391258;tatarstan;62.02.90;62
2225098006;altai terr.;56.10;56
7021044139;tomsk;25.90;25
1327013240;mordovia;49.31.20;49
7842130170;sankt-petersburg;56.10;56
9302011446;donetsk;01.11;01
6829117629;tambov;25.12;25
3304021150;vladimir;25.12;25
2465101848;krasnoyarsk;71.11;71
6726023785;smolensk;52.21.24;52
5190913982;murmansk;46.90;46
3849035827;irkutsk;46.75;46
1001335876;karelia;94.99;94
2508134103;primorsky terr.;56.10;56
1901139786;khakasia;62.02;62
2439008440;krasnoyarsk;86.23;86
5408026300;kurgan;56.10;56
4108004720;kamchatka;01.70;01
8603242572;khanty-mansijsk;25.11;25
5506204488;omsk;46.10;46
2465204949;krasnoyarsk;73.11;73
1215222661;marij el;25.11;25
3257066062;bryansk;42.21;42
1701060345;tuva;71.12;71
3257057491;bryansk;68.20;68
5001158889;moscow reg.;69.20;69
2308025682;krasnodar;81.29.90;81
6027114662;pskov;71.11;71
6317060666;samara;62.02;62
8903035023;yamal-nenets ao;42.99;42
6670161244;sverdlovsk;70.22;70
6449103718;saratov;46.33;46
7453305363;chelyabinsk;71.11.10;71
2367004878;krasnodar;47.73;47
4101163224;kamchatka;47.59;47
5906175506;perm;41.20;41
3444181530;volgograd;70.22;70
0572030411;dagestan;86.90;86
5700008942;oryol;25.62;25
4020006456;kaluga;41.20;41
6732032481;smolensk;42.12;42
4401178670;kostroma;25.62;25
4705028860;leningrad;73.20.20;73
7735129324;kaluga;93.19;93
7725702610;moscow city;10.71.10;10
4909073902;magadan;68.32;68
6168113936;rostov;41.20;41
0323378110;buryatia;43.29;43
2503033648;primorsky terr.;56.10.10;56
5030101421;moscow reg.;69.10;69
9406015477;luhansk;86.21;86
9408000099;luhansk;52.10;52
2245003732;altai terr.;47.11;47
7720438400;moscow city;46.46;46
7901026046;jewish ao;01.62;01
7103038295;tula;52.21.24;52
4223049543;kemerovo;43.21;43
7536149340;zabaikalsk terr.;62.01;62
2005011987;chechnya;46.15;46
6321402591;samara;86.23;86
5753068737;oryol;73.11;73
8602184529;khanty-mansijsk;45.20;45
7715695716;moscow city;77.29.20;77
0909000600;karachaevo-chercessia;43.22;43
4345358274;kirov;41.20;41
1435206023;yakutia;62.01;62
7017243300;tomsk;49.41;49
3661004377;voronezh;47.78;47
1001215963;karelia;86.23;86
4826081900;lipetzk;86.10;86
1007022301;karelia;43.99;43
2462021288;krasnoyarsk;25.11;25
1203003320;marij el;43.12.30;43
8602232317;khanty-mansijsk;68.31.50;68
7531005850;zabaikalsk terr.;94.20;94
0100009769;adygeya;71.20.20;71
3702251681;ivanovo;73.11;73
6315942454;samara;94.20;94
6509008162;sakhalin;43.21;43
7734666358;moscow city;93.20;93
2801189714;amur;86.23;86
6903007030;tver;94.99;94
6154131558;rostov;46.73;46
1415007326;yakutia;01.41;01
2310113640;krasnodar;46.66;46
3128124132;belgorod;49.20;49
1435358192;yakutia;70.10;70
1650400382;tatarstan;45.31;45
6230118079;ryazan;47.11;47
0400023933;altai rep.;86.22;86
7105035839;tula;56.10;56
5005015698;moscow reg.;52.20;52
3255062150;bryansk;70.22;70
9200020498;sevastopol;68.10;68
0278065924;bashkortostan;95.29;95
6925010910;tver;66.19.40;66
2804011581;amur;68.32.10;68
7734734752;moscow city;46.69;46
4825089293;lipetzk;73.11;73
6950127662;tver;45.32;45
7448137360;chelyabinsk;68.20;68
3810087830;irkutsk;43.22;43
4105043746;kamchatka;01.70;01
5603050466;orenburg;25.99;25
2921129114;arkhangelsk;71.12;71
5009096659;moscow reg.;46.90;46
6102024650;rostov;23.32;23
7705920666;moscow city;68.32.10;68
0917024940;karachaevo-chercessia;69.20;69
4501210782;kurgan;45.31;45
4703026049;leningrad;68.32.20;68
1821010995;udmurtia;42.11;42
6685081305;sverdlovsk;93.19;93
7703702052;ingushetia;69;69
1428011104;yakutia;43.20;43
4345505560;kirov;49.39;49
7720433650;moscow city;47.42;47
1417008131;yakutia;69;69
7813272490;sankt-petersburg;25.62;25
6154163782;rostov;62.01;62
3019027562;astrakhan;86.23;86
3905048029;kaliningrad;68.20;68
6636006979;sverdlovsk;01.11.10;01
8709012723;chukotka;94.99;94
5752083620;oryol;49.41;49
7449145741;chelyabinsk;93.19;93
5190931607;murmansk;41.20;41
7536182884;zabaikalsk terr.;69.10;69
3702700432;ivanovo;71.20;71
0708009089;kabardino-balkaria;49.32;49
1001174354;karelia;71.12.30;71
2635094541;stavropol;47.59.10;47
7536033850;zabaikalsk terr.;43.30;43
9705136494;moscow city;71.20.70;71
7404055576;chelyabinsk;52.21.24;52
2626052464;stavropol;22.29.20;22
2311319347;krasnodar;41.20;41
7105046291;tula;85.42.90;85
6685206226;sverdlovsk;95.29;95
2315133030;krasnodar;52.24;52
1001266125;karelia;46.49;46
6141053944;rostov;68.32.10;68
1328003710;mordovia;25.62;25
6820009548;tambov;01.61;01
5700001601;oryol;70.22;70
4826154890;lipetzk;69.10;69
0726023939;kabardino-balkaria;62.01;62
3001040107;astrakhan;47.20;47
6165152246;rostov;49.31.21;49
5228009730;nizhni novgorod;86.23;86
2461032329;krasnoyarsk;42.21;42
1901102017;khakasia;68.31.50;68
9725005274;moscow city;43.22;43
2222902613;altai terr.;86.23;86
2407062406;krasnoyarsk;11.05;11
0715001605;karachaevo-chercessia;42.99;42
5036157477;moscow reg.;46.32;46
7751303428;moscow city;68.31.10;68
7726192457;moscow city;25.99.25;25
3217000989;bryansk;01.41;01
4027148604;kaluga;62.01;62
9731101829;moscow city;46.73;46
4821034920;lipetzk;47.19;47
4826145198;lipetzk;56.10;56
1101164550;komi;71.12.70;71
2466298820;krasnoyarsk;55.10;55
7801619275;sankt-petersburg;58.13;58
4025445986;kaluga;69.10;69
7901547909;jewish ao;47.11;47
5043066453;moscow reg.;68.32;68
6317033599;samara;56.29;56
7723816280;moscow city;46.12;46
0326558601;buryatia;41.20;41
7751201793;moscow city;46.33.20;46
2013431167;chechnya;93.19;93
4203005026;kemerovo;41.20;41
0326560311;buryatia;41.20;41
7743418376;moscow city;46.90;46
7842206830;sankt-petersburg;49.41;49
9703035620;krasnodar;71.12;71
6679132760;sverdlovsk;93.12;93
2310101757;krasnodar;52.21.24;52
3444175914;volgograd;73.11;73
9722076943;moscow city;62.01;62
7531004736;zabaikalsk terr.;86.23;86
2014041498;chechnya;86.90;86
3460062065;volgograd;94.99;94
9723185590;moscow city;43.29;43
2536313344;primorsky terr.;42.99;42
0572031969;dagestan;41.20;41
5407464911;tomsk;52.24;52
2536213501;primorsky terr.;45.30;45
2130147209;chuvashia;42.21;42
1812000172;udmurtia;01.50;01
1511026473;north ossetia;94.99;94
5321062671;novgorod;52.21.30;52
2225133469;altai terr.;33.12;33
9702051147;moscow city;43.39;43
9109028811;crimea;93.19;93
4813011550;lipetzk;71.12;71
5190087990;murmansk;68.20;68
7453096864;chelyabinsk;46.61.10;46
1821015626;udmurtia;46.90;46
4909048470;magadan;47.62.10;47
6317006524;samara;94.20;94
3500010404;vologda;47.75;47
7705108743;moscow city;69.20;69
6226013517;ryazan;42.21;42
5315004738;novgorod;49.31.20;49
4205397700;kemerovo;49.41;49
7604227511;yaroslavl;73.10;73
1674008671;tatarstan;25.61;25
7810356456;sankt-petersburg;62.01;62
4101182160;kamchatka;42.91;42
1327037152;mordovia;46.33;46
3663150020;voronezh;49.41;49
7718490080;moscow city;70.22;70
6231040925;ryazan;94.99;94
6434912970;saratov;01.11;01
6453018487;saratov;95.11;95
5702006203;oryol;47.52.50;47
2905014701;arkhangelsk;56.30;56
3444257028;volgograd;28.29;28
3444178070;kalmykia;70.10.20;70
1104012901;komi;71.10;71
6027158846;pskov;41.20;41
2902075255;arkhangelsk;70.22;70
1201000877;marij el;42.11;42
3906415480;kaliningrad;86.90.30;86
3435135785;volgograd;56.10;56
3435307755;volgograd;42.91;42
6312136456;samara;86.23;86
7327092980;ulyanovsk;93.19;93
2607024133;stavropol;41.20;41
7816634396;novosibirsk;52.29;52
1901075412;khakasia;62.01;62
7443007858;chelyabinsk;47.11;47
3025014378;kalmykia;49.32;49
2613010410;stavropol;86.23;86
6686002426;sverdlovsk;25.62;25
1841103976;udmurtia;42.21;42
0278979029;bashkortostan;56.10;56
6330062013;samara;68.20;68
3327847873;vladimir;58;58
6027200030;pskov;52.29;52
1326227143;mordovia;45.30;45
7804511960;sankt-petersburg;38.32.20;38
2630022938;stavropol;42.91.20;42
7751317830;moscow city;86.90.90;86
6315014600;samara;41.20;41
7202186223;tyumen;43.12;43
6027199881;pskov;94.12;94
0800007252;kalmykia;70.22;70
5609196197;orenburg;86.10;86
7203331219;tyumen;46.44.20;46
6027088638;pskov;73.20;73
2014999629;chechnya;94.12;94
0264078169;bashkortostan;69.20;69
2801264721;amur;45.11;45
6908018324;tver;93.29.90;93
6025021620;pskov;42.91.50;42
7224067188;tyumen;01.11;01
7743738009;moscow city;09.10.90;09
6829087950;tambov;70.22;70
7445031133;chelyabinsk;43.31;43
5751065628;oryol;41.20;41
5837074230;penza;49.41;49
3100040066;belgorod;46.52;46
3702951179;ivanovo;94.92;94
3328455639;vladimir;41.20;41
0400011060;altai rep.;46.21;46
0710007064;kabardino-balkaria;93.11;93
5034064594;moscow reg.;49.41;49
7610131670;yaroslavl;45.19;45
7606133361;yaroslavl;77.32;77
5259097486;nizhni novgorod;45.31.10;45
4705035401;leningrad;46.73;46
0600015030;ingushetia;68.20;68
6452918887;saratov;68.32.10;68
3448910382;volgograd;52.21.24;52
5260480654;nizhni novgorod;69.10;69
5612165294;orenburg;93.19;93
4501211659;kurgan;49.41;49
7704870726;moscow city;69.20.20;69
6501308220;sakhalin;93.19;93
5190078386;murmansk;70.22;70
5321106150;novgorod;45.32;45
2632805596;stavropol;94.99;94
1427009127;yakutia;68.32.10;68
1101020220;komi;69.10;69
6950002825;tver;43.12;43
1832109026;udmurtia;43.21;43
5260409845;vladimir;41.20;41
6025038102;pskov;62.09;62
3702248897;ivanovo;56.10;56
7604237439;yaroslavl;46.76;46
0814123114;kalmykia;62.01;62
6317006122;samara;93.29;93
7536168544;zabaikalsk terr.;73.20;73
0326012812;buryatia;94.99;94
4027119508;kaluga;71.10;71
4706068343;leningrad;52.29;52
3000012097;astrakhan;56.30;56
4345525550;kirov;16.23.10;16
8904041245;yamal-nenets ao;52.21.24;52
9722032907;moscow city;42.22;42
2632123667;stavropol;41.20;41
0726000642;kabardino-balkaria;47.59.90;47
0300012110;buryatia;01.61;01
6168113527;rostov;46.72;46
2225225230;altai terr.;62.01;62
0560033270;dagestan;73.11;73
7801181217;sankt-petersburg;43.21;43
7810981114;sankt-petersburg;86.23;86
9109024084;crimea;42.99;42
9309000147;donetsk;86.21;86
7703430634;moscow city;73.11;73
3245513654;bryansk;86.23;86
6503013857;sakhalin;52.29;52
7708198174;moscow city;52.29;52
4401065700;kostroma;43.21;43
5635007826;orenburg;01.47;01
2635254379;stavropol;25.12;25
5753074402;oryol;45.20.30;45
2370007082;krasnodar;86.10;86
3435101779;volgograd;73.11;73
5407963893;novosibirsk;47.76.10;47
3257077307;bryansk;49.41.20;49
9722043240;moscow city;47.71;47
7743896277;moscow city;73.20;73
9724149636;moscow city;94.99;94
7713412151;moscow city;52.29;52
7801657873;sankt-petersburg;46.63;46
3702518751;ivanovo;73.11;73
9704214245;moscow city;63.99.10;63
2224210216;altai terr.;56.10;56
4706060506;leningrad;90.01;90
7500022037;zabaikalsk terr.;69.20;69
2700021137;khabarovsk;43.21;43
2225233826;altai terr.;62.01;62
2016008182;chechnya;52.23.10;52
5507289597;omsk;46.90;46
2308290497;krasnodar;25.62;25
6800010947;tambov;73.20.10;73
6168069807;rostov;38.10;38
5321093550;novgorod;86.23;86
1831164183;udmurtia;93.11;93
1400010894;yakutia;45.11;45
7328011800;ulyanovsk;18.12;18
0529000682;dagestan;49.41;49
2455030323;krasnoyarsk;68.32.10;68
2634070280;stavropol;71.10;71
3662282137;voronezh;46.73.20;46
3528330570;vologda;42.12;42
9723225330;moscow city;41.20;41
7735157392;moscow city;71.12;71
6450077484;saratov;63.11.10;63
3906218322;kaliningrad;38.32.59;38
5812008235;penza;69.20;69
0600009679;ingushetia;01.41;01
1831141669;udmurtia;70.22;70
7401012359;chelyabinsk;52.29;52
5032358020;moscow reg.;52.10;52
3443098512;volgograd;41.20;41
5752048103;oryol;42.11;42
4238007539;kemerovo;46.49.33;46
5024234279;moscow reg.;27.51;27
5007054653;moscow reg.;81.29.90;81
4401024503;kostroma;94.99;94
1435345490;yakutia;49.41;49
6319054139;samara;43.12;43
1831175530;udmurtia;45.31;45
4401182997;kostroma;69.10;69
7734168176;moscow city;46.46;46
6829153088;tambov;70.22;70
2312283774;krasnodar;47.91;47
7811769150;sankt-petersburg;49.41;49
8700001300;chukotka;01.13.12;01
5190059640;murmansk;46.19;46
7106028175;tula;86.23;86
2466168877;krasnoyarsk;45.31.10;45
2712011253;khabarovsk;93.29;93
7024038158;tomsk;68.32.10;68
5507234132;omsk;47.25;47
2340019436;krasnodar;94.99;94
3123310992;belgorod;52.29;52
6673160070;sverdlovsk;72.19;72
5504095040;omsk;45.20.10;45
4401184899;kostroma;01.41;01
7203366010;tyumen;01.41;01
5018191066;moscow reg.;68.20;68
1800006035;udmurtia;49.42;49
7707416567;moscow city;51.10.20;51
9727031142;moscow city;68.31.22;68
7451400251;chelyabinsk;41.20;41
3435128040;volgograd;73.11;73
5020071390;moscow reg.;73.20;73
7017470705;tomsk;43.12;43
7327068842;ulyanovsk;69;69
2901110475;arkhangelsk;94.99;94
1121028595;komi;52.21.24;52
3666265076;voronezh;62.02;62
3666266841;voronezh;73.11;73
4706042338;leningrad;20.59.40;20
6700014289;smolensk;93.19;93
3525409543;vologda;69.20;69
5245024907;nizhni novgorod;47.53.30;47
6320053612;samara;93.19;93
2128701878;chuvashia;43.21;43
1200011139;marij el;93.13;93
9102272296;crimea;43.21;43
2013432058;chechnya;71.10;71
5048011828;moscow reg.;68.20;68
2130166498;chuvashia;52.29;52
2634814606;stavropol;94.99;94
4029064533;kaluga;42.21;42
8901027718;yamal-nenets ao;69;69
5024235201;moscow reg.;42.13;42
3827058500;irkutsk;43.12.30;43
1686026058;tatarstan;43.32;43
7610131159;yaroslavl;69.10;69
8602308647;khanty-mansijsk;71.12.20;71
6623109744;sverdlovsk;71.12.12;71
7817089898;sankt-petersburg;68.20.20;68
0917040741;karachaevo-chercessia;45.31;45
3127018068;belgorod;49.41;49
5102070609;murmansk;01.11;01
6450000604;saratov;33.14;33
5203002556;nizhni novgorod;01.11.10;01
0608054480;ingushetia;46.73;46
6501256036;sakhalin;55.10;55
7203005550;tyumen;52.21.24;52
7730327570;moscow city;74.10;74
7017212422;tomsk;70.22;70
7726677765;moscow city;78.10;78
3716002205;ivanovo;01.50;01
2457081387;krasnoyarsk;93.13;93
5906102434;perm;42.21;42
5321164803;novgorod;45.10;45
2901315137;arkhangelsk;47.29;47
6037009762;pskov;46.73;46
3437015035;volgograd;43.21;43
7460060869;chelyabinsk;41.20;41
0400010275;altai rep.;01.42;01
4510030987;kurgan;70.10;70
5506186101;omsk;86.90;86
0216995990;bashkortostan;49.39.30;49
7713598210;kemerovo;70.22;70
5190060702;murmansk;49.40;49
7735149881;moscow city;46.49;46
9105000519;crimea;47.74;47
4217209485;kemerovo;86.23;86
6316089158;samara;46.73;46
6501265030;sakhalin;43.22;43
5246037120;nizhni novgorod;46.49;46
5024179081;moscow reg.;71.12.20;71
6312138125;samara;62.01;62
4253004740;kemerovo;69.10;69
7840097015;kaliningrad;68.20.20;68
7460044401;chelyabinsk;93.19;93
6167135101;rostov;46.45;46
7130502460;tula;94.99;94
3702715630;ivanovo;93.29.20;93
9310016960;donetsk;45.20;45
4400010515;kostroma;62.01;62
1501007721;north ossetia;94.99;94
1841095115;udmurtia;70.22;70
2724174870;khabarovsk;71.12.40;71
4632107500;kursk;25.62;25
2301089503;krasnodar;94.99;94
1400031622;yakutia;86.90.90;86
6658518931;sverdlovsk;68.20;68
7840097907;sankt-petersburg;41.20;41
5904378229;perm;43.32;43
4401082047;kostroma;68.32.10;68
0300017541;buryatia;93.19;93
6731059988;smolensk;71.12.10;71
7500012705;zabaikalsk terr.;25.12;25
6453168002;saratov;41.20;41
4500001916;kurgan;41.20;41
1513048899;north ossetia;62.09;62
1109015889;komi;93.29;93
1400005929;yakutia;62.01;62
0900011020;karachaevo-chercessia;49.42;49
4246025563;kemerovo;62.09;62
7203183578;tyumen;70.22;70
3663150630;voronezh;56.10;56
2906004470;arkhangelsk;43.12;43
3525280138;vologda;49.41;49
2208063444;altai terr.;47.19;47
7204060667;tyumen;52.21.24;52
7736682919;moscow city;01.61;01
7806035530;sankt-petersburg;68.32.10;68
9701246390;moscow city;41.20;41
1827021190;udmurtia;68.32.10;68
1119000592;komi;94.99;94
7715918377;moscow city;43.22;43
3007008318;astrakhan;94.99;94
5246038613;nizhni novgorod;46.90;46
5837900550;penza;94.99;94
5027181829;moscow reg.;47.90;47
3128095072;belgorod;49.30;49
9707027194;moscow city;43.21;43
1433026850;yakutia;52.21.24;52
9102273660;crimea;73.11;73
7726389260;moscow city;43.34.20;43
1001307847;karelia;46.76;46
2464142400;krasnoyarsk;93.29.20;93
7606127625;yaroslavl;42.13;42
2901300853;arkhangelsk;94.99;94
9719022923;moscow city;46.49;46
1829013660;udmurtia;47.91.20;47
7719424019;moscow city;81.22;81
3257063022;bryansk;86.21;86
5510009874;omsk;25.99;25
4720031063;leningrad;52.21.24;52
7900004963;jewish ao;94.99;94
1832160640;udmurtia;25.62;25
6453085571;saratov;49.31.20;49
0273946598;bashkortostan;41.20;41
9703129413;moscow city;46.90;46
1840054927;udmurtia;47.52.70;47
6230039620;ryazan;41.20;41
4703067415;leningrad;70.22;70
0900008274;karachaevo-chercessia;41.20;41
1215209942;marij el;25.12;25
3017059921;astrakhan;70.22;70
1648039578;tatarstan;94.99;94
7603056197;yaroslavl;69.10;69
2312321324;krasnodar;45.20;45
3702242817;ivanovo;47.91.20;47
6319113722;samara;45.30;45
1903021892;khakasia;25.90;25
0511005231;dagestan;01.41.10;01
4908010145;magadan;47.11;47
1001262138;karelia;68.20;68
7814465801;sankt-petersburg;93.20;93
4205312470;kemerovo;49.40;49
2312126757;krasnodar;49.41;49
1327001445;mordovia;86.23;86
3126021090;belgorod;01.11;01
1101059997;komi;46.90;46
5503192026;omsk;52.10;52
4826007737;lipetzk;52.21.24;52
5503066110;omsk;25.11;25
4217147609;kemerovo;70.22;70
2320026690;krasnodar;43.21;43
5047282166;moscow reg.;62.01;62
5190057410;murmansk;73.11;73
0504009330;dagestan;93.29;93
6732197941;smolensk;46.52.20;46
6377009495;samara;01.50;01
5504228170;omsk;93.29;93
7903529937;jewish ao;52.21.24;52
7447250532;chelyabinsk;62.01;62
2721248820;khabarovsk;68.32;68
9724011050;moscow city;41.20;41
5029184416;moscow reg.;49.41;49
4707040647;leningrad;22.19;22
2632804306;stavropol;45.11.20;45
4707033022;leningrad;45.30;45
5404507910;novosibirsk;73.11;73
4824021493;lipetzk;68.20;68
5012082575;moscow reg.;46.73;46
9729364813;moscow city;47.91.20;47
0716011028;kabardino-balkaria;01.13;01
1903018917;khakasia;49.30;49
7901546341;jewish ao;68.32;68
2724063182;khabarovsk;68.32;68
7537009265;zabaikalsk terr.;52.20;52
1419005552;yakutia;10.51;10
0276134153;bashkortostan;46.75.20;46
6165133540;rostov;68.32;68
2538098808;primorsky terr.;68.32.10;68
5027107624;moscow reg.;73.11;73
3906255596;kaliningrad;45.32;45
3702530879;ivanovo;71.10;71
9704059511;moscow city;90.01;90
1839011968;udmurtia;94.99;94
5402004558;novosibirsk;01.11;01
2225218218;altai terr.;69.10;69
5079014106;moscow reg.;68.20;68
1516621684;north ossetia;93.10;93
6167205863;rostov;93.19;93
9203546377;sevastopol;69.10;69
5916028116;perm;86.23;86
2801278562;amur;70.21;70
3906368092;kaliningrad;25.11;25
0300018055;buryatia;71.12.20;71
7743439030;moscow city;41.20;41
5047113062;moscow reg.;31;31
6325070322;samara;46.69.90;46
0275065411;bashkortostan;68.20;68
5259152426;nizhni novgorod;49.41;49
4003037221;kaluga;46.35;46
6685185216;sverdlovsk;86.10;86
1300007200;mordovia;73.11;73
2919008120;arkhangelsk;01.13;01
0326023652;buryatia;93.29.10;93
8904045419;yamal-nenets ao;41.20;41
7130033994;tula;25.30.10;25
6319182959;samara;46.73;46
2508131800;primorsky terr.;69.10;69
2801118625;amur;62.02;62
0721019382;kabardino-balkaria;71.12.30;71
7404061435;chelyabinsk;52.21.24;52
9202501937;sevastopol;49.40;49
9312009767;donetsk;47.11;47
8904060223;yamal-nenets ao;93.19;93
0105040459;adygeya;46.69.30;46
4212427095;kemerovo;42.11;42
5641020896;orenburg;49.41;49
4716046892;leningrad;45.20;45
4025427338;kaluga;25.11;25
4809002680;lipetzk;47.11;47
3461057318;volgograd;62.09;62
3702085850;ivanovo;46.73.60;46
2900006954;nenets ao;94.99;94
6382050770;samara;41.20;41
5030024914;moscow city;01.19;01
5503183751;omsk;86.10;86
8601052375;khanty-mansijsk;01.13;01
9721229971;moscow city;49.39;49
2912007046;arkhangelsk;85.41;85
1200011001;marij el;68.32;68
6807006523;tambov;43.31;43
6372027451;samara;01.50;01
4310000030;kirov;47.77.20;47
5904360430;perm;41.20;41
7606137687;yaroslavl;49.39;49
6027208409;pskov;93.29;93
5603048347;orenburg;56.10;56
7840084672;sankt-petersburg;43.21;43
7807023792;sankt-petersburg;73.20.10;73
7733520973;moscow city;52.29;52
5610143383;orenburg;71.12.30;71
6720001305;smolensk;94.99;94
5836896847;penza;46.36;46
5025033536;perm;41.20;41
6165238944;rostov;46.73.60;46
4307016752;kirov;47.30;47
1005009344;karelia;01.13;01
9403022290;luhansk;45.32;45
7536188389;zabaikalsk terr.;73.11;73
5074007539;moscow city;68.32.20;68
9718236545;moscow city;81.22;81
5243018577;nizhni novgorod;68.32.10;68
1400024953;yakutia;45.32.20;45
5039008138;moscow reg.;47.73;47
7730545507;moscow city;68.32;68
5903049800;perm;45.30;45
3827042884;irkutsk;70.22;70
2506011811;primorsky terr.;49.40;49
0602079336;ingushetia;41.20;41
6234117774;ryazan;62.02;62
7105504375;tula;73.11;73
5800010222;penza;46.32;46
0816038560;kalmykia;49.31;49
9704228872;moscow city;63.12;63
7842166017;sankt-petersburg;85.41.90;85
7451391423;chelyabinsk;46.71;46
6832001303;tambov;56.10;56
2907005798;arkhangelsk;25.61;25
5009138186;moscow reg.;49.41;49
5321158180;novgorod;69.10;69
6732231470;smolensk;70.22;70
9102060630;crimea;49.39.30;49
7100039445;tula;45.32;45
9311016183;donetsk;94.20;94
7701865950;moscow city;69.20.10;69
7743342920;moscow reg.;49.41;49
3902800890;kaliningrad;86.23;86
6000003108;pskov;42.21;42
0917042202;karachaevo-chercessia;86.90;86
9309011830;donetsk;42.22;42
2310215602;krasnodar;41.20;41
7451413814;chelyabinsk;46.90;46
7017462937;tomsk;42.11;42
6679142126;sverdlovsk;25.99;25
0400022697;altai rep.;41.20;41
7733377378;moscow city;45.31;45
5502020634;omsk;49.50.10;49
4611007021;kursk;69.10;69
7107515365;tula;71.12.90;71
4345491082;kirov;46.69.30;46
0520002318;dagestan;25.99;25
1314002554;mordovia;93.29.90;93
3328022561;vladimir;42.11;42
7718763202;moscow city;68.20;68
1686005435;tatarstan;41.20;41
0510012557;dagestan;93.29;93
6685207501;sverdlovsk;62.01;62
2700020670;khabarovsk;45.11;45
5402576347;novosibirsk;46.38;46
6829158590;tambov;71.12.60;71
6900007088;tver;45.31;45
0541001548;dagestan;49.31;49
5036056214;moscow reg.;68.20;68
5300007214;novgorod;46.90;46
0105041660;adygeya;86.23;86
5835137205;penza;70.10;70
3906401575;kaliningrad;56.10;56
3327837628;vladimir;73.11;73
4714008468;leningrad;68.32.20;68
5406582207;novosibirsk;73.11;73
8701003533;chukotka;94.20;94
5752002934;oryol;49.40;49
6829103136;tambov;46.69.80;46
4617005782;kursk;68.20;68
1217007067;marij el;68.32.10;68
3456004014;volgograd;41.20;41
2634103183;stavropol;70.22;70
2725107918;khabarovsk;96.03;96
7839065072;sankt-petersburg;42.11;42
4501177430;kurgan;94.99;94
4826083801;lipetzk;70.22;70
0326572109;buryatia;52.10;52
0273092280;bashkortostan;80.10;80
1215128073;marij el;85.21;85
0816991388;kalmykia;94.99;94
6455052469;saratov;71.11;71
3711038399;ivanovo;68.32;68
4707052917;leningrad;46.36.20;46
4345525398;kirov;86.23;86
9500020996;kherson;01.11;01
8904091158;yamal-nenets ao;80.20;80
0800013400;kalmykia;56.10;56
5404120800;novosibirsk;52.10;52
3128150598;belgorod;46.73;46
9200005732;sevastopol;62.02.30;62
9102039123;crimea;25.11;25
2007007954;chechnya;45.11;45
6163154706;rostov;73.11;73
5262389834;nizhni novgorod;93.29.90;93
6450054790;saratov;69.10;69
4706077919;leningrad;47.91.20;47
7713264270;moscow reg.;46.19;46
5917006154;perm;94.99;94
4908014439;magadan;49.32;49
1804900483;udmurtia;01.19;01
7805779255;sankt-petersburg;52.29;52
6325026549;samara;01.70;01
7327090943;ulyanovsk;45.20;45
3329030156;vladimir;68.32.10;68
7017071274;tomsk;52.21.24;52
7804620568;sankt-petersburg;46.90;46
9410004446;luhansk;68.20;68
9103009717;crimea;56.30;56
5263089696;nizhni novgorod;71.10;71
7107137280;tula;42.21;42
7106530402;tula;41.20;41
6686107066;sverdlovsk;41.20;41
0900009221;karachaevo-chercessia;47.91;47
4345242880;kirov;68.32;68
5752050800;oryol;52.10;52
2538072020;primorsky terr.;42.99;42
6908019913;tver;43.21;43
6330100854;samara;68.10;68
7714150886;moscow city;46.90;46
3849025931;irkutsk;71.11;71
6123024796;rostov;43.91;43
6013008946;pskov;47.19.10;47
5753062284;oryol;73.11;73
5321168678;novgorod;43.21;43
7751197480;moscow city;32.50;32
3700019556;ivanovo;25.11;25
6027161951;pskov;93.19;93
1683005941;tatarstan;47.29;47
3412001619;volgograd;01.11.10;01
6732105500;smolensk;45.31.10;45
5307007245;novgorod;69.20;69
2632053995;karachaevo-chercessia;43.31;43
5048035191;moscow reg.;93.19;93
6820039623;tambov;62.01;62
4401197584;kostroma;73.11;73
0105025556;adygeya;71.20.50;71
7325995993;ulyanovsk;94.99;94
0726024227;kabardino-balkaria;42.21;42
5504200262;omsk;68.31.10;68
0800007950;kalmykia;56.10.10;56
4400012022;kostroma;41.20;41
5611081250;orenburg;46.51;46
2221032685;altai terr.;62.01;62
3818016662;irkutsk;69.10;69
6226012087;ryazan;71.10;71
6732203715;smolensk;45.31;45
2536971311;primorsky terr.;93.19;93
8901041053;yamal-nenets ao;47.59;47
6501189005;sakhalin;45.10;45
5507208277;omsk;70.22;70
1001289644;karelia;71.20.50;71
2301107752;krasnodar;47.51;47
6168098614;rostov;49.31.20;49
2723205902;khabarovsk;47.64.40;47
9002015104;zaporizhzhia;94.99;94
2521016123;primorsky terr.;43.12.30;43
2367026952;krasnodar;41.20;41
9721025914;moscow city;96.02;96
5503276406;omsk;70.22;70
9709001385;moscow city;70.22;70
3257040459;bryansk;41.20;41
9110025766;crimea;68.20;68
4028052302;kaluga;69.20;69
9402013976;luhansk;46.34;46
4824095368;lipetzk;86.23;86
1101143381;komi;52.29;52
7530014153;zabaikalsk terr.;25.11;25
3662300957;voronezh;42.22;42
3122508051;belgorod;60.10;60
8905998460;yamal-nenets ao;93.19;93
7728487921;moscow city;49.41;49
1650407910;tatarstan;25.62;25
7014066533;tomsk;56.10;56
1648025624;tatarstan;45.11.20;45
3254504127;bryansk;46.90;46
3257004919;bryansk;71.10;71
6167206994;rostov;93.29.20;93
0105980967;adygeya;93.19;93
3528334448;vologda;45.32;45
9724128724;moscow city;68.20.20;68
7801590869;sankt-petersburg;73.10;73
4501214265;kurgan;47.22;47
6950213343;tver;46.39;46
6454104837;saratov;63.11.10;63
5501280527;omsk;25.61;25
0100008162;adygeya;86.23;86
2312098718;krasnodar;42.21;42
2635075482;stavropol;69.10;69
5190081734;murmansk;68.32.10;68
1659110350;tatarstan;45.20;45
1701063434;tuva;68.32;68
2368009533;krasnodar;47.99;47
1116009967;komi;68.32.10;68
8607008894;khanty-mansijsk;70.22;70
0276961467;bashkortostan;73.12;73
5700011374;oryol;56.10;56
7751272579;moscow city;43.34.20;43
3329098348;vladimir;86.23;86
4705100298;leningrad;41.20;41
2635227777;stavropol;52.29;52
9731077686;moscow city;82.99;82
9715490494;moscow city;47.91.20;47
3849087110;irkutsk;70.22;70
7841092919;sankt-petersburg;62.01;62
5504152450;omsk;68.10;68
5834005661;penza;01.25.10;01
3525379602;vologda;69.10;69
7720471655;moscow city;41.20;41
4341013159;kirov;52.21.24;52
8617034621;khanty-mansijsk;47.25.10;47
4727012849;leningrad;94.99;94
1841111254;udmurtia;49.41;49
4401172149;kostroma;41.20;41
4501075950;kurgan;52.21.29;52
0300009004;buryatia;62.03.13;62
7304000710;ulyanovsk;01.10;01
5405094616;novosibirsk;46.72;46
3245014983;bryansk;46.73;46
2130013533;chuvashia;70.22;70
4909997020;magadan;70.22;70
2352043730;krasnodar;62.01;62
5405474520;novosibirsk;46.44.10;46
0725027433;kabardino-balkaria;69.20;69
7327090679;ulyanovsk;86.21;86
7106508823;tula;69.20.20;69
6013009178;pskov;52.21.24;52
2722061824;khabarovsk;56.10;56
2723034012;khabarovsk;94.20;94
2311318720;krasnodar;73.20;73
7401009123;chelyabinsk;49.41.10;49
5321165652;novgorod;45.20;45
3706022259;ivanovo;52.21.21;52
7751255870;moscow city;41.20;41
7814368156;sankt-petersburg;55.10;55
8703000986;chukotka;94.20;94
9718216059;moscow city;46.76.30;46
7500019644;zabaikalsk terr.;69.20;69
1433014157;yakutia;52.21.24;52
5009133318;moscow reg.;46.90;46
3128133585;belgorod;49.41;49
2917002612;arkhangelsk;49.40;49
2005009995;chechnya;69.20;69
1673001779;tatarstan;41.20;41
7733369465;moscow city;78.10;78
5259150299;nizhni novgorod;69.20;69
9104001037;crimea;42.21;42
9704006326;moscow city;61.10;61
5404412030;novosibirsk;01.50;01
4702017605;leningrad;86.23;86
3525429290;vologda;49.39.11;49
1215172315;marij el;49.40;49
2703072041;moscow city;68.20;68
5300013585;novgorod;56.10;56
7811799034;sankt-petersburg;42.11;42
5636021171;orenburg;25.11;25
2124039702;chuvashia;86.21;86
7404066458;chelyabinsk;94.99;94
3128148101;belgorod;25.62;25
5048019217;moscow reg.;68.20;68
3665057299;voronezh;25.11;25
5612176786;orenburg;73.11;73
2204012008;altai terr.;52.21.24;52
4029045160;kaluga;43.99;43
6501281561;sakhalin;41.20;41
7801611621;sankt-petersburg;47.99.20;47
1435015283;yakutia;86.23;86
1300000780;mordovia;70.22;70
4816022704;voronezh;68.32;68
7726464862;moscow city;47.73;47
7325165978;ulyanovsk;01.11;01
4705102249;leningrad;45.31;45
4205397883;kemerovo;52.21;52
6312041525;samara;46.90;46
0105079551;adygeya;86.23;86
2130233137;chuvashia;93.12;93
1840070968;udmurtia;70.22;70
3662078815;voronezh;68.32;68
9109024630;crimea;62.01;62
1513051757;north ossetia;56.10;56
3702582193;ivanovo;73.10;73
3907032627;kaliningrad;45.31.10;45
4205359750;kemerovo;45.31;45
7723162486;moscow city;68.32.10;68
6316207891;samara;43.34;43
7814583347;sankt-petersburg;93.11;93
8601057253;khanty-mansijsk;47.52.70;47
3100025822;belgorod;94.99;94
0400000894;altai rep.;46.51;46
1655462248;tatarstan;41.20;41
6673123984;sverdlovsk;70.22;70
0900010361;karachaevo-chercessia;47.91;47
6162076646;rostov;46.51;46
5610216899;orenburg;69.10;69
2636221143;stavropol;42.11;42
6166119330;rostov;52.29;52
8609018810;khanty-mansijsk;52.21.24;52
6450054247;saratov;56.10;56
4401139688;kostroma;49.41;49
6612998837;sverdlovsk;85.42.90;85
7723915482;moscow city;42.21;42
9201532516;sevastopol;41.20;41
3702220683;ivanovo;49.41;49
0800019392;kalmykia;56.10;56
9731070458;moscow city;52.10.90;52
6027182870;pskov;42.21;42
2801211085;amur;69.10;69
6829104796;tambov;62.09;62
5027311860;moscow reg.;46.52;46
6504046044;sakhalin;52.24.10;52
7901540205;jewish ao;68.32.10;68
1326254482;mordovia;49.32;49
8911032403;yamal-nenets ao;94.20;94
1101079249;moscow city;73.10;73
5031075189;moscow reg.;52.21.24;52
7019029687;tomsk;94.20;94
9710040621;yaroslavl;46.46.20;46
9203546137;sevastopol;73.11;73
2902064630;arkhangelsk;80;80
1702003276;tuva;43.11;43
5024149746;moscow reg.;80.20;80
5043042710;moscow reg.;46.69.20;46
5907051581;perm;45.20;45
4025434857;kaluga;41.20;41
9721193690;moscow city;41.20;41
2464088633;krasnoyarsk;47.11.20;47
5404279340;novosibirsk;25.62;25
0101012595;adygeya;62.09;62
1651086264;tatarstan;42.11;42
6200006339;ryazan;52.10;52
1102052465;komi;45.10;45
0917970810;karachaevo-chercessia;94.99;94
7453077847;chelyabinsk;43.99.50;43
7102003860;tula;47.19;47
7810947360;sankt-petersburg;46.49.49;46
7111504197;tula;94.99;94
4101158425;kamchatka;03.11;03
0800011795;kalmykia;45.31;45
9303021870;donetsk;93.19;93
9715347092;moscow city;64.99;64
5752083637;oryol;45.32;45
2463057777;krasnoyarsk;86.21;86
8622026351;khanty-mansijsk;69.10;69
7714941140;moscow city;43.39;43
9202503211;sevastopol;46.34;46
5800007879;penza;45.31;45
7604129754;yaroslavl;46.40;46
6313561598;samara;49.42;49
3305715055;vladimir;70.22;70
8905045940;yamal-nenets ao;71.12.90;71
5612068325;orenburg;47.78.90;47
2442013183;krasnoyarsk;86.23;86
6027127189;pskov;52.21.24;52
3907028395;kaliningrad;62.09;62
1215188153;marij el;73.11;73
4632223672;kursk;46.73.10;46
3702097422;ivanovo;62.01;62
4414012544;kostroma;94.90;94
7806516026;leningrad;69.10;69
0250019678;bashkortostan;46.41;46
2540137910;primorsky terr.;62.09;62
9718208700;moscow city;46.73;46
5406595527;novosibirsk;47.91.20;47
1832159348;udmurtia;46.41;46
4407011691;kostroma;86.23;86
9102291838;crimea;71.12;71
7707435150;moscow city;41.20;41
1215184800;marij el;73.11;73
2251004460;altai terr.;01.11.10;01
5249095923;nizhni novgorod;68.32.10;68
1435349007;yakutia;94.99;94
0105072041;adygeya;43.21;43
4712002397;leningrad;01.13;01
4705103612;leningrad;47.71.50;47
6319132370;nenets ao;68.20.20;68
5190096346;murmansk;25.62;25
7735196850;moscow city;62.02.10;62
6154562089;rostov;70.22;70
4615001824;kursk;01.11.10;01
7726503938;moscow city;86.23;86
0326544542;buryatia;69.20.20;69
3338002405;vladimir;25.12;25
6316239452;samara;42.22;42
1901133583;khakasia;71.12.30;71
0100010330;adygeya;42.99;42
1677000832;tatarstan;90.04.20;90
0608999932;ingushetia;94.90;94
4027053818;kaluga;45.10;45
3908017100;kaliningrad;68.32.20;68
2465180536;krasnoyarsk;78.30;78
4401145890;kostroma;45.31;45
9102281572;krasnodar;45.32;45
7107121748;tula;45.31;45
5753053177;oryol;68.10;68
8603187804;khanty-mansijsk;42.21;42
6164138457;rostov;43.21;43
3808288233;irkutsk;68.32;68
5473006696;novosibirsk;62.01;62
3528176696;vologda;69;69
0326496715;buryatia;62.09;62
6206000196;ryazan;47.19;47
5803017402;penza;47.11;47
6141045887;rostov;62.09;62
2502044478;primorsky terr.;42.91.20;42
1840104825;kalmykia;68.20;68
5246027210;nizhni novgorod;94.99;94
3907031165;kaliningrad;45.10;45
6027132975;pskov;41.20;41
9309021482;donetsk;45.31;45
1648053942;tatarstan;45.20;45
1435357777;yakutia;62.01;62
7203208470;tyumen;70.22;70
1512020570;north ossetia;71.12.30;71
4101161330;kamchatka;49.32;49
7709401291;moscow city;70.22;70
3711045967;ivanovo;43.91;43
7810256596;sankt-petersburg;46.69.10;46
2607023605;stavropol;43.21;43
1500019280;north ossetia;86.23;86
6829127539;tambov;56.10;56
6724005886;smolensk;01.19;01
2469005020;krasnoyarsk;01.49.41;01
0100001632;adygeya;62.01;62
7117030024;tula;56.10;56
2366032784;krasnodar;85.41;85
3250519309;bryansk;73.11;73
0572014650;dagestan;93.19;93
7733385989;moscow city;94.12;94
2540180496;primorsky terr.;01.61;01
5902820762;perm;70.22;70
5751059896;oryol;71.20;71
3662179838;voronezh;45.30;45
0703008067;kabardino-balkaria;25.11;25
4501217474;kurgan;43.22;43
2308077761;krasnodar;68.32;68
7902526690;jewish ao;43.12;43
7735026199;moscow city;68.20;68
6829147285;tambov;56.10.10;56
7017423529;tomsk;47.91;47
6027058721;pskov;62.09;62
5406593921;novosibirsk;56.30;56
5902834726;perm;41.20;41
1326140580;mordovia;68.20.20;68
8602998366;khanty-mansijsk;93.19;93
6509007585;sakhalin;70.22;70
5190033459;murmansk;47.19;47
2511116866;primorsky terr.;56.10;56
2901242785;arkhangelsk;68.32;68
5405975011;novosibirsk;46.34.10;46
5031137477;moscow reg.;69.10;69
0300008709;buryatia;69.20;69
7729504168;moscow city;43.11;43
2011001585;chechnya;42.11;42
5528014441;omsk;68.32.20;68
3906413669;kaliningrad;71.12;71
7203455831;tyumen;42.11;42
6454142039;saratov;25.61;25
4012004550;kaluga;46.13;46
7900000140;jewish ao;41.20;41
5003080042;moscow reg.;94.99;94
4705093805;leningrad;01.19;01
6943000697;tver;01.41;01
1001322394;karelia;93.29;93
9309000267;donetsk;93.11;93
7723531479;moscow city;68.31;68
7536171667;zabaikalsk terr.;73.20;73
4345339867;kirov;46.76.10;46
0512087043;dagestan;70.22;70
5609017320;orenburg;52.21.24;52
9500014590;kherson;41.20;41
2352052710;moscow city;49.40;49
6829056567;tambov;45.20.20;45
5504151093;omsk;46.73;46
9102160560;crimea;69.10;69
7000022776;tomsk;01.25.10;01
9704018593;moscow city;46.44;46
1001355110;karelia;41.20;41
0700016870;kabardino-balkaria;47.30;47
7536187748;zabaikalsk terr.;52.29;52
4025456723;kaluga;08.12;08
1500012599;north ossetia;56.10;56
6234991460;ryazan;69.10;69
0400019006;altai rep.;49.39.11;49
6229101480;ryazan;49.41;49
9304003151;donetsk;86.23;86
9405002669;luhansk;47.30;47
3840003644;irkutsk;94.99;94
4909099996;magadan;68.32.10;68
1215134623;marij el;86;86
2464151532;krasnoyarsk;43.21;43
6671421840;sverdlovsk;69;69
5405064890;novosibirsk;70.22;70
6154155534;rostov;25.11;25
3666175190;krasnodar;46.73.60;46
1685005136;tatarstan;49.41;49
2808021904;amur;43.21;43
3329093614;vladimir;41.20;41
0251006897;bashkortostan;25.99.30;25
2722136893;khabarovsk;69.10;69
6165089749;rostov;43.91;43
2801090401;amur;25.11;25
4824096964;lipetzk;49.41;49
8601058722;khanty-mansijsk;16.10;16
3459077677;volgograd;72.19;72
2703099004;khabarovsk;42.11;42
6317152557;samara;71.11;71
5107999031;murmansk;94.99;94
5501125225;omsk;28.14;28
5919031621;perm;16.29.15;16
0269044195;bashkortostan;28.92;28
7430037380;chelyabinsk;46.72;46
0912006810;karachaevo-chercessia;41.20;41
2007007231;chechnya;69.20;69
7731328819;moscow city;46.33.10;46
5405494149;novosibirsk;43.33;43
9723209650;moscow city;52.10;52
2904016590;arkhangelsk;52.21.24;52
5837100987;penza;68.32.20;68
0105049934;adygeya;46.73.60;46
7448228642;chelyabinsk;29.10.40;29
3525099299;vologda;42.21;42
6501180242;sakhalin;43.12;43
5404950624;novosibirsk;46.63;46
6215035068;ryazan;70.22;70
2465353669;krasnoyarsk;49.41;49
6732118548;smolensk;45.31.10;45
1901140372;khakasia;46.75;46
7203515142;tyumen;73.11;73
3525194898;yaroslavl;46.60;46
6685190784;sverdlovsk;42.21;42
7801334760;sankt-petersburg;23.99;23
9729382851;moscow city;46.46;46
5230000124;nizhni novgorod;42.11;42
2703035498;khabarovsk;49.32;49
0104015957;adygeya;01.25.10;01
1200015084;marij el;25.50;25
5725002893;oryol;68.32.20;68
2308255982;krasnodar;43.12;43
3123206945;belgorod;45.31.10;45
6164138249;rostov;49.41;49
7116133394;tula;43.99.40;43
4817006374;lipetzk;49.41;49
7708371615;moscow city;94.12;94
4234008563;kemerovo;01.10;01
4205363972;kemerovo;94.99;94
6950230934;tver;86.23;86
6230119788;ryazan;42.21;42
7451375083;chelyabinsk;46.90;46
6454064158;saratov;69.10;69
7737069568;moscow city;70.22;70
2127311360;chuvashia;94.99;94
9204565527;sevastopol;43.21;43
9111012512;crimea;79.11;79
6671246170;sverdlovsk;73.20.20;73
2901153849;arkhangelsk;43.99.60;43
5007120881;moscow reg.;62.01;62
6452925041;saratov;73.11;73
4825111703;lipetzk;52.29;52
9725157485;moscow city;45.20;45
6449050946;saratov;43.29;43
2801279196;amur;46.62;46
5501079554;omsk;42.21;42
7300016580;ulyanovsk;25.12;25
5453007250;novosibirsk;01.41;01
2722029524;khabarovsk;46.13;46
0323378022;buryatia;49.31;49
0902012653;karachaevo-chercessia;94.20;94
5110007495;murmansk;73.11;73
2901303639;arkhangelsk;56.10;56
4716012389;leningrad;94.99;94
5404278265;novosibirsk;56.10;56
2618015606;stavropol;25.99.29;25
3666157835;voronezh;46.38;46
5408255621;novosibirsk;70.22;70
2543146422;primorsky terr.;73.11;73
3528335610;vologda;42.11;42
5405052920;novosibirsk;52.29;52
5752083281;oryol;70.10.10;70
8602255353;khanty-mansijsk;71.12.45;71
5247055386;nizhni novgorod;86.23;86
3015057301;astrakhan;70.22;70
3442116590;volgograd;69.20.20;69
6829910034;tambov;93.19;93
4100040149;kamchatka;56.10;56
7017137800;tomsk;52.21.24;52
6686068177;sverdlovsk;42.22.30;42
9715321288;moscow city;59.13;59
6906004206;tver;94.20;94
1102084234;komi;56.10;56
9311024226;donetsk;94.99;94
6500004332;sakhalin;47.25.10;47
5407051939;novosibirsk;86.21;86
7806001034;sankt-petersburg;41.20;41
4346046599;kirov;68.20;68
7801413429;sankt-petersburg;46.41;46
3017050661;astrakhan;45.31.10;45
9701262113;moscow city;56.10;56
7017453442;tomsk;41.20;41
6382069010;samara;71.20.80;71
7736504828;moscow city;63.11.10;63
6313539546;samara;70.10.10;70
0275085866;bashkortostan;62.01;62
7453343249;chelyabinsk;62.01;62
7811715965;sankt-petersburg;42.99;42
0515013064;dagestan;52.29;52
7604273187;yaroslavl;46.74.30;46
0300023369;buryatia;43.21;43
2225131430;altai terr.;73.11;73
6910017920;tver;01.10;01
4212019931;kemerovo;47.73;47
5514017033;omsk;46.49;46
5022014888;moscow reg.;52.21.24;52
2462208945;krasnoyarsk;52.29;52
8602255402;khanty-mansijsk;45.31.10;45
0323375399;buryatia;42.11;42
3327836952;vladimir;47.30.10;47
0917009558;karachaevo-chercessia;41.20;41
4824050871;lipetzk;73.11;73
5501181251;omsk;45.11;45
5700009512;oryol;49.41;49
2311354824;krasnodar;69.10;69
5506225760;omsk;42.21;42
4824080675;lipetzk;25.11;25
2453022503;krasnoyarsk;53.20.30;53
2801173545;amur;71.12.20;71
4632152830;kursk;52.29;52
3123465467;belgorod;01.13;01
3302002779;vladimir;68.20.20;68
7801695974;sankt-petersburg;47.11;47
4501224658;kurgan;94.99;94
5190081300;murmansk;73.11;73
1101135937;komi;68.20;68
6311101034;samara;43.13;43
5110003130;murmansk;68.32;68
2315217385;krasnodar;41.20;41
4029058280;kaluga;68.32;68
6154144684;rostov;62.01;62
5018199474;moscow city;46.39;46
9002002472;zaporizhzhia;01.11;01
2254002502;altai terr.;69.10;69
7703543324;moscow city;41.20;41
2130230129;chuvashia;70.22;70
1831197929;udmurtia;71.12.70;71
7726502155;moscow city;62.01;62
9707036738;moscow city;56.30;56
0100004626;adygeya;56.10;56
0269041035;bashkortostan;25.11;25
3519005101;vologda;01.11;01
1837019545;udmurtia;94.99;94
3702151260;ivanovo;68.20;68
4345522870;kirov;43.39;43
3614011105;voronezh;42.11;42
6234104302;ryazan;73.11;73
2461036852;krasnoyarsk;71.20;71
7017327631;tomsk;42.99;42
6619025594;sverdlovsk;41.20;41
2902090937;arkhangelsk;42.91;42
6161022856;rostov;71.11.10;71
2459021182;krasnoyarsk;46.73;46
7838081931;sankt-petersburg;46.52;46
9308025290;donetsk;47.25.10;47
7100017667;tula;63.11;63
7721783255;moscow city;41.20;41
2449002092;krasnoyarsk;47.22.10;47
1835077372;udmurtia;72.19;72
0816022672;kalmykia;45.10;45
5014009933;moscow reg.;94.99;94
2370011586;krasnodar;68.32.10;68
4027014600;kaluga;94.12;94
9103094335;kherson;46.69;46
5027184763;moscow reg.;42.11;42
0323089006;buryatia;94.99;94
4706073921;leningrad;69.20;69
7715205658;moscow city;93.19;93
7203585950;tyumen;46.74;46
3811451828;irkutsk;70.10.20;70
2464150320;krasnoyarsk;10.89;10
5835095812;penza;56.10;56
2801161042;amur;45.30;45
4205382527;kemerovo;47.71;47
7203526384;tyumen;52.21;52
1513085001;north ossetia;69.10;69
6732147852;smolensk;46.32;46
7000008370;tomsk;68.32.10;68
0571010532;dagestan;49.41;49
4101091234;kamchatka;62.01;62
7326053949;ulyanovsk;70.22;70
7224053001;tyumen;93.10;93
3301022405;vladimir;69.20.20;69
4632013241;kursk;94.90;94
1000008812;karelia;43.29;43
3327118006;vladimir;42.21;42
0326576311;buryatia;68.32.10;68
5263152725;nizhni novgorod;42.99;42
5031101390;moscow reg.;68.31.30;68
3410005015;volgograd;47.78.60;47
0400009590;altai rep.;49.41;49
3702077754;ivanovo;94.99;94
0600001430;ingushetia;94.99;94
5246056637;nizhni novgorod;43.29;43
9714051938;moscow city;82.99;82
5001111707;moscow reg.;69.10;69
9731073071;moscow city;70.10;70
5835086180;penza;43.39;43
9308012414;donetsk;43.29;43
7806252359;karelia;46.71;46
7810913731;sankt-petersburg;70.10;70
7536087408;zabaikalsk terr.;71.10;71
5501076144;omsk;56.10;56
4212037761;kemerovo;01.19.10;01
2223640368;altai terr.;93.12;93
7448179307;chelyabinsk;42.21;42
0916008343;karachaevo-chercessia;69.20.20;69
0514901275;dagestan;47.73;47
0400017880;altai rep.;46.11.31;46
8706006513;chukotka;47.11;47
5190093874;murmansk;46.19;46
7728428122;moscow city;26.11.20;26
1101075050;komi;43.11;43
5902154093;perm;18.13;18
7203264964;tyumen;47.78.90;47
1215148834;marij el;93.19;93
6670308070;sverdlovsk;49.32;49
9703080729;moscow city;46.73;46
5610245258;orenburg;73.20.10;73
5504167801;omsk;49.41;49
5190929950;murmansk;45.20;45
5507223050;omsk;86.90.90;86
5751055122;oryol;01.11;01
6450059478;saratov;69.10;69
1500009081;north ossetia;73.11;73
0326548988;buryatia;93.13;93
4307012123;kirov;45.31.10;45
4706061740;leningrad;45.19;45
2015005372;chechnya;45.10;45
1660141112;tatarstan;71.11.10;71
0269013599;bashkortostan;23.61;23
5803028002;penza;01.47.10;01
8603087655;khanty-mansijsk;86.23;86
6025053534;pskov;64.20;64
0608064103;ingushetia;01.41;01
2536329143;primorsky terr.;93.11;93
2634015113;stavropol;68.20.20;68
6350012331;samara;42.21;42
6679107227;sverdlovsk;71.20;71
9718211967;moscow city;82.99;82
3257071633;bryansk;43.22;43
7536074173;zabaikalsk terr.;55.10;55
0500002655;dagestan;49.41;49
6439044887;saratov;01.10;01
6501189012;sakhalin;46.38.10;46
7203492424;tyumen;82.30;82
7841037883;sankt-petersburg;46.49;46
5405354825;novosibirsk;73.11;73
2511090720;primorsky terr.;01.11;01
1326256793;mordovia;68.32;68
0725014988;kabardino-balkaria;25.11;25
0300006733;buryatia;52.29;52
5024187445;moscow reg.;25.99;25
9200004150;sevastopol;01.21;01
5754026810;oryol;73.11;73
5837081300;penza;43.21;43
7118819005;tula;01.10;01
7215010523;tyumen;41.20;41
4900013000;magadan;52.24;52
3257081600;bryansk;49.41;49
2225172404;altai terr.;62.09;62
2502001080;primorsky terr.;52.10;52
1326247559;mordovia;45.32;45
3702698656;ivanovo;25.10;25
4105097597;kamchatka;94.99;94
9311025727;donetsk;56.10;56
3663168483;voronezh;62.01;62
1001095857;karelia;86.23;86
3662264160;voronezh;45.31.10;45
7106020095;tula;43.21;43
3305052312;vladimir;86.23;86
3525361041;vologda;69.10;69
5258144937;nizhni novgorod;42.11;42
2817001830;amur;01.11.10;01
7811776206;sankt-petersburg;74.90.30;74
9403029866;luhansk;49.20;49
5829007198;penza;71.20.50;71
1701048644;tuva;86.23;86
9713012478;moscow city;46.73;46
6321422580;samara;46.71.20;46
1901089013;khakasia;47.11;47
5835142090;penza;71.12.12;71
5638080951;orenburg;42.11;42
7300030785;ulyanovsk;86.21;86
5504159536;omsk;47.30.12;47
2543145027;primorsky terr.;61.10;61
4100002947;kamchatka;42.99;42
2304084038;krasnodar;71.12;71
8901027637;yamal-nenets ao;56.10;56
5321176260;novgorod;62.01;62
2801264908;amur;46.21;46
4401173223;kostroma;52.29;52
3306001575;vladimir;36;36
1513041075;north ossetia;69.10;69
7731312230;moscow city;45.20;45
5258123327;nizhni novgorod;42.11;42
7725246879;tatarstan;43.12;43
7733767770;moscow city;56.10;56
8602293694;khanty-mansijsk;70.22;70
2130998626;chuvashia;94.99;94
1655047650;tatarstan;68.20.20;68
6453172143;saratov;25.99;25
0917018538;karachaevo-chercessia;43.21;43
7727144632;moscow city;86.10;86
4800017184;lipetzk;70.10;70
3301037715;vladimir;41.20;41
9408006492;luhansk;49.41;49
1900007681;khakasia;56.10;56
5638066330;orenburg;68.31.12;68
3105003357;belgorod;01.10;01
1513074391;north ossetia;46.51;46
7816541575;sankt-petersburg;25.11;25
6732181130;smolensk;62.09;62
3663163710;voronezh;71.12.20;71
8602226930;khanty-mansijsk;86.23;86
5261081596;nizhni novgorod;64.90;64
1001141091;karelia;49.31;49
3805736399;irkutsk;01.61;01
0300021516;buryatia;25.99.20;25
2452048587;krasnoyarsk;25.11;25
3249003830;bryansk;68.32.10;68
7500007381;zabaikalsk terr.;25.12;25
5238001120;nizhni novgorod;93.12;93
2801188774;amur;86.23;86
5610161255;orenburg;49.40;49
3100016930;belgorod;43.29;43
5321182626;novgorod;41.20;41
4101149212;kamchatka;41.20;41
1648052900;tatarstan;46.49.30;46
2536212392;primorsky terr.;52.21.24;52
9102217545;crimea;69.20.20;69
5249148903;nizhni novgorod;46.90;46
6319230899;samara;93.19;93
5261001706;nizhni novgorod;69.10;69
0533018097;dagestan;71.12;71
4821012892;lipetzk;68.32.10;68
3435108502;volgograd;86.23;86
7300012458;ulyanovsk;86.90.30;86
5911063396;perm;71.11.10;71
5403083746;novosibirsk;88.99;88
3328434607;vladimir;47.20;47
3900030010;kaliningrad;69.20;69
9707006405;moscow city;46.69;46
1700000992;tuva;86.10;86
4401158426;kostroma;93.29.20;93
6229082068;ryazan;46.49.40;46
2631043592;stavropol;49.39;49
7430040760;chelyabinsk;20.42;20
1515909350;north ossetia;56.10;56
9723183338;moscow city;47.91;47
7722497994;moscow city;93.12;93
2635222095;stavropol;69.10;69
5907046976;perm;62.09;62
3017054112;astrakhan;49.41;49
1700005905;tuva;43.99;43
0726024869;kabardino-balkaria;47.73;47
1500011972;north ossetia;46.51;46
4821035674;lipetzk;68.32.10;68
0100008677;adygeya;93.29;93
4205413905;kemerovo;56.10.10;56
5404181288;novosibirsk;69.10;69
2308283193;krasnodar;62.01;62
4500012450;kurgan;41.20;41
3631006828;voronezh;49.41;49
6432016986;saratov;01.11;01
2901238965;arkhangelsk;62;62
7714921553;moscow city;68.32;68
7743403436;moscow city;46.49;46
0274960323;bashkortostan;41.20;41
7706811902;rostov;70.22;70
5700001873;oryol;49.41;49
9204009858;sevastopol;86.23;86
9701275641;moscow city;41.20;41
7203220149;tyumen;80;80
2727027633;khabarovsk;47.75;47
0326537866;buryatia;43.21;43
3702170739;ivanovo;52.21.24;52
3805730767;irkutsk;25.50;25
4105097621;kamchatka;71.20;71
1310187128;mordovia;56.10;56
9201011048;sevastopol;49.42;49
3015100701;astrakhan;73.11;73
7537007878;zabaikalsk terr.;68.32.20;68
5321058322;novgorod;43.91;43
4443027369;kostroma;43.91;43
6901085145;tver;73.10;73
0608055613;ingushetia;93.11;93
6163230393;rostov;43.31;43
2801129458;amur;73.10;73
1327025260;mordovia;42.22;42
7536179480;zabaikalsk terr.;62.01;62
7203553067;tyumen;49.41;49
6714053506;smolensk;86.90.30;86
1106032727;komi;70.22;70
6432237456;saratov;68.32.20;68
9201523046;sevastopol;49.31;49
6376120701;samara;86.23;86
3665055823;voronezh;52.10;52
5752084454;oryol;42.21;42
4824093272;lipetzk;43.11;43
2366046836;krasnodar;96.03;96
2130094758;chuvashia;73.11;73
5907050732;perm;47.50;47
6727039763;smolensk;43.29;43
5028026939;moscow reg.;62.01;62
4401075201;kostroma;42.11;42
5020050640;moscow reg.;35.22;35
2724203601;khabarovsk;52.29;52
3447003247;volgograd;71.20;71
4230003010;kemerovo;47.25.10;47
3900026399;kaliningrad;42.11;42
3804055365;irkutsk;41.20;41
2001004957;chechnya;42.21;42
4105027381;kamchatka;42.11;42
5406709380;novosibirsk;46.66;46
5635042771;orenburg;25.11;25
7900005004;jewish ao;01.61;01
8601040588;khanty-mansijsk;71.10;71
3906905710;kaliningrad;46.90;46
9402009835;luhansk;71.12;71
4345523344;kirov;71.12.12;71
1435107992;yakutia;52.21.24;52
3528109636;vologda;52.21.24;52
5803020010;penza;86.23;86
5193412007;murmansk;93.10;93
6317045178;samara;73.11;73
8602176630;khanty-mansijsk;45.10;45
5031113469;moscow reg.;46.31;46
0700005188;kabardino-balkaria;25.99.30;25
2130227334;chuvashia;69.10;69
7706125501;moscow city;47.19;47
5256182743;nizhni novgorod;41.20;41
7107068413;tula;46.49.49;46
7720635790;moscow city;56.10;56
2311365713;krasnodar;73.11;73
7202196020;tyumen;69;69
6949113489;tver;25.29;25
6163144708;rostov;70.22;70
5260446131;nizhni novgorod;86.23;86
2462065020;krasnoyarsk;25.11;25
6829075256;tambov;86.23;86
5803027979;penza;45.31;45
4501111911;kurgan;42.21;42
3702735330;ivanovo;42.11;42
2222893302;altai terr.;46.11.34;46
4101182080;kamchatka;62.09;62
5835131757;penza;25.62;25
3662249637;voronezh;56.10;56
8603196319;khanty-mansijsk;69.20;69
2224003717;altai terr.;73.20.10;73
0262027634;bashkortostan;49.41;49
3250513120;bryansk;62;62
4400021147;kostroma;73.11;73
7743525071;moscow city;93.10;93
5252042745;nizhni novgorod;25.99;25
1909051212;khakasia;62.09;62
7900004970;jewish ao;46.21.11;46
0400011737;altai rep.;71.20.80;71
7802691852;sankt-petersburg;68.31;68
4345370401;sevastopol;70.21;70
4347022960;kirov;52.10.90;52
3100018920;belgorod;62.01;62
1626010960;tatarstan;94.99;94
7017487106;tomsk;56.10;56
4632045370;kursk;46.69.50;46
0816035696;kalmykia;86.23;86
5249145691;nizhni novgorod;73.11;73
5754024450;oryol;46.69;46
5012090417;moscow reg.;77.32;77
7727662419;moscow city;45.30;45
4909125212;magadan;94.12;94
7722331445;moscow city;45.20;45
5246053763;nizhni novgorod;71.12;71
6454079348;saratov;73.11;73
5074070192;moscow reg.;46.73;46
5401992810;novosibirsk;46.21.11;46
2531006004;primorsky terr.;94.99;94
6678128866;sverdlovsk;70.10;70
6670184298;sverdlovsk;42.99;42
7743164428;moscow city;62.01;62
8601067854;khanty-mansijsk;49.41;49
7743353739;moscow city;41.20;41
8904998475;yamal-nenets ao;93.20;93
1324000179;mordovia;68.32;68
2312215037;chechnya;46.73;46
5262287688;nizhni novgorod;68.32.20;68
7017450402;tomsk;41.20;41
2721023625;khabarovsk;41.20;41
5826000525;penza;47.25;47
5044123841;moscow reg.;96.04;96
2618024047;stavropol;69.20;69
5902856720;perm;86.23;86
5751060933;oryol;47.91;47
2320038374;krasnodar;71.11;71
0400008460;altai rep.;69.10;69
3906329583;kaliningrad;56.10;56
0726022389;kabardino-balkaria;49.32;49
5234004828;nizhni novgorod;71.10;71
7328095415;ulyanovsk;41.20;41
6726015181;smolensk;69.10;69
2630046791;stavropol;94.99;94
2222833166;altai terr.;45.30;45
9723074280;moscow city;28.99.90;28
7806233074;sankt-petersburg;82.30;82
7204147082;tyumen;47.11;47
9307008158;donetsk;25.94;25
5503245285;omsk;49.30;49
7718103870;moscow city;68.20;68
2306028776;krasnodar;43.91;43
0276921633;bashkortostan;70.22;70
7017039087;tomsk;52.21.24;52
3100035059;belgorod;93.12;93
7727430993;chechnya;49.42;49
4025454483;kaluga;47.64;47
9203544228;sevastopol;56.10;56
0721061391;kabardino-balkaria;71.12.45;71
3123485576;belgorod;93.29.90;93
7448094540;moscow city;46.73;46
5074054144;moscow reg.;68.20;68
2366022610;krasnodar;46.34;46
6162085760;rostov;46.46;46
8602311343;khanty-mansijsk;46.19;46
9102256880;crimea;47.11;47
7405010835;chelyabinsk;96.02;96
1514013754;north ossetia;45.20.20;45
7735197973;moscow city;68.10;68
5810007148;penza;01.43.10;01
1425005840;yakutia;43.11;43
7604346491;yaroslavl;47.52;47
1674009957;tatarstan;71.20;71
4101188733;kamchatka;52.21.24;52
2222858788;altai terr.;69.20;69
3812994337;irkutsk;41.20;41
2311283316;krasnodar;49.20;49
6732189901;smolensk;41.20;41
5911036547;perm;52.10;52
5610251251;orenburg;49.41;49
0261012579;bashkortostan;68.20.20;68
6901094742;tver;69;69
2543162093;primorsky terr.;70.22;70
5040036669;moscow reg.;86.90.40;86
2543126137;primorsky terr.;41.20;41
5256080318;nizhni novgorod;69.10;69
4632047931;kursk;62.02;62
8603039010;khanty-mansijsk;52.21.24;52
7715819802;moscow city;43.21;43
6025035221;pskov;68.32;68
7751077031;moscow city;14.19;14
0278183156;bashkortostan;47.51;47
5406807130;novosibirsk;56.10;56
9102016581;crimea;94.99;94
9729323790;moscow city;43.22;43
7734570261;moscow city;41.20;41
5903155727;perm;49.41;49
1900006776;khakasia;46.71;46
6234192299;ryazan;25.62;25
7017223086;tomsk;68.32.20;68
5838044781;penza;62.09;62
6316032433;samara;43.11;43
6732079257;smolensk;52.29;52
4205079320;kemerovo;69.10;69
6154149347;rostov;56.10;56
1500003925;north ossetia;01.11;01
9102006431;crimea;43.21;43
3805735606;irkutsk;68.20;68
2011000214;chechnya;01.11;01
5507242616;omsk;45.30;45
3625018053;voronezh;25.29;25
7017390961;tomsk;25.62;25
6829157981;tambov;69.10;69
3102050743;belgorod;73.11;73
8611010590;khanty-mansijsk;49.30;49
7416003195;chelyabinsk;01.11;01
3702616340;ivanovo;46.40;46
3665070388;voronezh;68.20;68
9102191054;crimea;70.22;70
6517003873;sakhalin;62.09;62
3917055503;bryansk;46.71;46
1633605654;tatarstan;01.10;01
7707665933;moscow city;46.51;46
9102251842;crimea;52.10;52
6501269719;sakhalin;46.69.20;46
7726470619;crimea;69.10;69
6829097644;tambov;68.32;68
1514005344;north ossetia;43.21;43
2906008725;arkhangelsk;42.12;42
1215059493;marij el;52.21.24;52
0100007183;adygeya;93.12;93
7723418473;moscow city;85.42.90;85
5610118651;orenburg;70.22;70
3906398403;kaliningrad;42.21;42
5262284775;nizhni novgorod;52.21.24;52
3305999230;vladimir;93.19;93
2315230996;krasnodar;49.41;49
9303033273;donetsk;41.20;41
1660310868;tatarstan;43.34;43
9311019240;donetsk;46.39;46
5836695756;penza;62.01;62
7841482637;sankt-petersburg;94.99;94
7017411957;tomsk;70.22;70
2700037049;khabarovsk;93.13;93
1101016915;komi;71.11;71
5610133882;orenburg;47.52.70;47
6027145519;pskov;42.12;42
0256996221;bashkortostan;94.99;94
5445028472;novosibirsk;70.22;70
6950232226;tver;68.20;68
2720062815;khabarovsk;68.32.10;68
7448247050;chelyabinsk;43.31;43
8706004121;chukotka;47.11;47
6950222186;tver;71.12;71
3804038666;irkutsk;47.19;47
6147038639;rostov;93.29.90;93
2635232015;stavropol;94.99;94
4101114153;kamchatka;43.22;43
5829101112;penza;01.11.10;01
3664232477;voronezh;70.22;70
6686078295;sverdlovsk;56.10;56
0900013066;karachaevo-chercessia;86.90;86
5503256304;omsk;71.12;71
0107036673;adygeya;01.21;01
2543126017;primorsky terr.;52.29;52
7751216038;moscow city;49.42;49
7203489767;tyumen;46.39.20;46
2610017111;karachaevo-chercessia;42.11;42
9102285055;crimea;62.01;62
3525444724;vologda;41.20;41
2315173900;krasnodar;52.10;52
3729011341;ivanovo;52.21.24;52
5837022062;penza;42.21;42
2004012843;chechnya;62.09;62
5501073584;omsk;68.20.20;68
0274145914;bashkortostan;41.20;41
7734498255;moscow city;93.19;93
3435140471;volgograd;94.99;94
1300006090;mordovia;42.11;42
3460012360;moscow city;71.10;71
5609061432;orenburg;25.40;25
9724167339;moscow city;47.91.10;47
5018084995;moscow reg.;01.19;01
6230117942;ryazan;25.62;25
0721009240;kabardino-balkaria;45.32;45
2366049033;krasnodar;86.23;86
3437500433;volgograd;68.32.10;68
9701046673;moscow city;45.31;45
2130115359;chuvashia;52.29;52
2334014415;krasnodar;43.22;43
1659191983;tatarstan;71.12;71
6685175761;sverdlovsk;71.12;71
2319060375;krasnodar;47.73;47
7451328051;chelyabinsk;41.20;41
1901083950;tuva;41.20;41
8617033635;khanty-mansijsk;49.42;49
0400011335;altai rep.;94.99;94
6451023562;saratov;62.01;62
9722079060;moscow city;68.20;68
2311194546;krasnodar;68.32;68
4427000761;kostroma;71.11.10;71
7701898177;moscow reg.;25.11;25
6714048009;smolensk;56.10;56
5700001993;oryol;47.11;47
3906901578;kaliningrad;93.19;93
7610031370;yaroslavl;01.13.30;01
1701060754;tuva;71.12;71
2632108299;stavropol;45.31;45
6234182526;ryazan;70.22;70
5027269720;moscow reg.;43.22;43
4909090048;magadan;71.12;71
5012046376;moscow reg.;68.32;68
3628009882;voronezh;73.11;73
7604388477;yaroslavl;41.20;41
3257081046;bryansk;01.13;01
3435140256;volgograd;43.91;43
1415014309;yakutia;42.22;42
3702730846;ivanovo;46.90;46
5316003180;novgorod;94.99;94
4027108344;kaluga;45.11.20;45
6163222674;rostov;56.10;56
0268087742;bashkortostan;46.90;46
8608150886;khanty-mansijsk;94.99;94
7202217601;tyumen;45.31.10;45
8602219651;khanty-mansijsk;68.20.20;68
5504109990;omsk;93.29.90;93
0500005889;dagestan;47.91;47
3100029954;belgorod;42.11;42
3702132927;ivanovo;46.41;46
7325156589;ulyanovsk;49.41;49
5190051546;murmansk;56.30;56
7302033823;ulyanovsk;25.10;25
0300020865;buryatia;45.20;45
2457089795;krasnoyarsk;53.20.30;53
3500007560;vologda;56.10;56
2315157471;krasnodar;46.73.60;46
6686044264;sverdlovsk;25.11;25
3918011107;kaliningrad;01.11;01
0800006724;kalmykia;45.32.21;45
5503055213;omsk;62.02.40;62
1018005146;karelia;16.10;16
4632299858;kursk;93.19;93
7203381065;tyumen;70.22;70
1106022045;komi;49.40;49
3906356435;smolensk;46.90;46
6432034713;saratov;68.32.20;68
2721226632;khabarovsk;41.20;41
7838108767;sankt-petersburg;59.11;59
0411105313;altai rep.;56.10;56
9703065914;orenburg;70.22;70
9715464060;moscow city;82.99;82
4703133700;sankt-petersburg;62.01;62
3661172029;voronezh;69.10;69
0100010482;adygeya;93.19;93
5075028059;moscow reg.;56.10;56
2221052723;altai terr.;94.99;94
4101093175;kamchatka;69.20.20;69
4105127241;kamchatka;68.32.10;68
3327146645;vladimir;46.90;46
7709023307;moscow city;94.20;94
2460126711;krasnoyarsk;62.01;62
2373015236;krasnodar;49.41;49
7838116221;sankt-petersburg;56.10;56
2311335839;krasnodar;43.11;43
7325145844;ulyanovsk;93.19;93
3500008250;vologda;43.11;43
9402010421;luhansk;41.20;41
7107122685;tula;69.20;69
5256072451;nizhni novgorod;33.14;33
0608015836;ingushetia;86;86
1701062744;tuva;46.32.20;46
5505073338;omsk;25.29;25
1207003105;marij el;35.22;35
7017456813;tomsk;46.69.50;46
5029279516;moscow reg.;45.20;45
1003336000;karelia;68.32.20;68
2801254804;amur;27.40;27
5605004433;orenburg;56.10;56
4501049082;kurgan;80.10;80
2601001789;stavropol;01.10;01
3702163322;ivanovo;49.41.10;49
3443149728;volgograd;49.41;49
9103102547;crimea;41.20;41
5035007503;moscow reg.;68.32.20;68
2464161386;krasnoyarsk;64.92.60;64
9312010089;donetsk;47.25;47
1435351052;yakutia;42.11;42
5409001348;novosibirsk;71.10;71
5610097666;orenburg;94.99;94
9703083769;moscow city;46.90;46
6684023999;murmansk;41.20;41
3665076799;krasnodar;43.12;43
7842173913;sankt-petersburg;68.31;68
5401988588;novosibirsk;45.31;45
7325900790;ulyanovsk;52.21.24;52
6317145581;samara;49.41;49
6321447698;samara;41.20;41
2619002208;stavropol;49.41;49
5260303550;nizhni novgorod;69;69
6658560404;sverdlovsk;46.90;46
2815016655;amur;45.31;45
9201010870;sevastopol;68.32;68
1000003204;karelia;94.99;94
0527000292;dagestan;70.22;70
4825088589;lipetzk;46.20;46
7602055095;yaroslavl;56.10.10;56
3329095097;vladimir;43.39;43
2703029920;khabarovsk;56.10;56
2721123108;khabarovsk;73.11;73
6727039788;smolensk;41.20;41
1700006360;tuva;86.22;86
4826040678;lipetzk;47.73;47
2130018147;chuvashia;73.11;73
7720428836;moscow city;45.20;45
8602307837;khanty-mansijsk;56.10;56
6200004194;ryazan;41.20;41
4502031433;kurgan;41.20;41
7225004166;tyumen;93.19;93
0275916045;bashkortostan;43.31;43
5044087110;moscow reg.;47.73;47
8608054090;khanty-mansijsk;73.11;73
3705061939;ivanovo;47.20;47
0326593927;buryatia;49.41;49
3304014843;vladimir;93.19;93
2014004136;chechnya;68.20;68
5321133925;novgorod;22.23;22
7713012890;moscow city;64.99.12;64
1900006624;khakasia;93.21;93
7415083092;chelyabinsk;46.90;46
1422000145;yakutia;01.49.40;01
2363001450;krasnodar;41.20;41
6832000557;tambov;41.20;41
7735173933;moscow city;24.20;24
9202001250;sevastopol;56.10;56
9726046636;moscow city;62.01;62
5837081597;penza;42.21;42
3627030850;voronezh;49.41;49
6451020258;saratov;47.30;47
9108128242;crimea;71.12.20;71
5403078584;novosibirsk;46.90;46
5112002125;murmansk;47.11;47
5904208570;udmurtia;71.11.10;71
5246038878;nizhni novgorod;70.22;70
5262154198;nizhni novgorod;31.01;31
7707768294;moscow city;46.69.50;46
9707006042;moscow city;43.32.30;43
3123379578;belgorod;52.21.24;52
3827058186;irkutsk;72.19;72
4502029353;kurgan;46.90;46
7734495695;moscow city;86.10;86
3456003109;volgograd;94.99;94
0603022501;ingushetia;68.20.20;68
2311229164;krasnodar;69.10;69
3255511536;bryansk;47.11;47
7107049788;tula;25.99.29;25
5117006740;murmansk;69.20.20;69
5263151707;nizhni novgorod;43.11;43
6658318467;sverdlovsk;46.43;46
1000017912;karelia;62.09;62
6680005759;sverdlovsk;45.20;45
6164020744;rostov;73.10;73
2724211426;khabarovsk;94.99;94
6501255603;sakhalin;52.29;52
5503270404;omsk;56.10;56
0600015778;ingushetia;01.11;01
3327125268;vladimir;46.34.23;46
9201002413;sevastopol;70.10;70
7719021651;moscow city;14.13;14
5835033365;penza;52.21.24;52
6683014261;sverdlovsk;35.12;35
7415072870;chelyabinsk;45.31.10;45
5918837338;perm;49.41;49
3123290672;belgorod;68.31;68
6377017376;samara;25.91;25
5006248039;moscow reg.;46.40;46
4722000222;leningrad;68.20.20;68
3812990477;irkutsk;07.29.41;07
9705125485;moscow city;68.20;68
7814831487;sankt-petersburg;45.20;45
0264016275;bashkortostan;56.29;56
7000016109;tomsk;62.01;62
0105054211;adygeya;69.10;69
3525287045;vologda;56.10;56
8904068053;yamal-nenets ao;49.30;49
3023000274;astrakhan;62.09;62
3316000676;vladimir;25.62;25
6803002694;tambov;68.20.20;68
6950270214;tver;93.19;93
3663032700;voronezh;46.90;46
2221242731;kalmykia;56.10;56
0277911660;bashkortostan;45.20;45
6450117384;saratov;43.29;43
7901532395;jewish ao;94.99;94
7707475065;moscow city;43.31;43
6161062993;rostov;73.10;73
5503087399;omsk;93.11;93
3409101370;volgograd;94.20;94
0400012554;altai rep.;56.10;56
6317152187;samara;41.20;41
4500007925;kurgan;49.41;49
5011029498;moscow reg.;22.10;22
7726364434;moscow city;49.41;49
5321164955;novgorod;68.32.10;68
5028107715;moscow reg.;81.29.90;81
3257083861;bryansk;42.11;42
1655252681;tatarstan;68.20;68
2315221800;krasnodar;49.41;49
7802690440;sankt-petersburg;96.02;96
1660360690;tatarstan;93.29;93
5190923691;murmansk;86.23;86
0276929992;bashkortostan;70.22;70
9709084367;moscow city;73.11;73
9500015121;kherson;46.21;46
5252020815;nizhni novgorod;43.21;43
4822001406;lipetzk;70.22;70
7810611040;sankt-petersburg;25.73;25
6315622422;samara;33.14;33
7719430742;moscow city;73.11;73
6674245791;sverdlovsk;69.20;69
5047246898;moscow reg.;47.19;47
4223120242;kemerovo;45.31.10;45
8904048875;yamal-nenets ao;47.11;47
0323402596;buryatia;55.10;55
1659186006;tatarstan;73.11;73
7734444450;moscow city;77.40;77
9722000278;moscow city;41.20;41
5610083053;orenburg;62.09;62
1435228115;yakutia;47.73;47
0600005184;ingushetia;94.12;94
4632297346;kursk;45.20;45
2312136089;krasnodar;80.10;80
6501172361;sakhalin;41.20;41
3702508810;ivanovo;13.92;13
6163073510;rostov;68.32.10;68
6002010630;pskov;01.11;01
6165221154;rostov;41.20;41
7225004977;tyumen;01.60;01
5507204233;omsk;41.20;41
5906176796;perm;72.19;72
2634807704;stavropol;68.32.20;68
4028068180;kaluga;52.24;52
9204001030;sevastopol;25.62;25
7751168916;moscow city;23.63;23
7724775647;chechnya;52.29;52
7727726574;moscow city;52.29;52
7536025715;zabaikalsk terr.;94.20;94
5190093553;murmansk;42.21;42
4705111028;leningrad;56.10;56
2502063047;primorsky terr.;69.20;69
2100013222;chuvashia;49.42;49
2311341350;krasnodar;47.91;47
5038186138;moscow reg.;41.20;41
7413026282;chelyabinsk;43.22;43
6122021908;rostov;41.20;41
1001167565;karelia;43.99.90;43
5208004638;nizhni novgorod;11.07;11
2312235555;krasnodar;46.90;46
2540276110;primorsky terr.;03.11;03
6820018831;tambov;01.13.30;01
4345472386;kirov;94.11;94
9500004754;kherson;01.11;01
9701228360;moscow city;42.11;42
2130001619;chuvashia;49.41;49
9403018198;luhansk;86.23;86
2356041451;krasnodar;42.21;42
1659173896;tatarstan;45.20;45
7017392616;tomsk;52.29;52
6229070591;ryazan;73.11;73
7802829268;sankt-petersburg;46.73;46
2310132762;krasnodar;41.20;41
6150104289;rostov;73.11;73
4345267958;kirov;49.41;49
1900006470;khakasia;71.12.20;71
7603053196;yaroslavl;47.70;47
9201515493;sevastopol;46.21.11;46
4800016303;lipetzk;71.12.20;71
6230063736;ryazan;43.21;43
5007095096;moscow reg.;45.20;45
3666029463;voronezh;47.71;47
0722005632;kabardino-balkaria;46.21.11;46
4214036403;kemerovo;43.31;43
7814692730;sankt-petersburg;41.20;41
1414015130;yakutia;43.21;43
6950031512;tver;69.20;69
7536185878;zabaikalsk terr.;46.73;46
5904225342;perm;56.10;56
3257078406;bryansk;56.10;56
2808005243;amur;42.11;42
3665079528;voronezh;73.11;73
5836690204;penza;70.22;70
4704028602;leningrad;68.32.20;68
2703104751;khabarovsk;56.10;56
3015109430;astrakhan;45.31;45
6449102993;saratov;43.21;43
6501283150;sakhalin;42.11;42
0276138454;bashkortostan;42.21;42
5402075848;novosibirsk;46.47;46
2124038120;chuvashia;52.21.24;52
3329075492;vladimir;25.62;25
9102257837;crimea;25.11;25
1328016300;mordovia;41.20;41
9701211415;moscow city;81.10;81
1001024750;karelia;86.90.40;86
6732156536;smolensk;46.47;46
5751060394;oryol;49.41;49
9303025040;donetsk;49.41;49
7751331697;moscow city;43.29;43
0269016920;bashkortostan;43.22;43
9726054740;moscow city;43.29;43
1831154594;udmurtia;56.10;56
2721249245;khabarovsk;62.02;62
5261071125;nizhni novgorod;62.01;62
3019007502;astrakhan;62;62
4632024490;kursk;42.21;42
8904082717;yamal-nenets ao;49.41.10;49
0800019240;kalmykia;46.73;46
7810653890;sankt-petersburg;42.11;42
7328998720;ulyanovsk;68.32.10;68
4826136228;lipetzk;43.99;43
5032272422;moscow reg.;46.32;46
9002003123;zaporizhzhia;01.11;01
2630048206;stavropol;10.91.10;10
0107011703;adygeya;47.11;47
9103089110;crimea;62.09;62
2221240491;altai terr.;69.10;69
7017247785;stavropol;56.30;56
7707001273;moscow city;56.10.10;56
7448215234;chelyabinsk;46.74;46
7204101419;tyumen;45.30;45
5001116399;moscow reg.;85.14;85
9103100356;crimea;47.91;47
1400039290;yakutia;25.11;25
0721009708;kabardino-balkaria;62.09;62
2223616862;altai terr.;94.99;94
4029048429;kaluga;70.22;70
6829022487;tambov;56.10;56
5907016202;perm;52.21.24;52
1659209912;tatarstan;46.43.10;46
0901040016;karachaevo-chercessia;52.21;52
3665819324;voronezh;94.99;94
7801640118;sankt-petersburg;52.29;52
4506000066;kurgan;42.11;42
5029283696;moscow reg.;72.19;72
3916503449;kaliningrad;42.11;42
7900004811;jewish ao;41.20;41
2901215527;arkhangelsk;68.32.10;68
2634112205;stavropol;28.96;28
0326593395;buryatia;73.20;73
4101150507;kamchatka;46.71;46
7734441361;moscow city;31.01;31
3123088917;belgorod;41.20;41
4705059152;leningrad;71.20;71
5249059749;nizhni novgorod;46.69.90;46
2901216217;arkhangelsk;16.23;16
3528047965;vologda;52.21.24;52
4632203468;kursk;71.11.20;71
9706024916;moscow city;46.75;46
1701055031;tuva;47.52.70;47
6915007901;tver;68.20;68
9718194983;moscow city;70.22;70
4501129637;kurgan;45.32;45
2626037240;stavropol;43.21;43
1808502684;udmurtia;01.13.30;01
7610004369;yaroslavl;47.79;47
3917503628;kaliningrad;86.23;86
3245506110;bryansk;25.11;25
7536131079;zabaikalsk terr.;68.32;68
7705439270;moscow reg.;68.20;68
7723595610;moscow city;90.03;90
9704226280;moscow city;42.11;42
2205010050;altai terr.;68.20.20;68
5944204282;perm;47.10;47
8602303720;khanty-mansijsk;46.90;46
4703011980;leningrad;01.19;01
7722623303;moscow reg.;31.01;31
5190081100;murmansk;43.21;43
4322011438;kirov;68.32;68
3906254698;kaliningrad;56.10.10;56
7024040012;tomsk;93.19;93
3525444700;vologda;71.20;71
9002014887;zaporizhzhia;56.30;56
6952319514;tver;94.99;94
4100041456;kamchatka;42.11;42
2123005980;chuvashia;01.61;01
5101308312;murmansk;25.11;25
5402482145;novosibirsk;46.73.30;46
9723211560;moscow city;46.31;46
2308153099;krasnodar;56.10;56
3904060150;kaliningrad;68.32;68
8904075212;yamal-nenets ao;45.20;45
1000003758;karelia;71.12.30;71
4501212973;kurgan;25.94;25
3301033693;vladimir;93.29.90;93
3000000574;astrakhan;70.22;70
4101093746;kamchatka;47.41;47
4823074929;lipetzk;45.20;45
5433153310;novosibirsk;46.36.30;46
1420001979;yakutia;47.73;47
5405053200;novosibirsk;93.13;93
9722055686;sankt-petersburg;46.69.50;46
3128145005;belgorod;46.90;46
7203542876;tyumen;62.01;62
7724397667;leningrad;86.23;86
7000009422;tomsk;27.40;27
5837032470;penza;41.20;41
7422049776;chelyabinsk;47.43;47
2128704815;chuvashia;46.43.20;46
7536088271;zabaikalsk terr.;86.21;86
7806586986;sankt-petersburg;47.77.20;47
2372031852;krasnodar;41.20;41
0100002266;adygeya;45.20.30;45
5258157527;nizhni novgorod;43.21;43
8603126939;khanty-mansijsk;01.61;01
8902010058;yamal-nenets ao;69.10;69
6509022921;sakhalin;49.40;49
0222006081;bashkortostan;01.49.10;01
8911999590;yamal-nenets ao;94.99;94
7731484303;rostov;93.29;93
7017305331;tomsk;70.22;70
9402015941;luhansk;47.25;47
7725328497;novosibirsk;52.29;52
7524013049;zabaikalsk terr.;47.10;47
2801114564;amur;68.32;68
2124031245;chuvashia;94.99;94
3102044517;belgorod;45.11;45
7819311178;sankt-petersburg;68.20;68
0267017573;bashkortostan;56.10;56
6439088348;saratov;52.21.24;52
7727642268;moscow city;59.11;59
5003093309;moscow city;25.50;25
7722844510;moscow city;41.20;41
9701257650;moscow city;46.12;46
9203004825;sevastopol;69.20;69
1901097487;khakasia;93.11;93
1901123553;khakasia;42.21;42
9718235534;moscow city;41.20;41
1701010785;tuva;68.20.20;68
4345067814;kirov;71.11.10;71
0571002490;dagestan;94.92;94
7203398277;tyumen;43.99.90;43
6820038475;tambov;41.20;41
4329016611;kirov;69.20;69
1435175713;yakutia;68.32;68
3016046711;astrakhan;47.25;47
0269038586;bashkortostan;70.22;70
0300010828;buryatia;45.20;45
5252046235;nizhni novgorod;47.73;47
7455032062;chelyabinsk;70.22;70
5433955761;novosibirsk;45.31.10;45
6163082635;rostov;68.32;68
9310007570;donetsk;41.20;41
7017059887;tomsk;43.22;43
5837019278;penza;42.99;42
2717007243;khabarovsk;71.11;71
0917018312;karachaevo-chercessia;46.49.33;46
5638077652;orenburg;49.41;49
4101177717;kamchatka;93.29.90;93
7203524771;tyumen;43.32.30;43
7751204314;moscow city;68.20;68
5024189724;moscow reg.;25.12;25
5402005375;novosibirsk;46.73.60;46
2221253356;altai terr.;73.11;73
5607013560;orenburg;43.12.30;43
2311355360;krasnodar;62.01;62
7106031820;tula;47.11;47
4205315665;kemerovo;49.39;49
4704094531;leningrad;47.29;47
0262006338;bashkortostan;01.20;01
5001022567;moscow reg.;47.19;47
1658071027;tatarstan;56.30;56
2411031295;krasnoyarsk;49.42;49
5256039461;nizhni novgorod;71.12.20;71
6732228364;smolensk;62.01;62
4003009802;kaluga;68.32.20;68
5321179084;novgorod;47.24.20;47
1674009234;tatarstan;25.12;25
2543183216;primorsky terr.;46.49;46
7203279174;tyumen;86.23;86
3702080330;ivanovo;56.10;56
6679124039;sverdlovsk;20.20;20
2801155056;amur;68.31.10;68
2252002352;altai terr.;01.11.10;01
0917036576;karachaevo-chercessia;71.12.20;71
7103057812;tula;70.22;70
9102244676;crimea;73.11;73
9722049724;moscow city;78.30;78
3015074064;astrakhan;47.20;47
6725015936;smolensk;93.10;93
0400000904;altai rep.;46.34;46
2635834387;stavropol;70.10.20;70
7826723422;sankt-petersburg;62.02;62
2315209987;krasnodar;46.73;46
9204568408;sevastopol;43.12;43
7826127476;sankt-petersburg;73.11;73
9723108098;moscow city;46.90;46
7100029084;tula;45.32;45
1400006841;yakutia;25.11;25
1650132140;tatarstan;45.20;45
1101143511;komi;73.11;73
2130229860;chuvashia;49.32;49
7729681907;moscow city;46.34;46
8603184433;khanty-mansijsk;71.12.45;71
5717003565;oryol;68.32.10;68
9200010235;sevastopol;86.10;86
2452048450;krasnoyarsk;46.33;46
5249176273;nizhni novgorod;62.01;62
7805810385;sankt-petersburg;41.20;41
7538002618;zabaikalsk terr.;01.43;01
7704830106;moscow city;59.10;59
5017122493;moscow reg.;01.62;01
2312205367;krasnodar;42.21;42
3662271777;voronezh;46.45;46
0323413615;buryatia;42.11;42
1701050202;tuva;01.42.10;01
9404008932;luhansk;47.11;47
7743394171;moscow city;46.36;46
6684045150;sverdlovsk;41.20;41
9718073562;moscow city;85.41.90;85
3525217746;vologda;62.09;62
5501246332;novosibirsk;69;69
1655354370;tatarstan;41.20;41
5834030450;penza;68.32;68
9403027548;luhansk;46.73;46
6025003678;pskov;86.23;86
4253029664;kemerovo;69.20;69
3207011607;bryansk;70.22;70
6821170405;tambov;94.99;94
7804190107;sankt-petersburg;47.51;47
5528051556;omsk;93.19;93
3123191463;belgorod;47.11;47
3916502149;kaliningrad;49.40;49
7447307644;chelyabinsk;62.01;62
6925010491;tver;70.10.10;70
6829070226;tambov;69.10;69
5037008848;moscow reg.;41.10;41
3128970424;belgorod;94.99;94
4401107929;kostroma;70.22;70
7017997700;tomsk;94.99;94
6154156930;rostov;22.29;22
6200006674;ryazan;46.49;46
7017446237;tomsk;43.99;43
2700017116;khabarovsk;70.10;70
3665062570;voronezh;71.11.10;71
3500005820;vologda;42.13;42
8601041863;khanty-mansijsk;94.99;94
5190017175;murmansk;41.20;41
3453006479;volgograd;49.31;49
5074085255;moscow reg.;01.41;01
4634011296;kursk;68.32.10;68
3702209538;ivanovo;56.30;56
5505217501;omsk;22.23;22
4909130163;magadan;52.23;52
9403019593;luhansk;49.31;49
6219008178;ryazan;94.92;94
4345517284;kirov;42.21;42
6501236569;sakhalin;93.11;93
8608063489;khanty-mansijsk;93.29;93
4401058781;kostroma;49.30;49
7802694927;sankt-petersburg;82.99;82
4025422121;kaluga;49.40;49
4101177883;kamchatka;46.73;46
6165194937;rostov;69.10;69
5506009871;omsk;45.32;45
4909119900;magadan;68.20;68
4633041611;kursk;49.31;49
4205094896;kemerovo;69.10;69
7224043388;tyumen;68.32.10;68
6674205580;sverdlovsk;77.29;77
5038119678;moscow reg.;49.40;49
7302040524;ulyanovsk;86.23;86
7100001628;tula;25.12;25
7022004192;tomsk;01.13;01
7604241996;yaroslavl;86.21;86
7415100573;chelyabinsk;93.19;93
8913006751;yamal-nenets ao;86.90.90;86
3019010103;astrakhan;68.32.20;68
8903036429;yamal-nenets ao;71.12;71
8601072780;khanty-mansijsk;70.22;70
2633005602;stavropol;73.20.20;73
6165068643;rostov;47.71;47
1828026200;udmurtia;49.40;49
2508055388;primorsky terr.;68.20.20;68
1101089536;komi;41.20;41
0276074923;bashkortostan;71.10;71
5245022963;nizhni novgorod;01.10;01
7843021060;sankt-petersburg;41.20;41
8904092666;yamal-nenets ao;94.99;94
2465263380;tyumen;41.20;41
7202063662;tyumen;68.32.10;68
5503235819;omsk;94.99;94
2461206430;krasnoyarsk;41.20;41
4632027043;kursk;42.21;42
1700004394;tuva;86.23;86
4000007814;kaluga;71.12;71
2015003840;chechnya;52.29;52
2724221512;khabarovsk;46.63;46
6441024260;saratov;93.19;93
6228027642;ryazan;52.21.24;52
6950263506;tver;41.20;41
3245000109;bryansk;93.19;93
2904032144;arkhangelsk;01.49.10;01
4800020765;lipetzk;41.20;41
1223000207;marij el;93.12;93
9303036901;donetsk;46.21;46
9723113595;moscow city;72.19;72
1121022709;komi;56.10;56
2543172729;primorsky terr.;41.10;41
2130135919;chuvashia;41.20;41
7703770214;moscow city;01.30;01
5016008100;moscow reg.;47.11;47
1701063314;tuva;86.21;86
3528313783;vologda;73.20;73
5029063161;moscow reg.;52.21.24;52
3810062811;irkutsk;25.12;25
2466283703;krasnoyarsk;45.20.30;45
5405306719;novosibirsk;80.10;80
1412000315;yakutia;41.20;41
7801586333;sankt-petersburg;73.10;73
2222780524;altai terr.;71.20.80;71
6723023201;smolensk;25.61;25
9002017060;zaporizhzhia;41.20;41
5405076960;novosibirsk;93.19;93
4909105865;magadan;41.20;41
9724189220;moscow city;96.02;96
3207002401;bryansk;42.21;42
9402015645;luhansk;56.10;56
7734422351;moscow city;52.29;52
3906412168;kaliningrad;46.73.60;46
7810756648;sankt-petersburg;62.01;62
7704568498;moscow city;52.29;52
5402109695;novosibirsk;68.32.10;68
5404078033;novosibirsk;45.32;45
2724232835;khabarovsk;25.11;25
5300012006;novgorod;49.41;49
6234176811;ryazan;94.12;94
6312166563;samara;46.31;46
6950269917;tver;62.01;62
5190026839;murmansk;70.22;70
0105980300;adygeya;94.99;94
7133026508;tula;70.22;70
5300008722;novgorod;27.51;27
3808092760;irkutsk;43.31;43
6207004838;ryazan;01.11.10;01
2543122005;primorsky terr.;49.41;49
2536272433;primorsky terr.;79.11;79
6234040384;ryazan;46.73.60;46
6700010894;smolensk;70.22;70
1500005182;north ossetia;43.31;43
7620000476;yaroslavl;01.50;01
9715458525;moscow city;46.90;46
5029231426;moscow reg.;52.10;52
4100042072;kamchatka;70.10;70
7325084052;ulyanovsk;70.22;70
0202009824;bashkortostan;86.23;86
9718160021;moscow city;49.42;49
6439068180;saratov;73.11;73
6829155367;tambov;41.20;41
4205283558;kemerovo;01.13.30;01
3022007566;astrakhan;25.21.10;25
1327015198;mordovia;42.91.20;42
5252048024;nizhni novgorod;01.11;01
5501278711;omsk;42.11;42
7720069947;moscow city;94.20;94
1650206530;tatarstan;25.62;25
5406149473;novosibirsk;71.20;71
2801264048;amur;86.90.30;86
3443124297;volgograd;43.99;43
5190049240;murmansk;43.21;43
8903026558;yamal-nenets ao;62.02;62
3900007607;kaliningrad;45.31;45
1700006320;tuva;71.20.20;71
3808187010;irkutsk;93.10;93
2466153020;krasnoyarsk;69.20;69
4205309196;kemerovo;42.21;42
5506198097;omsk;43.29;43
7719176180;moscow city;69.10;69
2630026643;stavropol;46.71;46
2014043142;chechnya;69.10;69
7733386252;moscow city;69.10;69
3906070771;kaliningrad;46.44.20;46
5106006682;murmansk;01.49.40;01
3500001880;vologda;63.11;63
7842220673;sankt-petersburg;47.91.20;47
4825056668;lipetzk;52.10;52
7730525035;moscow city;64.99.11;64
2632810300;stavropol;47.64;47
6321253082;samara;94.99;94
1901054691;khakasia;43.29;43
0814000088;kalmykia;71.20.20;71
3702207202;ivanovo;52.29;52
3254005135;bryansk;43.33;43
1901116605;khakasia;93.29;93
1300004304;mordovia;42.21;42
1841026425;udmurtia;41.20;41
5321140471;novgorod;68.32.10;68
7203508272;tyumen;25.12;25
5190189897;murmansk;70.22;70
3528195882;vologda;25.62;25
7000012584;tomsk;46.32.20;46
4000002397;kaluga;93.12;93
4205386514;kemerovo;25.12;25
7714484783;moscow city;90.01;90
2130095007;chuvashia;86.23;86
6317045185;samara;69.20.20;69
7817085043;sankt-petersburg;47.91.20;47
9721167210;moscow city;46.73;46
6027173724;pskov;45.20;45
5703005820;oryol;52.21.24;52
3526028808;vologda;25.62;25
7751286740;moscow city;42.99;42
9406015100;luhansk;56.10;56
5010056033;moscow reg.;62.01;62
6952316150;tver;42.21;42
2632116282;stavropol;47.52;47
1701059928;tuva;71.12;71
3528334039;vologda;62.01;62
5751028827;oryol;43.21;43
0700006833;kabardino-balkaria;41.20;41
1616004068;tatarstan;68.32.20;68
4345398196;kirov;68.31;68
6316271287;samara;70.22;70
1650389121;tatarstan;45.31;45
4800003632;lipetzk;70.22;70
8904089014;yamal-nenets ao;45.20;45
6439075684;saratov;52.21.24;52
7536184095;zabaikalsk terr.;43.39;43
7743880206;moscow city;46.49;46
9723196190;moscow city;45.31;45
0326542626;buryatia;93.19;93
4826030430;lipetzk;47.73;47
1435289132;yakutia;71.20;71
5010058746;moscow reg.;62.02;62
4100047786;kamchatka;70.22;70
4000006779;kaluga;73.11;73
9500015971;kherson;68.20;68
2263031323;altai terr.;01.63;01
9728003388;moscow city;47.91;47
9309017775;donetsk;68.32;68
5103062463;murmansk;47.59;47
3123399609;belgorod;25.62;25
0105035138;adygeya;71.12;71
0608013518;ingushetia;43.29;43
0261026268;bashkortostan;01.11;01
7017474594;tomsk;49.41;49
9402011249;luhansk;86.21;86
2225218955;altai terr.;70.10;70
5404302711;novosibirsk;10.51;10
4101108640;kamchatka;56.10;56
7805179890;sankt-petersburg;43.21;43
2223578409;altai terr.;46.46;46
3665074463;voronezh;46.20;46
0917010786;karachaevo-chercessia;43.11;43
1326251403;mordovia;73.11;73
8602229586;khanty-mansijsk;46.90;46
7203391200;tyumen;69.20;69
2311115826;krasnodar;86;86
1831189420;udmurtia;43.99;43
1425003962;yakutia;01.43.10;01
6659200676;sverdlovsk;58.14;58
3459081024;volgograd;56.10;56
4205348886;kemerovo;56.10;56
7733440333;moscow city;47.11;47
5406835842;novosibirsk;10.89.90;10
2462077146;krasnoyarsk;45.11;45
2130150307;chuvashia;42.21;42
5190076100;murmansk;01.25;01
2901304939;arkhangelsk;71.12.20;71
1106032452;komi;43.11;43
4101148748;kamchatka;52.21.24;52
5611052330;orenburg;73.11;73
2130138109;chuvashia;46.73.60;46
6161076509;rostov;73.11;73
6452066872;saratov;73.20.20;73
4205365049;kemerovo;71.20.20;71
2901282241;arkhangelsk;43.11;43
5190935680;murmansk;52.21.24;52
6501305572;sakhalin;56.10;56
4909110400;magadan;68.32.10;68
9308012894;donetsk;56.10;56
2801087342;amur;01.61;01
7709412800;moscow reg.;46.69;46
2801267112;amur;07.29.41;07
7810952233;sankt-petersburg;45.32;45
2508099593;primorsky terr.;42.21;42
0326483138;buryatia;52.21.24;52
9403021377;luhansk;86.22;86
7017491247;tomsk;71.11;71
2221231539;altai rep.;86.10;86
3700012007;ivanovo;62.01;62
5032357644;moscow reg.;47.91;47
2329016914;krasnodar;46.12.22;46
5030095224;moscow reg.;68.32;68
5190080868;murmansk;62.02.40;62
5905999437;arkhangelsk;47.52.71;47
5904217422;perm;46.69;46
0326543517;buryatia;71.12.10;71
7329006739;ulyanovsk;86.21;86
7017302965;tomsk;62.09;62
3904601410;kaliningrad;41.20;41
7124059391;tula;68.20.20;68
2317077630;krasnodar;41.20;41
5610147839;orenburg;70.22;70
7100038681;tula;43.22;43
7203570552;yamal-nenets ao;46.71;46
5050148234;moscow reg.;90.04;90
0278169970;bashkortostan;68.30;68
3904048160;kaliningrad;46.49.20;46
6164126973;rostov;41.10;41
0900009038;karachaevo-chercessia;46.11;46
4027014022;kaluga;70.21;70
6678016947;sverdlovsk;46.90;46
1500013049;north ossetia;45.20.30;45
0917034410;karachaevo-chercessia;71.12.20;71
6501315524;sakhalin;41.20;41
7702550752;moscow city;94.99;94
7448241756;chelyabinsk;45.32;45
6025042941;pskov;94.99;94
2901243531;arkhangelsk;86.23;86
7604122607;yaroslavl;25.62;25
6027184853;pskov;94.11;94
3528301837;vologda;25.11;25
5812009750;penza;73.20;73
0100007320;adygeya;43.99;43
1652024550;tatarstan;72.19;72
9709113762;moscow city;46.75;46
9722013189;moscow city;94.12;94
9500022721;kherson;68.32;68
9717028711;moscow city;46.90;46
7810435404;sankt-petersburg;80.10;80
2373000617;krasnodar;10.71;10
6500004004;sakhalin;71.12;71
7701985126;moscow city;22.10;22
7901019955;jewish ao;68.20.20;68
7327037523;ulyanovsk;71.20;71
2309185199;krasnodar;43.31;43
3662261240;voronezh;47.11;47
7300027140;ulyanovsk;28.41.10;28
9309023017;donetsk;49.41;49
6732240234;smolensk;49.41;49
3257083029;bryansk;41.20;41
3664014415;voronezh;52.21.20;52
7025006705;tomsk;71.12.40;71
6732020158;smolensk;70.22;70
9701037020;moscow city;43.21;43
3245500655;bryansk;52.29;52
3102050197;belgorod;45.20;45
9002011004;zaporizhzhia;46.62.20;46
4101179249;kamchatka;93.12;93
6670515398;sverdlovsk;02.10;02
7724499179;moscow city;47.11;47
0572017026;dagestan;71.12;71
3516004205;vologda;41.20;41
2536339367;primorsky terr.;49.41;49
7203334509;tyumen;69.10;69
9001027731;zaporizhzhia;94.20;94
1649017993;tatarstan;43.30;43
4632216361;kursk;45.20;45
7733413925;moscow city;47.78;47
1657240106;moscow city;41.20;41
6165148680;rostov;70.10.20;70
4028036075;kaluga;73.11;73
6658378402;sverdlovsk;62.01;62
5041209321;moscow reg.;41.20;41
3444081688;volgograd;43.29;43
7817028126;sankt-petersburg;47.11;47
6501105728;sakhalin;45.20;45
4205101938;kemerovo;71.11;71
0726008578;kabardino-balkaria;69.20.20;69
2537072892;primorsky terr.;52.29;52
4813026500;lipetzk;41.20;41
6143076753;rostov;47.25.10;47
4823037250;lipetzk;94.12;94
7000005080;tomsk;25.12;25
2724210711;khabarovsk;71.12;71
5753201820;oryol;62.02;62
1828021192;udmurtia;56.10;56
0277120499;bashkortostan;73.11;73
7816010951;sankt-petersburg;68.32.10;68
4826075688;lipetzk;33.12;33
6003006386;pskov;45.30;45
6900003083;tver;42.11;42
1207012893;marij el;45.11.10;45
6501256526;sakhalin;47.20;47
0600012382;ingushetia;45.20;45
7415101070;chelyabinsk;45.19.10;45
7811383981;sankt-petersburg;41.20;41
5262278482;nizhni novgorod;68.20.20;68
6434015850;saratov;49.41;49
3257008039;bryansk;45.32;45
2635830022;stavropol;68.20;68
5190080931;murmansk;86.10;86
4401052660;kostroma;86.10;86
6154136443;rostov;43.99;43
5190016206;murmansk;86.23;86
7814754793;sankt-petersburg;58.19;58
1513077177;north ossetia;42.11;42
7810939120;sankt-petersburg;41.20;41
7203362471;tyumen;73.11;73
0105043259;adygeya;69.10;69
2013012060;chechnya;46.34;46
4802006526;lipetzk;01.45;01
1326252238;mordovia;41.20;41
9723106206;moscow city;41.20;41
5249071506;nizhni novgorod;01.61;01
7810244880;sankt-petersburg;68.20.20;68
6913017799;tver;56.10;56
1000009911;karelia;41.20;41
2511077159;primorsky terr.;69.10;69
2536347777;primorsky terr.;41.20;41
5501277570;omsk;42.21;42
2225162967;altai rep.;56.30;56
5904378363;perm;46.90;46
7751337804;moscow city;47.52.50;47
0500019899;dagestan;79.90.10;79
1832117997;udmurtia;66.19.61;66
2222877646;altai terr.;43.29;43
0608025898;ingushetia;43.21;43
7705889938;moscow city;69.10;69
0276980188;bashkortostan;93.19;93
2311358610;krasnodar;71.12.20;71
7724347666;moscow city;46.69.50;46
0726018209;kabardino-balkaria;86.23;86
0274927478;bashkortostan;70.22;70
5190408940;murmansk;42.91.20;42
4025430179;kaluga;43.21;43
4205047688;kemerovo;33.12;33
3805731721;irkutsk;42.22;42
0600017870;ingushetia;86.23;86
5012099032;moscow city;80.10;80
7325052981;ulyanovsk;73.20.10;73
7901542957;jewish ao;47.71;47
5403077044;novosibirsk;25.11;25
5028001282;moscow reg.;68.20.20;68
2723218620;khabarovsk;47.11;47
3662308233;voronezh;46.73;46
4011018303;kaluga;10.71;10
2453020464;krasnoyarsk;56.10;56
5402564990;novosibirsk;43.20;43
4826100158;lipetzk;62.01;62
2465158636;krasnoyarsk;43.31;43
6950163847;tver;70.10.20;70
9701064577;moscow reg.;70.22;70
2624034861;stavropol;41.20;41
2636047142;stavropol;56.10;56
7300023940;ulyanovsk;69.10;69
6732111542;smolensk;56.10.10;56
2130071119;chuvashia;68.20;68
2003003331;chechnya;01.41;01
3812530448;irkutsk;25.11;25
4525005711;kurgan;47.11;47
7224033630;tyumen;93.10;93
5603039712;orenburg;42.21;42
5050040030;moscow reg.;52.21.24;52
2901048940;arkhangelsk;94.20;94
8605013659;khanty-mansijsk;52.21.24;52
2029000984;chechnya;01.41;01
4101995818;kamchatka;94.92;94
3328422922;vladimir;73.11;73
6148002152;rostov;08.11;08
1831113950;udmurtia;46.46.10;46
5904265514;perm;25.11;25
6670523695;sverdlovsk;56.10;56
1503017242;north ossetia;52.21.22;52
5245029905;nizhni novgorod;73.11;73
7730009633;moscow city;68.20;68
2801209590;amur;46.77;46
2130194791;chuvashia;62.01;62
5506045527;omsk;94.99;94
4205417152;kemerovo;93.29;93
5905267257;perm;86.23;86
1901095257;khakasia;43.99.70;43
7014057225;tomsk;93.29.90;93
2502073768;primorsky terr.;52.10;52
7604090560;yaroslavl;52.21.24;52
4825086969;lipetzk;43.22;43
3443123092;astrakhan;10.13;10
6623102890;sverdlovsk;68.32.10;68
5038138286;moscow reg.;49.41;49
0256007206;bashkortostan;47.11.20;47
5045069844;moscow reg.;47.91;47
8602295317;khanty-mansijsk;86.90;86
2460124288;krasnoyarsk;45.32;45
7000000853;tomsk;68.20.20;68
6439097335;saratov;93.11;93
7415081810;chelyabinsk;69.10;69
7450069206;chelyabinsk;68.30;68
7606132079;yaroslavl;41.10;41
7447299785;chelyabinsk;43.21;43
8905045517;yamal-nenets ao;68.32.10;68
7704839162;moscow city;52.29;52
9731080745;moscow city;62.01;62
7804703863;sankt-petersburg;59.11;59
2635247406;stavropol;71.12.20;71
9303004265;donetsk;25.93.10;25
0224950400;bashkortostan;86.23;86
6452123489;saratov;46.37;46
4706070455;leningrad;93.19;93
5262302270;nizhni novgorod;62.01;62
7017461242;tomsk;86.23;86
4409002854;kostroma;02.20;02
2209053093;altai terr.;47.25;47
5047107862;moscow reg.;47.99;47
0917007663;karachaevo-chercessia;46.36.10;46
2635247205;stavropol;73.20;73
2014005524;chechnya;69;69
5302014231;novgorod;55.10;55
0278971693;bashkortostan;41.20;41
2801135469;amur;43.99;43
4341011465;kirov;52.21.24;52
4027040181;kaluga;47.90;47
1215214406;marij el;01.70;01
4803010042;lipetzk;68.20.20;68
2632801231;stavropol;46.90;46
4800009271;lipetzk;47.11;47
7500004912;zabaikalsk terr.;56.29.40;56
0323393006;buryatia;43.22;43
4507002838;kurgan;56.10;56
6674319443;sverdlovsk;45.11.20;45
3900017901;kaliningrad;73.11;73
7719695516;moscow city;46.46;46
7735101840;moscow city;68.31;68
6952323937;tver;62.01;62
2303020786;krasnodar;56.30;56
7017421698;tomsk;45.20.30;45
7731596568;moscow city;68.31.12;68
4800008895;lipetzk;69.10;69
7802526760;sankt-petersburg;64.99;64
5246044568;nizhni novgorod;71.11.10;71
2626048274;stavropol;62.01;62
7727296040;moscow city;42.91.20;42
6911011978;tver;52.21.24;52
7810420292;sankt-petersburg;77.39;77
7100016222;tula;49.41;49
1510019177;north ossetia;43.22;43
5904344727;perm;46.69;46
2721215366;amur;71.12.30;71
5408175214;novosibirsk;68.32.10;68
6901028740;tver;93.19;93
4620015170;kursk;68.32;68
5902707975;perm;93.10;93
2724075011;khabarovsk;73.11;73
7720770542;moscow city;46.46;46
6020005470;pskov;93.29.90;93
3025010704;astrakhan;73.20;73
5050150755;moscow reg.;43.99;43
1648034410;tatarstan;25.62;25
9410001325;luhansk;45.20;45
3321028229;vladimir;46.90;46
9303038000;donetsk;71.20.80;71
3000004402;astrakhan;46.71;46
6633029449;sverdlovsk;42.11;42
9110089086;crimea;68.32;68
4632240830;kursk;52.21.24;52
0104014791;adygeya;42.21;42
7203496490;tyumen;33.11;33
5433156857;novosibirsk;71.20;71
4205104008;kemerovo;56.10;56
0411145370;altai rep.;93.19;93
2457056831;krasnoyarsk;41.20;41
5190916101;murmansk;43.12;43
3123481557;belgorod;41.20;41
7452147604;chelyabinsk;46.90;46
8904091655;yamal-nenets ao;41.20;41
3234023231;bryansk;86.21;86
3812998395;irkutsk;49.41;49
4253052085;kemerovo;93.12;93
0107026883;adygeya;71.12;71
9717086150;moscow city;49.41;49
7604320535;yaroslavl;41.20;41
4414017119;kostroma;56.10;56
2311190823;krasnodar;69.10;69
1327004975;mordovia;45.20.20;45
4205266288;sevastopol;69;69
0268088827;bashkortostan;43.31;43
0309408317;buryatia;94.99;94
2537138783;primorsky terr.;46.73;46
5503195732;omsk;73.11;73
3812996327;irkutsk;49.41;49
2014040215;chechnya;47.75;47
5501264211;omsk;27.12;27
2363002125;krasnodar;63.11;63
4611009357;kursk;49.39.11;49
8602027967;khanty-mansijsk;43.20;43
7701169047;moscow city;85.42;85
0573017396;dagestan;94.99;94
1215222005;marij el;47.78;47
2721229390;khabarovsk;86.22.10;86
9204550400;sevastopol;43.39;43
5300008916;novgorod;49.41;49
3123127764;belgorod;68.20;68
9204010275;sevastopol;01.13;01
6829122322;tambov;93.11;93
2004012882;chechnya;47.91;47
9402012154;luhansk;43.22;43
1655485975;tatarstan;43.99;43
4345533166;kirov;93.19;93
1001329022;karelia;41.20;41
7203556808;tyumen;81.30;81
0107019100;adygeya;86.21;86
5034040843;moscow reg.;25.61;25
7814341323;sankt-petersburg;69.20;69
1841064798;udmurtia;22.23;22
9002001165;zaporizhzhia;68.20;68
2536196221;primorsky terr.;47.91;47
6234170168;ryazan;70.22;70
2465159118;krasnoyarsk;43.99.40;43
6829154719;tambov;26.51.70;26
8603218121;khanty-mansijsk;93.19;93
3906400765;kaliningrad;46.63;46
6234038699;ryazan;56.10;56
5753073705;oryol;93.19;93
2807005561;amur;49.41;49
7802620114;sankt-petersburg;26.51;26
3811185630;irkutsk;47.71.10;47
2634052588;stavropol;68.32.10;68
7810073828;sankt-petersburg;69.10;69
4500003938;kurgan;71.12.60;71
3918014820;kaliningrad;93.19;93
3528333878;vologda;46.62;46
7606111520;yaroslavl;46.31;46
5190061640;murmansk;73.20;73
9402008630;luhansk;46.39;46
2635261680;stavropol;25.62;25
4802024797;lipetzk;01.11;01
5948068048;perm;42.11;42
3908606761;kaliningrad;46.73;46
1841089023;udmurtia;93.19;93
7801536935;sankt-petersburg;62;62
4619004897;kursk;01.11.10;01
7014060997;tomsk;56.10;56
3100018046;belgorod;70.22;70
6439100186;saratov;62.01;62
4230032928;moscow city;49.41;49
7203559911;tyumen;69.20;69
3906386736;kaliningrad;25.11;25
7325123907;ulyanovsk;25.62;25
2443047153;krasnoyarsk;47.71.10;47
2013004567;chechnya;52.10;52
7730304325;moscow city;46.33;46
5957008077;perm;01.50;01
7810948484;sankt-petersburg;41.10;41
4205283340;kemerovo;45.40.50;45
9500014897;kherson;41.20;41
4414003050;kostroma;94.20;94
7713593317;moscow city;82.99;82
9704013901;moscow city;43.99;43
7719639960;dagestan;62.02;62
9108125851;crimea;56.10;56
2376001182;krasnodar;86.23;86
7708815701;moscow city;46.71;46
2502065990;primorsky terr.;25.62;25
7453354995;chelyabinsk;69.20;69
5717002755;oryol;68.20;68
7604387434;yaroslavl;43.34;43
3328302054;vladimir;94.99;94
2266006163;altai terr.;49.41;49
0274067230;bashkortostan;47.10;47
7900003046;jewish ao;94.99;94
0814111831;kalmykia;70.22;70
2536307887;primorsky terr.;70.22;70
7100011513;tula;47.19;47
5507111395;omsk;70.10.10;70
3662284896;voronezh;46.69.50;46
3257024182;bryansk;70.22;70
2225126126;altai terr.;46.21.11;46
5228059177;nizhni novgorod;93.12;93
3907040040;kaliningrad;56.10;56
2346008705;krasnodar;01.11.10;01
5409001740;novosibirsk;52.29;52
9110028319;crimea;42.21;42
9309021676;donetsk;56.10;56
7804691470;sankt-petersburg;77.32;77
7806377693;sankt-petersburg;25.62;25
7729660079;moscow city;96.02;96
3662269922;voronezh;71.12;71
0707020266;kabardino-balkaria;43.11;43
6820026857;tambov;46.70;46
3019024392;astrakhan;70.22;70
9731113782;moscow city;27.11;27
5902059072;perm;71.12.30;71
9303011150;donetsk;52.21.24;52
0916012011;karachaevo-chercessia;49.41;49
3525384627;vologda;70.22;70
9102016359;crimea;86.21;86
2130085263;chuvashia;46.73;46
6671316483;sverdlovsk;73.11;73
5751063966;oryol;42.11;42
2130186310;chuvashia;45.20;45
5835091286;penza;56.10;56
4205422441;kemerovo;86.23;86
9309015552;donetsk;94.20;94
3528179866;vologda;68.32;68
2540260487;primorsky terr.;41.20;41
6102074980;rostov;46.31;46
8904095410;yamal-nenets ao;46.90;46
9402007620;luhansk;46.32;46
2636220069;stavropol;93.19;93
5407250959;novosibirsk;94.99;94
7806024698;sankt-petersburg;74.20;74
9303027921;donetsk;94.20;94
6900005147;tver;43.21;43
0721003520;kabardino-balkaria;62.01;62
6936000872;tver;01.41;01
2130139286;chuvashia;43.99;43
2309173235;krasnodar;41.20;41
1400026559;yakutia;49.41;49
1001346758;karelia;93.19;93
2722093801;khabarovsk;70.22;70
3662248591;voronezh;62.01;62
4001007052;kaluga;68.32.10;68
2635100925;stavropol;25.99.20;25
4101181255;kamchatka;86.23;86
4023007592;kaluga;62.02;62
2014031370;chechnya;62.01;62
1300007111;mordovia;41.20;41
4101101034;kamchatka;62.01;62
9703122471;moscow city;43.39;43
6234204610;ryazan;47.91;47
3255043454;bryansk;52.29;52
0269021511;bashkortostan;45.20;45
1015008043;karelia;94.99;94
3102017256;belgorod;47.76.10;47
1828030609;udmurtia;73.20;73
0545023976;dagestan;73.10;73
5261126790;nizhni novgorod;25.11;25
2443052121;krasnoyarsk;43.29;43
7725664072;moscow city;46.69;46
2222863562;altai terr.;49.41;49
1101112760;komi;71.12.20;71
4826111576;lipetzk;45.32;45
2901283990;arkhangelsk;56.10;56
7810965271;sankt-petersburg;49.42;49
0107029718;adygeya;01.13;01
2312192661;krasnodar;62.09;62
5503027142;omsk;94.99;94
1901134900;khakasia;86.22;86
7813679977;sankt-petersburg;47.78.80;47
2801267585;amur;47.59;47
2225207505;altai terr.;70.22;70
5001147291;moscow reg.;46.73;46
2465006506;krasnoyarsk;56.10;56
3017060733;astrakhan;93.11;93
5038035749;moscow reg.;88.10;88
7805272916;sankt-petersburg;96.02;96
6451024742;saratov;71.11;71
7453142743;chelyabinsk;70.22;70
2130097075;chuvashia;70.22;70
2003002521;chechnya;94.99;94
6113016154;rostov;45.20;45
6678097551;sverdlovsk;45.20;45
3257076857;bryansk;73.11;73
1202004144;marij el;86.90.40;86
0269024103;bashkortostan;42.99;42
9704087759;moscow city;73.11;73
7811358625;sankt-petersburg;41.20;41
3662205446;voronezh;41.20;41
2304018211;krasnodar;41.20;41
3666089470;voronezh;01.50;01
6500014203;sakhalin;73.11;73
6027091207;pskov;49.40;49
2224148624;altai terr.;86.23;86
1684007758;tatarstan;45.31;45
5320027681;novgorod;52.21.20;52
1659141823;tatarstan;43.33;43
0400024422;altai rep.;41.20;41
7722369978;moscow city;41.10;41
3525214470;vologda;94.99;94
9715433961;moscow city;46.73;46
6660151046;sverdlovsk;25.62;25
1328019212;mordovia;42.21;42
2317083634;krasnodar;46.90;46
2904013695;arkhangelsk;52.21.24;52
0411146944;altai rep.;52.21.24;52
7103518012;tula;49.41;49
1835069660;udmurtia;68.32.10;68
7445012349;chelyabinsk;52.21.24;52
2612018199;stavropol;47.11;47
9727069636;moscow city;46.90;46
1500013987;north ossetia;68.20;68
7805119555;sankt-petersburg;28.29.10;28
3525352390;vologda;93.12;93
6500016105;sakhalin;94.99;94
9001014436;zaporizhzhia;46.75.10;46
6623127831;sverdlovsk;46.17;46
3328019054;vladimir;42.21;42
9204566908;sevastopol;42.11;42
8601069386;khanty-mansijsk;62.01;62
5752082249;oryol;71.20;71
3703990117;ivanovo;94.99;94
3123071705;belgorod;71.20.70;71
7447068890;chelyabinsk;93.19;93
6165167725;voronezh;68.20.20;68
4312142400;kirov;73.10;73
3808144016;irkutsk;46.10;46
0725025193;kabardino-balkaria;01.24;01
7743411050;moscow city;42.99;42
4027130822;kaluga;69.10;69
7203506557;tyumen;45.32.10;45
3306019491;vladimir;70.22;70
3827058531;irkutsk;73.11;73
6234075651;ryazan;71.20.20;71
7130007257;tula;01.19;01
7719850070;moscow city;71.10;71
4205042760;kemerovo;23.70;23
7203517855;tyumen;25.11;25
1007022358;karelia;01.10;01
3015027730;astrakhan;94.20;94
2511116841;primorsky terr.;93.12;93
5300006820;novgorod;70.10;70
9200012056;sevastopol;73.11;73
2502078004;primorsky terr.;45.32;45
2801222048;amur;46.14;46
9703122760;moscow city;46.90;46
4602003119;kursk;93.11;93
6732041535;smolensk;45.30;45
0549009186;dagestan;01.40;01
4725002549;leningrad;43.39;43
8603089821;khanty-mansijsk;86.23;86
2609015590;stavropol;68.31;68
2320078017;krasnodar;56.10;56
0600007463;ingushetia;69.10;69
7536044926;zabaikalsk terr.;68.20.20;68
1901133350;khakasia;25.61;25
3128040475;belgorod;80.10;80
5754026585;oryol;71.11;71
5902057100;perm;86.22;86
3801155548;irkutsk;41.20;41
7900003769;jewish ao;46.21.11;46
2511124641;primorsky terr.;69.20;69
7705975665;moscow city;43.21;43
6826007226;tambov;01.70;01
2204094385;altai terr.;47.91;47
5038187533;moscow reg.;62.02;62
7728396583;moscow city;46.38.25;46
2100015163;chuvashia;56.10;56
6604016484;sverdlovsk;01.13.30;01
1108016985;komi;46.74.30;46
5321202336;novgorod;71.12.10;71
3811047534;irkutsk;45.30;45
7014045766;tomsk;73.11;73
7017007487;tomsk;45.20.10;45
5321198753;novgorod;46.31;46
5024163204;moscow reg.;86.22;86
5601008878;orenburg;01.11;01
3106005519;belgorod;81.29.90;81
6000009646;pskov;47.91;47
7327082861;ulyanovsk;43.31;43
6679029603;sverdlovsk;43.12.30;43
5402047600;novosibirsk;43.22;43
1900003084;khakasia;93.29;93
7500017608;zabaikalsk terr.;62.01;62
6027170466;pskov;70.22;70
7453253570;chelyabinsk;68.32;68
4431001366;kostroma;49.31.20;49
4611007783;kursk;01.11.10;01
1326235761;komi;70.22;70
5528032433;omsk;01.49.10;01
7709831181;moscow reg.;70.22;70
6454076587;saratov;43.12;43
7104521628;tula;69.20;69
1403001619;yakutia;47.11;47
8602314633;khanty-mansijsk;43.22;43
4345099855;kirov;73.11;73
2465354535;krasnoyarsk;46.90;46
2014002570;chechnya;46.49;46
6321146179;samara;25.11;25
3625013217;voronezh;73.11;73
6161064302;rostov;71.11.10;71
4632055065;kursk;68.32.10;68
1215191558;marij el;69.10;69
5009119232;moscow reg.;56.10;56
6658001251;sverdlovsk;66.22;66
4509009814;kurgan;20.30;20
5905061859;perm;71.12.20;71
5638076948;orenburg;25.11;25
8603243015;khanty-mansijsk;68.32;68
2901286341;arkhangelsk;46.69;46
9714019821;moscow city;25.93;25
9723145558;moscow city;42.11;42
5904370325;perm;71.12;71
4346049430;kirov;69.20;69
5612080749;orenburg;69.10;69
2534005464;primorsky terr.;01.10;01
5300016071;novgorod;69.20;69
6829052587;tambov;01.11.10;01
7430016421;chelyabinsk;69.10;69
0407007828;altai rep.;01.70;01
6451115277;saratov;86.23;86
6678115440;sverdlovsk;42.91.40;42
5948996462;perm;94.99;94
4027144670;kaluga;46.69.50;46
5507273815;omsk;41.20;41
5902855081;perm;86.23;86
4345476091;kirov;46.46.10;46
7901547017;jewish ao;68.32;68
2703105240;khabarovsk;25.93;25
2014266396;chechnya;73.11;73
4007022025;kaluga;01.13;01
3714000636;ivanovo;93.19;93
9500011832;kherson;41.20;41
2225216764;altai terr.;49.41;49
6230112567;ryazan;25.11;25
5036149532;kostroma;86.10;86
7602136675;yaroslavl;46.49;46
4345514340;kirov;46.73.60;46
5753076632;oryol;73.11;73
2902071211;arkhangelsk;52.10;52
1515919848;north ossetia;73.20.10;73
7423019735;chelyabinsk;71.20.40;71
4100052120;kamchatka;41.20;41
6900001470;tver;80.10;80
5700009054;oryol;71.12.20;71
1832047813;udmurtia;94.90;94
0500010688;dagestan;93.29;93
4703185433;leningrad;73.12;73
6163112978;rostov;73.20.10;73
5318010810;novgorod;49.41;49
7602057180;yaroslavl;01.50;01
4345509639;kirov;25.11;25
0608042854;ingushetia;42.22;42
7801197104;sankt-petersburg;85.41;85
9709118922;moscow city;47.64;47
9404000718;luhansk;01.11;01
2128026430;chuvashia;46.71.20;46
2508144662;primorsky terr.;52.22;52
4707040630;leningrad;42.21;42
7024032597;tomsk;25.61;25
3016055321;astrakhan;66.20;66
1006027667;karelia;69.10;69
3123233321;belgorod;94.11;94
5030030435;moscow reg.;69.20.20;69
0545010744;dagestan;68.32;68
5408309852;novosibirsk;93.11;93
7524188176;zabaikalsk terr.;93.19;93
2222872197;altai terr.;25.21.20;25
1657104907;tatarstan;69.10;69
2801209167;amur;73.20;73
3666213631;voronezh;86.23;86
9718251166;moscow city;47.52.74;47
6673172572;sverdlovsk;46.73.60;46
1832161499;udmurtia;94.99;94
5001147943;moscow reg.;47.91.20;47
7805788845;sankt-petersburg;43.39;43
2013010761;chechnya;86.10;86
1000017535;karelia;45.20;45
1831181686;udmurtia;70.22;70
2466132415;krasnoyarsk;94.99;94
7805654785;sankt-petersburg;46.69.90;46
4501229938;kurgan;93.12;93
3664086642;voronezh;73.11;73
5906040548;perm;52.20;52
5044097084;moscow reg.;41.20;41
5402467450;novosibirsk;70.22;70
0278136082;bashkortostan;45.20;45
4000002125;kaluga;52.29;52
8904087592;yamal-nenets ao;42.21;42
3123162864;belgorod;45.11.10;45
8602249367;khanty-mansijsk;56.30;56
6204007372;ryazan;56.10;56
1832005605;udmurtia;56.10;56
3023024067;astrakhan;42.21;42
0816005250;kalmykia;56.10;56
2308290715;krasnodar;46.33;46
9726037409;moscow city;41.20;41
7610099681;yaroslavl;41.20;41
6311172282;samara;42.11;42
5507186256;omsk;41.20;41
0800005336;kalmykia;70.22;70
2014038720;chechnya;56.10;56
7716947405;moscow city;69.10;69
1615014850;moscow city;62.01;62
9204005370;sevastopol;42.21;42
2703014561;khabarovsk;86.90.90;86
3662235458;voronezh;73.11;73
6658184380;sverdlovsk;69.10;69
5700010719;oryol;43.39;43
7801663242;sankt-petersburg;70.10;70
7202145107;tyumen;49.42;49
7616010337;yaroslavl;56.30;56
0716011691;kabardino-balkaria;41.20;41
2801203912;amur;52.29;52
1108018478;komi;73.11;73
5506186197;omsk;68.31;68
7802849828;sankt-petersburg;47.73;47
2540219513;amur;70.10.10;70
7326028396;ulyanovsk;45.30;45
5837036805;penza;86.23;86
4101113150;kamchatka;94.12;94
7813671791;sankt-petersburg;56.10;56
6678048466;sverdlovsk;73.11;73
3441035940;volgograd;42.21;42
4253003338;kemerovo;68.20.20;68
2625024979;stavropol;47.77.20;47
1701063730;tuva;71.12;71
9724168244;moscow city;43.34.20;43
4400003814;kostroma;46.73.20;46
5704000140;oryol;01.11.10;01
1435106484;yakutia;70.22;70
3329073978;vladimir;46.73;46
3665814615;voronezh;47.91;47
6950253057;tver;43.31;43
7743430856;moscow city;71.12.10;71
7619006787;yaroslavl;71.20.50;71
5836617109;penza;70.22;70
7722478744;moscow reg.;55.90;55
6679066034;sverdlovsk;47.65;47
9727023952;moscow city;73.11;73
2540260504;primorsky terr.;93.19;93
2015008528;chechnya;62.09;62
7716686947;moscow city;82.30;82
6633018542;sverdlovsk;02.10;02
4400009735;kostroma;56.10.10;56
3245016109;bryansk;49.41.10;49
3328028725;vladimir;90.03;90
6451013740;saratov;25.50.10;25
3455057327;volgograd;62.01;62
7536165960;zabaikalsk terr.;93.29;93
5905273571;perm;35.12;35
8905058636;yamal-nenets ao;86.23;86
7459007814;chelyabinsk;46.90;46
7842015579;sankt-petersburg;70.22;70
3816034240;irkutsk;77.32;77
7714338158;moscow city;46.45;46
1300011326;mordovia;70.22;70
5609091927;orenburg;69.10;69
7413030176;chelyabinsk;52.21;52
0601000326;ingushetia;41.20;41
7017356142;tomsk;46.31.20;46
9102157744;crimea;52.21;52
0323354102;buryatia;41.20;41
2130103233;chuvashia;68.32;68
1106029932;komi;41.20;41
7453209395;chelyabinsk;46.60;46
2625035032;stavropol;56.10.10;56
3025005609;astrakhan;86.23;86
0562076248;dagestan;25.11;25
2013434390;chechnya;73.11;73
9403002695;luhansk;46.73;46
3100023857;belgorod;93.12;93
7017403603;tomsk;47.52.50;47
0816024310;kalmykia;01.11;01
5614087080;orenburg;93.19;93
7707455887;moscow city;46.90;46
7814801370;sankt-petersburg;86.23;86
4900000628;magadan;43.13;43
5403061608;novosibirsk;71.20.50;71
4909123751;magadan;46.77;46
3025033892;astrakhan;94.99;94
2100019104;chuvashia;70.22;70
5032382383;moscow reg.;78.30;78
0300008508;buryatia;41.20;41
2725050010;khabarovsk;52.21.24;52
2016002310;chechnya;43.21;43
5503222577;omsk;46.30;46
2466290676;krasnoyarsk;49.41;49
9714058884;moscow city;47.91.20;47
6027193304;pskov;46.72;46
1835080431;udmurtia;46.60;46
5029263918;moscow reg.;71.12;71
3914022517;kaliningrad;49.41;49
3917516426;kaliningrad;71.11.10;71
5260170042;nizhni novgorod;86.21;86
2014031919;chechnya;93.19;93
6230044564;ryazan;69.10;69
4400007142;kostroma;70.22;70
3808277249;irkutsk;70.22;70
3664217983;voronezh;01.11;01
7100031936;tula;68.20;68
6025050163;pskov;25.62;25
6714054531;smolensk;25.11;25
7017020350;tomsk;94.99;94
2311360585;krasnodar;43.39;43
9704188179;moscow city;31.01;31
5024116765;moscow reg.;56.10;56
6727031147;smolensk;52.21;52
5836140708;penza;70.22;70
9725117852;moscow city;46.90;46
2124017829;chuvashia;43.21;43
9707000555;moscow city;81.22;81
5425001391;novosibirsk;01.13.10;01
7806445745;sankt-petersburg;25.10;25
9725092485;moscow city;43.29;43
7300034701;ulyanovsk;70.22;70
7709644791;moscow city;78.10;78
6658500476;sverdlovsk;78.20;78
4400013844;kostroma;62.01;62
3305051372;vladimir;86;86
7606092228;yaroslavl;01.47;01
6453082838;saratov;42.21;42
2006008673;chechnya;46.73.20;46
2706027632;khabarovsk;64.99;64
7806258199;sankt-petersburg;52.29;52
4029066844;kaluga;43.31;43
0323015597;buryatia;42.99;42
5401985724;novosibirsk;43.12.30;43
5445030810;novosibirsk;41.20;41
4510029477;kurgan;71.12.40;71
4345005960;kirov;69.20;69
0268100908;bashkortostan;94.99;94
3700022929;ivanovo;46.49.49;46
6141048373;rostov;45.30;45
3663162957;voronezh;25.11;25
0543018459;dagestan;68.20;68
4501117021;kurgan;86;86
1200012622;marij el;69.20;69
4501161493;kurgan;69.10;69
3257063495;bryansk;73.11;73
4909116747;magadan;47.25.10;47
4345510507;kirov;70.22;70
1103028715;komi;52.21.24;52
0225007580;bashkortostan;01.11.10;01
7706238953;moscow city;85.42;85
7415098557;chelyabinsk;45.31.10;45
5837040350;penza;62.02;62
6903030198;tver;73.20.10;73
6321466972;samara;10.85;10
5754006620;oryol;25.94;25
0900008362;karachaevo-chercessia;41.20;41
5507273847;omsk;47.59.10;47
5948068249;perm;56.10;56
6829146620;tambov;69.20;69
1207001059;marij el;49.40;49
7606127135;yaroslavl;41.20;41
1658077526;tatarstan;64.10;64
1435240183;yakutia;45.31;45
4632293969;kursk;73.11;73
3328441330;vladimir;43.31;43
2130187681;chuvashia;27.12;27
0571016830;dagestan;46.73;46
3443926572;volgograd;45.10;45
5038188865;moscow reg.;68.32;68
7449124974;chelyabinsk;69.20;69
3663136033;voronezh;86.10;86
2204033872;altai terr.;62.01;62
2700008150;khabarovsk;49.41;49
5405068817;novosibirsk;46.44.20;46
7724596736;moscow city;33.13;33
8602297113;khanty-mansijsk;73.20;73
5501025157;omsk;52.21.24;52
6000007550;pskov;25.61;25
1700001185;tuva;71.12.70;71
5263150291;nizhni novgorod;45.31;45
7536187681;zabaikalsk terr.;71.12.70;71
7528006028;zabaikalsk terr.;49.41.10;49
4345119011;kirov;93.19;93
2452050089;krasnoyarsk;43.32;43
9304017228;donetsk;05.10;05
1832147110;udmurtia;49.42;49
3706020935;ivanovo;49.40;49
6501095928;sakhalin;68.32;68
0800020172;astrakhan;25.11;25
2460205949;krasnoyarsk;45.31;45
5504162384;omsk;49.41;49
5190092140;murmansk;71.12;71
6913017598;tver;42.11;42
7730695823;moscow reg.;42.11;42
7841094017;sankt-petersburg;69.20;69
1650389354;tatarstan;56.10;56
3811091004;irkutsk;47.61;47
4825038281;lipetzk;56.10;56
6437016556;saratov;68.32.20;68
3702072650;ivanovo;01.10;01
6670187563;sverdlovsk;94.20;94
3663147645;voronezh;49.41;49
6037004429;pskov;70.22;70
5638005753;orenburg;93.11;93
1601007362;tatarstan;94.99;94
9108005850;crimea;55.10;55
3525472048;vologda;43.99;43
1326219287;mordovia;62.01;62
5408025410;sakhalin;62.01;62
4205027106;kemerovo;69.10;69
4611016019;kursk;49.41;49
2724202492;khabarovsk;68.10.22;68
6658539787;sverdlovsk;56.10;56
0105078332;adygeya;42.11;42
5406997579;novosibirsk;69.20;69
3607005301;voronezh;01.13.10;01
6501310646;sakhalin;71.12;71
7813428250;tomsk;64.20;64
6168101899;rostov;46.69.50;46
3459085526;volgograd;25.62;25
2366013894;krasnodar;42.11;42
1326230072;mordovia;71.10;71
9201508513;sevastopol;62.01;62
7801721705;sankt-petersburg;43.99;43
7203433725;tyumen;93.12;93
7100042286;tula;93.19;93
6167142980;rostov;46.21;46
2311262041;krasnodar;69.10;69
7325162960;ulyanovsk;69.20;69
0107031026;adygeya;69.20.20;69
7536183528;zabaikalsk terr.;94.99;94
2466103799;krasnoyarsk;79.12;79
4029049768;kaluga;45.32;45
4101182435;kamchatka;71.12;71
5611085670;orenburg;46.37;46
4250010168;kemerovo;56.10;56
7017339482;tomsk;46.74;46
6686152541;sverdlovsk;46.36;46
2015010284;chechnya;49.41;49
6905049660;tver;42.21;42
4205996950;kemerovo;94.99;94
6722028327;smolensk;86.23;86
9001019836;zaporizhzhia;47.30.11;47
8608049269;khanty-mansijsk;47.11;47
3702159051;ivanovo;58.13;58
5404082022;novosibirsk;77.32;77
1500009349;north ossetia;41.20;41
6321432028;samara;45.32;45
0323827253;buryatia;56.10;56
3663136932;voronezh;69.20;69
6732203970;smolensk;49.41;49
6726024771;smolensk;02.20;02
6415999817;saratov;94.20;94
3900021337;kaliningrad;56.10;56
9106013528;crimea;71.11;71
3812998740;irkutsk;62.01;62
9102236121;crimea;71.12.20;71
3906221660;kaliningrad;71.11.10;71
1700008279;tuva;94.92;94
0700014030;kabardino-balkaria;93.12;93
7811588121;sankt-petersburg;46.73.40;46
7453344108;chelyabinsk;69.20;69
7448256015;chelyabinsk;42.21;42
3662265702;voronezh;56.10;56
6905002693;tver;56.10;56
8911021070;yamal-nenets ao;49.41;49
5248021051;nizhni novgorod;70.22;70
9204565894;sevastopol;86.21;86
4401193533;yaroslavl;25.99.20;25
9310001160;donetsk;68.20;68
4707056005;leningrad;93.29;93
3455056115;volgograd;41.20;41
1300009447;mordovia;43.32;43
0572024760;dagestan;93.19;93
7723471942;moscow city;45.31;45
5190061128;murmansk;70.22;70
5190058140;murmansk;70.22;70
0264079878;bashkortostan;25.11;25
5257197453;nizhni novgorod;49.41;49
7730317483;moscow city;43.31;43
7814657983;pskov;41.20;41
7703744782;bryansk;70.22;70
2508072827;primorsky terr.;86.10;86
2543033387;primorsky terr.;73.11;73
4908010314;magadan;47.25;47
6952325130;tver;25.62;25
6500013633;sakhalin;25.11;25
1001177443;karelia;71.12.90;71
2807006572;amur;47.25.10;47
5190119988;murmansk;71.20.50;71
1215227701;marij el;56.30;56
5102070253;murmansk;01.10;01
7604384480;yaroslavl;43.21;43
7838060339;astrakhan;73.11;73
0400005902;altai rep.;47.11.30;47
2801216615;amur;86.23;86
5406820719;novosibirsk;52.21.24;52
2318004480;krasnodar;86.90.40;86
6440028576;saratov;68.32.10;68
5446015412;novosibirsk;82.91;82
5505038157;omsk;42.21;42
2462068550;krasnoyarsk;43.99;43
9718187464;moscow city;93.13;93
3128147563;belgorod;25.11;25
4501140060;kurgan;25.11;25
0700005237;kabardino-balkaria;46.90;46
2618019287;stavropol;86.23;86
9403025156;luhansk;41.20;41
3808170834;irkutsk;68.32;68
9500023813;kherson;41.20;41
1101170890;komi;70.21;70
5031044110;moscow reg.;46.74;46
7452123681;chelyabinsk;52.29;52
6623011393;sverdlovsk;94.20;94
0260010699;bashkortostan;47.30;47
4632151481;kursk;52.21.24;52
9309014301;donetsk;46.90;46
7716741098;moscow city;43.20;43
3661178398;voronezh;25.11;25
3015116420;astrakhan;52.29;52
0275913630;bashkortostan;43.22;43
1112990005;komi;94.99;94
2349004956;krasnodar;45.20.10;45
1003008137;karelia;68.32.20;68
4632154355;kursk;47.20;47
1831198351;udmurtia;49.41;49
6141035550;rostov;68.32.10;68
7455005083;bashkortostan;46.71;46
1701081176;tuva;94.99;94
0274913370;bashkortostan;73.11;73
4702015301;leningrad;69.20;69
7724621083;moscow city;68.20.20;68
5017122172;moscow reg.;46.73;46
3006008146;astrakhan;47.25;47
5260197541;nizhni novgorod;49.31.24;49
6453174060;saratov;68.10;68
4705056232;leningrad;86;86
7107536894;tula;73.11;73
5001115349;moscow reg.;94.12;94
9731135338;moscow city;73.11;73
4401176224;kostroma;86.21;86
5050140820;moscow reg.;25.11;25
9725157710;moscow city;49.41;49
0702010391;kabardino-balkaria;46.60;46
9704017913;moscow city;49.41;49
4253039736;kemerovo;56.10;56
7743111257;moscow city;93.19;93
7728421631;moscow city;73.11;73
1700001668;tuva;56.30;56
2371001929;krasnodar;46.33;46
3525334270;vologda;73.11;73
3525395322;vologda;42.11;42
5903101785;perm;49.41.10;49
4214039820;kemerovo;47.11;47
3814009287;irkutsk;16.10.10;16
5053027855;moscow reg.;32.99;32
3000012280;astrakhan;69.20;69
4205264820;kemerovo;47.19.20;47
1215203429;marij el;46.71.10;46
3906395473;kaliningrad;70.22;70
2901229738;arkhangelsk;71.12;71
3019030999;astrakhan;43.99;43
3528331599;vologda;62.01;62
7203561276;tyumen;86.23;86
8709013244;chukotka;47.10;47
0277909396;bashkortostan;52.29;52
7842181576;sverdlovsk;47.11;47
6229080536;ryazan;46.72.22;46
3500003911;vologda;62.01;62
5908049730;perm;72.10;72
7736347773;moscow city;68.20.20;68
6952323486;tver;73.11;73
7841021347;sankt-petersburg;46.18.91;46
5032279153;kaluga;25.29;25
2723187883;khabarovsk;41.20;41
1435273319;yakutia;47.70;47
7810388659;sankt-petersburg;47.51;47
4101003020;kamchatka;45.10;45
3100007887;belgorod;86.21;86
5501069468;omsk;86.90.40;86
6732222637;smolensk;43.21;43
5262390893;nizhni novgorod;93.11;93
0600016267;ingushetia;86.23;86
4205411471;kemerovo;41.20;41
3523005496;vologda;68.32.20;68
6229102229;ryazan;70.10;70
3801149784;irkutsk;62.09;62
2361011808;krasnodar;46.73.10;46
7536171642;zabaikalsk terr.;93.29.90;93
7328020579;ulyanovsk;31.09;31
2801272190;amur;45.31;45
4516001284;kurgan;41.20;41
0274180404;bashkortostan;49.40;49
1655428060;tatarstan;46.71;46
1318001294;mordovia;01.41;01
1200012478;marij el;71.20.90;71
2465298464;krasnoyarsk;95.25;95
3507005594;vologda;01.10;01
4632160091;kursk;45.30;45
4105086901;kamchatka;68.32.20;68
4007009867;kaluga;68.32.20;68
3525347640;vologda;52.29;52
7728484769;moscow city;61.90;61
7460056220;chelyabinsk;43.29;43
2100007878;chuvashia;42.22;42
9705165576;ivanovo;56.10;56
5835017596;penza;71.12;71
8602154411;khanty-mansijsk;68.32;68
5256095498;nizhni novgorod;69;69
7713493094;moscow city;49.42;49
1905006730;khakasia;42.99;42
2373018149;krasnodar;68.32.10;68
5410094675;novosibirsk;46.73;46
2013011211;chechnya;41.20;41
9201505209;sevastopol;69.10;69
2320087124;krasnodar;56.10;56
5105081535;murmansk;01.49.40;01
0323341858;buryatia;68.32;68
6002009747;pskov;01.61;01
6229081970;ryazan;41.20;41
1106034481;komi;71.12.30;71
1001327201;karelia;45.31;45
7602145310;yaroslavl;25.50.10;25
4632291545;moscow city;71.11;71
4500006946;kurgan;46.73;46
5835099662;penza;70.22;70
1841041102;udmurtia;41.20;41
6143101093;rostov;49.41;49
7116128235;tula;73.11;73
9200022985;sevastopol;42.91.50;42
1300007947;mordovia;71.12.20;71
0278160582;bashkortostan;73.10;73
0700009400;kabardino-balkaria;45.31;45
3528288992;sankt-petersburg;38.32.11;38
9102035619;crimea;45.20.20;45
3702684452;ivanovo;86;86
6905052768;tver;69.10;69
3015097262;astrakhan;46.69.50;46
6829065184;tambov;94.99;94
9303035048;donetsk;52.22;52
1215167509;marij el;56.29;56
0554010250;dagestan;68.32;68
3528306112;vologda;52.21.24;52
5754002351;oryol;25.90;25
3900021217;kaliningrad;56.30;56
0608044467;ingushetia;93.12;93
0900000934;karachaevo-chercessia;52.21;52
2543175600;primorsky terr.;46.90;46
1515917720;north ossetia;86;86
6234071294;ryazan;47.25.10;47
9731038221;moscow city;43.32;43
3801158411;irkutsk;38.11;38
7724497615;moscow city;62.01;62
5403187664;novosibirsk;62.01;62
9102279397;crimea;86.10;86
1000013957;karelia;45.20.10;45
9724134012;moscow city;46.90;46
0600011290;ingushetia;43.22;43
5032100920;moscow reg.;46.19;46
1215157719;marij el;25.12;25
4000016167;kaluga;25.62;25
7703759806;moscow city;46.73;46
9724050242;moscow city;46.42.20;46
3906141969;kaliningrad;62.01;62
7804711046;sankt-petersburg;71.12.60;71
6674136432;sverdlovsk;68.20.20;68
5902604352;perm;70.22;70
7842532898;sankt-petersburg;62.01;62
1841090269;udmurtia;56.10;56
4011034626;kaluga;28.12;28
7729469844;moscow city;41.20;41
4205418685;kemerovo;43.21;43
7707732107;moscow city;62;62
5751055884;oryol;56.29;56
5405222177;novosibirsk;68.20.20;68
3313010267;vladimir;47.11;47
1101059860;komi;86.21;86
7453274740;chelyabinsk;25.11;25
2116497890;chuvashia;41.20;41
5190091161;murmansk;52.29;52
1203007910;marij el;46.36.30;46
6027999408;pskov;94.99;94
4909907347;magadan;86.23;86
7810618013;sankt-petersburg;73.11;73
1326197347;mordovia;93.11;93
6027001556;pskov;94.20;94
8603085753;khanty-mansijsk;86.23;86
2905012091;arkhangelsk;43.29;43
7725563050;moscow city;41.10;41
1326202371;mordovia;62.02;62
6321012665;samara;52.21.24;52
3329085613;vladimir;85.42.10;85
4823076676;lipetzk;49.42;49
3901009396;kaliningrad;22.23;22
5191111445;murmansk;94.99;94
4205155250;kemerovo;45.20.20;45
7806603092;sankt-petersburg;43.21;43
5190108383;murmansk;33.15;33
7735204677;moscow city;46.75;46
7725749505;moscow city;47.52.10;47
0912005969;karachaevo-chercessia;01.13.10;01
7716947973;moscow city;46.38;46
2103000870;chuvashia;01.11;01
6732246187;smolensk;52.29;52
1657146576;tatarstan;52.29;52
0522020418;dagestan;08.11;08
4217176310;kemerovo;25.99.29;25
5921036377;perm;25.29;25
1300005347;mordovia;70.22;70
6680007234;sverdlovsk;68.32;68
7816561211;leningrad;42.11;42
7720880922;moscow city;46.72;46
2465119683;krasnoyarsk;82.30;82
7453260546;chelyabinsk;46.71;46
0264081764;bashkortostan;42.11;42
1804009774;udmurtia;01.11;01
7743420008;moscow city;46.76;46
2005010920;chechnya;93.19;93
4825047141;lipetzk;93.10;93
5321094627;novgorod;68.32.10;68
7602115266;yaroslavl;46.90;46
6450095349;saratov;69.10;69
7839440855;sankt-petersburg;70.22;70
5007097872;moscow reg.;45.20;45
9703153536;moscow city;46.90;46
6000009050;pskov;47.91;47
5001998623;moscow reg.;64.99;64
0309409303;buryatia;47.11.20;47
4401158458;kostroma;43.32;43
7714488611;moscow city;41.20;41
0107033658;adygeya;45.20;45
4100043020;kamchatka;62.01;62
1326192109;mordovia;43.99;43
5405963538;novosibirsk;25.62;25
0104016380;adygeya;52.10;52
5403064888;novosibirsk;49.41;49
4101996473;kamchatka;93.19;93
3000015852;astrakhan;56.10;56
2631040721;stavropol;25.12;25
3250530969;bryansk;69.10;69
2801266310;amur;94.99;94
7106514136;tula;71.20.50;71
1840075437;udmurtia;41.20;41
1215235452;marij el;49.41;49
5837030000;penza;49.41;49
1657051959;tatarstan;69.20.20;69
9724011525;tula;17.21;17
0105981294;adygeya;94.99;94
9102269737;crimea;93.29;93
4632022126;kursk;52.21.24;52
5404952565;novosibirsk;42.11;42
7430039115;chelyabinsk;23.70;23
6027193706;pskov;52.29;52
5001038870;moscow reg.;79.11;79
6313546744;samara;46.22;46
1901136922;khakasia;45.31;45
6905074024;tver;58;58
7116127859;tula;43.22;43
0917035082;karachaevo-chercessia;69.20;69
3662016431;voronezh;52.21.24;52
3666265750;voronezh;25.11;25
1000015866;karelia;56.10;56
8619007013;khanty-mansijsk;01.19;01
4800006552;lipetzk;56.10;56
0300004831;buryatia;45.20;45
7724907156;moscow city;46.73;46
7806611720;sankt-petersburg;46.69;46
7617003276;yaroslavl;94.99;94
2013435852;chechnya;68.32;68
1327037353;mordovia;52.10;52
4345523591;kirov;45.20;45
0300016033;buryatia;70.22;70
2536327548;primorsky terr.;25.11;25
7203497599;tyumen;46.43;46
5751057842;oryol;41.20;41
9307008782;donetsk;68.32.20;68
7224080020;tyumen;69.20;69
2465007820;krasnoyarsk;56.10;56
8622028493;khanty-mansijsk;62.01;62
5528047550;omsk;25.11;25
5302014601;novgorod;25.62;25
2312195020;krasnodar;42.91.20;42
1435334226;yakutia;41.20;41
7451374636;chelyabinsk;52.29;52
7327052514;ulyanovsk;41.20;41
9304003874;donetsk;68.20.20;68
9001002046;zaporizhzhia;49.31;49
2320119785;krasnodar;71.12.30;71
3338007820;vladimir;86.21;86
4500014898;kurgan;94.20;94
3460085714;volgograd;68.32.10;68
9105002883;crimea;01.11;01
6025053911;pskov;25.21;25
7536145963;zabaikalsk terr.;73.11;73
0274118893;bashkortostan;73.11;73
6949112492;tver;93.11;93
7328104412;ulyanovsk;93.29;93
2623028505;stavropol;41.20;41
4704108600;leningrad;93.29;93
1300007827;mordovia;62.01;62
1435294340;yakutia;85.42.90;85
4826149996;lipetzk;62.01;62
6732217323;smolensk;49.41;49
1435179651;yakutia;86.23;86
3123097894;belgorod;33.20;33
7604109074;yaroslavl;93.20;93
7536168953;zabaikalsk terr.;70.22;70
1102068063;komi;49.41;49
9705082739;moscow city;46.51;46
6658475188;sverdlovsk;73.11;73
2222873962;altai terr.;22.29;22
2124041821;chuvashia;73.20.20;73
5249169558;nizhni novgorod;46.73;46
7500021788;zabaikalsk terr.;71.12.30;71
5705004268;oryol;43.12;43
5614090238;orenburg;96.09;96
4345414835;kirov;71.10;71
6230107447;ryazan;45.31;45
5638080221;orenburg;25.11;25
2312327911;krasnodar;52.21.20;52
7450007714;chelyabinsk;52.21.24;52
8901023174;yamal-nenets ao;42.11;42
5403014206;novosibirsk;69.10;69
7329024150;ulyanovsk;46.90;46
3528080930;vologda;71.11;71
9500017898;kherson;46.19;46
5501281464;omsk;43.29;43
7325143981;ulyanovsk;46.90;46
6320266890;samara;93.11;93
3123338010;belgorod;52.21.24;52
5614049590;orenburg;69;69
6317153328;samara;43.22;43
6027157313;pskov;73.11;73
7611028860;yaroslavl;79.11;79
5032344211;moscow reg.;46.73;46
2801272105;amur;52.10.30;52
5638074891;orenburg;63.99.10;63
3827046871;irkutsk;68.32.10;68
0561057740;dagestan;70.22;70
8602223778;khanty-mansijsk;69.10;69
0600013435;ingushetia;32.99.80;32
5300015984;novgorod;93.29;93
2007007182;chechnya;68.31.10;68
2902084147;arkhangelsk;86.23;86
7727779336;moscow city;43.21;43
5751061493;oryol;69.20;69
7325164580;ulyanovsk;56.10;56
7203526289;tyumen;25.11;25
5257198320;nizhni novgorod;45.31.10;45
6800001741;tambov;56.10;56
2543177290;primorsky terr.;71.12.20;71
3305713570;vladimir;68.20;68
7802763916;sankt-petersburg;43.99;43
3329052551;stavropol;69.10;69
3321035770;vladimir;68.20.20;68
6726024002;smolensk;01.13.10;01
1800011807;udmurtia;62.01;62
7303001422;ulyanovsk;84.13;84
3524016701;vologda;52.21.24;52
1200007887;marij el;42.21;42
7453285685;chelyabinsk;25.61;25
9722047967;moscow city;56.29;56
9308017451;donetsk;93.19;93
6321445193;samara;71.20.40;71
9718262880;moscow city;20.14.30;20
6317094136;samara;47.91.20;47
6685112112;sverdlovsk;25.11;25
3317011159;vladimir;56.10;56
0268094235;bashkortostan;38.11;38
2221211606;altai terr.;43.21;43
5507205565;omsk;77.39.20;77
5024172216;moscow reg.;46.69.50;46
2310232326;krasnodar;62.09;62
9308018180;donetsk;93.19;93
4101996138;kamchatka;94.99;94
5751028915;oryol;62.01;62
9714031811;moscow city;41.20;41
7813636490;sankt-petersburg;86.90.90;86
7536987166;zabaikalsk terr.;94.99;94
9309027090;donetsk;49.41;49
5259127532;nizhni novgorod;56.10;56
9715424766;moscow city;41.20;41
2463065584;krasnoyarsk;45.11.20;45
3025039333;astrakhan;86.10;86
4345376675;kirov;71.10;71
6732041655;smolensk;73.11;73
1511011068;north ossetia;46.21;46
2225201101;altai terr.;62.01;62
9703143182;moscow city;73.20;73
9710136210;moscow city;46.18.12;46
5700011600;oryol;49.31;49
5700008491;oryol;73.11;73
3323006887;vladimir;47.19;47
6027154376;pskov;56.10;56
6685133289;sverdlovsk;86.23;86
7726480060;moscow city;46.69;46
7751240834;moscow city;70.22;70
4025458865;kaluga;43.21;43
3507315109;vologda;56.10;56
7810240941;sankt-petersburg;81.22;81
2721251156;khabarovsk;73.20;73
0919970164;karachaevo-chercessia;94.99;94
9204011600;sevastopol;93.11;93
7604380196;yaroslavl;42.11;42
5261128406;nizhni novgorod;62.01;62
1683015114;tatarstan;47.91;47
7203439318;tyumen;94.99;94
4345270076;kirov;25.11;25
4345531000;kirov;73.11;73
0700007594;kabardino-balkaria;46.14;46
2703030933;khabarovsk;68.31.10;68
5836687836;penza;46.66;46
2539109523;primorsky terr.;69.20;69
7734556210;moscow city;62;62
0702010377;kabardino-balkaria;01.11;01
5614014205;orenburg;93.29;93
3435083819;volgograd;45.20;45
7705237795;moscow city;46.90;46
7536169636;zabaikalsk terr.;25.12;25
7842148120;leningrad;73.11;73
0326498053;buryatia;46.21;46
7205029042;tyumen;93.19;93
6950077098;tver;56.10;56
2801090698;amur;73.11;73
9001022853;zaporizhzhia;49.41;49
7536076981;irkutsk;71.10;71
1831096832;udmurtia;47.11.10;47
7325048495;ulyanovsk;73.11;73
6455038104;saratov;47.71.50;47
1655470464;tatarstan;43.29;43
1215230775;marij el;25.11;25
3702005968;ivanovo;93.11;93
2901241372;arkhangelsk;62.02;62
3906344038;kaliningrad;45.32;45
4501132284;kurgan;49.41;49
6000009526;pskov;47.73;47
2983004080;nenets ao;47.25;47
3702518600;ivanovo;93.13;93
5914008019;perm;43.22;43
5904194398;perm;70.10.20;70
2100007331;chuvashia;93.19;93
1902029049;khakasia;41.20;41
3906370856;kaliningrad;47.71.10;47
7838393659;sankt-petersburg;52.10;52
5614086190;orenburg;46.47;46
0917971148;karachaevo-chercessia;94.99;94
3700009131;ivanovo;25.11;25
2221222213;altai terr.;69.20;69
4401131368;kostroma;49.40;49
2014015240;chechnya;71.20.60;71
0541005430;dagestan;47.10;47
9310008775;donetsk;52.21;52
3306016902;vladimir;46.72.22;46
6319253663;samara;68.32;68
1658213137;tatarstan;28.29.12;28
2014006863;chechnya;73.11;73
5406750532;novosibirsk;71.11.10;71
9723178698;moscow city;46.90;46
6672168598;sverdlovsk;45.20;45
0100009511;adygeya;49.42;49
6455071158;saratov;49.41;49
6732185150;smolensk;46.44;46
3017037501;astrakhan;01.13;01
7606078865;yaroslavl;86;86
1101301327;komi;42.11;42
6950265969;tver;41.20;41
7719698370;adygeya;68.20;68
5118006239;murmansk;62.01;62
2629009844;stavropol;93.11;93
5032376647;moscow reg.;70.22;70
2902090084;arkhangelsk;68.20;68
7706419484;moscow city;56.29;56
9108119618;crimea;68.20;68
6439102916;saratov;43.99;43
2901309140;arkhangelsk;56.10;56
5905026928;perm;62.09;62
4312155960;kirov;49.41;49
2309033510;krasnodar;68.32.10;68
3241002578;bryansk;25.73;25
6234138904;ryazan;38.32.51;38
1900010885;khakasia;93.12;93
7103057883;tula;86.21;86
7207005791;tyumen;52.21.24;52
2722128557;jewish ao;41.20;41
3441029979;volgograd;71.20.70;71
7204060434;tyumen;52.21.24;52
3443100578;volgograd;25.11;25
8602026770;khanty-mansijsk;46.90;46
2901163029;arkhangelsk;93.19;93
8902013034;yamal-nenets ao;45.20;45
6027130030;pskov;86.23;86
4029064808;kaluga;25.11;25
2463100359;krasnoyarsk;62.01;62
3327147600;vladimir;71.12.20;71
7106041828;tula;49.41.20;49
6027074191;pskov;52.21.24;52
0300027878;buryatia;94.99;94
3300001353;vladimir;01.49;01
3443150787;volgograd;41.20;41
6658414114;sverdlovsk;68.31.50;68
1300006573;mordovia;73.11;73
2801214953;amur;69.20.20;69
3025006120;astrakhan;41.20;41
2725116101;khabarovsk;56.10;56
5036127352;moscow reg.;79.11;79
4000018340;kaluga;47.25;47
1300012697;mordovia;69.10;69
5507290994;omsk;93.12;93
6682022453;sverdlovsk;86.23;86
6659090247;sverdlovsk;56.10;56
4217059568;kemerovo;73.11;73
0307034063;buryatia;70.22;70
2503018590;primorsky terr.;56.10;56
4001006323;kaluga;01.50;01
7103515780;tula;46.38;46
4329020537;kirov;70.22;70
6155045340;rostov;94.99;94
6727016741;smolensk;47.25;47
6658338255;sverdlovsk;46.73;46
6166124442;rostov;73.11;73
9729313030;moscow city;56.10;56
5047298310;moscow reg.;45.32;45
3123407881;belgorod;52.29;52
2618026421;stavropol;96.04;96
7718996599;moscow city;46.66;46
3305801804;vladimir;42.11;42
3307021038;vladimir;52.21.24;52
6659167193;sverdlovsk;45.20;45
7701857981;tver;46.51;46
7203463769;tyumen;42.11;42
3810337671;irkutsk;93.29;93
5835137526;penza;93.29;93
0100001760;adygeya;94.99;94
9203546803;sevastopol;93.12;93
2703059883;khabarovsk;96.04;96
7604362863;yaroslavl;47.52;47
3257074169;bryansk;93.19;93
0529909492;dagestan;42.21;42
3257033959;bryansk;68.32.10;68
2463132706;krasnoyarsk;41.20;41
6315545055;samara;46.73;46
4205131530;kemerovo;73.11;73
7714493675;moscow city;62.01;62
0542036575;dagestan;93.29.90;93
1112990125;komi;94.99;94
4345980326;kirov;94.99;94
4101128822;kamchatka;93.19;93
7715784074;moscow city;68.32.10;68
9109000171;crimea;49.40;49
6732116639;smolensk;46.90;46
7810955971;sankt-petersburg;62.01;62
3525477014;vologda;42.21;42
7806476817;sankt-petersburg;46.69;46
4703156048;leningrad;70.10.10;70
0212007840;bashkortostan;47.11.30;47
7450039240;chelyabinsk;79.11;79
4345527998;kirov;42.11;42
7524016219;zabaikalsk terr.;01.13.10;01
7716965387;moscow city;43.21;43
7810584188;leningrad;71.11.10;71
7820335906;sankt-petersburg;41.20;41
6317142051;samara;42.11;42
1900000277;khakasia;93.13;93
2461039211;krasnoyarsk;62.02;62
6658569502;sverdlovsk;94.99;94
4029054729;kaluga;73.20;73
7430023309;chelyabinsk;93.19;93
5507285151;omsk;45.20.20;45
5258143411;nizhni novgorod;73.11;73
3652904170;voronezh;47.73;47
2460115935;krasnoyarsk;46.46.20;46
8604060173;khanty-mansijsk;43.21;43
0710006381;kabardino-balkaria;45.20.30;45
2807008788;amur;25.11;25
7805302624;sankt-petersburg;94.20;94
7725402609;moscow city;46.90;46
2511048045;primorsky terr.;47.11.20;47
1215121078;marij el;41.20;41
1901116154;khakasia;73.11;73
6330065102;samara;45.31.10;45
7024034227;tomsk;70.22;70
7801687719;sankt-petersburg;93.19;93
7012010020;tomsk;01.42.10;01
3245016589;bryansk;68.20;68
8603236794;khanty-mansijsk;46.14.90;46
1901095352;khakasia;86.21;86
0411174765;altai rep.;01.41;01
6820032931;tambov;47.19;47
6683023033;sverdlovsk;41.20;41
5902061138;perm;41.20;41
8619017710;khanty-mansijsk;45.20;45
1500008899;north ossetia;01.70;01
3525341172;vologda;45.11;45
5263140455;nizhni novgorod;46.38;46
3250070503;bryansk;71.12;71
4253018912;kemerovo;45.11.40;45
5108998111;murmansk;46.90;46
3851001857;irkutsk;49.42;49
0901000479;karachaevo-chercessia;68.20.20;68
5257126318;nizhni novgorod;68.30;68
6168101360;rostov;42.11;42
0105071150;adygeya;49.42;49
0503012316;dagestan;01.50;01
1500013151;north ossetia;47.91;47
2901314302;arkhangelsk;41.20;41
1901142732;khakasia;93.12;93
5410145915;novosibirsk;42.91.50;42
5834124764;penza;86.21;86
3245003290;bryansk;56.10;56
5609086684;orenburg;68.20;68
0701012371;kabardino-balkaria;46.40;46
7733437115;moscow city;45.32;45
7111505970;tula;47.73;47
6949106403;tver;93.29.90;93
1901087778;khakasia;62;62
5406988623;novosibirsk;71.12.12;71
4500016077;kurgan;62.01;62
5646031122;orenburg;36.00.20;36
5022034940;moscow reg.;52.21.24;52
5409010014;novosibirsk;41.20;41
2014023026;chechnya;46.17;46
5249184490;nizhni novgorod;56.29;56
1831187938;udmurtia;10.71;10
0900010682;karachaevo-chercessia;46.73;46
0274921116;bashkortostan;94.99;94
6516004345;sakhalin;01.50;01
5030076430;moscow reg.;41.20;41
2013006719;chechnya;88.99;88
3812994143;irkutsk;46.90;46
5001135056;moscow reg.;71.12;71
5022042123;moscow reg.;86.23;86
3528310782;vologda;46.90;46
3702211343;ivanovo;43.99;43
9715465360;moscow city;45.32;45
1633008986;tatarstan;45.19;45
4502021210;kurgan;41.20;41
0105057999;adygeya;41.20;41
7811777369;sankt-petersburg;71.20.80;71
6318167468;samara;09.10.90;09
5751064134;oryol;52.21;52
0554007515;dagestan;46.41;46
3329085652;vladimir;47.11;47
2312318226;krasnodar;41.20;41
6027163123;pskov;68.20.20;68
7106087491;tula;46.32;46
0573019080;dagestan;69.10;69
6700019833;smolensk;43.39;43
9310011418;donetsk;43.21;43
2634113671;stavropol;56.30;56
7720880376;moscow city;45.31;45
1650368530;tatarstan;69.10;69
7901549173;jewish ao;41.20;41
3525456060;vologda;47.74.10;47
7704279785;moscow city;94.12;94
3811474085;irkutsk;93.12;93
6732198818;smolensk;47.91;47
0227003285;bashkortostan;68.20.20;68
1410008809;yakutia;56.10;56
4823022857;lipetzk;41.20;41
6686068339;sverdlovsk;62.01;62
3804055615;irkutsk;47.11.30;47
6449972718;saratov;73.11;73
1800001446;udmurtia;62.01;62
7107533484;tula;64.99;64
2465259190;krasnoyarsk;56.10;56
4500005445;kurgan;73.11;73
7300023932;ulyanovsk;94.99;94
0900005347;karachaevo-chercessia;86.10;86
1837017957;udmurtia;94.99;94
6234190020;ryazan;62.09;62
7900003670;jewish ao;52.10;52
3257017555;bryansk;46.90;46
7720414311;moscow city;52.29;52
4217207897;kemerovo;46.33;46
5611030946;orenburg;71.10;71
6671280205;sverdlovsk;93.19;93
7814334735;sankt-petersburg;46.75;46
7604382355;yaroslavl;73.11;73
7714490321;moscow city;77.11;77
2204032420;altai terr.;86.23;86
1435127117;yakutia;42.21;42
5404417448;novosibirsk;62.01;62
4312155310;kirov;64.99;64
2465303700;krasnoyarsk;46.90;46
7804690205;sankt-petersburg;68.10;68
5401381465;novosibirsk;46.90;46
2721240500;khabarovsk;09.90;09
2335064031;krasnodar;69.20.20;69
7804182917;sankt-petersburg;94.99;94
6679114190;sverdlovsk;46.90;46
9724095684;moscow city;43.29;43
7604307252;yaroslavl;46.69;46
3000001345;astrakhan;70.22;70
7720916488;moscow city;56.10;56
5947998570;perm;94.99;94
1660190984;tatarstan;43.29;43
6455068910;saratov;69.20;69
9705139738;astrakhan;25.61;25
6439080109;saratov;47.25;47
7731648304;moscow city;47.20;47
5610248869;orenburg;49.41;49
0326489404;buryatia;62.09;62
7104509885;tula;70.22;70
9706013199;moscow city;62.09;62
6454117233;saratov;73.20.10;73
9102257643;crimea;52.21;52
7448247733;chelyabinsk;70.22;70
4011015817;kaluga;01.10;01
7325138692;ulyanovsk;64.99;64
8603190691;khanty-mansijsk;56.10;56
3525099490;vologda;94.20;94
3525409600;vologda;46.90;46
7018003742;tomsk;94.20;94
2502068503;primorsky terr.;71.20;71
4345471914;kirov;42.22;42
2503033278;primorsky terr.;47.25;47
5908080377;perm;43.11;43
6686094787;sverdlovsk;41.20;41
0726018992;kabardino-balkaria;56.10;56
6800001396;tambov;71.12.70;71
5024175577;moscow reg.;41.20;41
2804020360;amur;73.11;73
5017111195;moscow reg.;94.99;94
7451232783;chelyabinsk;70.22;70
5903149297;perm;42.21;42
4202051365;kemerovo;25.62;25
7203545933;tyumen;42.21;42
1831081716;udmurtia;43.22;43
4712030027;leningrad;70.10;70
3525161620;vologda;56.10;56
0100006310;adygeya;71.12.20;71
1300009101;mordovia;47.91;47
2463201100;krasnoyarsk;70.22;70
4345051356;kirov;71.20;71
6443018086;saratov;49.30;49
7744001063;moscow city;64.99.11;64
5190158384;murmansk;86;86
9728047152;moscow city;46.73;46
2508090777;primorsky terr.;70.22;70
7017264090;tomsk;94.99;94
3241503670;bryansk;46.73;46
6827018171;tambov;68.32.10;68
6166151439;rostov;73.11;73
6311054923;samara;68.10.22;68
9406015420;luhansk;47.11;47
2700035186;khabarovsk;41.20;41
5837059841;penza;43.21;43
1660184652;tatarstan;42.13;42
7445028677;chelyabinsk;93.29.90;93
7104046926;tula;52.21.24;52
7447135674;chelyabinsk;94.99;94
0300009438;buryatia;62.02;62
8913001471;yamal-nenets ao;94.99;94
7813635240;sankt-petersburg;58.11;58
7536150730;zabaikalsk terr.;73.11;73
8603248581;khanty-mansijsk;43.21;43
6132013536;rostov;01.47;01
2460095171;krasnoyarsk;93.29.90;93
0542030799;dagestan;68.32.10;68
6234182170;ryazan;43.33;43
7838104459;sankt-petersburg;68.32;68
9111028390;crimea;56.10;56
7743365660;moscow city;68.32;68
5190013999;murmansk;45.10;45
0100001590;adygeya;93.19;93
5300005217;novgorod;42.13;42
7327094377;ulyanovsk;41.20;41
4825141289;lipetzk;25.11;25
6453151249;saratov;73.11;73
0264083225;bashkortostan;43.29;43
0700018620;kabardino-balkaria;93.13;93
1513071993;north ossetia;43.39;43
2927001833;arkhangelsk;46.90;46
6168102652;rostov;46.61;46
9703112970;moscow city;73.11;73
7500011116;zabaikalsk terr.;49.32;49
6155091555;rostov;45.32;45
1903024678;khakasia;45.30;45
6451428801;saratov;70.22;70
0572032578;dagestan;69.10;69
7606119825;yaroslavl;46.69.50;46
2723213389;khabarovsk;43.22;43
5403050268;novosibirsk;25.11;25
3812063264;irkutsk;52.10.90;52
1328017511;mordovia;45.20;45
7024029650;tomsk;25.10;25
4345527927;kirov;73.11;73
5403037059;novosibirsk;68.20.20;68
7804703623;sankt-petersburg;49.41;49
3127030097;belgorod;94.99;94
2315159687;krasnodar;52.29;52
6226011372;ryazan;46.34.20;46
7203492110;tyumen;93.19;93
4500006520;kurgan;43.39;43
0800004621;kalmykia;86.23;86
1831114182;udmurtia;69.20.20;69
3849065243;irkutsk;86.23;86
7606072630;yaroslavl;68.20.20;68
5610244053;orenburg;69.20;69
0323417384;buryatia;69.10;69
2466138128;krasnoyarsk;58.19;58
9721233576;moscow city;47.11;47
5501286092;omsk;86.22;86
7105041286;tula;94.99;94
7422046648;chelyabinsk;56.10;56
5258132667;nizhni novgorod;45.31;45
5032261156;moscow reg.;47.11;47
9309020986;donetsk;43.29;43
6623135568;sverdlovsk;43.21;43
2443025495;krasnoyarsk;68.32.10;68
9723116589;moscow city;47.77;47
7457013731;chelyabinsk;73.11;73
7215008059;tyumen;47.59.10;47
5902128625;perm;62.01;62
7612044328;yaroslavl;70.22;70
7017274620;tomsk;94.99;94
7734713047;moscow city;70.22;70
5047138518;moscow reg.;68.20.20;68
1684002291;tatarstan;86.22;86
5118006542;murmansk;62.01;62
6154152237;rostov;96.02;96
6679163084;sverdlovsk;49.41;49
7451267539;chelyabinsk;70.22;70
4027139511;kaluga;68.20;68
8913005370;yamal-nenets ao;68.20.29;68
1658244022;tatarstan;25.11;25
6700008246;smolensk;86.10;86
7806087264;sankt-petersburg;94.99;94
1657137116;tatarstan;47.59.10;47
7451408691;chelyabinsk;49.41;49
1435240232;yakutia;41.20;41
4705111003;leningrad;56.10;56
3311011184;vladimir;68.32.20;68
0608011790;ingushetia;86.90.90;86
2926002930;arkhangelsk;47.73;47
0100006052;adygeya;42.22;42
5903151507;perm;46.19;46
9200007948;sevastopol;47.11;47
9715334752;moscow city;46.69.20;46
1651049103;moscow city;41.20;41
4027101557;kaluga;56.10;56
6229097025;ryazan;93.19;93
7715030736;moscow city;58.14;58
6501178733;sakhalin;69.10;69
4345525574;kirov;93.11;93
7203438561;tyumen;94.99;94
1841100936;udmurtia;71.20.20;71
6316119356;samara;01.13;01
4027044563;kaluga;70.22;70
9404008080;luhansk;01.11;01
1511008731;north ossetia;01.11.10;01
1657198158;tatarstan;73.11;73
7901541294;jewish ao;43.12;43
0533019742;dagestan;71.12.10;71
4314001563;kirov;01.13.10;01
5802006430;penza;70.22;70
2001005326;chechnya;93.19;93
1102019764;komi;45.31.10;45
4025443379;kaluga;42.21;42
5029076234;moscow reg.;68.32;68
6685211258;sverdlovsk;49.41;49
6658383191;sverdlovsk;47.79;47
2464154533;krasnoyarsk;46.38;46
7703593766;moscow city;16.23;16
5245031365;nizhni novgorod;43.21;43
7203216417;tyumen;46.49;46
2404021514;krasnoyarsk;02.30;02
9709105793;moscow city;49.41;49
7536100296;zabaikalsk terr.;86.23;86
2901133828;arkhangelsk;52.21.24;52
2332016417;krasnodar;60.10;60
7536126350;zabaikalsk terr.;46.46.20;46
9108113253;crimea;42.21;42
0264063846;bashkortostan;73.11;73
2000000759;chechnya;73.11;73
1716004079;tuva;64.99;64
3808106074;irkutsk;43.21;43
3525406849;vologda;41.20;41
4028064989;kaluga;46.51;46
7430030137;chelyabinsk;01.47;01
6404901890;saratov;42.11;42
5902148759;perm;73.11;73
7810807652;sankt-petersburg;49.40;49
5022090871;moscow reg.;93.29.90;93
9714026723;moscow city;41.10;41
3906374882;kaliningrad;68.32.10;68
7451452764;chelyabinsk;01.70;01
3811158964;irkutsk;45.31.10;45
4401184627;kostroma;25.11;25
2206003866;altai terr.;96.03;96
0814155645;kalmykia;46.71.20;46
0300028504;buryatia;56.29;56
7811729213;sankt-petersburg;47.99.50;47
5221006793;nizhni novgorod;43.99;43
7328032119;ulyanovsk;71.12.60;71
5700001062;oryol;46.90;46
7727419478;moscow city;52.29;52
5046998052;moscow city;93.10;93
7203179130;tyumen;69.10;69
8911019674;yamal-nenets ao;86.23;86
1657133785;tatarstan;70.22;70
8904086535;yamal-nenets ao;69.20;69
9719018966;moscow city;69.10;69
9704097549;moscow city;11.07;11
4101190980;kamchatka;49.41;49
0600016115;ingushetia;47.91;47
3811456110;irkutsk;70.22;70
3025013085;astrakhan;46.13;46
9402000737;luhansk;68.20;68
5610114671;orenburg;45.10;45
3702506001;ivanovo;73.11;73
7838091224;sankt-petersburg;56.10;56
1660050391;tatarstan;52.21.20;52
7804699737;sankt-petersburg;71.12.30;71
7838119335;sankt-petersburg;94.99;94
7100036853;tula;68.32;68
6450111865;mordovia;73.11;73
7735194490;moscow city;10.20;10
7814770957;sankt-petersburg;62.01;62
6501130548;sakhalin;69.10;69
9303015563;donetsk;94.20;94
6501304787;sakhalin;62.02;62
9308018455;donetsk;68.20;68
7731469224;moscow reg.;42.21;42
9701146325;moscow city;46.39.20;46
5032354040;moscow reg.;25.61;25
1660214152;tatarstan;56.29;56
2460219589;krasnoyarsk;70.22;70
2902080657;arkhangelsk;46.90;46
1700009314;tuva;01.19;01
0561057877;dagestan;73.11;73
7000002628;tomsk;01.13;01
7224083077;tyumen;41.20;41
7460026360;chelyabinsk;41.20;41
6150032179;rostov;68.32.10;68
0800005946;kalmykia;41.20;41
6732219063;smolensk;45.31;45
4629053043;kursk;73.11;73
9709111941;moscow city;43.34;43
2463046285;krasnoyarsk;46.73;46
7728261635;primorsky terr.;52.24;52
7107103971;tula;69.10;69
3008009593;astrakhan;43.11;43
3702038071;ivanovo;47.30;47
6027130015;pskov;70.22;70
1513079551;north ossetia;71.11;71
5032217990;moscow reg.;64.19;64
2322022612;krasnodar;52.21;52
3019026382;astrakhan;01.19;01
7316004847;ulyanovsk;01.11.10;01
1300010202;mordovia;93.12;93
6234196166;ryazan;71.20.50;71
1434052652;yakutia;52.21.24;52
7704819021;moscow city;71.20.90;71
6731009458;smolensk;94.99;94
2311333782;krasnodar;69.10;69
0572002090;dagestan;79.11;79
7743249833;moscow city;01.61;01
4633042005;kursk;32.40;32
0400023355;altai rep.;41.20;41
1514018431;north ossetia;56.10.10;56
3120086189;belgorod;46.71;46
1218001727;marij el;42.21;42
5302014841;novgorod;52.29;52
6501195168;sakhalin;49.41;49
3906106844;kaliningrad;80.10;80
2901288099;arkhangelsk;93.19;93
6201000107;ryazan;01.11.10;01
1435360240;yakutia;85.11;85
9102197391;crimea;47.11;47
2116494296;chuvashia;71.12.13;71
1215217990;marij el;41.20;41
4501075999;kurgan;52.21.24;52
4719012517;leningrad;68.32.20;68
1659134128;tatarstan;68.32;68
3123421484;belgorod;88.99;88
7719741924;moscow city;46.41;46
1650384229;tatarstan;62.01;62
9102201489;crimea;45.10;45
4509006676;kurgan;86.23;86
2635229460;stavropol;70.22;70
4025047199;kaluga;94.99;94
4501195816;kurgan;63.11.10;63
9103101818;crimea;94.99;94
5903099977;perm;62.01;62
2454027127;krasnoyarsk;70.22;70
4825134588;lipetzk;70.22;70
4101171176;kamchatka;93.29.90;93
7100052284;tula;62.01;62
2536277390;primorsky terr.;73.11;73
4222007692;kemerovo;01.13;01
2426005266;krasnoyarsk;69.10;69
7713690776;moscow city;41.20;41
2721222589;khabarovsk;49.32;49
0245968166;bashkortostan;93.12;93
4205325092;kemerovo;68.32.10;68
8904072243;yamal-nenets ao;49.39;49
7718926792;moscow city;68.10;68
5320016993;novgorod;42.21;42
5700009174;oryol;25.61;25
7718884214;moscow city;41.20;41
4629030085;kursk;94.20;94
1900004031;khakasia;52.10;52
5610084466;orenburg;01.13.10;01
7609020126;yaroslavl;52.29;52
7100009190;tula;41.20;41
0245025980;bashkortostan;69.20;69
7456039286;chelyabinsk;41.20;41
0603021850;ingushetia;46.73;46
7816694444;sankt-petersburg;45.31;45
4214043182;kemerovo;69.10;69
7107123946;tula;62.01;62
6452127532;saratov;41.20;41
2465193165;krasnoyarsk;43.12.40;43
2543067996;primorsky terr.;68.32.10;68
0300006282;buryatia;25.29;25
1435236109;yakutia;68.32.10;68
7707419293;samara;69.20;69
9001029136;zaporizhzhia;56.29.20;56
5190022111;murmansk;70.22;70
0104013886;adygeya;68.20.20;68
9728141042;moscow city;73.11;73
0700004850;kabardino-balkaria;49.42;49
4217167838;moscow city;70.22;70
7724733679;moscow city;70.22;70
1831013699;udmurtia;68.20.20;68
2464147656;krasnoyarsk;43.22;43
5407240750;novosibirsk;46.42;46
6700004883;smolensk;42.11;42
3018315448;astrakhan;93.29;93
6102059727;rostov;46.71;46
7816741165;sankt-petersburg;46.73;46
2465062483;krasnoyarsk;45.31.20;45
0411168088;altai rep.;43.32.30;43
2310194744;krasnodar;69.10;69
7718208047;moscow city;41.20;41
5907045073;perm;56.10;56
0300023658;buryatia;41.20;41
5029277702;moscow reg.;47.71;47
4632293180;kursk;41.20;41
1326257130;mordovia;41.20;41
5027291412;moscow reg.;47.19;47
9725040600;moscow city;86.90;86
2465337402;krasnoyarsk;77.32;77
9724003700;moscow city;68.20;68
5024184010;altai rep.;68.32;68
5008031987;moscow reg.;49.41.30;49
2225231610;altai terr.;62.01;62
2904032698;arkhangelsk;69.20;69
3906389529;kaliningrad;41.20;41
2462231327;krasnoyarsk;43.29;43
2536102135;primorsky terr.;47.11;47
4023010034;kaluga;95.11;95
1840101126;udmurtia;25.11;25
4345112190;kirov;86.23;86
9109027582;crimea;49.41;49
0300008025;buryatia;42.11;42
1200010304;marij el;47.91;47
1841999287;udmurtia;93.19;93
1001186582;karelia;08.11;08
7817125000;sankt-petersburg;77.21;77
2130233440;chuvashia;01.49.40;01
1434050454;yakutia;43.99.30;43
5190198796;murmansk;49.32;49
0725990443;kabardino-balkaria;94.92;94
7604358144;yaroslavl;70.22;70
7715905723;moscow city;47.11;47
0917008586;karachaevo-chercessia;68.20.20;68
3257017354;bryansk;43.29;43
1200007580;marij el;62.01;62
6700013260;smolensk;47.91;47
3904084017;kaliningrad;71.10;71
9001017194;zaporizhzhia;41.20;41
5532008472;omsk;85.41;85
6732174260;smolensk;43.21;43
3811136103;irkutsk;73.10;73
2130057611;chuvashia;93.29.20;93
6230052565;ryazan;43.12;43
6723018995;smolensk;68.32.10;68
7536109651;zabaikalsk terr.;93.10;93
8901035130;yamal-nenets ao;47.11;47
3525096805;vologda;47.64;47
4826006050;lipetzk;46.44.20;46
0400013830;altai rep.;93.12;93
0278905845;bashkortostan;49.30;49
2801179466;amur;69.20;69
5404083700;novosibirsk;71.11.30;71
6671201972;sverdlovsk;25.11;25
9406000537;luhansk;49.39;49
1644040910;tatarstan;33.12;33
7504000193;zabaikalsk terr.;01.50;01
6451200229;saratov;47.30;47
7328100640;ulyanovsk;86.23;86
2455042791;krasnoyarsk;93.19;93
7300024446;ulyanovsk;42.11;42
5009122059;moscow reg.;73.20;73
4028054571;kaluga;42.21;42
3801143849;irkutsk;52.21.24;52
1651095886;tatarstan;70.10.20;70
7714355749;moscow city;46.12.30;46
5829006758;penza;41.20;41
7702703631;moscow city;68.30;68
8602234138;khanty-mansijsk;35.11;35
7751276615;moscow city;41.20;41
7610040448;yaroslavl;25.61;25
0314010835;buryatia;49.41.10;49
3661173167;voronezh;42.11;42
6229095564;ryazan;46.62;46
3252004506;bryansk;47.11;47
6722038188;smolensk;71.12.70;71
6027205430;pskov;70.22;70
4703143899;leningrad;31.09;31
5921027510;perm;86.23;86
3906310335;kaliningrad;49.32;49
4104003194;kamchatka;49.41;49
6454105291;saratov;45.32;45
3460084929;volgograd;93.11;93
0275071246;bashkortostan;82.99;82
3525142995;vologda;86.23;86
5754026183;oryol;43.21;43
3662173032;voronezh;86.21;86
7204002640;tyumen;68.20.20;68
9102254018;crimea;41.20;41
6324078209;samara;46.69;46
1901124363;khakasia;69.10;69
1635009167;tatarstan;01.50;01
2521013940;primorsky terr.;68.32.10;68
6829113543;tambov;70.22;70
2348035373;krasnodar;46.90;46
4345500756;kirov;71.12.20;71
5911010732;perm;25.12;25
5632007440;orenburg;01.11;01
5406689133;novosibirsk;73.11;73
3100021641;belgorod;62.01;62
5035041039;moscow reg.;52.21.24;52
2901102185;arkhangelsk;52.21.24;52
2462014234;krasnoyarsk;68.32.10;68
6228035918;ryazan;41.20;41
7730659906;moscow city;81.29.10;81
8603157888;khanty-mansijsk;47.25;47
5753067050;oryol;69.10;69
5649020753;orenburg;73.11;73
2983007934;nenets ao;10.71.10;10
2015002004;chechnya;47.52.70;47
5803012468;penza;47.73;47
7604280554;yaroslavl;43.11;43
5036168207;moscow reg.;43.99;43
5410160769;novosibirsk;69.20;69
6452004474;saratov;47.52.20;47
2801276614;amur;71.12.30;71
3426007787;volgograd;52.29;52
6670319121;sverdlovsk;68.32.20;68
7714999704;moscow city;96.09;96
4027091098;kaluga;52.21.24;52
9304008103;donetsk;01.11;01
5024026085;moscow reg.;68.32.20;68
5401381190;novosibirsk;43.21;43
5803031380;penza;71.20.80;71
9204001383;sevastopol;73.11;73
5259081550;nizhni novgorod;32.30;32
7806345839;sankt-petersburg;96.01;96
3662302760;voronezh;46.31;46
5403062601;novosibirsk;43.21;43
2332017227;krasnodar;36;36
5835139361;penza;86.21;86
6829066558;tambov;45.11;45
5047164733;moscow reg.;45.20;45
6671083408;sverdlovsk;64.99;64
7203277071;tyumen;69;69
1644006250;tatarstan;47.20;47
5507140685;omsk;52.21.24;52
5024054519;moscow reg.;93.19;93
0725014730;kabardino-balkaria;43.11;43
4401090898;kostroma;73.11;73
1001071253;karelia;93.11;93
7442000553;chelyabinsk;10.71;10
4027096272;kaluga;70.22;70
7451436089;chelyabinsk;47.99.10;47
4407999087;kostroma;93.20;93
3701007017;ivanovo;45.32;45
6449058247;saratov;41.20;41
5040152898;moscow reg.;93.12;93
1701061331;tuva;86.21;86
7801457095;sankt-petersburg;56.29;56
5404316520;novosibirsk;42.21;42
3025013550;astrakhan;47.64;47
7728422530;moscow city;68.31;68
7107524578;moscow city;68.20;68
0573007454;dagestan;62.02;62
6320074651;samara;68.32.10;68
5720023547;oryol;37;37
5835136829;penza;46.74;46
8709010557;chukotka;69.20.10;69
9731102734;moscow city;71.12.15;71
5009122130;moscow reg.;45.31;45
7804654670;sankt-petersburg;71.12.12;71
5016013741;moscow reg.;82.99;82
7743365597;moscow city;41.10;41
5503276759;omsk;70.22;70
2345011825;krasnodar;01.10;01
9200003823;sevastopol;49.41;49
5609183053;orenburg;45.31;45
6501199885;sakhalin;69.10;69
5803017995;penza;42.11;42
5610129050;orenburg;56.10;56
4501217481;kurgan;49.41;49
9402015571;luhansk;45.20;45
7325120462;ulyanovsk;84.25.10;84
6829152609;tambov;45.31;45
2465354334;krasnoyarsk;71.12;71
3525419252;vologda;45.31;45
6234130246;ryazan;49.41;49
3611009027;voronezh;46.21;46
6123024394;rostov;49.41;49
7743291218;moscow city;22.29;22
5110008315;murmansk;62.09;62
4004022531;kaluga;46.71;46
3305035074;vladimir;47.25.10;47
2635206784;stavropol;71.12;71
7726307250;moscow city;56.10;56
1700004490;tuva;94.99;94
2543156269;primorsky terr.;46.19;46
2920016118;arkhangelsk;41.20;41
1513065132;north ossetia;01.11;01
5032307996;moscow reg.;46.90;46
4104003451;kamchatka;01.50;01
5609068004;orenburg;45.31.10;45
7734016215;moscow city;68.20;68
6700020268;smolensk;47.91;47
3300013951;vladimir;25.99;25
3123153179;belgorod;56.10;56
2130221847;chuvashia;46.46;46
1655474170;tatarstan;43.29;43
4101181456;kamchatka;69.10;69
2100016054;chuvashia;42.11;42
2901316405;arkhangelsk;94.99;94
9722087423;moscow city;46.47;46
6452148349;saratov;68.10;68
7103057019;tula;43.29;43
7714476422;moscow city;46.45;46
7107119957;tula;41.20;41
4401192272;kostroma;46.90;46
1829013733;udmurtia;52.21.24;52
4502014540;kurgan;41.20;41
5024218100;moscow reg.;93.12;93
9402015116;luhansk;47.11;47
5837082431;penza;93.11;93
5401290585;novosibirsk;27.90;27
1833028370;udmurtia;25.11;25
7452104015;chelyabinsk;68.31;68
9706023599;moscow city;93.12;93
5501270462;omsk;73.11;73
3849097260;irkutsk;45.11;45
3525488030;vologda;41.20;41
7751264218;moscow city;46.69;46
1510018906;north ossetia;46.21.11;46
9500021774;kherson;46.75;46
2308166250;krasnodar;86.23;86
0404026974;altai rep.;56.29;56
1018003815;karelia;62.09;62
1647012911;kalmykia;68.20.20;68
7724946733;moscow city;46.45.10;46
3836005286;irkutsk;01.10;01
0411112705;altai rep.;47.11;47
7603048213;yaroslavl;47.73;47
7727730838;moscow city;93.29.90;93
6453158773;saratov;56.10.10;56
6501294592;sakhalin;73.11;73
9201531390;sevastopol;41.20;41
3435115595;volgograd;25.62;25
9102277713;crimea;43.33;43
5260311141;nizhni novgorod;68.32.20;68
6671285700;sverdlovsk;56.10;56
2636806520;stavropol;71.12.40;71
2721241479;khabarovsk;62.01;62
3329087346;vladimir;46.74.20;46
6829126197;tambov;93.19;93
1103012627;komi;68.32.10;68
6671459227;sverdlovsk;42.21;42
1001337400;karelia;68.20;68
5402038765;novosibirsk;82.91;82
2209052540;altai terr.;42.11;42
6445029372;saratov;56.10;56
9500017961;kherson;47.19;47
5007008512;moscow reg.;68.32.20;68
7107524264;tula;62.01;62
2724917074;khabarovsk;68.20.20;68
7901550468;jewish ao;01.11;01
5320021383;novgorod;01.41;01
5260087475;nizhni novgorod;94.99;94
6229101867;ryazan;52.21.24;52
5263120730;nizhni novgorod;62.01;62
3664239049;voronezh;86.90;86
7306041230;ulyanovsk;01.10;01
8901034747;yamal-nenets ao;43.99;43
5075015388;moscow reg.;47.25.10;47
4909906784;magadan;01.47;01
5504060745;omsk;82.11;82
4716023711;leningrad;47.11;47
0102000553;adygeya;41.20;41
6234052929;lipetzk;62.01;62
2921129347;arkhangelsk;42.21;42
0554008928;dagestan;69.20.20;69
2714004163;khabarovsk;94.99;94
6432000351;saratov;70.22;70
7723811500;moscow city;41.20;41
2921129107;arkhangelsk;56.10.10;56
5948055850;perm;49.42;49
1840056770;udmurtia;93.21;93
4101132554;kamchatka;69;69
5074071358;moscow reg.;47.78;47
5252041646;nizhni novgorod;46.47;46
7715902835;moscow city;60.10;60
7730157293;moscow city;68.31;68
6453154017;saratov;46.90;46
0900008411;karachaevo-chercessia;46.73.60;46
5902173219;perm;45.10;45
9715470508;moscow city;46.73.70;46
3804113730;irkutsk;43.32.30;43
6320266924;samara;68.31.10;68
7705527656;moscow city;46.43;46
5321175192;novgorod;49.40;49
3128105838;belgorod;93.29.90;93
4407005916;kostroma;86.90.40;86
1327032250;mordovia;62.09;62
1900012480;khakasia;52.29;52
5310022250;novgorod;41.20;41
0503010573;dagestan;71.10;71
2225191196;altai terr.;46.31.10;46
3801162263;irkutsk;43.39;43
5603040161;orenburg;71.10;71
3016059686;astrakhan;62.01;62
4028069916;kaluga;43.34.20;43
9402006520;luhansk;68.20;68
5904398810;perm;63.11;63
2443011848;krasnoyarsk;47.22.20;47
0105056530;adygeya;56.10;56
1400020268;yakutia;73.20.10;73
3525275603;vologda;73.11;73
1109013923;komi;01.41;01
3416032456;volgograd;52.10.30;52
4716000295;leningrad;43.99;43
2634090255;stavropol;69.10;69
7802889570;sankt-petersburg;70.10.20;70
6321086850;samara;46.73.60;46
5044138982;moscow reg.;68.10;68
2607022390;stavropol;86.23;86
3666227391;voronezh;46.35;46
7610131617;yaroslavl;46.62;46
5310023871;novgorod;43.21;43
5959001951;perm;49.41.10;49
3123359204;belgorod;68.32;68
5404094998;novosibirsk;25.61;25
9717107480;moscow city;49.41;49
6027184613;pskov;43.99;43
3900025645;kaliningrad;71.12;71
9717128924;moscow city;46.73;46
5501283768;omsk;62.02.90;62
7806291679;sankt-petersburg;46.71;46
1513081617;north ossetia;64.99;64
7728369082;moscow city;46.18.99;46
7719879471;stavropol;43.22;43
3702527097;ivanovo;46.90;46
7300011214;ulyanovsk;46.69;46
7453295605;chelyabinsk;56.10;56
5473010220;novosibirsk;43.91;43
7811714538;sankt-petersburg;41.20;41
1701064029;tuva;56.30;56
2209049467;altai terr.;43.21;43
0257009870;bashkortostan;56.10;56
2370008015;krasnodar;01.61;01
3309005112;vladimir;49.40;49
7224025389;tyumen;52.10;52
1901142429;khakasia;56.21;56
5904296618;perm;46.69;46
9402003760;luhansk;71.12;71
2801182973;amur;70.22;70
6686137543;sverdlovsk;49.41;49
0326590644;buryatia;94.20;94
6684044967;sverdlovsk;70.10.20;70
1435278557;yakutia;56.10;56
3616026795;voronezh;01.11;01
5190088779;murmansk;62.01;62
1503015816;north ossetia;47.91;47
6676000490;sverdlovsk;01.10;01
3664223306;voronezh;68.32;68
9718210931;moscow city;20.30;20
9725124472;moscow city;43.29;43
8901038572;yamal-nenets ao;62.09;62
2224166246;altai terr.;70.22;70
7300028472;ulyanovsk;62.09;62
9406011112;luhansk;45.20;45
6101036646;rostov;64.99;64
6144023112;rostov;93.12;93
5042144300;moscow reg.;43.31;43
6952026613;tver;41.20;41
2367017901;krasnodar;68.32;68
2543136167;primorsky terr.;56.30;56
5034068013;moscow reg.;59.11;59
6027126957;pskov;47.20;47
1200017067;marij el;93.21;93
2626750123;stavropol;94.20;94
5833006775;penza;49.31.21;49
5503163723;omsk;47.19;47
7727821059;moscow city;86.23;86
7204175442;tyumen;73.11;73
2807074029;amur;68.20.20;68
3327825252;vladimir;56.10;56
6714047559;smolensk;56.10.10;56
2536277103;primorsky terr.;25.12;25
1833058215;udmurtia;70.22;70
7802657587;sankt-petersburg;74.90;74
0100003020;adygeya;41.20;41
5610239335;orenburg;46.90;46
7841415359;moscow city;79.11;79
6113006043;rostov;01.11.10;01
1645033320;tatarstan;86.10;86
9303038313;donetsk;71.12.30;71
3906396741;kaliningrad;01.61;01
6670249925;sverdlovsk;25.62;25
7017014653;tomsk;68.32.10;68
7106523540;tula;62;62
4345267281;kirov;94.99;94
1431012355;yakutia;25.11;25
3017042131;astrakhan;70.22;70
6727016163;smolensk;56.10;56
4821050150;lipetzk;94.12;94
2225140508;altai terr.;70.22;70
3123078010;belgorod;46.19;46
5074076740;moscow reg.;93.29.90;93
5505065143;omsk;45.31;45
7611026823;yaroslavl;01.41;01
2124020074;chuvashia;46.90;46
7901551126;jewish ao;46.73;46
0275918035;bashkortostan;56.10;56
3025027497;astrakhan;70.22;70
7536106756;zabaikalsk terr.;46.38;46
6950114085;tver;41.20;41
1650155074;tatarstan;56.10;56
2901166894;arkhangelsk;71.10;71
5190500054;murmansk;25.92;25
5404098456;novosibirsk;01.11.10;01
7536065002;zabaikalsk terr.;56.30;56
1701064692;tuva;68.32.10;68
1658158341;tatarstan;43.99;43
9706032755;moscow city;46.90;46
7446037586;chelyabinsk;47.30;47
7715700490;moscow city;71.10;71
2528000436;primorsky terr.;02.20;02
6316264138;samara;56.10;56
2808016573;amur;86.23;86
3525241900;vologda;86.23;86
3528211943;vologda;56.10;56
7500012649;zabaikalsk terr.;70.10.20;70
2014018393;chechnya;86.23;86
6451000999;saratov;86.21;86
3461063801;volgograd;93.29.90;93
5053600402;moscow reg.;94.99;94
1817006273;udmurtia;01.50;01
1840114365;udmurtia;73.11;73
5902067041;perm;52.10;52
5263143199;nizhni novgorod;41.20;41
1516619050;north ossetia;41.20;41
2540235272;primorsky terr.;62.01;62
1500013024;north ossetia;69.10;69
5030053489;moscow city;47.25.10;47
4909121338;magadan;01.49.40;01
6027122952;pskov;73.10;73
4800002156;lipetzk;43.39;43
2366024180;krasnodar;43.21;43
5258151885;nizhni novgorod;49.42;49
7806539231;sankt-petersburg;49.41;49
2225195306;altai terr.;56.10;56
9311018102;donetsk;45.11;45
9310010478;donetsk;56.10;56
7717003664;moscow city;94.20;94
6231042200;ryazan;68.32;68
9710105773;moscow city;46.41;46
7702463718;krasnodar;69.10;69
6319254804;samara;49.41;49
7705658190;moscow city;46.90;46
7100050230;tula;86.23;86
3311012847;vladimir;55.10;55
4029053193;kaluga;68.20.20;68
5835114166;penza;49.40;49
0544001828;dagestan;42.99;42
7448148210;chelyabinsk;43.29;43
1639018010;tatarstan;68.20.20;68
9500002059;kherson;68.20;68
5405426580;novosibirsk;46.90;46
7733855137;moscow city;14.19.10;14
5836691286;penza;47.73;47
7806147410;belgorod;49.41.20;49
4414015305;kostroma;46.49.32;46
5919018853;perm;49.39.11;49
5614053740;orenburg;43.30;43
7017092080;tomsk;46.48.20;46
5042152075;moscow reg.;69.10;69
5611078338;orenburg;25.50;25
5045068544;moscow reg.;41.20;41
5038053018;moscow city;43.99.70;43
6685214611;sverdlovsk;41.20;41
7814494418;sankt-petersburg;93.11;93
5032301433;moscow reg.;47.11;47
2536311273;primorsky terr.;69.10;69
1840107150;udmurtia;43.21;43
7422000570;chelyabinsk;35.30.20;35
2013012416;chechnya;49.41;49
5260177270;mordovia;46.65;46
2801203285;amur;86.23;86
8608150607;khanty-mansijsk;94.20;94
0500009509;dagestan;56.10;56
2457195360;krasnoyarsk;93.19;93
6730070570;smolensk;86;86
5228058409;nizhni novgorod;29.32;29
9001000909;zaporizhzhia;47.11;47
1300005869;mordovia;46.73;46
5310024272;novgorod;42.21;42
0323376032;buryatia;94.99;94
5029262181;moscow reg.;68.31.22;68
6509020233;sakhalin;49.41;49
2700010880;khabarovsk;62.09;62
4401000090;kostroma;68.20.20;68
6950260368;tver;43.21;43
8904054477;yamal-nenets ao;62.09;62
7017029667;tomsk;86.21;86
2907018243;arkhangelsk;49.41;49
7100035338;tula;94.99;94
0275904089;bashkortostan;41.20;41
2635811319;stavropol;62.01;62
2724140983;khabarovsk;41.20;41
7203301253;tyumen;42.21;42
3123476081;belgorod;41.20;41
9710081723;moscow city;49.41;49
0912004210;karachaevo-chercessia;56.10;56
9203546240;sevastopol;43.91;43
5262387883;nizhni novgorod;70.22;70
4502009942;kurgan;68.32.10;68
7721545324;moscow city;62.09;62
4102012404;kamchatka;47.11;47
4821003425;lipetzk;49.20;49
5610225170;orenburg;47.78;47
1661060473;tatarstan;46.73;46
0276938700;bashkortostan;47.19.10;47
6313560900;samara;25.62;25
7456055087;chelyabinsk;46.73;46
0278911126;bashkortostan;86.21;86
5611028834;orenburg;73.11;73
3123380728;belgorod;42.21;42
5753037619;oryol;69.10;69
5404087327;novosibirsk;42.21;42
2623803240;stavropol;47.52.30;47
7024040485;sevastopol;43.31;43
6027199909;pskov;69.10;69
1004004287;karelia;86.10;86
7708355998;moscow city;43.11;43
4501221350;kurgan;93.11;93
3700002785;ivanovo;47.91.20;47
7104504816;tula;70.10.10;70
0326048960;buryatia;94.99;94
3811440262;irkutsk;71.11.10;71
6732222732;smolensk;46.73;46
5752008630;oryol;69.10;69
5405029624;novosibirsk;49.42;49
9724103039;moscow city;41.20;41
3023999507;astrakhan;93.19;93
5047299804;moscow reg.;43.99;43
4345061442;kirov;70.22;70
5107910731;murmansk;49.40;49
7325052928;ulyanovsk;43.22;43
7433001448;chelyabinsk;94.99;94
1903014334;khakasia;68.31.11;68
3460055597;volgograd;46.21.11;46
7733815945;moscow city;62.01;62
0105049211;adygeya;62.01;62
4501091750;kurgan;52.23.19;52
6501240332;sakhalin;70.22;70
1650242320;tatarstan;86.10;86
0541007211;dagestan;94.90;94
1435298169;yakutia;70.22;70
5503266849;omsk;45.32;45
2466286831;krasnoyarsk;69.10;69
6318064568;samara;52.29;52
0105036710;adygeya;46.90;46
0916009410;karachaevo-chercessia;69.10;69
5190193597;murmansk;49.31.22;49
1400019939;yakutia;45.20;45
9204553899;sevastopol;93.19;93
6229059848;ryazan;62.01;62
7536145018;zabaikalsk terr.;69.10;69
5037002412;moscow reg.;72.19;72
2014999379;chechnya;93.10;93
7017441408;tomsk;43.32;43
7453161601;chelyabinsk;43.21;43
7311006745;ulyanovsk;86.23;86
1834000747;udmurtia;69.10;69
1101127929;komi;70.22;70
5402027121;novosibirsk;46.33.10;46
1800017750;udmurtia;45.31.10;45
7602111215;yaroslavl;68.32.10;68
1435334025;yakutia;46.15.40;46
1655495370;tatarstan;25.11;25
6811006533;tambov;46.33.10;46
2629010014;stavropol;86.23;86
1684013769;tatarstan;46.49.49;46
1001350433;karelia;93.19;93
3702202324;ivanovo;64.19;64
7805457515;sankt-petersburg;46.75;46
5904400690;perm;93.29;93
1901007412;khakasia;25.99;25
0309407070;buryatia;01.19.20;01
3525252973;vologda;70.22;70
6213006632;ryazan;69.10;69
4501083887;kurgan;68.32.10;68
6321120371;samara;68.31.10;68
2983015212;nenets ao;41.20;41
9201015356;sevastopol;93.19;93
2609025943;stavropol;86.90;86
0323406209;buryatia;41.20;41
3023008330;astrakhan;46.21;46
6501285365;sakhalin;25.11;25
6832010795;tambov;94.20;94
7721729956;moscow city;46.90;46
5029057457;moscow city;86.23;86
1110003574;komi;42.11;42
2530007848;primorsky terr.;01.11.10;01
9310005615;donetsk;68.20;68
5074011006;moscow city;01.13;01
7611029310;yaroslavl;93.12;93
7734667640;moscow city;45.11;45
2813011002;amur;43.31;43
2311312197;krasnodar;62.01;62
2632807018;stavropol;94.92;94
6227008823;ryazan;45.31.10;45
6685146947;sverdlovsk;25.11;25
3023999257;astrakhan;70.22;70
6167095755;rostov;52.22;52
2703088651;khabarovsk;49.41.20;49
1700010006;tuva;10.71;10
2624007748;stavropol;62.09;62
5105013084;murmansk;42.11;42
9727028527;moscow city;47.59;47
5714006590;oryol;70.22;70
3906221942;kaliningrad;25.99;25
3304024062;vladimir;42.11;42
7814012304;sankt-petersburg;68.20.20;68
1207019257;marij el;68.20;68
1901074232;khakasia;94.99;94
3111005962;belgorod;47.10;47
6318072390;samara;42.21;42
1203009650;marij el;56.10;56
6504012863;sakhalin;86.23;86
1901069708;khakasia;47.20;47
2904018196;arkhangelsk;45.31.10;45
2452048890;krasnoyarsk;25.61;25
1001286178;karelia;46.73;46
7806385479;sankt-petersburg;46.90;46
0303008150;buryatia;01.40;01
3702677695;ivanovo;70.22;70
5904315236;perm;49.40;49
4811006811;lipetzk;52.10.30;52
7731473260;moscow city;68.20;68
6730043640;smolensk;69.10;69
2310106900;krasnodar;46.46;46
3700016876;ivanovo;49.41;49
0326557051;buryatia;01.11;01
3702067202;ivanovo;41.20;41
3523012743;vologda;41.20;41
7727216968;smolensk;69.20.20;69
4401184539;kostroma;56.29.20;56
6312206199;samara;62.01;62
0256019064;bashkortostan;56.29;56
1102070979;komi;71.11.10;71
1650434504;tatarstan;46.73;46
4513000966;kurgan;01.11.10;01
4205237512;kemerovo;69.10;69
2100010800;chuvashia;70.22;70
4345362859;kirov;49.41;49
1001272859;karelia;68.20;68
2130149277;chuvashia;43.99.10;43
1840082434;udmurtia;69.10;69
3662304380;voronezh;62.01;62
2301008977;krasnodar;41.20;41
1435996773;yakutia;68.32;68
5433974274;novosibirsk;25.11;25
7327090767;ulyanovsk;93.19;93
2540186890;primorsky terr.;52.29;52
5753052695;oryol;94.99;94
1326211979;mordovia;47.30;47
6828001685;tambov;94.20;94
3435142550;volgograd;46.61;46
5410118848;novosibirsk;86;86
1435359069;yakutia;71.12.30;71
9403028693;luhansk;56.10;56
3819010494;irkutsk;94.99;94
6424001471;saratov;01.11;01
3460015139;volgograd;70.22;70
6213000334;ryazan;47.10;47
0916009763;karachaevo-chercessia;86.21;86
3328029736;vladimir;55.10;55
5050020259;moscow reg.;68.32.20;68
4703111760;leningrad;68.10;68
9002000468;zaporizhzhia;01.11;01
4100041939;kamchatka;93.12;93
1650211040;tatarstan;25.50;25
9108000997;crimea;47.52.50;47
4826108206;lipetzk;62.01;62
0711005729;kabardino-balkaria;86.23;86
9704161681;moscow reg.;46.47.20;46
7017134936;tomsk;52.21.21;52
3442047191;volgograd;85.13;85
2908002616;arkhangelsk;47.11;47
2311319876;krasnodar;68.10;68
4704096634;leningrad;01.61;01
7203193199;tyumen;18.10;18
1101135599;komi;73.11;73
2807004744;amur;93.11;93
6679069476;moscow city;46.90;46
2801255639;amur;93.19;93
0800000835;kalmykia;45.20;45
3500000639;vologda;46.90;46
4905098279;magadan;47.10;47
1902021378;khakasia;41.20;41
7703646432;moscow reg.;62.01;62
1435176026;yakutia;71.20.70;71
4345511194;kirov;41.20;41
1101075893;komi;41.20;41
6154151674;rostov;46.73;46
1646041860;tatarstan;52.29;52
2466127454;krasnoyarsk;73.11;73
6325048158;samara;46.31;46
7807191050;sankt-petersburg;68.20;68
5753015799;oryol;52.21.24;52
6027127686;pskov;46.38.29;46
2312079289;adygeya;41.20;41
0400015178;altai rep.;42.11;42
6833020901;tambov;43.29;43
2353021263;krasnodar;17.21;17
7819017200;sankt-petersburg;94.99;94
5503192643;omsk;43.22;43
3025005817;astrakhan;43.21;43
7716901383;moscow city;41.10;41
7734703144;moscow reg.;69.20;69
4400001006;kostroma;70.22;70
6729035108;smolensk;56.30;56
2129054292;chuvashia;69.10;69
6501315108;sakhalin;55.10;55
1400023766;yakutia;45.19;45
1102084065;komi;56.10;56
6700006457;smolensk;23.99.50;23
4205411760;kemerovo;46.73.30;46
5022044360;moscow reg.;46.45;46
7449151921;chelyabinsk;42.12;42
0277956131;bashkortostan;73.11;73
4632292490;kursk;71.12.70;71
6317151842;samara;70.10.10;70
0917022460;karachaevo-chercessia;43.31;43
0300023217;buryatia;41.20;41
5501025809;omsk;52.21.24;52
5117111142;murmansk;93.19;93
4401152431;kostroma;41.20;41
6376021531;samara;01.10;01
3250508353;bryansk;62.02;62
7706502693;moscow city;46.69.40;46
6658191884;sverdlovsk;71.20.90;71
2508129752;primorsky terr.;49.41;49
7132003699;tula;41.20;41
7701962150;moscow city;46.69.20;46
4105028963;kamchatka;69.10;69
7606049790;yaroslavl;70.22;70
2014262458;chechnya;47.10;47
3906409221;kaliningrad;70.21;70
8602139822;khanty-mansijsk;25.10;25
6633024867;sverdlovsk;42.11;42
9303027713;donetsk;94.20;94
6163096959;rostov;45.20;45
7606093870;yaroslavl;25.12;25
7714978479;moscow city;28.22;28
6910019639;tver;52.10.90;52
3100007615;belgorod;43.22;43
7733366390;moscow city;43.21;43
9303012604;donetsk;71.11;71
2319024240;krasnodar;25.12;25
4011022892;kaluga;71.12.30;71
4501202372;kurgan;70.22;70
1840075571;udmurtia;46.61;46
0202012577;bashkortostan;46.36.30;46
3445063307;volgograd;93.10;93
6800003266;tambov;46.69;46
4100011733;kamchatka;52.22.10;52
1901108570;khakasia;52.29;52
3245021010;bryansk;45.31;45
7456054365;chelyabinsk;46.90;46
5321143874;novgorod;73.10;73
4345509935;kirov;42.13;42
4401079750;kostroma;41.20;41
5260252626;nizhni novgorod;94.11;94
3906249909;kaliningrad;25.12;25
9102299883;crimea;69.10;69
6827004274;tambov;68.32;68
5313014466;novgorod;16.23;16
6318068241;samara;43.22;43
6453086938;saratov;56.10;56
7300014092;ulyanovsk;49.41;49
3702225096;ivanovo;70.22;70
6714997462;smolensk;94.99;94
2801151372;amur;42.11;42
0107036480;adygeya;46.43;46
1314002177;mordovia;25.11;25
5800008209;penza;41.20;41
3435311060;volgograd;45.20;45
6800010471;tambov;70.22;70
6223001785;ryazan;01.10;01
0600011043;ingushetia;45.32;45
7743459118;moscow city;47.91;47
3123026318;belgorod;94.20;94
7710921930;moscow city;47.64;47
7721524282;moscow city;96.01;96
9406015484;luhansk;86.23;86
9103101991;crimea;25.11;25
5104005299;murmansk;41.20;41
3128027354;belgorod;68.32.20;68
3711050981;ivanovo;62.01;62
9705218235;moscow city;74.20;74
8603252919;khanty-mansijsk;86.10;86
5407253389;novosibirsk;68.20;68
3907057727;kaliningrad;41.20;41
8901027940;yamal-nenets ao;86.10;86
9204573550;sevastopol;41.20;41
1513030309;north ossetia;42.11;42
4706072477;leningrad;47.91.10;47
6685194556;sverdlovsk;41.20;41
4401051440;kostroma;52.21.24;52
7106076852;tula;73.11;73
5404161267;novosibirsk;43.29;43
2721253869;khabarovsk;71.12.30;71
1657140750;tatarstan;68.20;68
2221253363;altai terr.;41.20;41
7203549462;tyumen;01.11;01
0554006543;dagestan;55.10;55
6674121179;sverdlovsk;47.11.20;47
2010002378;chechnya;86.21;86
2723215097;khabarovsk;70.22;70
7300020628;ulyanovsk;70.22;70
7842150440;novgorod;56.10;56
3662286861;moscow city;69.20.10;69
9201523230;sevastopol;43.21;43
7024042891;tomsk;13.92.20;13
9200016533;sevastopol;73.11;73
1841108526;udmurtia;70.22;70
5408006008;novosibirsk;45.20;45
9303030184;donetsk;68.20;68
8602311880;khanty-mansijsk;41.20;41
1326218188;mordovia;71.10;71
7202237044;tyumen;94.99;94
7203436606;tyumen;49.41;49
1215039419;marij el;52.21.24;52
4705113667;leningrad;56.10;56
2310132392;krasnodar;23.60;23
6324006564;samara;94.99;94
1431013743;yakutia;93.19;93
5050126618;moscow reg.;56.29.20;56
6141029444;rostov;49.32;49
6950217041;tver;70.22;70
7707581169;moscow city;41.20;41
7717286444;moscow city;94.12;94
5908040991;perm;46.69;46
7604230602;yaroslavl;42.21;42
7805790467;sankt-petersburg;52.29;52
9102292430;crimea;62.01;62
7811602961;sankt-petersburg;82.99;82
7448169980;chelyabinsk;49.40;49
9729113312;moscow city;41.20;41
0272905493;bashkortostan;68.20;68
9103090161;crimea;43.33;43
0268076998;bashkortostan;47.19;47
4345508628;kirov;62.09;62
1901137482;khakasia;25.11;25
9724156792;moscow city;73.11;73
6141057184;rostov;94.99;94
7203437889;tyumen;71.12;71
8602316327;khanty-mansijsk;42.11;42
4345430234;kirov;70.22;70
3019030519;astrakhan;71.12.10;71
0274103689;bashkortostan;68.20.20;68
9001023293;zaporizhzhia;41.20;41
2617013356;stavropol;33.14;33
5528208550;omsk;46.70;46
2343019674;dagestan;42.21;42
4322003564;kirov;47.11.20;47
3849083771;irkutsk;42.11;42
3664135561;voronezh;70.22;70
5249165592;nizhni novgorod;56.10;56
1000009693;karelia;47.19;47
4501105058;kurgan;70.22;70
5263146520;nizhni novgorod;47.52.70;47
3443151660;volgograd;93.12;93
4338007758;kirov;46.73;46
4027000975;kaluga;71.11.10;71
9310003086;donetsk;25.62;25
8602188851;khanty-mansijsk;70.22;70
4632274275;kursk;42.11;42
7203390486;tyumen;86.23;86
1001353681;karelia;62.01;62
7107509308;tula;71.20.70;71
3257063015;bryansk;46.62;46
7325134627;ulyanovsk;56.10;56
7604241393;yaroslavl;45.30;45
4824091532;lipetzk;01.50;01
8601052576;khanty-mansijsk;01.13.10;01
6004004688;pskov;43.99;43
2636802476;kabardino-balkaria;52.23.11;52
5010998108;moscow reg.;70.22;70
7203522830;tyumen;25.11;25
7842200081;leningrad;46.90;46
3015091214;astrakhan;93.10;93
0816039838;kalmykia;56.10;56
3518006430;vologda;70.22;70
2540167181;primorsky terr.;73.11;73
2130223192;chuvashia;94.12;94
2619002342;stavropol;52.10.30;52
5835112659;penza;41.20;41
5401403060;novosibirsk;52.24;52
2801260117;amur;41.20;41
1831183972;udmurtia;86.10;86
3000002973;astrakhan;56.10;56
0326567959;buryatia;86.23;86
0500016009;dagestan;62.09;62
1109017068;komi;73.11;73
2724126442;khabarovsk;52.29;52
3662032730;voronezh;68.32.10;68
5610112515;orenburg;41.20;41
9726089012;moscow city;45.20;45
5752086042;oryol;43.32.30;43
1901122239;khakasia;01.70;01
5038122166;moscow reg.;93.19;93
5300010471;novgorod;94.99;94
5218004926;nizhni novgorod;47.10;47
7730189256;moscow city;52.29;52
2635249298;stavropol;49.31.20;49
3446035849;volgograd;62.02;62
1328006580;mordovia;69;69
4345432143;kirov;46.90;46
1435340420;yakutia;25.99;25
3328423958;vladimir;42.21;42
4101190718;kamchatka;56.10;56
0725019418;kabardino-balkaria;62.01;62
3257078501;bryansk;56.10;56
6952315647;tver;71.11;71
7707589560;moscow city;71.10;71
0314888370;buryatia;41.20;41
9102225627;crimea;94.99;94
5310013023;novgorod;01.62;01
5409011410;novosibirsk;64.99;64
4826149097;lipetzk;86.21;86
2801250944;amur;69.10;69
2129044537;chuvashia;42.21;42
3528170493;vologda;68.20.20;68
9311004170;donetsk;42.12;42
3025038925;astrakhan;49.41;49
6450062294;saratov;80.10;80
1837021720;udmurtia;68.32.10;68
3849075770;irkutsk;43.12;43
7017283350;tomsk;86.21;86
5752028918;oryol;62.02;62
5507174726;omsk;38.11;38
5836611925;penza;56.10;56
3906380597;kaliningrad;94.12;94
4707022623;leningrad;94.90;94
7203347160;tyumen;71.12;71
7730258319;moscow city;46.49.33;46
0401001700;altai rep.;71.12.30;71
2010007513;chechnya;62.09;62
5908016124;perm;73.10;73
6234159213;ryazan;49.40;49
0702005480;kabardino-balkaria;01.50;01
2801266180;amur;41.20;41
2466023590;krasnoyarsk;43.21;43
7515008388;zabaikalsk terr.;86.23;86
4212018448;kemerovo;94.20;94
5108997608;murmansk;43.20;43
1001314410;karelia;70.22;70
5246007735;nizhni novgorod;68.32.20;68
3525215266;vologda;73.11;73
2806008320;amur;56.10;56
2703033733;khabarovsk;86.21;86
7500020150;zabaikalsk terr.;25.11;25
7609005921;yaroslavl;01.13.10;01
2609750081;stavropol;70.22;70
9729307621;moscow city;46.42.10;46
3128152115;belgorod;52.29;52
1000012720;karelia;43.11;43
6440030670;saratov;47.78.20;47
1841096493;udmurtia;43.39;43
1326255768;mordovia;41.20;41
9722009908;moscow reg.;62.09;62
2455033268;kalmykia;71.20.30;71
4345520960;kirov;62.02;62
2901231053;arkhangelsk;81.22;81
0105980212;adygeya;93.10;93
7838046849;leningrad;62.09;62
6382089224;samara;25.11;25
7729709920;moscow city;46.73;46
6140017118;rostov;47.62.20;47
8602223633;khanty-mansijsk;73.20.10;73
7840063986;sankt-petersburg;56.10;56
4800007683;lipetzk;86.23;86
2469001555;krasnoyarsk;01.70;01
4704108128;leningrad;62.01;62
6234205942;ryazan;70.22;70
4205065493;kemerovo;11.07;11
7604350265;yaroslavl;93.19;93
0919004548;karachaevo-chercessia;68.32.10;68
6125031968;rostov;70.22;70
5611036521;orenburg;47.11;47
5110006484;murmansk;52.21;52
7734226766;moscow city;86.23;86
0726025887;kabardino-balkaria;68.32;68
1512021171;north ossetia;01.13.10;01
4246024672;kemerovo;47.91.20;47
3523018537;vologda;41.20;41
7730672706;moscow city;68.10;68
9110022483;crimea;42.21;42
9403021909;luhansk;71.12;71
1101004525;komi;68.32.10;68
5700001150;oryol;56.10;56
5190069303;murmansk;52.21;52
5604032910;orenburg;25.99.11;25
1701064903;tuva;56.10.10;56
5260429190;nizhni novgorod;86.23;86
3435113485;volgograd;45.20;45
3328465926;vladimir;45.11.20;45
4632123710;kursk;69;69
9726011351;moscow city;56.10;56
7801468555;sankt-petersburg;71.10;71
0220024342;bashkortostan;47.73;47
4401184828;kostroma;62.01;62
7811533323;leningrad;46.43;46
3805733856;irkutsk;25.99.30;25
3801146053;irkutsk;46.32;46
5528033733;omsk;46.90;46
6732236044;smolensk;46.90;46
7451041330;chelyabinsk;52.21.24;52
1435338975;yakutia;41.20;41
9718227847;moscow city;46.90;46
4101159940;kamchatka;70.22;70
5107917261;murmansk;25.50.10;25
6829910235;tambov;93.10;93
3702249918;ivanovo;25.61;25
2309127278;krasnodar;68.32.10;68
7457011678;chelyabinsk;46.69;46
9721127546;moscow city;59.11;59
3123454909;belgorod;73.11;73
2463257374;krasnoyarsk;56.29;56
5256144441;nizhni novgorod;49.40;49
4407013699;kostroma;47.73;47
3665825695;voronezh;25.99;25
1714006761;tuva;56.10.10;56
0326598019;buryatia;25.11;25
4824004000;lipetzk;01.61;01
3702523737;ivanovo;73.20;73
2366045127;krasnodar;41.20;41
1203007405;marij el;42.21;42
3123476035;belgorod;56.10.10;56
6952313424;tver;46.76;46
0529166624;dagestan;69.20.20;69
7100036780;tula;42.22;42
4501232497;kurgan;42.11;42
9702068944;moscow city;52.29;52
6678109060;sverdlovsk;33.14;33
9715491032;moscow city;01.29;01
3017034476;astrakhan;68.32.10;68
1903026749;khakasia;69.20;69
7017471272;tomsk;46.32.20;46
7816748795;sankt-petersburg;64.20;64
4824098263;lipetzk;43.21;43
5050154291;moscow reg.;47.73;47
7417014880;chelyabinsk;35.12.10;35
7017346320;tomsk;70.22;70
0502004168;dagestan;47.10;47
7810745220;sankt-petersburg;46.74.20;46
7717711547;moscow city;46.41;46
1215054488;marij el;25.12;25
2631036179;stavropol;68.32.10;68
5009058340;moscow reg.;52.10;52
2807009245;amur;68.32;68
2015042790;chechnya;73.20.10;73
7723911311;moscow city;47.99;47
6678008745;sverdlovsk;86.10;86
7701176830;moscow reg.;01.62;01
1510007020;north ossetia;71.11;71
0608061960;ingushetia;93.12;93
2128037350;chuvashia;94.99;94
7734458220;moscow city;41.10;41
6671211473;sverdlovsk;42.11;42
9701137874;moscow city;20.59.50;20
0603022950;ingushetia;42.11;42
7720499957;moscow city;46.14.90;46
3906370133;kaliningrad;62.09;62
6900007828;tver;41.20;41
1430009670;yakutia;01.40;01
2116498540;chuvashia;01.11;01
5835117128;penza;70.22;70
1101009467;komi;49.31.20;49
1710001995;tuva;01.42.12;01
6432020911;saratov;68.32;68
2223026292;altai terr.;68.32.20;68
4101188243;kamchatka;69.20;69
8601202736;khanty-mansijsk;70.22;70
2005011063;chechnya;93.29;93
9307000173;donetsk;81.10;81
7720931574;moscow city;46.73;46
9201510230;sevastopol;70.22;70
5027274921;moscow reg.;20.14.70;20
3913505470;kaliningrad;41.20;41
6603014011;sverdlovsk;01.10;01
9715247549;moscow city;56.10;56
7451432180;chelyabinsk;25.11;25
4714016490;leningrad;68.20;68
4101126656;kamchatka;62;62
4704055684;leningrad;70.22;70
7717111275;moscow city;47.11;47
5107915313;murmansk;45.20;45
6324104603;samara;45.31.10;45
6027141137;pskov;45.11.10;45
6200007974;ryazan;63.99;63
7839119176;sankt-petersburg;56.30;56
3025000390;astrakhan;69;69
0560037003;dagestan;71.11.10;71
2311023597;krasnodar;45.32;45
5406821350;novosibirsk;46.90;46
0105022795;adygeya;49.31.21;49
4345398245;kirov;62.09;62
3713000023;ivanovo;43.11;43
1623013338;tatarstan;42.91;42
7813228237;sankt-petersburg;41.20;41
7726430609;moscow city;41.20;41
0702001679;kabardino-balkaria;47.73;47
9702027120;moscow city;71.12;71
9106003456;crimea;01.11;01
2465233139;krasnoyarsk;49.41;49
3702212682;ivanovo;46.49.40;46
9102053664;crimea;49.40;49
5902165810;perm;43.22;43
8503004038;irkutsk;01.11.10;01
2724224954;khabarovsk;49.41;49
7839499859;sankt-petersburg;46.73.60;46
3702193239;ivanovo;41.20;41
2447008821;krasnoyarsk;49.41.10;49
8603182725;khanty-mansijsk;46.31;46
2209053079;altai terr.;93.19;93
0277139612;bashkortostan;49.41;49
5610094513;orenburg;47.20;47
0917037971;karachaevo-chercessia;46.69.90;46
0276117687;bashkortostan;46.49;46
6325054137;samara;45.31.10;45
2320213918;krasnodar;43.12;43
4205380030;kemerovo;70.22;70
5321131903;novgorod;45.20.20;45
4401192258;kostroma;31.09;31
4509010023;kurgan;42.21;42
7452157754;chelyabinsk;45.31;45
8602013837;khanty-mansijsk;69.10;69
4632293912;kursk;62.01;62
3528223794;vologda;73.11;73
6204008707;ryazan;01.11;01
7451406260;chelyabinsk;45.10;45
9408007908;luhansk;52.21;52
3917042335;kaliningrad;47.52;47
5501197149;omsk;42.13;42
5024115313;moscow reg.;69.10;69
7707480820;moscow city;43.39;43
2130214575;chuvashia;93.19;93
4703150945;leningrad;45.20;45
6700005326;smolensk;93.19;93
6501188347;sakhalin;86.23;86
5074085600;moscow reg.;49.41;49
2801284502;amur;41.20;41
0600011540;ingushetia;69.10;69
3900020950;kaliningrad;86.22.10;86
3461061547;volgograd;43.99;43
7717787810;moscow city;62.02;62
3904059892;kaliningrad;52.29;52
1831183637;udmurtia;81.10;81
8708001197;chukotka;01.49.40;01
4307008864;kirov;71.12.53;71
1655395672;tatarstan;41.20;41
7725693563;moscow city;69;69
7727486555;moscow city;56.10.10;56
7106076644;tula;25.90;25
9103101399;crimea;47.25;47
5837075314;penza;71.20.62;71
1831192409;udmurtia;70.10.20;70
2461028925;krasnoyarsk;46.44.20;46
2901257260;nenets ao;41.20;41
2014012190;chechnya;56.10;56
3528287815;vologda;25.62;25
2901315507;arkhangelsk;71.12.30;71
3702002854;ivanovo;52.21.24;52
5406799584;novosibirsk;73.11;73
5041024708;moscow reg.;02.20;02
5401995507;novosibirsk;49.41;49
3123321835;belgorod;56.10;56
1106014220;komi;52.10.23;52
1001315100;karelia;45.11;45
5042152420;moscow reg.;47.11;47
9717135880;moscow city;43.99;43
0600017895;ingushetia;69.20;69
9111028745;crimea;49.41;49
3603009633;voronezh;01.11;01
6319700382;samara;85.42;85
7743871427;moscow city;86.23;86
3900031744;kaliningrad;94.99.30;94
9731026402;moscow reg.;70.22;70
5502016860;omsk;52.21.24;52
7810923786;sankt-petersburg;47.41;47
6709004623;smolensk;49.41;49
5424101474;novosibirsk;01.41;01
2632117310;stavropol;46.49.33;46
6234088717;ryazan;68.32.10;68
1435198622;yakutia;43.20;43
9311025653;donetsk;47.11;47
1326252125;mordovia;56.30;56
7714623476;moscow city;41.20;41
1400025523;yakutia;25.99;25
9701224598;moscow city;49.41;49
2364015832;krasnodar;68.32.20;68
4509005697;kurgan;86.23;86
2324001248;krasnodar;45.20;45
6168119350;rostov;93.12;93
7449086246;chelyabinsk;72.19;72
6952041812;tver;46.74.20;46
7713801447;moscow city;46.90;46
2460231988;krasnoyarsk;62.02;62
7721694911;moscow city;46.69.80;46
9729335241;moscow city;43.21;43
3525254314;vologda;68.32.10;68
2804020307;amur;01.19.20;01
2367031568;krasnodar;73.11;73
6452139591;saratov;43.32;43
8603071528;khanty-mansijsk;52.21.24;52
4706083895;leningrad;43.21;43
3123340595;belgorod;52.21.24;52
7903529920;jewish ao;41.20;41
6679176830;sverdlovsk;68.10;68
1837011225;udmurtia;62.01;62
1901121034;khakasia;45.11.20;45
2635071569;stavropol;52.21;52
6452147049;saratov;94.99;94
6658385720;sverdlovsk;73.10;73
4345533127;kirov;49.41;49
5753050289;oryol;94.12;94
5043072390;moscow reg.;47.91;47
2352056320;krasnodar;56.10;56
3461069401;volgograd;25.11;25
9729006141;moscow city;33.12;33
6686119738;sverdlovsk;70.10;70
9704204818;moscow city;94.99;94
7719491618;moscow city;43.32.30;43
6234115142;ryazan;56.10;56
1686030713;tatarstan;49.41;49
3311001891;vladimir;47.11;47
6508010176;sakhalin;93.12;93
7136006115;tula;68.32.20;68
7814824810;sankt-petersburg;45.31;45
1701064036;tuva;47.73;47
9312001334;donetsk;25.62;25
2130225224;chuvashia;86.23;86
7802952582;sankt-petersburg;86.23;86
5404489403;novosibirsk;47.54;47
6950263880;tver;47.19;47
3900017010;kaliningrad;88.91;88
3227004943;bryansk;01.61;01
2608013173;stavropol;62.09;62
2100018823;chuvashia;94.99.90;94
3100005960;belgorod;41.20;41
6206002725;ryazan;01.50;01
7802169131;sankt-petersburg;70.10.20;70
2634111561;stavropol;46.73;46
6439056480;saratov;52.21.24;52
7448188319;chelyabinsk;52.29;52
7804167690;pskov;52.29;52
6161024998;rostov;01.19;01
4329021322;kirov;43.99;43
5110008160;murmansk;47.91.20;47
0276953392;bashkortostan;25.99;25
2720007589;khabarovsk;01.13;01
2511122933;primorsky terr.;94.99;94
5243023601;nizhni novgorod;71.11.10;71
3300001593;vladimir;42.91;42
3257008328;bryansk;25.11;25
7731470780;luhansk;71.12;71
6732035605;smolensk;71.10;71
7500006483;zabaikalsk terr.;70.22;70
2221231754;altai terr.;69.20;69
3250527010;bryansk;41.20;41
6686127619;sverdlovsk;94.99;94
1215217012;marij el;01.41;01
3010001584;astrakhan;01.13.10;01
0326553057;buryatia;71.12.30;71
2447008814;krasnoyarsk;49.39.11;49
2615015196;stavropol;94.99;94
4205330575;kemerovo;93.19;93
5609185389;orenburg;43.31;43
2508142922;primorsky terr.;01.13;01
9204019292;samara;90.01;90
7720488225;moscow city;41.20;41
4401135820;kostroma;43.39;43
2819002861;amur;68.20.20;68
7814477660;leningrad;69.10;69
2224213986;altai terr.;41.20;41
9719005420;moscow city;46.48;46
2902059052;arkhangelsk;73.10;73
0561011960;dagestan;47.10;47
2225227244;altai terr.;43.32.30;43
3123148877;belgorod;86.23;86
1001348191;karelia;47.59;47
5190041668;murmansk;93.13;93
2543118016;primorsky terr.;46.69;46
2015004393;chechnya;41.20;41
6829095132;tambov;73.11;73
3327836906;vladimir;62.02;62
6685148207;sverdlovsk;46.38;46
7707482930;moscow city;86.21;86
5050160739;moscow reg.;56.10;56
2636217147;stavropol;71.12.20;71
5190079446;murmansk;25.50;25
6163133826;rostov;68.20;68
1215186935;marij el;45.19.10;45
4501217925;kurgan;69.10;69
3906268228;kaliningrad;70.22;70
6829126447;tambov;93.21;93
1513083050;north ossetia;71.20.20;71
7703117260;moscow city;47.70;47
0400015548;altai rep.;71.12.20;71
9721161723;moscow city;62.01;62
9200001103;sevastopol;56.10;56
5030094527;moscow reg.;41.20;41
3661171152;voronezh;56.10;56
4027123208;kaluga;88.10;88
0262018044;bashkortostan;74.20;74
2308181427;krasnodar;69.20.20;69
6905035723;tver;70.22;70
0323052623;buryatia;46.21.19;46
5835002416;penza;71.11;71
5404278402;novosibirsk;71.20;71
1904004995;khakasia;71.10;71
2010009197;chechnya;43.39;43
5321159666;novgorod;86.23;86
5614087443;orenburg;62.01;62
4727008715;leningrad;42.21;42
1831196570;udmurtia;42.11;42
9310016550;donetsk;25.62;25
7718872956;moscow city;10.71;10
5948034810;perm;86.10;86
6452148973;saratov;93.12;93
2720047782;khabarovsk;45.31.10;45
7816736060;sankt-petersburg;77.32;77
7113002202;tula;68.20;68
8604073616;khanty-mansijsk;47.52;47
4401140891;kostroma;73.11;73
6829097362;tambov;73.11;73
9715493417;moscow city;49.41;49
6730025009;smolensk;62.02;62
2366048142;krasnodar;45.40;45
7313014068;ulyanovsk;71.12.20;71
3904074971;kaliningrad;68.32.10;68
0607001534;ingushetia;43.12;43
7811629402;sankt-petersburg;33.12;33
9110030558;crimea;68.32;68
7447108790;chelyabinsk;25.62;25
1830009940;udmurtia;14.13.20;14
2723216580;khabarovsk;69.20;69
9729308223;krasnodar;68.20;68
9303020482;donetsk;52.29;52
3100005833;belgorod;69.10;69
3327831947;vladimir;69;69
5406672549;novosibirsk;72.19;72
2537028621;primorsky terr.;46.48.20;46
1000013562;karelia;25.40;25
7604364772;yaroslavl;49.41;49
5405459715;novosibirsk;52.29;52
7714455006;ryazan;70.10;70
6501217598;sakhalin;46.38.10;46
4100048934;kamchatka;46.73.40;46
2367033910;krasnodar;71.11;71
4401153121;kostroma;42.21;42
9306001079;donetsk;68.20.20;68
4704051922;leningrad;71.11;71
1901108026;khakasia;01.70;01
4443024262;kostroma;62.09;62
3702008599;ivanovo;68.20;68
9309018698;donetsk;86.23;86
9724192230;moscow city;94.99.30;94
6234185510;ryazan;47.59;47
3525474165;vologda;46.49;46
1660218982;tatarstan;46.19;46
7453243406;chelyabinsk;56.30;56
4000006909;kaluga;41.20;41
7536053769;zabaikalsk terr.;69;69
4824009601;lipetzk;52.21.24;52
6143053562;rostov;94.99;94
9406009459;luhansk;46.90;46
2010326830;chechnya;41.20;41
7103514152;tula;47.73;47
5321081297;crimea;41.20;41
7822004931;sankt-petersburg;86.10;86
7017019010;tomsk;68.32.10;68
5602024632;orenburg;46.71;46
5320021150;novgorod;71.12;71
9721114040;moscow city;10.85;10
4329018129;kirov;46.49.33;46
7104036318;tula;47.19;47
0800019071;kalmykia;71.20.80;71
9102050529;crimea;45.40;45
6164106399;rostov;25.21;25
0400007730;altai rep.;46.32;46
4101192835;kamchatka;71.20.80;71
0274974164;bashkortostan;47.52.70;47
7328508165;ulyanovsk;62.02;62
7734563578;moscow city;47.91.20;47
0100001093;adygeya;45.20;45
6501308686;sakhalin;93.12;93
6500016112;sakhalin;94.99;94
1639057115;tatarstan;46.32.10;46
5321187818;novgorod;69.20;69
0721057998;kabardino-balkaria;43.11;43
4826071027;lipetzk;25.29;25
6829163791;tambov;41.20;41
2411027877;krasnoyarsk;45.11;45
2015009289;chechnya;62.01;62
1656095390;tatarstan;45.31;45
2452027820;krasnoyarsk;42.21;42
9101004826;crimea;70.22;70
4825021915;lipetzk;52.21.24;52
6454053741;saratov;70.22;70
5754025782;oryol;70.22;70
2537065430;primorsky terr.;01.61;01
7811797365;sankt-petersburg;46.90;46
3666053586;voronezh;41.20;41
9724057174;moscow reg.;45.31;45
5110411309;murmansk;94.99;94
7706726750;moscow city;41.20;41
6500010985;sakhalin;73.11;73
0326552381;buryatia;25.11;25
1808350544;udmurtia;68.32.20;68
9718266028;moscow city;49.42;49
7606132960;yaroslavl;49.42;49
6732216979;smolensk;70.22;70
2225087131;altai terr.;47.89.10;47
3808201271;irkutsk;49.41;49
7734501130;moscow city;46.51;46
7751261400;moscow city;52.24;52
3447009993;volgograd;52.21.24;52
3651007481;voronezh;47.11;47
5433174380;novosibirsk;93.19;93
6025033344;pskov;73.10;73
4217184030;kemerovo;62.01;62
9404012946;luhansk;56.10;56
1101169245;komi;41.20;41
5503276646;omsk;71.12;71
6831019724;tambov;68.20.20;68
7839037300;pskov;45.10;45
2925006089;arkhangelsk;86.23;86
6166070620;rostov;47.20;47
1655434667;tatarstan;42.11;42
1215227652;marij el;71.11;71
4414007350;kostroma;01.10;01
5903000794;perm;47;47
2465163153;krasnoyarsk;42.21;42
7118020660;tula;46.33;46
9729376287;moscow city;46.39;46
2502067115;primorsky terr.;49.41;49
5262332718;nizhni novgorod;47.71.10;47
7805619283;sankt-petersburg;33.12;33
7728658359;moscow city;46.49.42;46
6625049956;sverdlovsk;71.11.10;71
6119015615;rostov;47.76;47
6234064882;ryazan;68.32;68
0277032891;bashkortostan;47.78.90;47
9731109673;moscow city;71.12.20;71
7743414734;moscow city;62.02;62
7729773266;moscow city;46.43;46
6225009613;ryazan;86.23;86
3525235745;vologda;94.99;94
3900020446;kaliningrad;56.10;56
7203167664;tyumen;73.11;73
9724025648;moscow city;62.01;62
4105038545;kamchatka;56.30;56
1400037889;yakutia;62.02;62
6679124889;sverdlovsk;69.10;69
7805768655;sankt-petersburg;73.11;73
0254013620;bashkortostan;93.29.20;93
6686082492;sverdlovsk;93.29.90;93
2366023726;krasnodar;45.32;45
7726332344;moscow city;82.99;82
2901169380;arkhangelsk;45.30;45
6732054534;smolensk;49.32;49
1101085355;komi;68.32.20;68
2366026244;krasnodar;56.10;56
5249141880;nizhni novgorod;70.22;70
9723195206;moscow city;45.31;45
6501270697;sakhalin;86.21;86
6501170156;sakhalin;56.10;56
1645035173;tatarstan;93.29;93
7415047834;chelyabinsk;69.20.20;69
6670511178;sverdlovsk;71.11;71
0300004207;buryatia;02.20;02
7840098114;sankt-petersburg;43.39;43
3123153549;belgorod;68.20.20;68
0323827736;buryatia;45.11.20;45
7721753691;moscow city;46.60;46
2700022317;khabarovsk;56.10;56
4205395283;kemerovo;25.50;25
1101052350;komi;47.52.50;47
5249117077;nizhni novgorod;25.61;25
9102032671;crimea;45.32;45
4230033953;kemerovo;68.31;68
2364001029;krasnodar;46.70;46
7321015770;ulyanovsk;47.29;47
3702714379;ivanovo;56.10;56
6722038639;smolensk;41.20;41
7816744166;sankt-petersburg;49.41;49
2210010810;altai terr.;49.41;49
5905232303;perm;70.22;70
2002004237;chechnya;69.10;69
3017062890;astrakhan;86.23;86
5835135550;penza;46.90;46
6623117375;sverdlovsk;42.11;42
6659199068;sverdlovsk;68.32.10;68
6501118124;sakhalin;52.21.24;52
6828010023;tambov;79.11;79
0326591165;buryatia;47.91;47
6312153204;samara;93.11;93
3527021280;vologda;02.20;02
7810767777;leningrad;47.11;47
0262019633;bashkortostan;43.21;43
5252038629;nizhni novgorod;43.22;43
2463008025;krasnoyarsk;68.20.20;68
2801229029;amur;56.29;56
2411031672;krasnoyarsk;42.11;42
7723885051;moscow city;47.91.20;47
0272925115;bashkortostan;45.32;45
3811440382;irkutsk;46.90;46
6901088227;tver;68.32.10;68
0601030916;ingushetia;01.41;01
5615020321;orenburg;56.29;56
0276979200;bashkortostan;71.12.12;71
5040168721;moscow reg.;25.11;25
4400007569;kostroma;69.20.20;69
1434048818;yakutia;42.21;42
3232022970;bryansk;68.31.10;68
2124043040;chuvashia;73.11;73
4506008682;kurgan;86.23;86
4101139937;kamchatka;47.91.20;47
5190062298;murmansk;69.10;69
7536037220;zabaikalsk terr.;68.32.20;68
0269044639;bashkortostan;71.12.40;71
1300006679;mordovia;69.10;69
7720769547;moscow city;46.36;46
3662276207;voronezh;41.20;41
3652903699;voronezh;47.11.20;47
6623032900;sverdlovsk;47.50;47
3123394576;belgorod;73.11;73
6027077668;pskov;52.21.24;52
7805610604;sankt-petersburg;73.20.10;73
3124016009;belgorod;68.20.20;68
9714054978;moscow city;45.11;45
4510003207;kurgan;68.32.10;68
3908607028;kaliningrad;70.10.10;70
3241013611;bryansk;42.91;42
5610240179;orenburg;71.12;71
1001292975;karelia;43.11;43
6140021717;rostov;42.21;42
1901128840;khakasia;45.30;45
5515201532;omsk;01.11;01
7751282577;moscow city;46.90;46
3453006768;volgograd;94.99;94
5401402683;novosibirsk;43.11;43
5047296881;moscow reg.;45.11;45
0721020571;kabardino-balkaria;94.90;94
6234159823;ryazan;46.75.10;46
5610070181;orenburg;73.20;73
3454006471;volgograd;01.47;01
6670232431;sverdlovsk;71.11.10;71
0816031652;kalmykia;86.21;86
7604113761;yaroslavl;93.20;93
1700002573;tuva;68.32.10;68
2910005011;arkhangelsk;68.20;68
5614085069;orenburg;86.21;86
7017383273;tomsk;69.10;69
7313004750;ulyanovsk;56.29;56
9703103140;moscow city;43.29;43
0560025819;dagestan;94.11;94
1327029345;mordovia;62.01;62
7604264680;yaroslavl;62.01;62
6800001491;tambov;70.22;70
2428005663;krasnoyarsk;68.32.10;68
6679118525;sverdlovsk;93.12;93
5803032129;penza;52.21.20;52
9102294300;crimea;93.12;93
6141061825;rostov;73.11;73
0804008779;kalmykia;86.23;86
7751219590;moscow city;46.43;46
1840000230;udmurtia;93.29;93
5905262210;perm;01.70;01
5610059036;orenburg;25.29;25
7708426906;moscow city;46.73;46
7743418457;moscow city;88.91;88
0107036063;adygeya;62.01;62
7743395182;moscow city;41.20;41
7203536985;tyumen;70.22;70
0725002407;kabardino-balkaria;47.73;47
1435266230;yakutia;46.19;46
2130157711;chuvashia;69.10;69
4101186599;kamchatka;62.02;62
7627036344;yaroslavl;01.41;01
4632295691;kursk;47.91;47
1435239621;yakutia;86.23;86
9704222334;moscow city;46.43;46
7705974213;nizhni novgorod;62;62
7730300666;moscow city;43.33;43
1901067267;khakasia;73.11;73
2463079844;krasnoyarsk;45.31.10;45
1511014848;north ossetia;56.10;56
4100049663;kamchatka;43.22;43
6451415506;saratov;62.02;62
6943000390;tver;01.41;01
5506180766;omsk;68.32.10;68
0800005632;kalmykia;46.18;46
4706047872;leningrad;41.20;41
4253013760;kemerovo;69;69
0300002898;buryatia;25.11;25
1685004580;tatarstan;45.11.20;45
4000019150;kaluga;73.20;73
3025039380;astrakhan;70.22;70
7449152611;chelyabinsk;25.11;25
1001357277;karelia;62.01;62
5405413301;novosibirsk;62.02;62
3207012791;bryansk;46.69.50;46
4825096903;lipetzk;25.99.21;25
8616011276;khanty-mansijsk;47.25;47
7814488767;sankt-petersburg;41.20;41
4704103881;leningrad;25.73;25
5826007626;penza;45.20;45
3123409720;belgorod;46.74;46
6686162596;sverdlovsk;45.31;45
3906327770;kaliningrad;43.13;43
8602138402;khanty-mansijsk;71.10;71
2464264141;krasnoyarsk;41.20;41
6451008941;saratov;47.74;47
5320023052;novgorod;46.35;46
4101155880;kamchatka;45.30;45
0104011575;adygeya;71.12.90;71
0917022319;karachaevo-chercessia;71.12;71
7460047988;chelyabinsk;01.13;01
2540277000;primorsky terr.;56.10.23;56
4611016347;kursk;56.21;56
1326255790;mordovia;68.10.21;68
4312157004;kirov;56.10.10;56
1514017452;north ossetia;71.11;71
4007015973;kaluga;93.10;93
4345414923;kirov;69.20;69
2537131330;primorsky terr.;77.32;77
3019029129;astrakhan;73.11;73
7820079650;sankt-petersburg;49.41;49
1105011192;komi;01.11;01
0572012878;dagestan;43.31;43
6451431385;saratov;68.32;68
3700003490;ivanovo;71.20.20;71
0323340163;buryatia;71.12.90;71
7017334565;tomsk;41.20;41
3906169019;kaliningrad;62.09;62
9710130280;moscow city;41.20;41
2901124809;arkhangelsk;70.22;70
0543020507;dagestan;94.99;94
2801248617;amur;43.99;43
5003098730;moscow reg.;56.10;56
1650434254;tatarstan;43.21;43
2901302032;arkhangelsk;42.99;42
7724481333;moscow city;47.19;47
5751066981;oryol;62.01;62
1701062198;tuva;94.92;94
2221122995;altai terr.;52.21.24;52
2465059297;krasnoyarsk;68.20.20;68
7024026586;tomsk;73.10;73
2917126368;arkhangelsk;45.11;45
3911018424;kaliningrad;41.20;41
0573014589;dagestan;42.11;42
4706076680;leningrad;42.11;42
7714451259;moscow city;68.20;68
9715204464;moscow city;68.20;68
7604254716;yaroslavl;69.10;69
0205008770;bashkortostan;46.32.10;46
3459078134;volgograd;86.23;86
1200010209;marij el;56.10;56
1701006108;tuva;94.99;94
3525335122;vologda;25.99;25
4205052430;kemerovo;71.20;71
2634039273;stavropol;52.21.24;52
7602042709;yaroslavl;69.10;69
2928001515;arkhangelsk;69.20.20;69
2626023167;stavropol;68.20.20;68
7704498890;moscow city;69.20.20;69
7327099897;ulyanovsk;46.73;46
5190148097;murmansk;73.10;73
6000003186;pskov;25.99;25
7733267311;moscow city;41.20;41
4501215406;kurgan;47.91;47
1435363361;yakutia;71.20.50;71
3525290320;vologda;45.31.10;45
3665147672;voronezh;93.19;93
3111002880;belgorod;94.99;94
2223606350;altai terr.;68.32;68
6732176652;smolensk;46.69.70;46
6671288010;sverdlovsk;69.10;69
0400017591;altai rep.;94.99;94
5904356190;perm;81.10;81
0107037349;adygeya;86.90.90;86
3000004508;astrakhan;69.10;69
5256204806;nizhni novgorod;71.12.40;71
2901293980;arkhangelsk;43.21;43
3525418820;vologda;69.10;69
2311328020;krasnodar;49.42;49
4632251790;kursk;73.11;73
9710031144;krasnodar;68.20;68
2312308524;krasnodar;41.10;41
7203512208;tyumen;46.73;46
2901295681;arkhangelsk;46.15;46
1101148911;komi;16.10;16
6509009568;sakhalin;68.32.20;68
7713762526;moscow city;43.22;43
6376029851;samara;01.42;01
5190058809;murmansk;71.11.10;71
1410004924;yakutia;41.20;41
4703167674;leningrad;68.32.10;68
5837048568;penza;52.10;52
3311023863;vladimir;70.10;70
0276979432;bashkortostan;45.31;45
9727009130;moscow city;46.90;46
2463031962;krasnoyarsk;43.32;43
7720412025;moscow city;71.12;71
3406200920;volgograd;94.20;94
2311338621;krasnodar;08.12;08
4632286915;kursk;45.31.10;45
7118018421;tula;47.78.21;47
4238001801;kemerovo;56.10.10;56
3700012550;ivanovo;93.11;93
2014036071;chechnya;43.39;43
5003147307;moscow reg.;46.47;46
5310021232;novgorod;69.10;69
7811112220;sankt-petersburg;46.45;46
7900004392;jewish ao;94.99;94
3700014276;ivanovo;56.10;56
3662130568;voronezh;45.11;45
6453034792;saratov;01.13.10;01
2103006632;chuvashia;01.11.10;01
2457080834;krasnoyarsk;52.21;52
6827023830;tambov;70.22;70
6952006046;tver;45.20.10;45
7207007990;tyumen;68.32.20;68
5001085670;moscow reg.;68.32;68
6950154391;tver;42.91;42
7328104170;ulyanovsk;46.74.30;46
3015111598;astrakhan;86.22;86
6623015084;sverdlovsk;43.11;43
2014031010;chechnya;47.91.20;47
0721011136;kabardino-balkaria;69.20.20;69
6501255473;sakhalin;45.20;45
6165134110;moscow reg.;71.12.40;71
9403027650;luhansk;94.99;94
7814771654;sankt-petersburg;68.20;68
0806000581;kalmykia;71.12.90;71
3849083732;irkutsk;41.20;41
9723142148;moscow city;46.90;46
6166077062;rostov;46.49.49;46
2629800453;chechnya;42.11;42
5047298021;moscow reg.;47.91;47
4345269345;kirov;86.23;86
7843022441;sankt-petersburg;41.20;41
0278103619;bashkortostan;47.79;47
6163103980;rostov;46.73;46
4217180652;kemerovo;38.21;38
4348034863;kirov;73.10;73
3906414334;kaliningrad;41.20;41
6164109946;rostov;71.11;71
2801239940;amur;93.19;93
8911025205;yamal-nenets ao;47.25.10;47
1821013467;udmurtia;43.21;43
3128112673;belgorod;43.21;43
5072002310;moscow reg.;01.41;01
0726017445;kabardino-balkaria;42.91;42
2100003584;chuvashia;25.11;25
7536185476;zabaikalsk terr.;71.12.30;71
5300010200;novgorod;56.29;56
2130145057;chuvashia;70.22;70
2130999267;chuvashia;70.22;70
7736322810;moscow city;74.90;74
4906000800;magadan;49.41;49
7456042063;chelyabinsk;52.21.24;52
7814771157;sankt-petersburg;46.71;46
3827055996;irkutsk;43.29;43
4345503034;kirov;42.11;42
7708324284;moscow city;56.10.10;56
9309020489;donetsk;68.20;68
5620002600;orenburg;01.11.10;01
4345496080;kirov;94.99;94
2465216616;khakasia;49.40;49
2455038509;krasnoyarsk;86.10;86
3906412295;kaliningrad;56.10;56
1004005717;karelia;93.19;93
0534036035;dagestan;47.91;47
6451126342;saratov;68.32.10;68
7801691377;sankt-petersburg;43.29;43
5506237187;omsk;25.61;25
7107110320;tula;46.71;46
6679135859;sverdlovsk;68.31;68
2723003046;khabarovsk;25.11;25
7716025792;moscow city;10.71;10
1901070573;khakasia;93.29.90;93
1701058089;tuva;47.11;47
0254027711;bashkortostan;41.20;41
5638064406;orenburg;45.11.10;45
3127510230;belgorod;95.11;95
1101173146;komi;79.11;79
5904167348;perm;69.10;69
4401176834;kostroma;41.20;41
1327012542;mordovia;68.32.10;68
5017135975;moscow reg.;62.01;62
7100044621;tula;43.22;43
5105015998;murmansk;56.10.10;56
2502053063;primorsky terr.;71.12.70;71
9201002100;sevastopol;49.41.10;49
5610130828;orenburg;01.10;01
6155053447;rostov;86.23;86
6732183882;smolensk;43.22;43
2221216570;altai rep.;43.99.70;43
1500003185;north ossetia;68.10;68
5404035304;novosibirsk;28.99;28
7430032409;chelyabinsk;01.41;01
4101091925;kamchatka;47.25.10;47
1655490076;tatarstan;46.71;46
7718192100;moscow city;73.11;73
2014006398;chechnya;71.12.53;71
1001079510;karelia;46.73.10;46
3729019781;ivanovo;01.11;01
7814395569;sankt-petersburg;52.24;52
4909131569;magadan;71.12.30;71
7813030357;sankt-petersburg;68.20;68
3910005616;kaliningrad;71.12;71
2723209590;khabarovsk;56.10;56
0274970314;bashkortostan;71.12;71
6677015122;sverdlovsk;94.12;94
7814793658;sankt-petersburg;56.10;56
6345014365;samara;68.32.20;68
7730507766;moscow city;70.22;70
3444271720;volgograd;43.39;43
1701054905;tuva;71.12.30;71
0400017922;altai rep.;49.41;49
1701058995;tuva;46.31;46
9715454055;moscow city;41.20;41
2508147920;primorsky terr.;49.41;49
6670007010;sverdlovsk;94.99;94
6230125527;ryazan;46.42;46
6732101907;smolensk;45.30;45
6829134310;tambov;45.31;45
9701102416;mordovia;69.10;69
7733324376;altai terr.;71.12;71
2801201182;amur;62.02;62
7602141530;yaroslavl;41.20;41
8602079651;khanty-mansijsk;68.32.20;68
3661083731;voronezh;45.20;45
2904009762;arkhangelsk;47.19;47
3103003094;belgorod;49.40;49
6027197972;pskov;42.11;42
3528998209;vologda;94.99;94
0814157674;kalmykia;86.90.90;86
5610252819;orenburg;94.99;94
3906356851;kaliningrad;41.20;41
2464073186;krasnoyarsk;52.21.24;52
1503001771;north ossetia;49.41.20;49
5246014098;nizhni novgorod;68.32.20;68
3234016379;bryansk;94.99;94
6923006901;tver;69.10;69
7604375005;yaroslavl;43.33;43
7451470587;chelyabinsk;41.20;41
7814662550;sankt-petersburg;46.52;46
4501149383;kurgan;93.29;93
3305718240;vladimir;25.62;25
6311165567;samara;86.90;86
1206005325;marij el;01.11.10;01
2372022343;krasnodar;68.32.10;68
6449105377;saratov;45.31;45
6164313204;rostov;25.61;25
1609038757;tatarstan;47.23.10;47
7730182846;moscow city;59.11;59
6727028017;smolensk;42.13;42
1000014485;karelia;49.41;49
2450031884;krasnoyarsk;56.10;56
6449052044;saratov;70.22;70
5310021507;novgorod;86.23;86
9304000440;donetsk;01.11;01
0716008201;kabardino-balkaria;94.90;94
5045021722;moscow reg.;56.10;56
1900008036;khakasia;45.11;45
2900000670;nenets ao;68.20;68
5700003990;oryol;93.11;93
2203003949;altai terr.;86.10;86
5254482854;nizhni novgorod;69.10;69
6102041984;rostov;49.40;49
3245508647;bryansk;43.22;43
1644038238;tatarstan;93.10;93
5609194947;orenburg;47.30;47
2634094980;stavropol;69.10;69
8904024391;yamal-nenets ao;46.39;46
4029044382;kaluga;25.62;25
6500019184;sakhalin;62.01;62
3257074257;bryansk;45.31;45
6451215747;saratov;94.99;94
7536159275;zabaikalsk terr.;46.42;46
7906006163;jewish ao;52.21.24;52
0510012860;dagestan;62.01;62
5050150138;kalmykia;46.44;46
2460089795;krasnoyarsk;52.29;52
1821013837;udmurtia;41.20;41
7707457161;moscow city;52.29;52
5003073951;moscow city;01.50;01
5610221271;orenburg;73.11;73
4345498088;kirov;69.20.20;69
0608023516;ingushetia;47.52.70;47
3017044241;astrakhan;68.32.20;68
0309992583;buryatia;69.10;69
3906370091;kaliningrad;70.10;70
7500017037;zabaikalsk terr.;25.11;25
8622021748;khanty-mansijsk;73.11;73
6670428949;sverdlovsk;49.40;49
7714805388;vladimir;43.21;43
7455018974;chelyabinsk;45.32;45
6321036634;samara;68.20.20;68
6455055692;saratov;10.80;10
5035040388;moscow reg.;46.40;46
4205279953;kemerovo;52.29;52
8603244001;khanty-mansijsk;71.12;71
6501153827;sakhalin;73.11;73
4807056947;lipetzk;46.90;46
3316401050;vladimir;01.13.30;01
3123198451;belgorod;25.11;25
7100006979;tula;43.11;43
3900013135;kaliningrad;46.73;46
6686022415;sverdlovsk;25.61;25
1326209994;mordovia;69;69
1215164025;marij el;71.10;71
5261067954;nizhni novgorod;46.40;46
7008001577;tomsk;45.31;45
2452033319;krasnoyarsk;70.22;70
4705064579;leningrad;71.12.41;71
5835123040;penza;47.52.70;47
9308024762;donetsk;94.99;94
0572026768;dagestan;41.20;41
6658517945;sverdlovsk;14.13;14
2724070101;khabarovsk;68.32.10;68
7725348800;moscow city;46.69;46
9001000708;zaporizhzhia;46.61;46
4345288436;kirov;41.20;41
2003003028;chechnya;01.11;01
7743212921;moscow city;47.71;47
7704491661;moscow city;69.10;69
3808267025;irkutsk;49.41;49
7206054877;tyumen;43.11;43
5702006612;oryol;47.73;47
8901041631;yamal-nenets ao;93.12;93
9726082120;moscow city;46.90;46
7103031846;tula;94.99;94
5752060485;oryol;94.99;94
5638027490;orenburg;52.21.24;52
6950187809;tver;62.01;62
7500013811;zabaikalsk terr.;49.41;49
3906220226;kaliningrad;47.91;47
2801241442;amur;45.31;45
1004004512;karelia;93.29.20;93
3444281461;volgograd;42.21;42
7446036582;chelyabinsk;20.59;20
4909090873;magadan;43.99.70;43
7420010340;chelyabinsk;56.29;56
3706019930;ivanovo;93.29.20;93
1675001703;tatarstan;25.11;25
5190158313;murmansk;71.12.90;71
3706029078;ivanovo;70.22;70
1800004486;udmurtia;41.20;41
4727012045;leningrad;41.20;41
6153907277;rostov;94.20;94
6453172560;saratov;47.91.10;47
7624006920;yaroslavl;42.11;42
7603070032;yaroslavl;45.31;45
8622017100;khanty-mansijsk;56.10;56
1713002806;tuva;68.32.10;68
0703005965;kabardino-balkaria;41.20;41
9701244587;moscow city;74.10;74
3525426884;vologda;41.20;41
9303008252;donetsk;46.31;46
7716908780;moscow city;46.72;46
2269000240;altai terr.;73.11;73
2223645380;altai terr.;93.19;93
7722817796;moscow city;41.20;41
1515921903;north ossetia;94.99;94
4704109072;leningrad;52.10.90;52
9200008067;sevastopol;93.29;93
3906037534;kaliningrad;94.99;94
7838407164;chechnya;69;69
7536039531;zabaikalsk terr.;93.19;93
3525487647;vologda;46.73;46
7604204144;yaroslavl;86.23;86
4205164374;kemerovo;43.29;43
7415069651;luhansk;86.10;86
1718002366;tuva;86.10;86
1435353268;yakutia;41.20;41
4100046550;kamchatka;94.99;94
1645016621;tatarstan;94.20;94
4345373868;kirov;46.38;46
9200021149;sevastopol;47.78.90;47
5009131247;moscow reg.;41.20;41
7804668288;sankt-petersburg;46.44;46
5101311717;murmansk;71.12.30;71
6658344717;sverdlovsk;46.90;46
7204194290;tyumen;49.41;49
7602152483;yaroslavl;68.32;68
6660134530;sverdlovsk;46.49.40;46
2423012120;krasnoyarsk;10.11.10;10
2635820296;stavropol;45.31.10;45
4706017532;leningrad;69.20;69
5754025013;oryol;93.11;93
5405050908;novosibirsk;86.23;86
5047214751;moscow reg.;46.49;46
0800018007;kalmykia;71.11;71
7536136567;buryatia;46.90;46
2357007125;krasnodar;47.52;47
4633024704;kursk;86.23;86
4826057375;lipetzk;93.19;93
6027160002;pskov;93.13;93
9310004523;donetsk;56.10;56
3019027837;astrakhan;49.42;49
5835055640;penza;73.11;73
3900017771;kaliningrad;47.41;47
6725011201;smolensk;86.10;86
7017304867;tomsk;42.21;42
3000015323;astrakhan;93.12;93
0323414009;buryatia;62.01;62
5245002653;nizhni novgorod;52.10;52
2221066444;altai terr.;46.73.60;46
6612013575;sverdlovsk;52.21.24;52
3810044996;irkutsk;46.75.10;46
7000015433;tomsk;42.11;42
0608049144;ingushetia;49.41;49
0276160139;bashkortostan;62.01;62
7536135901;zabaikalsk terr.;46.73.60;46
9723236364;komi;43.21;43
9201509820;sevastopol;70.10.10;70
1326213800;mordovia;41.20;41
0400006744;altai rep.;49.41;49
3023003476;astrakhan;41.20;41
7728340213;moscow city;25.93;25
6454101829;saratov;69.20;69
5259122252;nizhni novgorod;68.32;68
3906330846;kaliningrad;69.20;69
4025419200;kaluga;73.11;73
6150050160;rostov;43.20;43
6451005299;saratov;43.29;43
5948054285;perm;68.20;68
4703061090;leningrad;56.10;56
7452137067;chelyabinsk;46.90;46
7327071309;ulyanovsk;56.10;56
4205331610;kemerovo;94.12;94
7721374855;moscow city;41.20;41
0726006683;kabardino-balkaria;46.71;46
5003123391;moscow reg.;96.02;96
4703147325;leningrad;41.20;41
7838078463;sankt-petersburg;55.10;55
1400024657;yakutia;56.10.10;56
7703824413;moscow city;41.20;41
3257051154;bryansk;45.31;45
7451454881;chelyabinsk;41.20;41
7727816309;moscow city;47.43;47
0500009146;dagestan;41.20;41
7751293071;moscow city;53.20.31;53
6671088036;sverdlovsk;46.69;46
7804563101;sankt-petersburg;49.41;49
2808112189;amur;42.11;42
2208051801;altai terr.;73.11;73
7733754347;tula;43.99;43
5506044869;omsk;86.23;86
7610071809;yaroslavl;62.01;62
4100043823;kamchatka;49.41.10;49
0277958611;bashkortostan;41.20;41
1701000603;tuva;68.32;68
3015035315;astrakhan;52.21.24;52
5110006685;murmansk;56.30;56
4205160274;kemerovo;93.29.20;93
0500014202;dagestan;49.41;49
8603252436;khanty-mansijsk;68.32.10;68
1650368717;tatarstan;25.61;25
1655392093;tatarstan;86.22;86
1400007066;yakutia;93.19;93
3525459512;vologda;43.32;43
1902014035;khakasia;52.10.21;52
4800008422;lipetzk;68.32.10;68
3525255822;vologda;69.10;69
6685002536;sverdlovsk;93.29.90;93
7524013909;zabaikalsk terr.;42.11;42
7720932000;moscow city;46.73.60;46
1433031339;yakutia;52.21;52
1512021421;north ossetia;01.42.11;01
7451386529;chelyabinsk;47.25.10;47
1901145395;khakasia;45.20;45
5300002858;novgorod;01.45;01
4027115817;kaluga;71.12.30;71
5700005170;oryol;01.11.10;01
4338001450;kirov;68.32.20;68
3445113540;volgograd;69;69
0212006893;bashkortostan;88.10;88
4824095103;lipetzk;69.20;69
4909122412;magadan;01.13.10;01
6025050639;pskov;41.20;41
8913008759;yamal-nenets ao;49.41.20;49
3250531779;bryansk;94.92;94
7103053494;tula;71.12.20;71
6161028008;rostov;52.21.24;52
1326257067;mordovia;47.11;47
1215232910;marij el;62.02;62
0725019111;kabardino-balkaria;43.11;43
1102082011;komi;42.99;42
6321268628;samara;81.10;81
5754027860;oryol;45.31;45
4632291200;kursk;45.31.10;45
2904028317;nenets ao;46.34;46
3849018042;irkutsk;62.09;62
9404008731;luhansk;01.11;01
4216003308;kemerovo;94.99;94
3025006747;astrakhan;42.11;42
7016006635;tomsk;01.11;01
6800004076;tambov;69.10;69
2015010742;chechnya;52.23.11;52
3461066249;volgograd;71.12;71
1500009187;north ossetia;93.19;93
6200007597;ryazan;42.21;42
6319141871;samara;94.99;94
2366042623;krasnodar;68.32.10;68
7203427792;tyumen;43.22;43
2804013719;amur;01.11.10;01
2605016360;stavropol;52.24;52
3016044344;astrakhan;52.29;52
0276175960;bashkortostan;71.12;71
4027069350;kaluga;42.21;42
8601075580;khanty-mansijsk;25.11;25
6686140602;sverdlovsk;68.10;68
9310012362;donetsk;52.21.24;52
2804014800;amur;41.20;41
6162082745;rostov;71.20;71
7716995462;moscow city;71.12.20;71
0600006237;ingushetia;45.20;45
1658242307;tatarstan;46.69;46
6501096625;sakhalin;73.11;73
3666263093;voronezh;42.11;42
7826164647;sankt-petersburg;93.29.90;93
8622014155;khanty-mansijsk;42.21;42
9500015749;kherson;68.20;68
7447289459;chelyabinsk;68.32;68
3906401896;kaliningrad;49.41;49
9001025251;zaporizhzhia;46.21;46
3662155403;voronezh;49.31.21;49
0268052524;bashkortostan;41.20;41
6027198790;pskov;45.20;45
3460074631;volgograd;70.22;70
6818029836;tambov;52.29;52
1684014674;tatarstan;58.11;58
2312025205;krasnodar;52.22.20;52
5405052817;novosibirsk;71.20;71
2014034966;chechnya;41.20;41
1200012446;marij el;69.10;69
5190003535;murmansk;52.21.24;52
5406167874;novosibirsk;93.29.90;93
5043070410;moscow reg.;41.10;41
5838045337;penza;25.61;25
7714233476;moscow city;68.20.20;68
0400001320;altai rep.;71.12.30;71
7204190666;tyumen;46.43;46
2721000233;khabarovsk;68.20.20;68
5453007363;novosibirsk;94.99;94
2801212956;amur;46.46.10;46
1900003214;khakasia;73.20;73
6000010137;pskov;69.10;69
6000005874;pskov;62.01;62
7536056777;zabaikalsk terr.;86.21;86
4501038309;kurgan;52.21.24;52
4205284512;kemerovo;71.12;71
5516003389;omsk;70.22;70
3300006168;vladimir;47.11;47
6234186111;ryazan;94.99;94
9723133545;moscow city;46.90;46
1001168505;karelia;71.12.90;71
4705100153;leningrad;46.90;46
7603049175;yaroslavl;94.99;94
9703011891;moscow city;46.73;46
1200007414;marij el;73.11;73
4629040414;kursk;94.99;94
5408131961;novosibirsk;01.13.10;01
1840073905;udmurtia;69.20;69
5021013793;moscow reg.;20.59.50;20
2304045110;krasnodar;56.10;56
6732186403;smolensk;41.20;41
2411027468;krasnoyarsk;68.20.20;68
7460022077;chelyabinsk;93.29;93
0269999660;bashkortostan;69.10;69
1215184430;marij el;41.20;41
1001345546;karelia;49.41;49
3435040413;volgograd;68.20.20;68
7017448523;tomsk;93.29;93
7724758144;moscow city;68.31.50;68
5262332034;nizhni novgorod;73.11;73
5906154471;perm;56.10;56
2901202944;arkhangelsk;49.41;49
1911006908;khakasia;01.70;01
6501272461;sakhalin;62.01;62
7727684684;moscow city;80.10;80
7728402452;moscow city;63.11.10;63
7452163268;chelyabinsk;73.11;73
3849059539;irkutsk;41.20;41
4632284611;kursk;93.19;93
7017424480;tomsk;45.20;45
6950168193;moscow reg.;69.20;69
2724238185;khabarovsk;81.29.10;81
2634105021;stavropol;62.01;62
2461212970;krasnoyarsk;86.23;86
3461065887;volgograd;71.20.90;71
5837010081;penza;52.21.24;52
9500021830;kherson;01.11;01
7733275231;moscow reg.;28.29;28
3666221128;voronezh;93.12;93
6230122212;ryazan;45.20;45
2983013617;nenets ao;47.73;47
2103004650;chuvashia;01.10;01
2311347513;krasnodar;25.11;25
1328020289;mordovia;86.23;86
0105036526;adygeya;43.12;43
6452950680;saratov;62.01;62
0277959904;bashkortostan;41.20;41
6312096027;samara;47.11;47
5260150656;nizhni novgorod;80.10;80
0711003746;kabardino-balkaria;46.15.30;46
6503008455;sakhalin;03.11;03
6829156106;tambov;47.91;47
7720291324;moscow city;71.20.60;71
1513051838;north ossetia;56.10;56
6501231070;sakhalin;62.01;62
2900007034;nenets ao;47.11;47
6658542324;sverdlovsk;62.03;62
1840055279;udmurtia;46.73;46
7813676648;sankt-petersburg;62.01;62
4705089816;leningrad;86.21;86
3904605140;kaliningrad;41.20;41
9310008278;donetsk;52.21.24;52
7017484521;tomsk;45.20;45
3000004586;astrakhan;72.19;72
5716000025;oryol;47.11;47
7448260220;chelyabinsk;42.99;42
1903018681;khakasia;56.29;56
7017468135;tomsk;41.20;41
6682019757;sverdlovsk;38.11;38
3812527237;irkutsk;93.19;93
2014021685;chechnya;45.31;45
3528319993;vologda;43.39;43
4632123212;kursk;93.10;93
6700019914;smolensk;42.22;42
1683017785;tatarstan;94.99;94
3827008298;irkutsk;68.32.20;68
0105058897;adygeya;01.10;01
1902028817;khakasia;93.21;93
7806560113;sankt-petersburg;46.90;46
5053035599;moscow reg.;47.91.20;47
9731136003;moscow city;62.01;62
3000003021;astrakhan;41.20;41
3528330676;vologda;49.41.20;49
5260481841;nizhni novgorod;93.12;93
5501243236;omsk;42.21;42
6679024122;sverdlovsk;46.46;46
4705094213;leningrad;42.91;42
5707004440;oryol;25.99.20;25
2221236270;altai terr.;46.74;46
9303011544;donetsk;81.10;81
4900012870;magadan;43.29;43
5528035385;omsk;43.12;43
4011027315;kaluga;68.20;68
6027171332;pskov;45.10;45
2261008209;altai terr.;68.32;68
2901280780;arkhangelsk;62.02;62
1105025999;komi;68.32.10;68
8606010604;khanty-mansijsk;68.32.20;68
4711013004;leningrad;41.20;41
5401274544;novosibirsk;49.41;49
0278904915;bashkortostan;46.90;46
6312210406;samara;68.20.20;68
6501290140;sakhalin;43.21;43
7713477046;moscow city;73.11;73
7814160101;sankt-petersburg;94.99;94
5259133021;nizhni novgorod;69.10;69
3817015627;irkutsk;68.32.20;68
7530016714;zabaikalsk terr.;49.41;49
5403004078;novosibirsk;49.40;49
7717146380;moscow city;45.20;45
4313999518;kirov;93.10;93
2222885647;altai terr.;42.11;42
2006004527;chechnya;01.50;01
5408288169;novosibirsk;43.30;43
1215212631;marij el;62.01;62
6911011230;tver;68.32.20;68
7715878445;vladimir;46.73.60;46
2700005907;khabarovsk;68.32.10;68
5300011404;novgorod;68.10;68
9703073471;moscow city;46.42;46
6140018320;rostov;68.20.20;68
4824091719;lipetzk;73.11;73
4100023070;kamchatka;94.92;94
6722037561;smolensk;43.21;43
0603278260;ingushetia;46.21;46
5300006387;novgorod;49.41;49
3327833616;vladimir;79.10;79
3702196568;ivanovo;88.99;88
4202054630;kemerovo;43.12.40;43
4502031345;kurgan;43.22;43
2632071144;stavropol;68.32.10;68
5402482949;novosibirsk;69.20.20;69
1327036590;mordovia;73.11;73
2502054116;primorsky terr.;01.49.40;01
5902840945;perm;69.20.20;69
6025027710;pskov;68.20;68
4101147600;kamchatka;52.21.24;52
6700012274;smolensk;25.50.10;25
5902041854;perm;73.20;73
4401110784;kostroma;62.02;62
7202134338;tyumen;46.66;46
2227026092;altai terr.;42.21;42
5027310418;moscow reg.;68.20;68
8905048275;yamal-nenets ao;62.01;62
3906055759;kaliningrad;86.21;86
5320059690;novgorod;86.21;86
5835140600;penza;71.20;71
7404070493;chelyabinsk;94.99;94
6143063137;rostov;46.44.10;46
5321199838;novgorod;45.11.20;45
6025015112;pskov;16.10;16
8603199302;khanty-mansijsk;73.11;73
6025039603;pskov;93.29;93
1001210281;karelia;73.10;73
7300027038;ulyanovsk;62.01;62
5753202157;oryol;47.73;47
2801133831;amur;41.20;41
5473017842;novosibirsk;68.20;68
5321171688;novgorod;86.23;86
9001019522;zaporizhzhia;68.32;68
9731107482;moscow city;42.11;42
7743343709;moscow city;68.31;68
7017281553;tomsk;68.20.29;68
1001235769;karelia;68.20;68
1327015374;mordovia;52.21.24;52
2224206178;altai terr.;73.11;73
1659117838;tatarstan;42.21;42
0600016549;ingushetia;49.41;49
5030101654;moscow city;41.20;41
5533002321;omsk;94.20;94
2626800328;stavropol;49.31.21;49
0100001216;adygeya;86.21;86
5504215163;omsk;46.61;46
2013010320;chechnya;49.41;49
7817308074;sankt-petersburg;71.12.12;71
2513003032;primorsky terr.;47.11;47
4347036120;kirov;94.99;94
5202010804;nizhni novgorod;01.13;01
9709101968;moscow city;95.29.20;95
1513085266;north ossetia;56.10;56
4029057173;kaluga;49.32;49
6206002651;ryazan;01.50;01
5300011500;novgorod;93.19;93
7705203651;moscow reg.;47.11;47
7720400118;moscow city;46.69;46
6453166975;saratov;73.11;73
4345153686;kirov;56.10;56
8911014549;yamal-nenets ao;41.20;41
3906206454;kaliningrad;47.53.30;47
6314030511;samara;80.20;80
7606111713;yaroslavl;86.10;86
6230105369;ryazan;42.99;42
4027148192;kaluga;56.10;56
6324108397;samara;62.01;62
2807003010;amur;93.19;93
3804018780;irkutsk;01.13.10;01
9001003360;zaporizhzhia;43.21;43
5244022015;nizhni novgorod;47.25.10;47
2462219457;krasnoyarsk;70.22;70
9201012370;sevastopol;62.01;62
7017476538;tomsk;96.02;96
4715025307;leningrad;70.22;70
0900011728;karachaevo-chercessia;42.21;42
4717010352;sankt-petersburg;43.21;43
6200007300;ryazan;25.40;25
1215173541;marij el;56.30;56
3609003420;voronezh;94.99;94
1121029373;komi;01.70;01
1501032069;north ossetia;52.21.24;52
6312219222;samara;43.21;43
7723928322;kursk;49.40;49
2014018308;chechnya;73.20;73
7806551905;sankt-petersburg;73.11;73
5800007149;penza;42.21;42
7727695090;moscow city;62;62
7627056333;yaroslavl;43.22;43
0800021200;kalmykia;69.10;69
8905053081;yamal-nenets ao;47.52.73;47
6685196105;sverdlovsk;25.12;25
6452921022;saratov;71.12.40;71
7723643172;moscow city;46.90;46
5105097648;murmansk;01.49.22;01
5506226570;omsk;43.99;43
5029266122;moscow reg.;52.21.24;52
6229061300;ryazan;77.32;77
1102075180;komi;43.21;43
8617038471;khanty-mansijsk;93.19;93
7714428820;moscow city;77.11;77
6449038466;saratov;93.29;93
0100006285;adygeya;62.01;62
0703001569;kabardino-balkaria;45.20;45
6315624772;samara;52.23.11;52
9303029661;donetsk;42.11;42
9102052540;crimea;49.40;49
0726014194;kabardino-balkaria;25.99;25
1101154866;komi;93.12;93
5700009311;oryol;56.10.10;56
3235015191;bryansk;71.12.20;71
3702246530;ivanovo;47.91.20;47
5505015463;omsk;52.21.24;52
6685111711;sverdlovsk;41.20;41
5501051492;omsk;85.42.10;85
2634024460;stavropol;73.11;73
8911031752;yamal-nenets ao;56.10;56
3601005190;voronezh;94.20;94
7714805483;moscow city;69;69
0572014353;dagestan;45.20;45
1904005004;khakasia;86.23;86
1324133980;mordovia;56.10;56
5703005481;oryol;41.20;41
7017103920;tomsk;43.12;43
8621007596;chechnya;49.41;49
6500008376;sakhalin;69.10;69
4826144998;lipetzk;42.22;42
1502002973;north ossetia;62.01;62
4909907516;magadan;69.10;69
1513084368;north ossetia;47.99;47
4621009282;kursk;71.20.50;71
7840487329;sankt-petersburg;69.10;69
3711044650;ivanovo;25.11;25
6382092668;samara;52.29;52
3019017620;astrakhan;45.20;45
2632095586;stavropol;46.34.10;46
7811320734;sankt-petersburg;43.21;43
7714666310;moscow city;62.09;62
1650144499;tatarstan;41.20;41
5003094790;moscow city;68.20.20;68
2222864220;altai terr.;46.90;46
3257071111;bryansk;42.99;42
8611012974;khanty-mansijsk;86.90.90;86
0726005432;kabardino-balkaria;71.20;71
6318071710;samara;41.20;41
7203442166;tyumen;41.20;41
1659179584;tatarstan;41.20;41
0706004215;kabardino-balkaria;01.50;01
7736581188;moscow city;69.10;69
3812526201;irkutsk;62.02;62
1901144472;khakasia;49.20;49
6700013870;smolensk;62.02;62
9724045228;moscow city;58.29;58
7720470436;moscow city;25.99;25
7107084246;tula;70.22;70
2450024171;krasnoyarsk;86.23;86
0107033150;adygeya;42.11;42
6143079546;rostov;46.72;46
1007019637;karelia;93.19;93
5262361557;nizhni novgorod;86.90;86
6161086546;rostov;47.25.10;47
3528240863;vologda;62.01;62
0273947880;bashkortostan;25.11;25
6501302194;sakhalin;42.11;42
6670431772;sverdlovsk;46.43.10;46
1328908846;mordovia;68.32.10;68
5752041732;oryol;41.20;41
1001150963;karelia;45.10;45
4101166560;kamchatka;46.90;46
6950218790;tver;41.20;41
2901093928;arkhangelsk;42.99;42
4632204260;kursk;46.36.30;46
3810337456;voronezh;93.29;93
3300009539;vladimir;69.10;69
7733256542;moscow city;41.20;41
2366034510;krasnodar;41.20;41
5310021120;novgorod;52.29;52
4800005647;lipetzk;41.20;41
0276949685;bashkortostan;62.02;62
4826138754;lipetzk;69.20;69
7420016415;chelyabinsk;68.20.20;68
3234033543;bryansk;62.01;62
5638077596;orenburg;43.29;43
7703820232;moscow city;62.02;62
5030044149;moscow reg.;68.32.20;68
7810419498;sankt-petersburg;47.71;47
7804548047;sankt-petersburg;41.20;41
3810076300;irkutsk;93.19;93
2901282153;arkhangelsk;69.10;69
5904348841;perm;49.41;49
1828034071;udmurtia;62.03;62
3316019300;vladimir;68.31.20;68
7724352465;moscow city;70.22;70
6725030074;primorsky terr.;41.20;41
9702058720;moscow city;23.61;23
9728115797;moscow city;46.73;46
2721058321;khabarovsk;56.10;56
4101145440;kamchatka;52.21.24;52
5047213652;moscow reg.;22.22;22
7804016532;sankt-petersburg;68.20.20;68
4909119160;magadan;46.22;46
2463241590;krasnoyarsk;68.31.12;68
2539103546;primorsky terr.;73.10;73
0326505078;buryatia;46.73.10;46
0700003624;kabardino-balkaria;86.21;86
2222900790;altai terr.;70.22;70
7804585200;sankt-petersburg;46.90;46
9715369346;kalmykia;49.32;49
7203553229;tyumen;41.20;41
5410084204;novosibirsk;41.20;41
5404953495;novosibirsk;41.20;41
7813434624;sankt-petersburg;46.19;46
3257062519;bryansk;68.31;68
3663115315;voronezh;46.34.23;46
2308189916;krasnodar;86.21;86
4501110259;kurgan;71.20.30;71
5235009226;nizhni novgorod;47.91.20;47
6316219992;samara;47.71;47
2900006810;nenets ao;47.91.20;47
8202016689;kamchatka;94.99;94
3459060955;volgograd;70.22;70
9108124618;crimea;71.12.20;71
4632036697;kursk;62.01;62
3812161670;irkutsk;86.23;86
6732229777;smolensk;47.30;47
0601029597;ingushetia;47.73;47
2511119578;primorsky terr.;73.11;73
5027230762;moscow reg.;86.21;86
7707485419;moscow city;46.90;46
7446044664;chelyabinsk;85.21;85
6313562425;samara;93.29;93
5948051950;perm;49.39.11;49
6686160831;sverdlovsk;56.10.20;56
6679162242;sverdlovsk;46.90;46
6167067324;rostov;25.21.10;25
7500014597;zabaikalsk terr.;23.61.10;23
4703178517;leningrad;69.10;69
1808500704;udmurtia;01.41;01
1701035772;tuva;94.99;94
2707001965;khabarovsk;62.03.13;62
0105073020;adygeya;86.23;86
5503196341;omsk;71.20.50;71
7452151720;chelyabinsk;14.13;14
4027081710;kaluga;41.20;41
9109030507;crimea;47.25.11;47
3257016939;bryansk;47.11;47
7731435715;moscow city;43.20;43
7707423211;moscow city;46.72;46
1700003810;tuva;71.20.20;71
2464265307;krasnoyarsk;69.10;69
4707031272;leningrad;23.70.10;23
6732236260;smolensk;62.01;62
6726021570;smolensk;47.70;47
0800003593;kalmykia;70.22;70
4705095873;leningrad;93.12;93
3711045050;ivanovo;14.12;14
6234202660;ryazan;47.91.20;47
9001027989;zaporizhzhia;94.99;94
7456000659;chelyabinsk;69.10;69
5050068109;moscow reg.;68.30;68
7807259702;sankt-petersburg;25.11;25
2521015970;primorsky terr.;60.10;60
7713464424;moscow city;46.73;46
7736358768;moscow city;49.41;49
3801993821;irkutsk;86.23;86
3328014754;vladimir;41.20;41
2635832372;stavropol;56.10;56
2225111063;altai terr.;69.10;69
5190995858;murmansk;69.10;69
2508144380;primorsky terr.;47.91;47
8603249761;khanty-mansijsk;93.12;93
0716012688;kabardino-balkaria;08.12;08
4703027821;leningrad;68.32;68
5043073370;moscow reg.;85.42.10;85
5258072506;nizhni novgorod;71.11.10;71
5032271958;moscow reg.;80.10;80
6658556398;sverdlovsk;70.21;70
1404002735;yakutia;01.11.10;01
2511071083;primorsky terr.;94.99;94
5231006288;nizhni novgorod;63.99.10;63
2902089258;arkhangelsk;47.24;47
3809022998;irkutsk;41.20;41
9001028090;zaporizhzhia;41.20;41
7106078962;tula;71.12;71
5262343389;nizhni novgorod;42.22;42
8603227020;khanty-mansijsk;43.91;43
4345489870;kirov;49.41;49
1328019389;mordovia;46.90;46
2636209241;karachaevo-chercessia;46.71;46
7743358536;moscow city;70.10.20;70
7732095412;moscow city;52.21.24;52
2901168115;arkhangelsk;43.31;43
2921128150;nenets ao;68.32.10;68
0317318515;buryatia;94.99;94
3328472585;vladimir;69.20;69
2466250480;krasnoyarsk;71.12.45;71
9302007305;donetsk;46.90;46
7726438781;moscow city;73.11;73
3327143066;vladimir;62.09;62
8602066483;khanty-mansijsk;73.20.10;73
2303017286;krasnodar;45.20.10;45
7704240989;moscow city;73.20;73
5507251850;omsk;71.10;71
7730239186;moscow city;94.99;94
0306229133;buryatia;69;69
7727310449;moscow city;22.23;22
0326576953;buryatia;43.21;43
8901040589;yamal-nenets ao;94.99;94
5908021950;perm;01.10;01
6658155131;sverdlovsk;68.32;68
9705179459;moscow city;43.39;43
2801154750;amur;73.11;73
2308122679;krasnodar;73.11;73
0300025285;buryatia;46.73.20;46
9724128932;moscow city;49.41;49
6168108044;rostov;49.41;49
4334009232;kirov;56.10.10;56
8905066570;yamal-nenets ao;68.32;68
6234080073;ryazan;56.10;56
1001087831;karelia;47.64;47
3849095463;irkutsk;86.21;86
7720919263;moscow city;14.14;14
2004001457;chechnya;56.10;56
1612003137;tatarstan;41.20;41
5406976040;novosibirsk;71.11;71
5904214277;perm;86.23;86
7802829853;sankt-petersburg;45.31.10;45
1901087915;khakasia;94.20;94
3663154610;voronezh;42.12;42
7720874622;moscow city;41.20;41
4345298402;kirov;46.40;46
4401023595;kostroma;25.94;25
3444212549;volgograd;47.91.20;47
3700008890;ivanovo;47.91;47
2225159026;altai terr.;94.99;94
2123015089;chuvashia;69.20;69
5837025730;penza;56.10;56
6027076960;pskov;25.10;25
1001159170;karelia;25.11;25
5321158380;novgorod;43.29;43
2458016831;krasnoyarsk;52.29;52
1639010580;tatarstan;94.20;94
4632124174;kursk;70.22;70
3128149144;belgorod;69.10;69
5056007857;moscow reg.;46.44;46
9701114669;moscow city;71.12;71
0726023368;kabardino-balkaria;62.09;62
2511021999;primorsky terr.;52.21.24;52
6027050602;pskov;73.11;73
0300024161;buryatia;93.19;93
2636211593;stavropol;62.09;62
3000014506;astrakhan;47.91;47
5027330527;moscow reg.;47.91;47
6510004606;sakhalin;94.99;94
7404012043;chelyabinsk;01.13.10;01
3203006243;bryansk;94.99;94
6440015369;saratov;42.11;42
4205413711;kemerovo;93.19;93
1660302257;tatarstan;70.22;70
4909109482;magadan;41.20;41
3818048689;irkutsk;45.20;45
9001021730;zaporizhzhia;94.99;94
5024168675;moscow reg.;47.11;47
0100002379;adygeya;56.10;56
6829118220;tambov;70.22;70
5904000518;perm;25.62;25
3702199103;ivanovo;46.41;46
1657246940;tatarstan;46.73;46
3525472584;vologda;71.11;71
0608047884;ingushetia;43.21;43
7801413274;sankt-petersburg;68.32;68
5903142196;perm;94.99;94
3328496392;vladimir;49.41;49
1686012506;tatarstan;73.11;73
0511003611;dagestan;46.46.10;46
7460055682;chelyabinsk;69.10;69
1657251250;tatarstan;49.41;49
7452138399;chelyabinsk;46.73;46
4025427666;kaluga;62.01;62
3528186863;vologda;56.10;56
1001266326;karelia;56.10;56
1106035132;komi;86.21;86
2709013500;khabarovsk;47.11;47
0916010286;karachaevo-chercessia;52.29;52
4704109717;leningrad;42.21;42
1435310433;yakutia;49.31;49
7414001467;chelyabinsk;49.41.20;49
0920001848;karachaevo-chercessia;86.90.40;86
5029251454;moscow reg.;49.41.30;49
2540259001;primorsky terr.;62.01;62
3435129527;volgograd;25.93;25
2457062539;krasnoyarsk;47.25;47
8001019200;zabaikalsk terr.;70.22;70
8603183415;khanty-mansijsk;56.29;56
2465181184;krasnoyarsk;46.31;46
4703185169;leningrad;43.21;43
6230044211;ryazan;69.10;69
9302011291;donetsk;45.20;45
1658250883;tatarstan;31.01;31
7404016633;chelyabinsk;52.21.24;52
4501205310;kurgan;73.11;73
7729489488;moscow city;43.21;43
1655291190;tatarstan;86.10;86
0600007745;ingushetia;47.11;47
0107032848;adygeya;52.10;52
7500002104;zabaikalsk terr.;45.32;45
0400019398;altai rep.;49.41;49
8601051727;khanty-mansijsk;73.20;73
9705131961;moscow city;88.99;88
1500018417;north ossetia;41.20;41
9724112724;moscow city;43.39;43
5256004532;nizhni novgorod;18.11;18
6673183172;sverdlovsk;79.10;79
7329022716;ulyanovsk;61.10;61
6902010223;tver;52.21.24;52
3000012971;astrakhan;62.09;62
6658261130;sverdlovsk;25.12;25
9200009800;sevastopol;93.12;93
5022033930;moscow reg.;70.22;70
7810720120;sankt-petersburg;46.73.40;46
9729289010;moscow city;70.22;70
1001017915;karelia;68.32.10;68
3702083236;ivanovo;46.40;46
5190082960;murmansk;46.52;46
6952037728;tver;46.73;46
4205287601;kemerovo;49.41;49
4506007304;kurgan;52.29;52
9102026660;crimea;25.93;25
6730049088;smolensk;71.11.10;71
4826102885;lipetzk;41.20;41
6027205542;pskov;01.25;01
5053000814;moscow reg.;33.12;33
2700011932;khabarovsk;68.32.10;68
2318049065;krasnodar;68.20;68
7536076886;zabaikalsk terr.;73.11;73
1901106710;khakasia;52.29;52
6952318415;tver;62.01;62
4025448810;kaluga;69.20.20;69
5906153051;perm;27.12;27
1001292333;karelia;47.59.10;47
4205411344;kemerovo;93.11;93
4205232641;kemerovo;69.10;69
0608999280;ingushetia;93.10;93
8603251873;khanty-mansijsk;43.21;43
7220099125;tyumen;16.10;16
3000005029;astrakhan;71.12.20;71
5836681721;penza;62.01;62
7733611998;moscow city;43.22;43
2502064788;primorsky terr.;01.47;01
0107036747;adygeya;45.20;45
9729368906;moscow city;46.73.70;46
6679169600;sverdlovsk;43.12;43
5700004095;oryol;45.31;45
2366041274;krasnodar;56.10;56
5254995140;nizhni novgorod;93.19;93
9726055052;moscow city;64.99;64
4205268493;kemerovo;73.11;73
9731143970;moscow city;70.10;70
7203369340;tyumen;41.20;41
7811111360;sankt-petersburg;45.32;45
4500008291;kurgan;73.11;73
3906323479;kaliningrad;73.11;73
1101059926;komi;70.22;70
5904998455;perm;46.69.50;46
9201014225;sevastopol;25.62;25
3625017116;voronezh;46.11;46
7702572160;moscow city;78.10;78
3610000832;voronezh;49.30;49
5505051944;omsk;70.22;70
0326526198;buryatia;56.10;56
5042056068;moscow reg.;52.21.24;52
3906292929;kaliningrad;49.40;49
7814001359;sankt-petersburg;20.30.20;20
7802897155;leningrad;45.31;45
2804011006;amur;56.29;56
3664044681;voronezh;46.36.20;46
0317316740;buryatia;82.99;82
2373025996;krasnodar;93.12;93
1639057027;tatarstan;47.52.50;47
1701056885;tuva;86.23;86
5834128430;penza;25.62;25
1655143234;tatarstan;42.11;42
6155053944;rostov;41.20;41
7723612216;moscow city;33.12;33
2014018058;chechnya;45.20;45
7727318328;moscow city;69.10;69
5249159060;nizhni novgorod;20.16;20
8617040424;khanty-mansijsk;93.19;93
8904087031;yamal-nenets ao;41.20;41
0552006957;dagestan;25.11;25
2628062404;stavropol;49.42;49
7731605815;moscow city;68.32.10;68
4909126872;magadan;56.10.10;56
1828020569;udmurtia;42.21;42
6501016524;sakhalin;46.72.21;46
3110772823;belgorod;62.01;62
7327095490;ulyanovsk;42.99;42
5752080322;oryol;46.61;46
7604328929;yaroslavl;42.21;42
6670005301;sverdlovsk;56.10;56
0247004576;bashkortostan;01.47;01
2204994107;altai terr.;93.19;93
7703428480;moscow city;47.91;47
4018009690;kaluga;42.21;42
6501271620;sakhalin;70.22;70
7500016178;zabaikalsk terr.;93.19;93
5300005601;novgorod;62.02;62
4909997534;magadan;94.99;94
5835017638;penza;68.32;68
9727033252;moscow city;78.10;78
9721206491;moscow city;46.90;46
3257081945;bryansk;62.01;62
7531005930;zabaikalsk terr.;62.09;62
0800000095;kalmykia;62.01;62
7729475365;moscow city;20.42;20
2625098949;stavropol;01.11;01
7751210188;moscow city;46.39;46
2901316772;arkhangelsk;46.49.49;46
3808273702;irkutsk;69.20;69
0275914619;bashkortostan;49.41.10;49
2462055819;krasnoyarsk;47.11;47
7602156600;yaroslavl;45.32;45
4727000561;leningrad;47.10;47
7000004590;tomsk;42.11;42
0800017934;kalmykia;62.01;62
2801103001;amur;71.12.90;71
7203449972;tyumen;46.71;46
3702180790;ivanovo;56.10.10;56
6439094172;saratov;43.12;43
7707095793;tver;25.62;25
2204091850;altai terr.;69.20;69
3523018174;vologda;68.32;68
5404954241;novosibirsk;49.42;49
9001009860;zaporizhzhia;47.11;47
1435010180;yakutia;42.11;42
4415003246;kostroma;47.10;47
9102223718;crimea;62.01;62
2329014586;krasnodar;93.19;93
5249171934;nizhni novgorod;52.29;52
6803630025;tambov;43.11;43
2015007299;chechnya;62.09;62
1001290294;karelia;25.11;25
0900012231;karachaevo-chercessia;47.73;47
4606000542;kursk;71.12.13;71
5827075040;penza;70.22;70
9715470917;moscow city;47.91;47
2635821525;stavropol;69;69
7014062480;tomsk;41.20;41
7604013622;yaroslavl;46.90;46
1215118131;marij el;86.23;86
9724140496;moscow city;46.73.60;46
9731076690;moscow city;68.20;68
8904039366;yamal-nenets ao;68.20;68
2127317877;chuvashia;25.99.20;25
5405039534;novosibirsk;42.21;42
3435145078;volgograd;94.99;94
3460059954;moscow reg.;41.20;41
7310104186;ulyanovsk;01.10;01
6829911006;tambov;93.10;93
9102223852;crimea;70.22;70
4027128502;kaluga;56.10;56
3245020120;bryansk;68.32;68
6318055796;samara;94.92;94
9714038670;moscow city;02.10;02
0800016063;kalmykia;62.01;62
6723004262;smolensk;01.50;01
2309169341;krasnodar;93.29.10;93
9709050777;moscow city;59.20;59
1800018168;udmurtia;47.91.20;47
2635700418;stavropol;70.22;70
2508133170;primorsky terr.;77.12;77
5017038097;moscow reg.;47.19;47
4221028019;kemerovo;52.21.24;52
3257077530;bryansk;62.09;62
0725029230;kabardino-balkaria;93.12;93
5050115052;moscow reg.;52.29;52
3123224670;belgorod;86.23;86
7734428949;moscow city;56.10;56
7723407922;moscow city;86.10;86
4345471167;kirov;86.23;86
5262372446;nizhni novgorod;62.01;62
7017352187;tomsk;46.90;46
4205383880;kemerovo;42.11;42
7728528656;moscow city;06.20;06
6942010029;tver;68.32.10;68
2460052844;krasnoyarsk;46.49.20;46
5607144725;orenburg;43.21;43
9500017760;kherson;41.20;41
2540205670;primorsky terr.;46.17;46
3123469341;belgorod;52.29;52
6700004153;smolensk;25.61;25
9102056545;crimea;86.10;86
4632033061;kursk;71.12.45;71
4100046091;kamchatka;69.10;69
4704106360;leningrad;01.45;01
8911024226;yamal-nenets ao;47.11;47
9001002906;zaporizhzhia;01.11;01
3201004635;bryansk;94.99;94
5632007345;orenburg;01.10;01
5116060086;murmansk;52.21.24;52
5507259063;omsk;73.11;73
6234030724;ryazan;93.11;93
1215182200;marij el;43.29;43
4703154717;leningrad;49.32;49
7206057973;tyumen;52.29;52
7203213825;tyumen;70.22;70
3123479798;belgorod;46.90;46
4217179449;altai rep.;47.11;47
2901100082;arkhangelsk;86.23;86
0573016113;dagestan;43.21;43
2628037140;stavropol;56.10;56
1841068538;udmurtia;25.50;25
3460085432;volgograd;47.91.20;47
3528339580;vologda;52.29;52
0608028578;ingushetia;49.41;49
0101006337;adygeya;47.11;47
7604157409;yaroslavl;52.10.21;52
9714041471;moscow city;46.34.23;46
6375002896;samara;01.11.10;01
6449106074;saratov;47.30.11;47
4826024683;lipetzk;47.63.10;47
0917020551;karachaevo-chercessia;41.20;41
9701267873;moscow city;41.20;41
9701086242;moscow city;01.62;01
3123432743;belgorod;45.20.10;45
6833020299;tambov;45.31.10;45
2543105313;primorsky terr.;41.20;41
5610239504;orenburg;25.99;25
7017128450;tomsk;47.25;47
7500016724;zabaikalsk terr.;47.91;47
5004012454;moscow reg.;68.32.20;68
7451364927;chelyabinsk;73.11;73
5321207052;novgorod;46.52.10;46
7456057278;chelyabinsk;56.10;56
2508147511;primorsky terr.;52.29;52
1327033493;mordovia;45.31;45
5609192890;orenburg;68.32;68
4221000944;kemerovo;45.20.10;45
8603101194;khanty-mansijsk;94.99;94
5030047171;kaluga;25.11;25
9704008355;moscow city;78.10;78
8601055062;khanty-mansijsk;94.99;94
3100029009;belgorod;43.21;43
7203441229;tyumen;86.23;86
6949113753;tver;25.11;25
1657132196;tatarstan;46.43;46
9707004454;moscow city;46.90;46
3328302960;vladimir;70.22;70
1326180752;mordovia;68.20.20;68
2983013085;nenets ao;94.99;94
2460210480;krasnoyarsk;69.20.20;69
9102247740;crimea;47.11;47
5504238795;omsk;43.20;43
9721201648;moscow city;25.61;25
6168041671;rostov;45.10;45
9002014502;zaporizhzhia;68.20;68
3808138460;irkutsk;94.99;94
3632006193;voronezh;28.10;28
5904346379;perm;68.32;68
0800019040;kalmykia;49.31;49
3201005050;bryansk;47.59.20;47
5504244534;omsk;56.10;56
5834053295;penza;43.99;43
7724495248;moscow city;73.11;73
0710007265;kabardino-balkaria;93.19;93
8904086020;yamal-nenets ao;42.22;42
3123227582;belgorod;47.73;47
2801254882;amur;70.22;70
3702218042;ivanovo;42.11;42
7500002270;zabaikalsk terr.;94.99;94
7801279484;sankt-petersburg;68.20.20;68
5503179314;omsk;56.10;56
7604397538;yaroslavl;47.54;47
3121183643;belgorod;01.13.10;01
6452920950;saratov;45.30;45
0274908965;bashkortostan;41.20;41
7707804295;moscow city;70.22;70
5301004008;novgorod;10.11;10
7453229970;chelyabinsk;43.20;43
4329009195;kirov;47.64;47
2311350763;krasnodar;45.31;45
6700012725;smolensk;73.12;73
5005019332;moscow reg.;68.32.20;68
0912003552;karachaevo-chercessia;52.21.22;52
2463039143;krasnoyarsk;68.32.20;68
7327998559;ulyanovsk;70.22;70
7627060587;yaroslavl;93.19;93
7328101531;ulyanovsk;86.23;86
0918002435;karachaevo-chercessia;01.41;01
4633041121;kursk;93.19;93
5902120979;perm;68.10.23;68
2001004555;zaporizhzhia;41.20;41
3801157866;irkutsk;45.20;45
5102004042;murmansk;45.20;45
6027026600;pskov;52.21.24;52
1001187635;karelia;41.20;41
2127325620;chuvashia;62.01;62
3906208772;kaliningrad;46.40;46
5406837007;novosibirsk;70.22;70
4205395477;kemerovo;73.11;73
2625802058;stavropol;46.39;46
2801119604;amur;46.90;46
3016061318;astrakhan;68.32.10;68
6319724961;samara;43.29;43
1321114900;mordovia;01.41;01
7804653796;sankt-petersburg;62.01;62
5505028374;omsk;47.19;47
0411169684;altai rep.;69.10;69
1910005059;khakasia;94.99;94
3662070774;voronezh;46.73;46
4821050055;lipetzk;42.11;42
5190995713;murmansk;94.99;94
8602271690;khanty-mansijsk;62.01;62
4633011818;kursk;56.10;56
4205356559;kemerovo;52.21.24;52
1121023580;komi;43.99.70;43
2305027762;krasnodar;45.11.20;45
6510009932;sakhalin;01.41;01
7900002483;jewish ao;46.21;46
6829040422;tambov;41.20;41
6320047094;samara;63.99.10;63
7705952690;moscow city;73.10;73
9102273620;crimea;71.12.10;71
3700014117;ivanovo;42.21;42
5751066815;oryol;93.12;93
4345061869;kirov;68.32.10;68
1647001363;chuvashia;43.34.20;43
0326570310;buryatia;42.11;42
9719009376;moscow city;64.99;64
3200008500;bryansk;69.20;69
2827010746;amur;94.99;94
2304067184;krasnodar;73.11;73
1327025051;mordovia;25.11;25
4205262050;kemerovo;47.90;47
2635255492;stavropol;63.11;63
7448220509;chelyabinsk;45.31;45
9727012238;moscow city;62.01;62
6454000370;saratov;43.20;43
3808279550;irkutsk;43.91;43
1902025358;khakasia;93.11;93
1001337320;karelia;46.31;46
1832052958;udmurtia;49.40;49
6407001986;saratov;01.11;01
6700021818;smolensk;41.20;41
2466282594;krasnoyarsk;25.99.30;25
0277905472;bashkortostan;43.99;43
3015117261;astrakhan;49.41;49
4345473774;kirov;71.11;71
9310010608;donetsk;41.20;41
7707801801;moscow city;58.14;58
7729581719;moscow city;43.12;43
7451364317;chelyabinsk;45.31;45
6685002127;sverdlovsk;41.20;41
3702261256;ivanovo;49.41;49
7116159466;tula;56.10;56
7603076041;yaroslavl;70.22;70
7203470340;tyumen;01.70;01
7107123167;tula;49.41;49
3250069723;bryansk;43.12;43
5752084800;oryol;56.10;56
4246018196;kemerovo;69.20.20;69
2537092384;primorsky terr.;69.10;69
6452925154;saratov;81.29.10;81
9705230730;moscow city;45.20;45
3666226609;voronezh;47.64.10;47
3906985970;kaliningrad;93.29.90;93
4341018693;kirov;47.20;47
0800017772;kalmykia;47.91;47
2311344671;krasnodar;71.12.20;71
1201000524;marij el;86.90.40;86
2901292923;arkhangelsk;41.20;41
3818030988;irkutsk;47.90;47
7723910653;moscow city;46.51;46
4909126745;magadan;01.70;01
5037008213;moscow reg.;22.22;22
3664238790;belgorod;46.72;46
4631011763;kursk;68.20.20;68
9500024334;kherson;94.99;94
9101001053;crimea;62.02;62
9201502896;sevastopol;25.61;25
5409007205;novosibirsk;45.32.21;45
1903025583;khakasia;41.20;41
7536153820;zabaikalsk terr.;70.22;70
5753070550;oryol;56.10;56
0278135811;bashkortostan;71.20.90;71
2905010344;arkhangelsk;52.21.24;52
9715484638;moscow city;43.12.30;43
1650408279;tatarstan;25.62;25
4408002562;kostroma;10.71;10
7300024809;ulyanovsk;25.29;25
0816027247;kalmykia;43.31;43
9001018381;zaporizhzhia;46.14;46
7806608830;sankt-petersburg;71.12.40;71
3702131120;ivanovo;70.22;70
3906358873;kaliningrad;96.04;96
4220025671;kemerovo;70.22;70
9200020603;sevastopol;25.99;25
3702652588;ivanovo;25.10;25
5404032800;novosibirsk;94.99;94
1328006291;mordovia;45.30;45
5834128670;penza;25.62;25
7801460066;sankt-petersburg;73.11;73
2824003878;amur;01.50;01
9201503427;sevastopol;52.21.24;52
3662255430;voronezh;73.11;73
6449048175;saratov;70.22;70
5047240529;moscow reg.;64.99.11;64
7707397297;moscow city;68.20.20;68
2308292215;krasnodar;38.21;38
4600001290;kursk;73.20;73
5040193118;moscow reg.;56.10.10;56
2302036705;krasnodar;49.32;49
7107044821;tula;52.21.24;52
7105051380;tula;41.20;41
7724406569;moscow city;45.31;45
3123221171;belgorod;73.10;73
4823025262;lipetzk;25.11;25
4205422240;kemerovo;94.99;94
0276942231;bashkortostan;25.99;25
9200021950;sevastopol;46.69;46
0323400045;buryatia;47.73;47
4101144020;kamchatka;69.10;69
9721082221;moscow city;64.92.60;64
2130096963;chuvashia;62.01;62
0572034529;dagestan;86.23;86
7500013931;zabaikalsk terr.;62.01;62
7610140361;yaroslavl;90.04.30;90
9102171202;crimea;45.10;45
3121186041;belgorod;61.10;61
7413026451;chelyabinsk;71.11;71
6516008950;sakhalin;71.11.10;71
0725012155;kabardino-balkaria;52.21.24;52
3528219011;vologda;46.69;46
6673183655;sverdlovsk;68.20;68
7116506896;tula;43.12;43
2351008323;krasnodar;33.12;33
5250048702;nizhni novgorod;25.99;25
8608063111;khanty-mansijsk;49.41;49
2367025028;krasnodar;94.99;94
5321191243;novgorod;49.31;49
1001164356;karelia;42.21;42
7604368209;yaroslavl;25.62;25
3907047246;kaliningrad;46.40;46
5321050820;novgorod;94.20;94
1300009119;mordovia;86.21;86
9701166113;moscow city;59.13;59
5262390759;nizhni novgorod;49.41;49
4824064761;lipetzk;46.77;46
6500009845;sakhalin;86.90.90;86
2538107026;primorsky terr.;55.10;55
1400025763;yakutia;73.11;73
1101473157;komi;94.20;94
3443059400;volgograd;45.20;45
1001184948;karelia;71.11;71
2370009266;krasnodar;86.23;86
6501169129;sakhalin;49.39;49
6147036328;rostov;70.22;70
7751246515;moscow city;81.10;81
6632007202;sverdlovsk;94.99;94
0323374557;buryatia;68.32;68
7811770606;sankt-petersburg;41.20;41
7734400799;moscow city;62.01;62
5261126769;nizhni novgorod;56.10;56
6952027543;tver;46.73.60;46
7203005783;tyumen;52.21.24;52
3702083268;ivanovo;69;69
8901040363;yamal-nenets ao;45.20;45
7606085527;yaroslavl;72.19;72
4703153671;leningrad;73.11;73
0323395483;buryatia;42.11;42
2543145588;primorsky terr.;45.11.40;45
5022052280;moscow reg.;46.90;46
4252003712;kemerovo;45.30;45
6450116535;saratov;56.30;56
5001021041;moscow reg.;35.30.40;35
3525368150;vologda;43.29;43
5837058277;penza;45.20;45
2983008092;nenets ao;68.32.10;68
9201502328;sevastopol;46.32;46
5806003380;penza;01.11.10;01
1101098033;komi;69;69
1500014300;north ossetia;68.32;68
4027071408;kaluga;25.10;25
2614021180;stavropol;41.20;41
3025037174;astrakhan;52.29;52
6668011428;sverdlovsk;52.21.24;52
5753041196;oryol;70.22;70
1201003540;marij el;43.99.60;43
5835096326;penza;46.46;46
3444281246;volgograd;93.29.90;93
1657269137;tatarstan;45.31;45
3664034228;voronezh;77.39.21;77
5610046615;orenburg;46.19;46
1658078960;tatarstan;93.20;93
2320240090;krasnodar;46.17;46
8902013281;yamal-nenets ao;41.20;41
0273059388;bashkortostan;47.25;47
9406015660;luhansk;52.21.24;52
6234201320;ryazan;43.31;43
1650410944;tatarstan;62.02;62
7806620796;sankt-petersburg;42.11;42
3327128893;vladimir;52.24;52
7729137670;moscow city;94.99;94
9729367652;moscow city;95.24;95
6376121102;samara;01.25;01
3200001670;bryansk;69.20;69
7810758116;sankt-petersburg;62.01;62
6323104424;samara;93.19;93
1300012016;mordovia;56.10;56
1215074685;marij el;52.21.24;52
5610233485;orenburg;47.71;47
4632297385;kursk;93.19;93
7203566549;tyumen;47.11;47
7604210726;yaroslavl;71.11;71
3808206400;irkutsk;46.69;46
0326010420;buryatia;42.11;42
6950220196;tver;69.10;69
0608064738;ingushetia;01.41;01
5260384005;nizhni novgorod;43.91;43
0708009949;kabardino-balkaria;45.20.10;45
2508135795;primorsky terr.;70.22;70
7451467094;chelyabinsk;93.19;93
7325900215;ulyanovsk;68.32.20;68
7452095804;chelyabinsk;81.30;81
4632282195;kursk;42.21;42
5609065236;orenburg;68.32;68
1435332300;yakutia;43.99.50;43
6234082786;ryazan;56.10;56
2700019160;khabarovsk;43.11.90;43
7811580570;sankt-petersburg;47.52.50;47
9203547652;sevastopol;47.11;47
6670503057;sverdlovsk;41.20;41
3127512661;belgorod;56.10;56
5836131510;penza;68.32.10;68
6514008591;sakhalin;01.50;01
9304022161;donetsk;24.20;24
1215221114;marij el;52.21.24;52
6027191603;pskov;69.10;69
5443980005;novosibirsk;93.29.20;93
0725004235;kabardino-balkaria;86.10;86
2309173940;krasnodar;41.20;41
1901058287;khakasia;68.20;68
4633041192;kursk;86.22;86
5404950744;novosibirsk;94.99;94
0546018915;dagestan;43.91;43
4909129383;magadan;43.99;43
6452115791;saratov;94.20;94
3123380982;belgorod;70.22;70
9102288120;crimea;86.90;86
2130089846;chuvashia;56.30;56
9500001560;kherson;01.11;01
4704096899;leningrad;42.11;42
2605017067;stavropol;46.75.10;46
2130228088;chuvashia;41.20;41
3528179295;vologda;79.11;79
7451468570;chelyabinsk;01.19.21;01
9703156760;moscow city;43.99.50;43
9001031287;zaporizhzhia;68.20;68
6683013821;sverdlovsk;23.99;23
3849056873;irkutsk;73.11;73
4712041406;sankt-petersburg;01.25.10;01
5259092664;nizhni novgorod;70.22;70
6625007917;sverdlovsk;01.13.20;01
4027101483;kaluga;41.20;41
7901526680;jewish ao;94.90;94
0721061881;kabardino-balkaria;94.99;94
5038185705;moscow reg.;25.61;25
3902011775;kaliningrad;69.20.20;69
9727013954;moscow city;43.31;43
5424107719;novosibirsk;68.32.20;68
3664116350;voronezh;49.41;49
5402084793;novosibirsk;49.31.21;49
2209044525;altai terr.;52.21.24;52
8602107700;khanty-mansijsk;86.23;86
1700007606;tuva;86.23;86
3525374675;vologda;68.32;68
7707489692;moscow city;73.11;73
1001262522;karelia;73.10;73
3123377309;belgorod;71.11.10;71
2511044682;primorsky terr.;46.71;46
3100018141;belgorod;52.29;52
1200007076;marij el;49.42;49
2318042581;krasnodar;49.40;49
7805412169;sankt-petersburg;42.21;42
5638068288;orenburg;86.22;86
0711025771;kabardino-balkaria;45.40;45
5031057260;moscow reg.;01.47;01
3917054010;kaliningrad;49.41;49
9731122868;moscow city;69.10;69
7838428679;sankt-petersburg;25.99;25
4719014320;leningrad;68.32.20;68
9703102651;moscow city;73.11;73
2536332548;primorsky terr.;46.75.20;46
9705153524;moscow city;41.20;41
1513082755;north ossetia;49.41;49
6950229640;tver;41.20;41
7729763250;moscow city;47.52;47
5261128759;nizhni novgorod;93.11;93
5190098784;murmansk;25.11;25
2308024270;krasnodar;68.20.20;68
5047213370;moscow reg.;94.12;94
1660017130;tatarstan;52.21.24;52
8707001934;chukotka;01.70;01
7715981668;moscow city;47.41;47
3015117303;astrakhan;56.10;56
4345442840;kirov;86.10;86
7816546492;sankt-petersburg;71.20;71
1841020399;udmurtia;69.10;69
5260323193;nizhni novgorod;56.10;56
7751310520;moscow city;73.11;73
0274953220;bashkortostan;01.49.11;01
7804700090;sankt-petersburg;45.11;45
7017369060;tomsk;56.10;56
0545020781;dagestan;43.99.70;43
4611011691;kursk;47.30;47
2376002980;krasnodar;94.99;94
5101313778;murmansk;69.10;69
5609098390;orenburg;46.73.60;46
2315226661;krasnodar;52.29;52
0276972780;bashkortostan;33.12;33
4825133922;lipetzk;46.90;46
5638078078;orenburg;45.31;45
9105019534;crimea;62.02;62
5906020100;perm;68.10;68
3801147508;irkutsk;64.92.60;64
6168022277;rostov;52.21.24;52
5190019630;murmansk;45.20;45
7325079630;ulyanovsk;62.01;62
3663152765;voronezh;87.90;87
1832164813;udmurtia;41.20;41
1655100914;tatarstan;68.32.10;68
0411083035;marij el;42.91.40;42
2463095902;krasnoyarsk;69.10;69
6215026377;ryazan;49.31.20;49
0404008414;altai rep.;42.11;42
7447297322;chelyabinsk;43.21;43
6671247712;sverdlovsk;86.23;86
9707028007;moscow city;41.20;41
5528015396;omsk;46.90;46
2014035159;chechnya;69.10;69
0323357287;buryatia;86;86
1832152007;udmurtia;73.11;73
4217048478;kemerovo;81.29.90;81
5259094051;nizhni novgorod;25.73;25
8912002391;yamal-nenets ao;01.49.40;01
3123483748;belgorod;94.99;94
6345008629;samara;68.20;68
5405099332;novosibirsk;77.34;77
1435363724;yakutia;56.10;56
0572018615;dagestan;86.23;86
7536080900;zabaikalsk terr.;62.09;62
5918999339;perm;70.22;70
0816019101;kalmykia;43.31;43
3200008122;bryansk;93.13;93
1657263689;tatarstan;45.11.40;45
2508003693;primorsky terr.;35.30.40;35
3444168610;volgograd;46.70;46
8904048522;yamal-nenets ao;69.10;69
9704234650;moscow city;46.45;46
9001029048;zaporizhzhia;94.99;94
7726580869;moscow city;49.41;49
1660137998;tatarstan;45.20.10;45
7326055495;ulyanovsk;45.32;45
1832148219;udmurtia;46.31;46
4401183609;kostroma;79.11;79
7810419219;sankt-petersburg;41.20;41
5904241217;perm;43.29;43
8300005999;nenets ao;68.20.20;68
4205418815;volgograd;56.10;56
7327081924;ulyanovsk;46.33;46
0276944052;bashkortostan;41.20;41
1513073905;north ossetia;01.41;01
8602195746;khanty-mansijsk;46.73;46
5836131573;penza;68.32.10;68
7300008606;ulyanovsk;41.20;41
2508137337;primorsky terr.;93.12;93
3444195364;volgograd;46.75.20;46
2717001837;khabarovsk;47.25.10;47
2721026256;khabarovsk;68.32.10;68
4501217629;kurgan;38.11;38
5215001067;nizhni novgorod;68.32.20;68
7206058367;tyumen;73.11;73
7706515519;khabarovsk;70.22;70
6454116159;saratov;73.11;73
9200019781;sevastopol;42.21;42
7702618376;moscow city;86.23;86
4705098627;leningrad;70.22;70
7327068730;ulyanovsk;47.50;47
7103040230;tula;52.29;52
1835045035;udmurtia;71.11;71
5103300037;murmansk;93.29;93
5001134239;moscow reg.;49.41;49
4025419288;kaluga;70.22;70
3444127798;volgograd;18.10;18
2543156565;primorsky terr.;43.99;43
6311150112;samara;77.11;77
3528048493;vologda;86.90.40;86
8905039739;yamal-nenets ao;56.10;56
6800004372;tambov;25.11;25
7456017726;chelyabinsk;47.90;47
9403016426;luhansk;41.20;41
3666270340;voronezh;70.22;70
4632293461;kursk;42.12;42
4401057820;kostroma;73.11;73
6001003421;pskov;01.70;01
0800018568;kalmykia;41.20;41
2636212621;stavropol;52.23;52
7901545972;jewish ao;46.21.11;46
5107020545;murmansk;56.10;56
6679079869;sverdlovsk;25.99;25
6324088302;samara;25.61;25
1650357049;tatarstan;45.31;45
6501101674;sakhalin;47.10;47
6229072768;ryazan;86.90.90;86
2311179467;krasnodar;94.99;94
1101176098;komi;56.10.10;56
0277926440;bashkortostan;93.29;93
9302007062;donetsk;42.22;42
5027262034;moscow reg.;22.22;22
3702095023;ivanovo;47.25;47
7203408542;tyumen;49.41;49
6219009301;ryazan;25.11;25
1701048429;tuva;72.19;72
0917034890;karachaevo-chercessia;56.10;56
6147023047;rostov;70.22;70
6673162729;sverdlovsk;45.32;45
9703155075;moscow city;47.29;47
7726400467;moscow reg.;25.61;25
3000009986;astrakhan;62.01;62
5903143263;perm;62.01;62
4706072501;leningrad;47.91.10;47
7325154038;ulyanovsk;42.21;42
4900017460;magadan;56.10;56
5190906008;murmansk;71.10;71
6311194600;samara;49.41;49
7810709447;sankt-petersburg;69.20.20;69
3661073902;voronezh;56.10.10;56
7716569288;sankt-petersburg;43.33;43
2315017731;krasnodar;47.51;47
1000014968;karelia;41.20;41
5610140914;orenburg;41.20;41
7743353249;moscow city;47.11;47
2631031300;stavropol;41.20;41
0608064463;ingushetia;01.41;01
4808000778;lipetzk;93.29.90;93
6670444958;sverdlovsk;70.22;70
2366043786;krasnodar;41.20;41
4345442776;kirov;93.11;93
3459085371;volgograd;41.20;41
3445115844;volgograd;69.10;69
3123452588;belgorod;41.20;41
9102240209;crimea;70.22;70
1101076336;komi;62.01;62
2628047773;stavropol;68.32;68
7604389015;yaroslavl;41.20;41
2635098842;stavropol;86.23;86
7136502240;tula;01.43.10;01
5025029699;moscow reg.;94.99;94
5504044366;omsk;94.99;94
7203511490;tyumen;93.19;93
2208018410;altai terr.;42.21;42
2983013335;nenets ao;94.99;94
1901085354;khakasia;45.20;45
7803047922;sankt-petersburg;56.10;56
2901256308;arkhangelsk;69.10;69
2721253805;khabarovsk;94.12;94
9204560977;sevastopol;62.09;62
0572028860;dagestan;73.11;73
3706029127;ivanovo;86.10;86
4205327727;moscow city;68.20;68
2543180230;primorsky terr.;41.20;41
5981001932;perm;01.13.10;01
2001004548;chechnya;49.42;49
2536082584;primorsky terr.;81.29;81
2222802778;altai terr.;93.29.90;93
7103010067;tula;52.21;52
2709017939;khabarovsk;52.22.10;52
3257078290;bryansk;25.11;25
3629999086;voronezh;93.10;93
7900005861;jewish ao;47.91;47
2204081516;altai terr.;49.31;49
8911033566;yamal-nenets ao;49.41.20;49
4900011524;magadan;69.10;69
3123192570;belgorod;62.09;62
5029128450;moscow reg.;93.11;93
7710564438;moscow city;68.20;68
0800025251;kalmykia;69.20.20;69
3121180184;belgorod;41.20;41
0100003044;adygeya;93.12;93
9500017672;kherson;94.99;94
2635257588;stavropol;86.90.10;86
2723173584;khabarovsk;69.20;69
9729353000;moscow city;49.41;49
6501103199;sakhalin;68.20.20;68
4704110046;leningrad;69.20;69
2631044645;stavropol;68.32;68
4212037881;kemerovo;93.21;93
7536188131;zabaikalsk terr.;45.31;45
0100009367;adygeya;46.34.23;46
9200018033;sevastopol;41.20;41
7723500030;moscow reg.;25.11;25
2801278450;amur;56.10;56
7814419682;sankt-petersburg;71.20.20;71
5105007309;murmansk;69.20.20;69
3700022936;ivanovo;45.31.10;45
4909119579;magadan;52.23.19;52
3808286211;irkutsk;41.20;41
6662085825;sverdlovsk;46.90;46
6820023550;tambov;47.11;47
4501106534;kurgan;49.31.21;49
3666180915;chechnya;46.69;46
1323000881;mordovia;01.70;01
1903029926;khakasia;49.41;49
2634109474;stavropol;93.19;93
6128009826;rostov;01.70;01
4442011165;kostroma;01.19;01
2804021100;amur;86.23;86
6320062889;samara;46.49;46
5042155140;moscow reg.;46.72;46
1215214621;marij el;41.20;41
0546024242;dagestan;45.11.20;45
2223038940;altai terr.;71.20;71
7536175686;zabaikalsk terr.;62.01;62
1700003464;tuva;86.23;86
4900014758;magadan;45.31;45
7017364190;tomsk;25.73;25
5407006189;novosibirsk;52.21.24;52
0265990032;bashkortostan;85.13;85
3128081961;belgorod;73.10;73
8602315316;khanty-mansijsk;94.99.30;94
2632124501;stavropol;86.23;86
3711039642;ivanovo;68.32.20;68
9109007152;crimea;68.20;68
7714474305;moscow city;96.02;96
3906396519;kaliningrad;93.19;93
5001032759;moscow reg.;52.29;52
6679138218;sverdlovsk;07.29;07
2904020710;sankt-petersburg;49.40;49
0400003743;altai rep.;68.32.10;68
6321041754;samara;43.21;43
9402010630;luhansk;94.99;94
1513066175;north ossetia;42.11;42
5408293916;novosibirsk;71.20;71
3444169290;volgograd;62.02;62
9204025056;sevastopol;49.40;49
9718204110;moscow city;62.09;62
4909132379;magadan;41.20;41
5002001182;moscow reg.;52.21.24;52
7726421266;kaluga;73.11;73
2130190388;chuvashia;29.31;29
0411149381;altai rep.;56.10;56
0265050303;bashkortostan;42.11;42
5108003790;murmansk;56.10;56
4501089141;kurgan;94.99;94
3245013242;bryansk;45.20;45
7106524984;tula;47.59.40;47
5754025905;oryol;43.31;43
4704089098;leningrad;47.20;47
6685153729;sverdlovsk;71.11;71
0800017557;kalmykia;43.11;43
5038112506;moscow reg.;46.31;46
2540279167;primorsky terr.;46.52;46
1215235484;marij el;25.12;25
5751040013;oryol;86.21;86
5032290069;moscow reg.;38.11;38
5248047042;nizhni novgorod;25.29;25
7734433755;moscow city;46.90;46
8904069057;yamal-nenets ao;69.20;69
0571012995;dagestan;94.99;94
4105027367;kamchatka;68.32.20;68
6166099228;rostov;52.29;52
7733288400;moscow city;70.22;70
7017435027;tomsk;41.20;41
4000011049;kaluga;79.11;79
7536156997;zabaikalsk terr.;68.10;68
2422004141;krasnoyarsk;41.20;41
7602140840;yaroslavl;94.99;94
8902009655;yamal-nenets ao;52.10.10;52
4345534057;kirov;68.20;68
9201507767;sevastopol;25.50.10;25
4253054981;kemerovo;43.22;43
6615007636;sverdlovsk;86.23;86
4345281215;kirov;62;62
6726008233;smolensk;43.12.30;43
7805107359;sankt-petersburg;52.22.16;52
0816040833;kalmykia;41.20;41
2508022304;primorsky terr.;71.20.50;71
1700003552;tuva;47.73;47
5190407908;murmansk;52.10;52
6950049975;tver;43.21;43
3702678219;ivanovo;41.20;41
8604037880;khanty-mansijsk;46.90;46
6504007623;sakhalin;69.10;69
4824099757;lipetzk;46.49.30;46
3702207690;ivanovo;56.10;56
2465344897;krasnoyarsk;56.29;56
9723168361;moscow city;43.21;43
9311022973;donetsk;46.90;46
6678103445;sverdlovsk;46.76.10;46
7734463573;moscow city;46.90;46
7730307453;moscow city;69.20;69
4345509332;kirov;41.20;41
2801136286;amur;56.10;56
0400019119;altai rep.;01.41;01
3525404129;vologda;62.02;62
4431002715;kostroma;45.20;45
7743394051;moscow city;43.32;43
2723166611;khabarovsk;69.20;69
6229083576;ryazan;49.41;49
6671298971;sverdlovsk;46.73;46
6161067906;rostov;43.22;43
0600005610;ingushetia;49.20.90;49
6827033726;tambov;73.11;73
6660039044;sverdlovsk;94.20;94
5027139256;moscow city;80.10;80
6683017745;sverdlovsk;68.32;68
7805785717;sankt-petersburg;64.20;64
8908003240;yamal-nenets ao;71.10;71
3321027313;vladimir;68.32.10;68
3702152480;ivanovo;71.10;71
3528301570;vologda;68.20.20;68
0100005676;adygeya;47.11;47
4501207966;kurgan;71.20;71
2312312270;krasnodar;69.10;69
5902840215;perm;52.29;52
6330082838;samara;46.69;46
7300010130;ulyanovsk;43.99;43
6900004129;tver;49.41;49
6143079708;rostov;71.11.10;71
2804018040;amur;41.20;41
2632809551;stavropol;71.11;71
4826071764;lipetzk;49.40;49
5107915151;murmansk;01.13.30;01
1213002702;marij el;41.20;41
0919970044;karachaevo-chercessia;94.99;94
7805731648;sankt-petersburg;55.10;55
5403206268;novosibirsk;46.43.20;46
7453297955;chelyabinsk;46.73;46
4703055000;sankt-petersburg;69.10;69
2465317910;krasnoyarsk;62.09;62
4345058954;kirov;86.21;86
7500013924;zabaikalsk terr.;41.20;41
0816015153;kalmykia;86.23;86
2720063463;khabarovsk;25.11;25
3443146396;volgograd;69.10;69
6633001115;sverdlovsk;86.23;86
9200009085;sevastopol;45.11.10;45
1003103486;karelia;68.32.10;68
4622008355;kursk;49.41;49
5250067215;nizhni novgorod;46.14.10;46
5260342848;north ossetia;43.21;43
1661051609;tatarstan;70.22;70
2320117996;krasnodar;01.25;01
7743134078;moscow city;63.91;63
1701025140;tuva;52.21.24;52
0265050110;bashkortostan;47.29.10;47
9728023225;moscow city;46.31;46
2246005179;altai terr.;52.29;52
4015004541;kaluga;94.99;94
8602262858;khanty-mansijsk;62.01;62
5262302262;nizhni novgorod;93.29;93
5263084465;nizhni novgorod;25.61;25
3801133583;irkutsk;70.22;70
5614014678;orenburg;43.21;43
4900012408;magadan;69.20;69
7610076878;yaroslavl;46.90;46
2315087062;krasnodar;62.09;62
8901026633;yamal-nenets ao;62.01;62
6450934890;saratov;86.23;86
4101087510;kamchatka;42.11;42
3329076263;vladimir;73.11;73
6164128770;rostov;56.10;56
7133501471;tula;47.25;47
2801263439;amur;42.99;42
2811076741;amur;25.11;25
0725027112;kabardino-balkaria;49.41;49
5837020876;penza;10.72;10
4823076323;lipetzk;45.11.20;45
5918213820;perm;20.15;20
2465100690;krasnoyarsk;47.11.20;47
6435002533;saratov;01.11;01
0700001514;kabardino-balkaria;45.20.10;45
7536101998;zabaikalsk terr.;45.30;45
0278194180;bashkortostan;46.90;46
5315005650;pskov;86.23;86
3017052651;astrakhan;71.11.10;71
5009126141;moscow reg.;49.41;49
7716853549;moscow city;45.31;45
5040085708;moscow city;45.20;45
9403023769;luhansk;46.39;46
4907007982;magadan;94.92;94
3851016941;irkutsk;49.40;49
2457086931;krasnoyarsk;43.11;43
0725022749;kabardino-balkaria;86.10;86
2317041948;krasnodar;46.30;46
4000002870;kaluga;41.20;41
7811738641;sankt-petersburg;42.22;42
0278984766;bashkortostan;71.12.30;71
1000016443;karelia;43.32;43
0317009700;buryatia;52.10;52
3662073126;voronezh;86.23;86
2309120152;adygeya;47.24.10;47
5260345510;nizhni novgorod;43.20;43
7325126954;ulyanovsk;86.21;86
6134001737;rostov;68.32;68
5904374224;perm;25.11;25
4401180647;kostroma;45.32;45
6502005780;sakhalin;49.31.20;49
1101149288;komi;86.23;86
1000006438;karelia;01.41;01
2508115510;primorsky terr.;70.10.20;70
6722037508;smolensk;86.10;86
6500003339;sakhalin;93.11;93
5903017445;perm;52.21.24;52
4826122169;lipetzk;68.32.20;68
3418100863;volgograd;94.20;94
0300019884;buryatia;94.99;94
3525125990;vologda;96.02;96
6700020807;smolensk;45.20;45
5032025328;moscow reg.;68.32.20;68
1500012334;north ossetia;52.29;52
3848003621;irkutsk;46.73.10;46
7002024539;tomsk;49.41;49
7724327726;moscow city;43.21;43
0571009382;dagestan;71.11;71
7536165889;zabaikalsk terr.;93.19;93
6317153705;samara;64.99;64
7730648950;chelyabinsk;73.11;73
7810723265;leningrad;33.12;33
5105980028;murmansk;93.10;93
5611086025;orenburg;46.21;46
5040114074;moscow reg.;41.20;41
7814145463;sankt-petersburg;49.41;49
1511019451;north ossetia;45.20.20;45
1435351581;yakutia;70.22;70
2465347432;krasnoyarsk;49.41;49
4632088590;kursk;43.12;43
4001011901;kaluga;56.10;56
1675003517;tatarstan;42.21;42
0105032190;adygeya;47.50;47
3000008580;astrakhan;42.91.20;42
3528340931;vologda;45.31.10;45
1900014551;khakasia;46.69.90;46
6950186121;tver;73.11;73
6318131905;samara;52.21.24;52
3300013599;vladimir;46.74;46
7452115987;chelyabinsk;52.21.22;52
1504107548;north ossetia;42.21;42
6137010360;rostov;25.61;25
7106052241;tula;69.10;69
9110005569;crimea;56.10;56
6504023174;sakhalin;94.99;94
6232010169;ryazan;93.11;93
4909090150;magadan;56.10.10;56
7014054560;tomsk;25.10;25
2114002220;marij el;41.20;41
5038170530;moscow reg.;68.31;68
7813502641;murmansk;46.90;46
2634093584;stavropol;43.39;43
2224096800;altai terr.;42.21;42
9725161442;moscow city;41.20;41
1901033363;khakasia;71.20.10;71
5402039254;novosibirsk;56.10.10;56
1656066695;tatarstan;46.73;46
0273925816;bashkortostan;94.92;94
6168121736;rostov;73.11;73
5919034809;perm;47.91.20;47
2801134786;amur;62.02;62
6446010737;saratov;35.12;35
2709018072;khabarovsk;94.99;94
4101092414;kamchatka;49.31.20;49
1674000785;tatarstan;46.21;46
7820075398;sankt-petersburg;35.30;35
6903022817;tver;94.20;94
3917055983;kaliningrad;94.99;94
2905014589;arkhangelsk;52.21.24;52
3519004690;vologda;86.23;86
5229007372;nizhni novgorod;01.11.10;01
0323397875;buryatia;25.11;25
7411020937;chelyabinsk;69;69
4025003138;kaluga;86.21;86
7708423895;moscow city;47.21;47
6625059785;sverdlovsk;46.40;46
1648007921;tatarstan;95.22.10;95
4205025148;kemerovo;49.30;49
0273068287;bashkortostan;52.29;52
3905085831;kaliningrad;43.20;43
1327033253;mordovia;42.21;42
1433031811;yakutia;52.21;52
0249001605;bashkortostan;94.20;94
4502032437;kurgan;25.11;25
9500022182;kherson;46.21;46
3512005021;vologda;45.20;45
5902995787;perm;73.11;73
0274910379;bashkortostan;71.12.45;71
3313028747;vladimir;68.32.20;68
5904276989;perm;25.11;25
2801210349;amur;71.12.41;71
1901139803;khakasia;47.53.30;47
6662073562;sverdlovsk;01.25.10;01
5012077504;moscow reg.;68.20.20;68
7606033173;yaroslavl;42.21;42
7734499724;moscow city;43.39;43
7014065177;tomsk;93.19;93
2112002017;chuvashia;68.32;68
7329026693;ulyanovsk;08.12;08
3123156363;belgorod;41.20;41
7705528868;kabardino-balkaria;49.42;49
5837082167;penza;62.09;62
6321376214;samara;52.29;52
5501108117;omsk;47.52.30;47
5107917776;murmansk;68.32.10;68
3700013032;ivanovo;42.21;42
1310000490;mordovia;41.20;41
0319103032;buryatia;47.11;47
7448066409;chelyabinsk;73.11;73
4101187289;kamchatka;42.21;42
9102247130;crimea;43.21;43
6949013759;tver;70.22;70
2626027370;stavropol;68.20.20;68
6501177271;sakhalin;46.71;46
9704126574;moscow city;73.11;73
3917054820;kaliningrad;42.99;42
6451019527;saratov;62.01;62
7725274234;moscow city;46.75;46
4500012072;kurgan;86.10;86
2801206180;amur;41.20;41
2010011679;chechnya;49.41;49
3305795212;vladimir;69.20;69
5507166059;omsk;46.61;46
7801591421;sankt-petersburg;69;69
6660088718;sverdlovsk;68.32.10;68
8901030076;yamal-nenets ao;46.90;46
8602285990;khanty-mansijsk;69.10;69
7805445260;sankt-petersburg;41.20;41
1004014260;karelia;52.21.24;52
2609023142;stavropol;43.20;43
9310003907;donetsk;01.11;01
2723209400;khabarovsk;41.20;41
7448177902;chelyabinsk;94.99;94
3250512110;bryansk;46.46.10;46
7602090131;yaroslavl;46.51;46
7325164460;ulyanovsk;93.19;93
9200018146;sevastopol;41.20;41
5038071433;kurgan;73.11;73
1326256049;mordovia;46.69;46
8911029111;yamal-nenets ao;69.10;69
4501184490;kurgan;93.10;93
2461047212;krasnoyarsk;62.01;62
6161096858;rostov;71.20.62;71
2013999094;chechnya;93.10;93
6732242506;smolensk;47.11;47
9102288088;crimea;46.73;46
8904093483;yamal-nenets ao;62.01;62
2221261452;altai terr.;93.19;93
7202235858;tyumen;70.22;70
2304080139;krasnodar;56.30;56
7813341698;sverdlovsk;77.39;77
5507030756;omsk;25.12;25
2609000152;stavropol;01.11.10;01
9731103103;moscow city;46.90;46
3808160787;irkutsk;90.01;90
3906405820;kaliningrad;93.12;93
5190047042;murmansk;56.10;56
0248008615;bashkortostan;43.99;43
4205264650;kemerovo;86.10;86
1513060920;north ossetia;94.99;94
7804520348;sankt-petersburg;43.21;43
5905056288;perm;25.11;25
1500006676;north ossetia;46.46.20;46
1101113595;komi;43.31;43
0276977530;bashkortostan;78.20;78
7500013410;zabaikalsk terr.;69.10;69
9303025272;donetsk;86.23;86
7743276210;moscow city;81.22;81
2724137349;khabarovsk;43.20;43
3328458830;vladimir;52.10.10;52
2627011326;stavropol;41.20;41
7451347270;chelyabinsk;46.90;46
0601007459;ingushetia;42.21;42
5027251000;kirov;93.19;93
2636807570;stavropol;46.75;46
6027099485;pskov;49.40;49
5507272219;omsk;46.90;46
0800010706;kalmykia;47.91;47
0510001080;dagestan;01.50;01
4028073704;kaluga;49.41;49
4825033692;lipetzk;94.99;94
5321102130;novgorod;25.12;25
7733351122;moscow city;93.29.90;93
4101170782;kamchatka;56.10;56
1659059008;tatarstan;68.32;68
0800009429;kalmykia;68.20.20;68
6501100504;sakhalin;01.13;01
1101171822;komi;46.90;46
7453147572;chelyabinsk;93.11;93
5404507370;novosibirsk;43.99.30;43
7451453542;chelyabinsk;23.99;23
4900009821;magadan;71.12.30;71
7500017397;zabaikalsk terr.;69.20;69
4028056762;kaluga;93.13;93
5003116242;moscow reg.;93.19;93
6027015051;pskov;62;62
6164142502;rostov;70.10;70
0326577690;buryatia;73.20;73
4401150667;kostroma;49.40;49
3906213998;kaliningrad;62;62
6025013179;pskov;52.21.24;52
2801202965;amur;49.40;49
5105011714;murmansk;68.32;68
3526007043;vologda;01.19;01
7309009322;ulyanovsk;94.99;94
7536189008;zabaikalsk terr.;25.11;25
3804024938;irkutsk;25.11;25
6312055503;samara;68.32.20;68
3255520690;bryansk;68.32.10;68
2130077978;chuvashia;86.21;86
4217161441;kemerovo;73.20.10;73
0512086755;dagestan;43.12;43
4704112808;leningrad;71.11;71
2221229755;altai terr.;46.49.40;46
3906384591;kaliningrad;52.29;52
7737525355;moscow city;46.63;46
2543100160;primorsky terr.;43.33;43
5408027520;novosibirsk;47.52.70;47
7804129134;sankt-petersburg;46.51;46
1832154205;udmurtia;56.10;56
6829110542;tambov;70.22;70
1838021191;udmurtia;46.73;46
3664070900;voronezh;73.11;73
0245967613;bashkortostan;43.21;43
3017047242;astrakhan;47.25.10;47
3200005234;bryansk;73.11;73
3527023859;vologda;93.19;93
0571022753;dagestan;52.29;52
2901052784;arkhangelsk;52.21.24;52
0105058706;adygeya;71.10;71
6163206305;rostov;53.20.10;53
8603162775;khanty-mansijsk;01.13.30;01
0917040710;karachaevo-chercessia;49.41;49
9108110125;crimea;93.19;93
2210010545;altai terr.;10.91;10
5905004307;perm;30.20.90;30
7729751495;moscow city;46.49.30;46
9002015986;zaporizhzhia;41.20;41
1400001145;yakutia;73.11;73
7728467890;moscow city;64.99;64
7447317593;chelyabinsk;43.21;43
6829115597;tambov;46.66;46
6167105509;rostov;70.22;70
4101028842;kamchatka;52.22.10;52
5753041140;oryol;73.11;73
6625013727;sverdlovsk;01.13.10;01
4107001621;kamchatka;41.20;41
6321061510;samara;45.20.10;45
9103019120;crimea;71.12;71
3900032057;kaliningrad;73.11;73
7112028487;tula;94.11;94
1101059235;komi;94.99;94
3906394303;kaliningrad;68.20;68
1704000023;tuva;52.21.22;52
6319727144;samara;68.31;68
5700002122;oryol;62.01;62
7813224105;sankt-petersburg;62.02;62
6501192512;sakhalin;69.10;69
5260397815;nizhni novgorod;46.90;46
2466295378;krasnoyarsk;25.99;25
7720875866;moscow city;52.21.10;52
6732179004;smolensk;52.29;52
4632260307;kursk;41.20;41
4205415067;kemerovo;94.99;94
1701022974;tuva;01.13.10;01
3812160910;irkutsk;41.20;41
8904069280;yamal-nenets ao;43.11;43
6436904206;saratov;71.11.10;71
1832159450;udmurtia;28.99.90;28
4706038500;leningrad;29.32.30;29
1841110701;udmurtia;62.09;62
7751258101;moscow city;68.32;68
5018214644;moscow reg.;64.99;64
1435309822;yakutia;93.11;93
0400021630;altai rep.;43.29;43
0105042424;adygeya;47.61;47
3525092776;vologda;73.10;73
2983010824;nenets ao;41.20;41
6670078934;sverdlovsk;18.10;18
6829051720;tambov;68.32.10;68
0572023566;dagestan;41.20;41
2538140351;primorsky terr.;73.11;73
4401049032;kostroma;70.22;70
6025025865;pskov;70.22;70
2508125814;primorsky terr.;49.40;49
4000017259;kaluga;47.91;47
4712023171;leningrad;46.51;46
0278945799;bashkortostan;46.12;46
5633021046;orenburg;68.20;68
1215073219;marij el;68.20.20;68
6501101441;sakhalin;43.22;43
2222880173;altai terr.;25.11;25
1200007862;marij el;93.29.90;93
5835002656;penza;43.99;43
5190096339;murmansk;71.12;71
0400022778;altai rep.;61.10;61
2902057425;arkhangelsk;49.40;49
6230100949;ryazan;41.20;41
6381021914;samara;47.19;47
7424030058;chelyabinsk;73.11;73
6732234696;smolensk;47.91;47
6671096502;sverdlovsk;25.99;25
9001018624;zaporizhzhia;41.20;41
5406830604;novosibirsk;45.20;45
5190011367;murmansk;42.21;42
6913010472;tver;01.25.10;01
1207012734;marij el;52.21.24;52
1102042548;komi;86.23;86
6449065607;saratov;45.32;45
6900003220;tver;93.12;93
4823071935;lipetzk;23.63;23
2287006510;altai terr.;01.11;01
3812089696;irkutsk;70.22;70
6686133958;sverdlovsk;41.20;41
7817064660;sankt-petersburg;49.42;49
3661024599;voronezh;41.20;41
1106035245;komi;62.01;62
1435167991;yakutia;49.31.20;49
1658055339;tatarstan;86;86
0259017185;bashkortostan;49.41;49
1513055134;north ossetia;68.32.10;68
2100003200;chuvashia;56.10;56
2543183008;primorsky terr.;70.22;70
6164264476;rostov;62.01;62
5036172732;moscow reg.;49.41;49
5904397486;perm;93.29.90;93
7536110488;zabaikalsk terr.;71.20;71
7713593980;moscow city;65.11;65
5190033748;murmansk;42.11;42
4705102217;leningrad;46.90;46
6949013910;tver;71.20;71
3662119155;voronezh;69.10;69
2465331584;krasnoyarsk;94.92;94
6168202946;rostov;52.21.24;52
2368012159;krasnodar;70.22;70
3448024338;moscow reg.;41.20;41
9110001483;crimea;56.10;56
5402061490;novosibirsk;71.12.40;71
2801220587;amur;71.12.30;71
9201509394;sevastopol;71.12.20;71
0725017587;kabardino-balkaria;86.21;86
5001145304;belgorod;56.10.10;56
7813189468;sankt-petersburg;62.01;62
1328019090;mordovia;52.21.24;52
1001343820;karelia;49.41;49
6800011193;tambov;45.19;45
2116003117;chuvashia;41.20;41
1701027500;tuva;47.59.10;47
1651093328;tatarstan;68.20;68
1701053041;tuva;68.32.10;68
7106025826;tula;52.21.24;52
1000011607;karelia;93.29;93
4400018761;kostroma;43.29;43
3662294340;voronezh;71.12.61;71
6685084190;sverdlovsk;46.49;46
6168202463;rostov;68.32.10;68
2705090617;khabarovsk;42.11;42
4502024669;kurgan;45.10;45
5903150920;perm;70.10;70
1650335380;tatarstan;45.20;45
8604067193;khanty-mansijsk;01.70;01
7841090862;sankt-petersburg;71.12;71
6658026658;sverdlovsk;94.99;94
2014040007;chechnya;47.91;47
5407499054;novosibirsk;70.22;70
5009081437;moscow reg.;52.21.24;52
2723211014;khabarovsk;49.41;49
5903017452;perm;85.42;85
7801726580;sankt-petersburg;43.29;43
1841097546;udmurtia;45.31;45
6727039918;smolensk;68.32;68
2721176928;khabarovsk;03.11;03
5403052314;novosibirsk;93.12;93
5528016752;omsk;52.21.24;52
0400011462;altai rep.;56.10;56
7536095769;zabaikalsk terr.;86.23;86
3307009591;vladimir;94.20;94
3816031739;irkutsk;46.73.60;46
6330031304;samara;62.09;62
9709106236;moscow city;68.20.20;68
4400002320;kostroma;73.20;73
6731045569;smolensk;86.23;86
6454105830;saratov;01.61;01
6501233857;sakhalin;93.10;93
1657129997;tatarstan;41.20;41
2463070070;krasnoyarsk;73.11;73
4217194581;kemerovo;70.22;70
0901013157;karachaevo-chercessia;49.41;49
3914121162;kaliningrad;86.23;86
9704136808;moscow city;70.22;70
4401042453;kostroma;62.01;62
2721059340;khabarovsk;47.20;47
4825041862;lipetzk;41.20;41
7903528796;jewish ao;47.25.10;47
6732071064;smolensk;68.10.23;68
3500005080;vologda;62.01;62
5906182736;perm;46.31;46
4101149847;kamchatka;47.10;47
5102003708;murmansk;70.22;70
2721155773;khabarovsk;70.22;70
6037010461;pskov;81.22;81
2635066833;stavropol;71.20.50;71
7619005014;yaroslavl;93.11;93
9103103477;crimea;71.12.20;71
6678017683;sverdlovsk;41.20;41
5507229710;omsk;46.73.60;46
0323410050;buryatia;71.12;71
7460052321;kurgan;28.21;28
2618020123;stavropol;20.12;20
3700015294;ivanovo;46.73;46
7610140940;yaroslavl;42.11;42
9102178705;crimea;45.20.20;45
1650438322;tatarstan;68.31.10;68
4205132830;kemerovo;52.21.24;52
3300005894;vladimir;93.19;93
4253040266;kemerovo;52.21;52
6832041190;tambov;42.11;42
0100001047;adygeya;42.13;42
6818004937;tambov;49.31.20;49
7327034307;ulyanovsk;69.10;69
7811469660;sankt-petersburg;46.46;46
2130137659;chuvashia;71.12.90;71
5031048844;moscow reg.;47.50;47
2443050011;krasnoyarsk;43.21;43
1657024680;tatarstan;45.20;45
4345419576;kirov;49.31.21;49
7224091790;tyumen;42.21;42
4909088384;magadan;45.20.20;45
3907031126;kaliningrad;16.10;16
7723783229;moscow city;49.40;49
2618025280;stavropol;93.12;93
9200006630;sevastopol;47.52.50;47
0500003257;dagestan;70.10;70
0400025419;altai rep.;49.41;49
0608058572;ingushetia;01.42;01
9727078817;moscow city;49.42;49
3908002255;kaliningrad;86.21;86
6449065100;saratov;41.20;41
3525471277;vologda;85.12;85
1700007412;tuva;49.31;49
4025444703;kaluga;73.11;73
4632161722;kursk;46.73;46
5803900262;penza;94.99;94
7720078109;moscow city;68.32.10;68
4234009905;kemerovo;01.13.10;01
7203507670;tyumen;93.12;93
2236004472;altai terr.;01.61;01
8904070599;yamal-nenets ao;45.40;45
2311137788;krasnodar;41.20;41
1660337281;tatarstan;45.11;45
1101178835;komi;70.22;70
1831195512;udmurtia;94.99;94
1108023502;komi;52.21.24;52
3410004195;volgograd;84.24;84
3305064156;vladimir;45.30;45
6500001564;sakhalin;56.10;56
4704088908;leningrad;71.20;71
7203313146;tyumen;25.11;25
4212028703;kemerovo;01.11;01
5042122507;moscow reg.;71.10;71
7536163850;zabaikalsk terr.;49.42;49
6148558990;rostov;47.25;47
6678109013;sverdlovsk;49.41;49
0570006879;dagestan;71.20;71
4101180205;kamchatka;69.10;69
7447241577;chelyabinsk;93.29.90;93
7107107817;tula;73.11;73
6671462220;sverdlovsk;56.10;56
0268038632;bashkortostan;73.11;73
3221005669;bryansk;49.31.21;49
5263126965;nizhni novgorod;52.29;52
1435296683;yakutia;56.10;56
3015111245;astrakhan;45.31;45
3900006057;kaliningrad;55.10;55
7734429491;moscow city;41.20;41
0726019442;kabardino-balkaria;25.12;25
6732221619;smolensk;41.10;41
0571004867;dagestan;49.31.21;49
4205192406;kemerovo;46.49.49;46
6685136265;moscow reg.;25.61;25
5261108470;nizhni novgorod;73.11;73
6729001476;smolensk;25.40;25
6027129066;pskov;47.52.70;47
7813664441;sankt-petersburg;49.41;49
9717100936;moscow city;70.22;70
5012113569;moscow reg.;43.99;43
4401097237;kostroma;69.20;69
7104525164;tula;68.32;68
0800018448;kalmykia;68.10;68
7725084138;kaluga;71.20;71
6321443453;samara;25.11;25
2201009705;altai terr.;56.10;56
6831023791;tambov;46.51;46
6501314506;sakhalin;70.22;70
7714482384;moscow city;94.12;94
3435213232;volgograd;93.19;93
2983015043;nenets ao;94.99;94
9204552302;sevastopol;49.41;49
5433122819;novosibirsk;68.32.20;68
3849000870;irkutsk;94.99;94
3459083110;volgograd;62.01;62
7751051837;moscow city;52.29;52
4346013152;kirov;94.20;94
0917036760;karachaevo-chercessia;69.20;69
9201012041;sevastopol;01.25.10;01
5321207260;novgorod;45.20;45
7136501102;tula;01.13;01
2511128357;primorsky terr.;46.90;46
1328018226;mordovia;71.12;71
5300008465;novgorod;52.22;52
2224133025;altai terr.;81.22;81
1001030803;karelia;52.21.24;52
7325122780;luhansk;43.31;43
5260159401;nizhni novgorod;41.20;41
6914016660;tver;71.12.90;71
0105081303;adygeya;93.12;93
5038043644;moscow reg.;69.20.20;69
6685023720;sverdlovsk;46.13;46
7807186807;sankt-petersburg;46.69.90;46
2466246927;krasnoyarsk;68.30;68
2901217683;arkhangelsk;46.38.23;46
7203384073;tyumen;70.22;70
5614083488;orenburg;52.21.24;52
7107523454;tula;68.20;68
7017382417;tomsk;73.11;73
1658215776;tatarstan;68.32;68
2308100308;krasnodar;94.99;94
5407206170;novosibirsk;68.20;68
5246028397;nizhni novgorod;94.99;94
0573000970;dagestan;86.90.90;86
7300001946;ulyanovsk;47.62;47
2543120216;primorsky terr.;43.91;43
2700006442;khabarovsk;43.22;43
9201002090;sevastopol;43.31;43
1647016666;tatarstan;42.99;42
0800004822;kalmykia;62.01;62
4632183170;kursk;42.99;42
7116300060;tula;69.10;69
0105980100;adygeya;94.99;94
4004020693;kaluga;25.11;25
0816029861;kalmykia;45.20;45
5260492272;nizhni novgorod;55.10;55
3025012282;astrakhan;68.20;68
1103039957;komi;46.44.20;46
9731042933;moscow city;46.90;46
5404441240;sankt-petersburg;25.40;25
7802894806;sankt-petersburg;68.20;68
8905048349;yamal-nenets ao;49.30;49
4824022698;lipetzk;49.41.20;49
9723177006;moscow city;43.21;43
4707053050;leningrad;45.32;45
9731145216;moscow city;72.19;72
5321155943;novgorod;73.11;73
3608005689;voronezh;01.11.10;01
2508132787;primorsky terr.;93.29.10;93
1650388375;tatarstan;43.99;43
0400023718;altai rep.;56.10;56
5101313841;murmansk;71.11.10;71
5609199857;orenburg;93.19;93
3128148126;belgorod;25.11;25
2012011547;chechnya;45.20;45
1657096702;tatarstan;93.10;93
4715012153;leningrad;68.20;68
3662201089;voronezh;45.40.10;45
5904138690;perm;68.32.10;68
2510004373;primorsky terr.;86.21;86
0268102430;bashkortostan;94.99;94
0725028589;kabardino-balkaria;41.20;41
5618031723;orenburg;56.10;56
2221253010;altai terr.;56.10;56
7530014266;zabaikalsk terr.;56.10;56
2352056915;krasnodar;01.21;01
3128007661;belgorod;56.10;56
7719418819;moscow city;72.20;72
0400020428;altai rep.;46.75;46
6829066420;tambov;93.19;93
4706041623;leningrad;93.21;93
6905009096;tver;71.11;71
3022000874;astrakhan;47.25;47
3666074603;voronezh;82.99;82
4101171641;kamchatka;69.10;69
0273950548;bashkortostan;45.20;45
1831191589;udmurtia;52.29;52
7105032901;tula;86.23;86
1001991356;karelia;93.19;93
7017353085;tomsk;62.09;62
9001017684;zaporizhzhia;46.14;46
6027115521;pskov;86;86
2536125527;primorsky terr.;62.02;62
1224002736;marij el;46.38;46
7820043290;sankt-petersburg;29.20;29
5256203023;nizhni novgorod;49.41;49
3000010639;astrakhan;41.20;41
2902046913;arkhangelsk;73.11;73
5835125954;penza;56.10;56
7203440641;tyumen;46.69.80;46
3525248053;vologda;42.11;42
4706075492;leningrad;47.73;47
6027198292;pskov;73.11;73
9406014272;luhansk;47.11;47
6509015515;sakhalin;52.21.24;52
5620021190;orenburg;41.20;41
4401158680;kostroma;45.20;45
6686136885;sverdlovsk;43.31;43
0917031352;karachaevo-chercessia;43.22;43
6670479196;sverdlovsk;93.12;93
2100021294;chuvashia;94.99;94
0101011922;adygeya;42.21;42
5905059063;perm;45.20;45
4826111784;lipetzk;56.10;56
4706079507;leningrad;62.01;62
0411156149;altai rep.;69.20.20;69
7103037319;tula;62.02;62
3528312860;vologda;62.01;62
5321068419;novgorod;77.30;77
7804699173;sankt-petersburg;49.41;49
4824017955;lipetzk;45.31.10;45
6165172186;rostov;25.21.20;25
7604377108;yaroslavl;71.20.20;71
1119005022;komi;47.10;47
7709975553;sevastopol;42.21;42
4826135672;lipetzk;69.10;69
9111026314;crimea;73.11;73
2540272732;primorsky terr.;46.90;46
6234182734;ryazan;46.73;46
7713273194;tambov;42.11;42
7840414480;sankt-petersburg;79.11;79
1435337523;yakutia;68.20;68
9724187543;moscow city;73.11;73
8605030245;khanty-mansijsk;94.99;94
3455002367;volgograd;68.32;68
5612021743;orenburg;94.99;94
8904082932;yamal-nenets ao;68.32.10;68
5041021094;moscow reg.;51.10.20;51
2130213229;chuvashia;46.73;46
3245510886;bryansk;42.11;42
3015090316;astrakhan;46.16.10;46
1402048149;yakutia;46.43.10;46
2720059499;khabarovsk;73.11;73
5250000820;nizhni novgorod;42.91.50;42
3241009975;bryansk;68.32.10;68
0264021275;bashkortostan;56.29;56
5321128756;novgorod;56.29;56
2261008174;altai terr.;25.21;25
1200005713;marij el;49.31;49
5321196435;novgorod;93.29.20;93
9703107152;moscow city;46.90;46
5907008843;perm;68.32.10;68
5038160891;moscow reg.;41.20;41
9001016634;zaporizhzhia;46.21;46
1841014934;udmurtia;01.42.11;01
1001262480;karelia;71.12.45;71
4826139370;lipetzk;70.22;70
5408310784;novosibirsk;70.22;70
4510030786;kurgan;25.62;25
6800011450;tambov;56.10.10;56
7804533192;sankt-petersburg;69.10;69
5404096635;novosibirsk;73.11;73
2465363610;krasnoyarsk;94.99;94
6670252156;sverdlovsk;25.11;25
9701002475;moscow city;41.20;41
7009003344;tomsk;84.11.31;84
4345123829;kirov;52.21.24;52
3317027198;vladimir;70.10;70
2901259066;arkhangelsk;42.11;42
6168120323;rostov;72.19;72
9729370581;moscow city;47.29.35;47
9724120806;moscow city;78.10;78
6311189712;samara;46.37;46
2801140109;amur;08.11;08
4345211909;kirov;73.11;73
2636207942;stavropol;42.21;42
8622027965;khanty-mansijsk;93.19;93
4400021757;kostroma;94.99;94
8904080685;yamal-nenets ao;69.20;69
9201013133;sevastopol;68.32;68
2724083333;khabarovsk;42.99;42
9311023335;donetsk;71.12;71
3255510187;bryansk;63.11.10;63
4821048433;lipetzk;71.11;71
7017074652;tomsk;73.11;73
3711012577;ivanovo;71.10;71
1658251799;tatarstan;73.11;73
3460085231;volgograd;56.10;56
5751035119;oryol;70.22;70
1105023487;komi;56.10;56
6164246928;rostov;62.09;62
1400024167;yakutia;45.11;45
2127027014;chuvashia;52.21;52
6832033337;tambov;52.21.24;52
0253010786;bashkortostan;23.64;23
4029065336;kaluga;94.99;94
7328050823;ulyanovsk;42.11;42
5614057375;orenburg;25.62;25
3304024961;vladimir;46.71.10;46
1434044683;yakutia;62;62
7842139655;sankt-petersburg;41.20;41
1648043535;marij el;73.11;73
6732200640;smolensk;62.01;62
2373024939;krasnodar;94.99;94
7838345863;sankt-petersburg;68.32;68
0721058127;kabardino-balkaria;49.39.11;49
9731029185;moscow city;46.31;46
4027047155;kaluga;62.09;62
7813500235;sankt-petersburg;21.20.10;21
2540248592;primorsky terr.;46.73;46
1001990560;karelia;94.99;94
5006014369;moscow reg.;68.10;68
9403030854;luhansk;47.11;47
0800008432;kalmykia;94.99;94
6501274388;sakhalin;49.40;49
3525403069;vologda;86.23;86
5257002344;nizhni novgorod;42.11;42
5047297300;moscow reg.;71.12.20;71
6950253434;tver;46.32;46
0561046561;dagestan;73.11;73
5256020439;nizhni novgorod;52.21.24;52
4632284442;kursk;41.20;41
3123445012;belgorod;62.01;62
2635209312;stavropol;25.11;25
6950261763;tver;47.19;47
6942010967;tver;93.12;93
0917038823;karachaevo-chercessia;56.10.10;56
4901007866;magadan;47.11;47
4100044591;kamchatka;62.01;62
2522004402;primorsky terr.;94.99;94
2010012270;chechnya;62.01;62
2301083830;krasnodar;71.11.10;71
0700000207;kabardino-balkaria;25.62;25
1101122021;komi;70.22;70
0601028579;ingushetia;43.99;43
5507013341;omsk;94.99;94
2311308803;zabaikalsk terr.;62.01;62
6003002737;pskov;68.32.20;68
2004009505;chechnya;42.21;42
2725006540;khabarovsk;94.20;94
0400024461;altai rep.;71.11.10;71
6000007286;pskov;25.62;25
3316005459;vladimir;25.73;25
6950256530;tver;86.21;86
7224046396;tyumen;69.10;69
1648020760;tatarstan;46.90;46
3300011873;vladimir;01.47;01
2801196126;amur;96.02;96
4101174900;kamchatka;47.74;47
4501111929;kurgan;73.11;73
1655465055;tatarstan;41.20;41
2709016798;khabarovsk;43.99;43
7220099358;tyumen;01.11.10;01
5720023723;oryol;42.11;42
2310221356;krasnodar;62.01;62
0411089990;altai rep.;94.99;94
0326518905;buryatia;68.20;68
7000000187;tomsk;46.73;46
4222015566;kemerovo;25.11;25
4633021358;kursk;43.12;43
8901034063;yamal-nenets ao;41.20;41
2319049861;krasnodar;49.41;49
5262352947;nizhni novgorod;46.73;46
5024237689;moscow reg.;25.99;25
2308164566;krasnodar;41.20;41
4430002448;kostroma;71.12.40;71
4345982852;kirov;94.99;94
4401024528;kostroma;46.48;46
8612017340;chechnya;43.99;43
3906985521;kaliningrad;52.29;52
5027319315;moscow reg.;96.09;96
4500008044;kurgan;25.62;25
6451022142;khabarovsk;49.41;49
7841506197;sankt-petersburg;77.39.29;77
3257077723;bryansk;62.01;62
6829068682;tambov;73.10;73
5752032375;oryol;52.21.24;52
9703015649;moscow city;56.10;56
1660368441;tatarstan;69.10;69
5031144795;moscow reg.;70.22;70
2204017609;altai terr.;42.21;42
3849075393;irkutsk;46.90;46
0608056141;ingushetia;49.32;49
5957015282;perm;55.90;55
7707473357;moscow city;46.43;46
4312140579;kirov;43.99.70;43
6950256315;tver;45.31;45
4345532638;kirov;71.12.10;71
6671089382;sverdlovsk;70.22;70
6950026745;tver;94.92;94
1327037794;mordovia;93.19;93
7713408701;moscow city;94.99;94
8602277357;khanty-mansijsk;62.09;62
3311019610;vladimir;68.32.10;68
6229096649;ryazan;45.20;45
6376029139;samara;41.20;41
5190087119;murmansk;42.21;42
2312169736;krasnodar;62;62
7610069655;yaroslavl;68.10;68
7721599520;moscow city;43.12;43
2446010634;krasnodar;20.42;20
4502006490;kurgan;52.21.24;52
7727471220;moscow city;62.01;62
2461049121;krasnoyarsk;42.11;42
4716042048;leningrad;49.40;49
3334002933;vladimir;49.31.20;49
5321182506;novgorod;42.21;42
0277919549;bashkortostan;69.20;69
7708738990;moscow reg.;43.12;43
7100058945;tula;81.30;81
7604282632;yaroslavl;47.30;47
6439055871;saratov;69.10;69
0572017509;dagestan;70.22;70
6904027977;tver;42.21;42
6234144111;ryazan;25.50.10;25
4632119382;kursk;56.29;56
5638081306;orenburg;41.20;41
1645033715;tatarstan;42.11;42
5753044278;oryol;45.20;45
0411154350;altai rep.;94.92;94
6950268945;tver;86.10;86
6215020791;ryazan;43.21;43
7536178486;zabaikalsk terr.;93.29.90;93
3663122954;voronezh;56.10;56
4902001955;magadan;01.70;01
9715404897;moscow city;46.90;46
6155041699;rostov;25.99.25;25
7604040577;yaroslavl;68.20.20;68
3906302616;kaliningrad;49.40;49
4205133993;kemerovo;42.21;42
9704249583;moscow city;22.19;22
5047138081;moscow reg.;46.30;46
7751175110;moscow city;46.42;46
2817040741;amur;47.25;47
7734660074;moscow reg.;01.50;01
7703755375;khabarovsk;71.12.30;71
8701003043;chukotka;01.49.40;01
2308153765;krasnodar;73.11;73
6168073257;rostov;66.19;66
8905067528;dagestan;49.41;49
7743779076;moscow city;22.20;22
7604068188;yaroslavl;86.10;86
3426014583;volgograd;01.11.10;01
8604028821;khanty-mansijsk;94.99;94
4101186655;kamchatka;86.23;86
8904036125;yamal-nenets ao;71.12.45;71
4824034816;lipetzk;68.32;68
6670448014;sverdlovsk;46.72;46
5609204320;orenburg;42.21;42
9715419533;moscow city;70.22;70
7723128340;moscow city;68.20;68
5501191108;omsk;93.19;93
6312145323;samara;73.11;73
0700017497;kabardino-balkaria;45.31;45
2636021352;stavropol;68.32.10;68
7722334936;moscow city;62.09;62
2508138210;primorsky terr.;45.11;45
0268099265;bashkortostan;46.90;46
1901145074;khakasia;56.10;56
6324079523;samara;46.75;46
4230031459;kemerovo;45.20;45
5040036595;moscow reg.;94.20;94
9701087119;moscow city;46.69.50;46
9002011131;zaporizhzhia;47.52.73;47
1651092980;tatarstan;47.19;47
0278197060;bashkortostan;68.32.20;68
1200014690;marij el;86.23;86
7614004987;yaroslavl;86.90.90;86
6154107379;rostov;62.01;62
7733407907;moscow city;46.21;46
4401175319;kostroma;73.11;73
5835066642;penza;86;86
7743052812;moscow reg.;70.22;70
0542019499;dagestan;41.20;41
9202003057;sevastopol;25.11;25
3100035796;belgorod;25.94;25
2308167334;krasnodar;94.99;94
8904048152;yamal-nenets ao;52.21.24;52
0816990384;kalmykia;94.99;94
4401196284;kostroma;56.10.10;56
5263148599;nizhni novgorod;45.31;45
2361018056;saratov;56.29;56
2724201749;khabarovsk;42.11;42
1106031480;komi;52.29;52
2224214725;altai terr.;69.20;69
2100016880;chuvashia;25.11;25
6623145728;sverdlovsk;79.11;79
5042165363;moscow reg.;46.72;46
9406006634;luhansk;68.20;68
4632187777;kursk;46.71;46
2016008200;chechnya;43.21;43
0562048628;dagestan;46.14.90;46
6824006153;tambov;52.10.30;52
6950251290;tver;93.19;93
1500021258;north ossetia;01.47;01
1109009317;komi;41.20;41
3121008088;belgorod;01.13;01
7451456159;chelyabinsk;62.09;62
6900010228;tver;70.22;70
2808005596;amur;46.34.20;46
7901549649;jewish ao;43.29;43
7733342865;moscow city;46.43.10;46
3453008162;volgograd;68.32.20;68
2723200615;khabarovsk;93.29.90;93
2543079945;primorsky terr.;46.90;46
7447318371;chelyabinsk;86.22;86
6816002589;tambov;94.20;94
3702649899;ivanovo;25.61;25
4900009660;magadan;49.40;49
6141061448;rostov;41.20;41
5501279916;omsk;30.30;30
4632207222;kursk;25.61;25
8904082192;yamal-nenets ao;68.32;68
9102050159;crimea;73.11;73
5506224607;omsk;47.50;47
4510024060;kurgan;68.20;68
5408024871;novosibirsk;46.90;46
0105042061;adygeya;62.01;62
6318003533;samara;01.11;01
6318073266;samara;42.99;42
6950230123;tver;71.20;71
5110001694;murmansk;69.20;69
5190117606;murmansk;01.10;01
1650334404;tatarstan;47.24.21;47
0573017188;dagestan;45.20;45
8911028340;yamal-nenets ao;68.31.30;68
7017297715;tomsk;96.02;96
6234031911;ryazan;71.12.41;71
7306041751;ulyanovsk;46.30;46
1608009979;tatarstan;10.11.40;10
6619017579;sverdlovsk;52.21.24;52
7840063168;sankt-petersburg;69.10;69
1639048657;tatarstan;10.13;10
4205406785;kemerovo;73.11;73
5403045282;novosibirsk;46.31;46
6318151323;samara;68.20.20;68
0560037557;dagestan;25.61;25
6670313112;sverdlovsk;68.32.10;68
6311058621;samara;45.11.20;45
0107025294;adygeya;41.20;41
3443127266;volgograd;45.20.20;45
5904218610;perm;93.10;93
4027150716;kaluga;93.19;93
6453138287;saratov;94.99;94
9102288218;crimea;47.19;47
7328096673;ulyanovsk;47.91;47
3528158810;vologda;86.23;86
1326254348;mordovia;62.02;62
5406830918;novosibirsk;52.23;52
5504163846;omsk;56.10;56
4632154228;kursk;46.90;46
2907018187;arkhangelsk;46.73;46
0277905232;bashkortostan;41.20;41
5610159880;orenburg;52.29;52
9102010815;crimea;73.11;73
2635210043;stavropol;45.20;45
3257049613;bryansk;71.12.70;71
5609187570;orenburg;42.21;42
7730657049;moscow city;93.11;93
6450115725;saratov;25.99;25
1101061570;komi;42.21;42
3255500809;bryansk;45.31.10;45
6449018477;saratov;52.21.24;52
3917050551;kaliningrad;45.32;45
3428989553;volgograd;43.21;43
5310013513;novgorod;41.20;41
5300004365;novgorod;47.11;47
6732216190;smolensk;43.91;43
7801351613;sankt-petersburg;64.99;64
6000005867;pskov;62.01;62
7840096340;sankt-petersburg;62.01;62
7801688656;sankt-petersburg;46.90;46
4223119840;kemerovo;42.21;42
7604395153;yaroslavl;41.20;41
4401142264;kostroma;66.22;66
0411168923;altai rep.;56.10.20;56
7816702046;sankt-petersburg;56.10;56
2722070032;khabarovsk;41.20;41
7701931201;moscow city;25.10;25
9408005643;luhansk;01.11;01
7604055446;yaroslavl;47.73;47
7453025052;chelyabinsk;24.10.14;24
6234123810;ryazan;46.65;46
5834000455;penza;68.20.20;68
4025440089;kaluga;70.22;70
3662300330;voronezh;49.41;49
5043037170;moscow reg.;68.20.20;68
7702389856;astrakhan;93.19;93
2204023190;altai terr.;71.20.50;71
7020030616;tomsk;16.29.10;16
0721056497;kabardino-balkaria;25.10;25
6234012651;ryazan;41.20;41
1800006211;udmurtia;70.22;70
2543156131;primorsky terr.;43.99;43
3460075811;volgograd;25.92;25
6438007339;saratov;49.41;49
7810571220;leningrad;68.20.20;68
4400007216;kostroma;42.11;42
5258150000;nizhni novgorod;28.11;28
3245017134;bryansk;56.10;56
6316010817;samara;90.03;90
1903029796;khakasia;73.11;73
7727206416;moscow city;68.20;68
3327841582;vladimir;73.10;73
8602240741;khanty-mansijsk;56.29;56
1435234704;yakutia;56.10.10;56
4605004985;kursk;01.11.10;01
9110015091;crimea;73.12;73
4802014206;lipetzk;62.09;62
4431004960;kostroma;43.21;43
5190026860;murmansk;73.11;73
6732167425;smolensk;43.22;43
1831143360;udmurtia;25.62;25
6658461900;khakasia;52.23.19;52
6685186530;sverdlovsk;49.41;49
7816505778;sankt-petersburg;71.12;71
7622013897;yaroslavl;25.10;25
4253054276;kemerovo;41.20;41
6501294401;sakhalin;20.16;20
0263021434;bashkortostan;45.30;45
2618013800;stavropol;43.12.30;43
2461201087;krasnoyarsk;10.89.30;10
6501164402;sakhalin;62.02;62
6950236767;tver;38.11;38
7104078332;tula;77.32;77
6950222443;tver;94.92;94
1828034025;udmurtia;28.13;28
2211005731;altai terr.;73.11;73
2221210480;altai terr.;35.30.40;35
7810729860;sankt-petersburg;46.64;46
4400014132;kostroma;49.42;49
1901131748;khakasia;56.10;56
4027142754;kaluga;62.02;62
2443052026;krasnoyarsk;86.23;86
1657268800;tatarstan;52.21;52
1215222943;marij el;49.41;49
4826137278;lipetzk;41.20;41
2724193897;khabarovsk;82.99;82
9724136549;moscow city;56.29;56
9723120715;moscow city;94.99;94
5902227295;perm;68.20;68
5012084406;moscow reg.;73.11;73
7801698911;kalmykia;62.01;62
0600005586;ingushetia;49.41.30;49
4401059175;kostroma;71.11;71
2014011729;chechnya;71.12.30;71
3525021863;vologda;94.11;94
1650397122;tatarstan;47.11;47
7720883634;moscow city;49.41;49
7814580963;sankt-petersburg;46.73.40;46
1901077434;khakasia;52.29;52
3128106609;belgorod;56.29;56
7447285020;chelyabinsk;46.77;46
4345291968;kirov;16.10;16
6931007056;tver;68.20;68
3525474214;vologda;70.22;70
8401000940;krasnoyarsk;41.20;41
9500025747;kherson;68.20;68
7900006488;jewish ao;41.20;41
6820036132;tambov;01.13.10;01
6449092512;saratov;62.03;62
5751030350;oryol;56.10;56
2801253938;amur;41.20;41
4800004675;lipetzk;86.23;86
6312116749;samara;46.90;46
7710659873;kamchatka;70.22;70
4632044313;kursk;25.11;25
3731023111;ivanovo;93.19;93
5835065840;penza;56.10;56
4217126447;kemerovo;68.20;68
6501212800;sakhalin;62.09;62
6952025730;tver;62.09;62
4403005560;kostroma;68.20;68
6700003174;smolensk;69.10;69
2315229648;krasnodar;41.20;41
1644088983;tatarstan;62.09;62
7807386980;sankt-petersburg;46.90;46
7811688447;sankt-petersburg;93.29;93
5262384385;nizhni novgorod;70.22;70
9704211710;moscow city;46.73;46
6234147627;ryazan;73.11;73
1800012952;udmurtia;42.99;42
6729016218;smolensk;93.11;93
2015005936;chechnya;94.99;94
9703047873;moscow city;49.32;49
5263112909;nizhni novgorod;93.29.90;93
7801686909;sankt-petersburg;10.85;10
7606120595;yaroslavl;45.31;45
7111023045;tula;46.33;46
1660362337;tatarstan;46.73;46
7751057324;moscow city;41.20;41
4510032656;kurgan;01.45;01
7730016581;moscow city;46.42.20;46
6168117088;rostov;43.21;43
4025444171;kaluga;47.79.30;47
4205377686;kemerovo;46.15.30;46
5407224638;novosibirsk;56.10;56
3808272480;irkutsk;56.30;56
6027081495;pskov;47.54;47
3127512319;belgorod;77.32;77
2901175465;arkhangelsk;41.20;41
1101139233;komi;86.23;86
2372015868;krasnodar;45.10;45
2901265662;arkhangelsk;73.20;73
7017412485;tomsk;43.39;43
1102078784;komi;93.19;93
4025459918;kaluga;49.41;49
6124004104;rostov;93.12;93
4632224267;kursk;70.22;70
1433027660;yakutia;49.40;49
7203506229;tyumen;45.20;45
3257085234;bryansk;73.11;73
2364021547;krasnodar;47.73;47
7325147591;ulyanovsk;46.73;46
2537080766;primorsky terr.;52.21.24;52
2372032214;krasnodar;16.10;16
5503097157;omsk;68.20.20;68
0224958569;bashkortostan;49.41;49
3443144712;volgograd;70.22;70
7802864939;sankt-petersburg;43.39;43
1102055258;komi;94.99;94
2466220171;krasnoyarsk;43.12;43
9704248526;moscow city;42.11;42
7627059158;yaroslavl;46.77;46
0608046312;ingushetia;93.12;93
2501017520;primorsky terr.;68.32;68
1646038378;tatarstan;49.41;49
7536056093;buryatia;71.12.30;71
5011024080;moscow reg.;70.22;70
2130205429;chuvashia;42.11;42
6234057356;ryazan;85.13;85
6950259443;tver;46.33;46
5754027010;oryol;46.77;46
3327145426;vladimir;47.19;47
2465149550;krasnoyarsk;41.20;41
3513001446;vologda;47.10;47
6910024325;tver;72.19;72
0600014728;ingushetia;42.11;42
2925006177;arkhangelsk;93.19;93
7203397435;tyumen;71.12.30;71
3702199255;ivanovo;47.19;47
6194001192;rostov;46.73.30;46
7017289873;tomsk;01.10;01
2721253682;khabarovsk;47.74.10;47
6686068924;sverdlovsk;43.21;43
1900011783;khakasia;93.12;93
4505201059;kurgan;56.10;56
6312146373;samara;47.30;47
1656108899;tatarstan;49.42;49
4714013059;leningrad;73.11;73
2370013488;krasnodar;25.12;25
9109007699;crimea;56.10;56
0411167119;altai rep.;43.12;43
7726521528;moscow reg.;62.01;62
1833054813;udmurtia;43.30;43
3917027707;kaliningrad;47.11;47
7100043970;tula;46.49.42;46
5510006016;omsk;47.19;47
2536144015;primorsky terr.;62.09;62
7805728726;sankt-petersburg;46.71;46
7900006431;jewish ao;52.10.30;52
4909100747;magadan;68.32.10;68
1657135013;tatarstan;69.20.10;69
5609202210;orenburg;45.20.10;45
1901096564;khakasia;86.21;86
5829005874;penza;69.20;69
3662307141;voronezh;45.20;45
0306217593;buryatia;41.20;41
4909062820;magadan;43.21;43
3631009040;voronezh;93.29;93
9717105483;moscow city;62.01;62
1684021880;tatarstan;59.11;59
2459019923;krasnoyarsk;52.21.24;52
5038109510;moscow reg.;49.32;49
7327085728;ulyanovsk;71.20;71
0308010107;buryatia;56.10;56
5190018059;murmansk;68.32.10;68
5503273123;omsk;94.99;94
3329098250;vladimir;71.12.13;71
5406997113;novosibirsk;45.20;45
2543179594;primorsky terr.;73.11;73
1841041303;udmurtia;08.12;08
5752085049;oryol;93.12;93
6312046629;samara;86.23;86
7733385795;moscow city;41.20;41
7728543647;moscow city;72.19;72
1215192720;marij el;94.92;94
7014066195;tomsk;69.20;69
2309149786;krasnodar;86.23;86
6732141995;smolensk;46.38;46
5603043130;orenburg;49.40;49
4632265464;kursk;52.10;52
6658443010;sverdlovsk;71.11.10;71
2368001252;krasnodar;18.10;18
7017297433;tomsk;56.10;56
5001095188;moscow reg.;45.11.20;45
9715413740;moscow city;72.20;72
2009004660;chechnya;01.11;01
3100035997;belgorod;93.19;93
7327057600;ulyanovsk;69.10;69
7703407434;moscow city;70.22;70
0274992798;bashkortostan;87.90;87
0275027208;bashkortostan;94.99;94
7736528307;moscow city;71.11.10;71
3663114287;voronezh;28.92;28
5260065200;nizhni novgorod;55.10;55
5016020690;moscow reg.;13.99.90;13
0105041117;adygeya;71.12;71
7604392811;yaroslavl;41.20;41
9724118050;moscow city;43.99;43
5320019909;novgorod;25.90;25
6142027087;rostov;42.12;42
2304082560;krasnodar;56.10.10;56
2287006573;altai terr.;01.11;01
7627058926;yaroslavl;25.12;25
0100002530;adygeya;71.20;71
3917043307;kaliningrad;49.42;49
8603095511;khanty-mansijsk;52.21.10;52
7751211833;yakutia;70.22;70
2466272042;krasnoyarsk;56.10;56
6234146768;ryazan;46.34;46
9731078337;moscow city;68.20;68
5501284497;omsk;56.10;56
6726014685;smolensk;25.30.10;25
1435260951;yakutia;45.20;45
0800004702;kalmykia;43.99.70;43
7814769486;nizhni novgorod;27.11;27
3801074120;irkutsk;42.21;42
5116001764;murmansk;52.21;52
3528343114;vologda;62.01;62
6164137140;volgograd;73.11;73
1001206158;karelia;69.10;69
5402001596;novosibirsk;45.20;45
6516007843;sakhalin;47.25;47
9729385115;moscow city;45.32.10;45
0300022090;buryatia;49.41;49
5835118971;penza;43.21;43
2502069916;primorsky terr.;68.32.10;68
2310022858;krasnodar;86.23;86
5905033450;perm;25.11;25
7536172371;zabaikalsk terr.;69.20;69
5311008298;novgorod;20.14.70;20
8603222833;khanty-mansijsk;73.11;73
2001004001;chechnya;47.52.70;47
9727030491;moscow city;42.11;42
7743363409;moscow city;47.59;47
5190179240;murmansk;93.10;93
0725027031;kabardino-balkaria;71.12.40;71
3525482053;vologda;93.19;93
1101006480;komi;68.32;68
1433026748;yakutia;52.21;52
6037010670;pskov;56.10;56
2130226644;chuvashia;73.11;73
0300010761;buryatia;79.11;79
0572028959;dagestan;42.21;42
6732172560;smolensk;45.31;45
7731333720;moscow city;49.41;49
6027170272;pskov;47.76.10;47
7300035053;ulyanovsk;45.31;45
5027257387;moscow reg.;46.71;46
9200005490;sevastopol;49.41;49
5190099957;murmansk;93.19;93
2130185050;chuvashia;69.10;69
7734654507;moscow city;70.22;70
3200004382;bryansk;47.91.20;47
4632046991;kursk;43.99;43
1655466852;tatarstan;46.75;46
3015076456;astrakhan;73.11;73
6167141610;rostov;49.41;49
2904007691;arkhangelsk;62.01;62
7715868542;moscow city;71.10;71
1515913564;north ossetia;62.09;62
0725990690;kabardino-balkaria;93.10;93
8904057358;yamal-nenets ao;69.10;69
1101040410;komi;42.22;42
4632236174;kursk;56.10;56
0300025461;buryatia;68.32;68
5190180809;murmansk;42.91.50;42
3661179730;voronezh;62.01;62
5919007555;perm;46.73.10;46
9202003040;sevastopol;68.32;68
9704198226;moscow city;41.20;41
3811137770;irkutsk;68.20.20;68
6513001642;sakhalin;42.11;42
5190191952;murmansk;43.91;43
5031112970;moscow reg.;43.29;43
7816750280;sankt-petersburg;86.10;86
1701049888;tuva;47.73;47
4909132361;magadan;46.73;46
0264067336;bashkortostan;52.29;52
3525398250;vologda;42.12;42
6234011993;ryazan;71.20.40;71
5190193170;murmansk;46.90;46
3525440624;vologda;96.04;96
6382083712;samara;71.11.10;71
4632217005;kursk;56.10;56
6320063064;samara;41.20;41
7536164998;zabaikalsk terr.;56.30;56
1841107064;udmurtia;42.99;42
4345384965;kirov;56.10;56
3448055946;volgograd;25.11;25
6025010971;pskov;68.20;68
5044106701;moscow reg.;47.73;47
9310004971;donetsk;52.21;52
6829093840;tambov;41.20;41
7203580007;tyumen;25.11;25
7621009680;yaroslavl;45.20.10;45
8901033736;yamal-nenets ao;91.02;91
3010053448;astrakhan;93.29.90;93
7415112473;chelyabinsk;01.13.40;01
2225996497;altai terr.;70.22;70
2536320623;primorsky terr.;46.73.20;46
6501175958;sakhalin;94.99;94
6619018903;sverdlovsk;49.41;49
5321161217;novgorod;73.11;73
9724011229;moscow city;58.21;58
5032330988;moscow reg.;33.12;33
3906988113;kaliningrad;52.29;52
6685136297;sverdlovsk;62.01;62
7017472188;tomsk;46.71.20;46
2700015084;khabarovsk;46.38;46
6375193898;samara;47.73;47
5190036925;murmansk;56.10;56
1633008873;tatarstan;77.12;77
5501248890;omsk;43.21;43
6167103205;rostov;80.10;80
2310228432;krasnodar;63.11.10;63
4632163906;kursk;25.10;25
7014066815;tomsk;49.42;49
7612004766;yaroslavl;68.32.20;68
7100003463;tula;42.11;42
3123358627;belgorod;43.21;43
6658542638;sverdlovsk;62.01;62
7525004576;zabaikalsk terr.;01.11.10;01
3013001818;astrakhan;52.21.24;52
7116160165;moscow city;52.29;52
7327092683;ulyanovsk;73.20;73
7814779580;adygeya;52.29;52
7203221625;tyumen;63.11.10;63
3666231020;voronezh;45.31;45
2536199328;primorsky terr.;10.91.30;10
6012007562;pskov;01.70;01
4704470112;leningrad;93.29.90;93
3100022268;belgorod;49.41.20;49
3525483353;vologda;86.10;86
5904210498;perm;69;69
7608006295;yaroslavl;64.99;64
1513043347;north ossetia;71.11.10;71
7500021428;zabaikalsk terr.;45.31.10;45
9105018604;crimea;43.21;43
6155080497;rostov;46.73;46
7328100707;ulyanovsk;69.10;69
6901084776;tver;45.11.20;45
0258010821;bashkortostan;71.12;71
4230033512;kemerovo;93.13;93
2925004437;arkhangelsk;69.10;69
7813678902;sankt-petersburg;68.10;68
3808280121;irkutsk;68.31;68
1200003233;marij el;49.41;49
2463026698;krasnoyarsk;94.99;94
1435304260;yakutia;69.10;69
2207010658;altai terr.;95.29;95
5507250053;omsk;71.11.10;71
5410786330;novosibirsk;73.11;73
1603007921;tatarstan;47.19;47
7017451935;tomsk;25.11;25
9204567193;sevastopol;47.91.20;47
7813194098;sankt-petersburg;68.32.10;68
6623127687;sverdlovsk;79.11;79
6449062726;saratov;86.10;86
8617025120;khanty-mansijsk;52.21.24;52
5013044043;moscow reg.;25.62;25
4205272732;kemerovo;43.32;43
7451465587;chelyabinsk;56.10;56
7725306260;moscow city;18.12;18
1001046000;karelia;69.10;69
3906253447;kaliningrad;70.22;70
7100028394;tula;46.73;46
4909124096;magadan;68.32.10;68
7901546863;jewish ao;43.11;43
6672326710;sverdlovsk;43.21;43
2540284390;primorsky terr.;62.09;62
3666133104;voronezh;68.31.10;68
2461046265;krasnoyarsk;41.20;41
6009006784;pskov;49.41.10;49
7842164563;sankt-petersburg;46.75;46
7716832620;moscow city;47.51;47
2006008306;chechnya;68.10.23;68
7734634290;moscow city;47.64;47
9200014416;sevastopol;47.78.90;47
5951003146;perm;46.66;46
1833028891;udmurtia;60.10;60
7709903870;moscow city;52.29;52
5036138770;moscow reg.;46.73;46
7842122073;sankt-petersburg;47.11;47
7734452885;moscow city;81.10;81
6452943724;saratov;01.61;01
2801251779;amur;46.75.10;46
5406532816;novosibirsk;52.29;52
6212002956;ryazan;01.50;01
0107037275;adygeya;68.20;68
4632251253;kursk;62.02;62
5834114332;penza;69.10;69
7519004899;zabaikalsk terr.;45.32;45
4909089540;magadan;71.20;71
5834121114;penza;43.39;43
4105037816;kamchatka;45.20;45
4101110649;kamchatka;68.10.12;68
0541025161;dagestan;94.10;94
7017090206;tomsk;52.21.24;52
7203411721;tyumen;38.32;38
0278059448;bashkortostan;62.01;62
7602151987;yaroslavl;42.21;42
5029288038;moscow reg.;46.90;46
5805006572;penza;49.41.20;49
7736353752;moscow city;94.12;94
6449097380;saratov;46.45;46
1101170956;komi;56.10;56
9202500806;sevastopol;56.10;56
1832153628;udmurtia;56.10;56
5404095617;novosibirsk;43.99;43
0542032838;dagestan;71.10;71
6501090976;sakhalin;47.61;47
1435245939;yakutia;71.11;71
2634070675;stavropol;47.71;47
7017356086;tomsk;73.11;73
2465094816;krasnoyarsk;68.20;68
2209053664;altai terr.;87.90;87
7203528423;tyumen;86.10;86
4312149941;kirov;25.99.29;25
3017019051;astrakhan;70.22;70
0726013747;kabardino-balkaria;47.11;47
7100050199;tula;86.23;86
1511027861;north ossetia;73.20;73
5029272158;moscow reg.;46.52;46
2703105434;khabarovsk;56.29;56
2225231240;altai terr.;56.10;56
4443014539;kostroma;70.22;70
1650405486;tatarstan;73.11;73
4414005610;kostroma;68.32.20;68
9002001687;zaporizhzhia;47.71;47
1901114358;khakasia;47.91.20;47
2221258682;altai terr.;47.91;47
1903024406;khakasia;62.01;62
3328019840;vladimir;41.20;41
5190926170;murmansk;45.30;45
5252016262;nizhni novgorod;60.10;60
9204508046;sevastopol;68.32;68
9102210701;crimea;41.20;41
2706034397;khabarovsk;68.20;68
6658475565;sverdlovsk;42.21;42
7430022680;chelyabinsk;93.19;93
5047298110;moscow reg.;69.20;69
3528267008;vologda;46.72;46
0900002804;karachaevo-chercessia;56.10.10;56
7611009049;yaroslavl;52.21.24;52
0309015796;buryatia;47.25;47
6319225289;samara;46.43.10;46
3706028677;ivanovo;25.11;25
1700009402;tuva;52.21.24;52
2302058674;krasnodar;66.19.40;66
3025035748;astrakhan;52.29;52
3300007852;vladimir;47.29.30;47
5031111133;moscow reg.;46.43;46
7736363623;moscow city;80.10;80
3662307180;voronezh;46.90;46
6607005628;sverdlovsk;01.10;01
1805880180;udmurtia;68.32.20;68
6219008724;ryazan;68.32.20;68
1001291788;karelia;93.29.20;93
5238006713;nizhni novgorod;52.21.22;52
7017413418;tomsk;46.31;46
5835141466;penza;70.10.20;70
6952034847;tver;45.20;45
8901026915;yamal-nenets ao;46.73.60;46
9107001067;crimea;69.10;69
5192110050;murmansk;93.10;93
5032095822;lipetzk;70.22;70
6318166009;samara;68.20.20;68
4252007562;kemerovo;49.40;49
5905995200;perm;94.92;94
9204005035;sevastopol;86.21;86
0542021000;dagestan;46.71;46
3334023919;vladimir;69.20;69
6731064466;smolensk;43.21;43
3666103780;voronezh;85.42.90;85
0570006861;dagestan;46.44.20;46
5074016090;moscow reg.;68.32;68
1326233651;mordovia;94.92;94
3906404424;kaliningrad;94.99;94
9200008451;sevastopol;42.11;42
4246022386;kemerovo;49.41;49
3326013018;vladimir;49.39;49
6825008393;tambov;49.41;49
9102043810;crimea;41.20;41
5505072447;omsk;25.99;25
6234186048;ryazan;86.23;86
3904094569;kaliningrad;73.11;73
6825008001;tambov;46.21;46
5322005595;novgorod;47.43;47
3702246850;ivanovo;46.41;46
5835085081;penza;71.20.80;71
4824018846;lipetzk;71.20.50;71
4501226648;kurgan;46.69;46
2460125362;krasnoyarsk;94.99.20;94
7720613388;moscow reg.;24.20;24
3525234935;vologda;43.99;43
8300005396;nenets ao;41.20;41
1103047041;komi;69.10;69
3811120953;irkutsk;25.10;25
9108008114;crimea;01.21;01
2450030591;krasnoyarsk;52.21.24;52
0303007870;buryatia;01.50;01
4101147582;kamchatka;42.11;42
6829063814;tambov;70.22;70
1000007752;karelia;62.09;62
9102183582;crimea;69.10;69
2540069956;primorsky terr.;43.29;43
5300006362;novgorod;70.22;70
5803026421;penza;25.11;25
3018011182;astrakhan;01.25.10;01
7804070201;sankt-petersburg;41.20;41
9309008918;donetsk;25.62;25
9717146521;moscow city;46.73;46
4105021245;kamchatka;94.99;94
6025015095;pskov;52.21.24;52
5040190572;moscow reg.;46.41;46
7702795015;ulyanovsk;62.01;62
4101098744;kamchatka;42.22;42
6153021778;rostov;01.11.10;01
4632167330;kursk;62;62
7901995675;jewish ao;94.99;94
5720023811;oryol;73.11;73
2623033470;stavropol;52.21.23;52
2463131526;krasnoyarsk;45.11;45
9703147973;moscow city;70.22;70
7801517393;sankt-petersburg;46.49.30;46
3664251039;voronezh;52.29;52
1300005844;mordovia;73.11;73
6230125252;ryazan;41.20;41
7727388188;moscow city;62.01;62
2801249699;amur;71.12.30;71
7103510824;tula;25.11;25
7801337055;sankt-petersburg;43.22;43
3025012275;astrakhan;68.20;68
7727279710;moscow city;93.12;93
5402068960;novosibirsk;86.21;86
0571021238;dagestan;42.91;42
6712006532;smolensk;68.31.12;68
6450090735;saratov;69.10;69
6321431257;samara;25.11;25
3700022510;ivanovo;56.10;56
7811433093;sankt-petersburg;73.20.10;73
2536034414;primorsky terr.;81.29.10;81
3906384859;kaliningrad;42.11;42
2125003272;chuvashia;68.32;68
7203462370;tyumen;46.16;46
6829148730;tambov;68.20;68
6829109924;tambov;62.09;62
1000016411;karelia;62.01;62
2901123805;arkhangelsk;43.11;43
1703000430;tuva;49.41;49
9722051089;moscow city;33.12;33
1650393343;tatarstan;45.31;45
5408019769;novosibirsk;93.19;93
0572001763;dagestan;41.20;41
6163154664;rostov;69.10;69
3103000914;belgorod;01.11.10;01
0570004938;dagestan;62.09;62
6451019051;saratov;46.73;46
1400026502;yakutia;01.29;01
1513079216;north ossetia;49.41;49
2312260142;krasnodar;82.99;82
2373980211;krasnodar;84.24;84
5503063447;omsk;68.32.10;68
7610129784;yaroslavl;79.11;79
4341015861;kirov;52.21.24;52
7604304999;yaroslavl;93.29.90;93
4900016603;magadan;41.20;41
2312104337;krasnodar;01.25;01
7901529427;jewish ao;47.11;47
5259152049;nizhni novgorod;46.73.20;46
6165158336;rostov;46.60;46
6454123621;saratov;62.01;62
6450107072;saratov;93.19;93
6832000317;tambov;71.12.10;71
7130027790;tula;52.21.24;52
2464257024;krasnoyarsk;42.21;42
4707048004;leningrad;41.20;41
2222854078;sankt-petersburg;41.20;41
6658562384;sverdlovsk;69.10;69
2015999318;chechnya;94.99;94
5916035071;perm;25.11;25
2130018595;chuvashia;81.30;81
3435140129;volgograd;49.42;49
0276940900;bashkortostan;71.12;71
7017173149;tomsk;73.11;73
0912001509;karachaevo-chercessia;41.20;41
7105508838;tula;22.23;22
7627034160;yaroslavl;56.10;56
7714460711;moscow city;42.21;42
2232011133;altai rep.;93.11;93
2901203088;arkhangelsk;46.90;46
9408006277;luhansk;43.13;43
2462068840;krasnoyarsk;93.29.90;93
2311332147;krasnodar;45.31;45
9110027594;crimea;68.32.20;68
1655387390;tatarstan;41.20;41
4401104678;kostroma;71.11;71
6732191298;smolensk;43.32;43
3619011525;voronezh;68.32;68
6679173420;sverdlovsk;82.99;82
5407251906;novosibirsk;69.20;69
3257086037;bryansk;70.22;70
4632209702;kursk;70.22;70
0326544824;buryatia;49.41;49
0323397530;buryatia;62.01;62
7805785587;sankt-petersburg;69.10;69
3664082180;voronezh;70.22;70
7813187950;sankt-petersburg;68.10;68
7204159056;tyumen;42.11;42
5254495081;nizhni novgorod;49.41;49
4025455920;kaluga;70.22;70
2207011059;altai terr.;68.32.20;68
3915010835;kaliningrad;68.32.20;68
2207000667;altai terr.;56.29;56
7751280700;moscow city;45.31;45
5903098589;perm;69;69
9709004587;moscow city;41.20;41
5752082062;oryol;71.20;71
5501219748;omsk;45.11.20;45
5252024383;nizhni novgorod;33.12;33
2343013457;krasnodar;68.20.20;68
7447313616;chelyabinsk;25.11;25
1101460214;komi;01.42;01
7017491663;tomsk;72.19;72
1800015015;udmurtia;25.62;25
6321183702;samara;86.23;86
2824004991;amur;01.11.20;01
2308188655;krasnodar;73.10;73
6501180620;sakhalin;73.11;73
7024044031;tomsk;01.49;01
9200019206;sevastopol;49.41;49
0300016361;buryatia;49.42;49
7731298018;moscow city;41.20;41
4101138041;kamchatka;69;69
1902029761;khakasia;01.45;01
3702040377;ivanovo;73.20.10;73
7719864242;tula;47.99;47
2700033622;khabarovsk;25.11;25
4025450320;kaluga;93.19;93
5612045173;orenburg;86.23;86
3257054733;bryansk;86.23;86
1103044548;komi;23.61;23
2224187694;altai terr.;47.19;47
1660252158;tatarstan;93.19;93
4400016877;kostroma;45.20;45
5837051610;penza;45.11.20;45
1700001516;tuva;46.31;46
6952320887;tver;56.10;56
7017485204;tomsk;25.99;25
1616017660;tatarstan;41.20;41
8602310251;khanty-mansijsk;68.32;68
3700016509;ivanovo;71.11;71
7810273961;sankt-petersburg;43.31;43
7725625161;moscow city;59.14;59
5902063343;perm;62.01;62
5321206348;novgorod;47.52.70;47
6606022300;sverdlovsk;52.21.24;52
9728099337;moscow city;33.13;33
9703166285;moscow city;64.19;64
0800013506;kalmykia;56.10;56
6164140914;rostov;56.10;56
6320035540;samara;41.20;41
7729763564;moscow city;47.64;47
7816252679;sankt-petersburg;90;90
7448225987;chelyabinsk;70.22;70
2462077435;krasnoyarsk;41.20;41
4205422882;kemerovo;93.19;93
4826081321;lipetzk;49.41;49
7300028313;ulyanovsk;86.90;86
6671109102;nenets ao;68.20;68
6204003346;ryazan;42.11;42
5018205375;moscow reg.;47.19;47
4900011771;magadan;52.22.11;52
2015009578;chechnya;41.20;41
2004002740;chechnya;42.11;42
9204574458;sevastopol;56.10;56
6207004250;ryazan;86.23;86
3528086795;vologda;52.21.24;52
2301072228;krasnodar;86;86
6165111634;rostov;47.65;47
2808021485;amur;47.50;47
6950223221;tver;94.99;94
9204008004;sevastopol;69.10;69
7804595368;sankt-petersburg;43.99;43
1901145571;khakasia;86.90.90;86
1701013948;tuva;52.21.24;52
9201514443;sevastopol;70.10.10;70
2130099940;chuvashia;62.09;62
0269046957;bashkortostan;93.12;93
9110000698;crimea;93.11;93
2463225460;krasnoyarsk;71.11;71
7456038620;chelyabinsk;73.11;73
2338980064;krasnodar;84.24;84
0800006749;kalmykia;47.91;47
4400004663;kostroma;93.19;93
7701169745;moscow city;94.99;94
5410099433;novosibirsk;41.20;41
0326482945;buryatia;68.32;68
6441005123;saratov;68.32.10;68
3100010230;belgorod;93.19;93
6312212386;samara;49.42;49
6652032782;sverdlovsk;68.32;68
5445021854;novosibirsk;56.10;56
4205398252;kemerovo;56.30;56
4339001082;kirov;52.21.24;52
6027175552;pskov;73.11;73
5902150317;perm;85.41.91;85
4101098960;kamchatka;43.99.70;43
5902103204;perm;46.11;46
5075040793;moscow reg.;01.13;01
3662285762;voronezh;46.90;46
1103037156;komi;86.10;86
6228024680;ryazan;69.20.10;69
0900007658;karachaevo-chercessia;42.11;42
1900004602;khakasia;64.99;64
0725028684;kabardino-balkaria;71.12.70;71
3662168360;voronezh;41.20;41
0725031038;kabardino-balkaria;42.11;42
3321029494;vladimir;70.22;70
5501269361;omsk;73.11;73
2807004991;amur;70.22;70
9500000140;kherson;47.11;47
9406003136;luhansk;43.29;43
5017132565;moscow reg.;47.91.20;47
2457076475;krasnoyarsk;52.21.24;52
3525337793;vologda;41.20;41
4401190571;kostroma;62.01;62
6686156835;sverdlovsk;46.69;46
0816014720;kalmykia;43.20;43
7107546645;tula;47.99;47
0411145651;altai rep.;68.32.10;68
9724066267;moscow city;85.42;85
4706058345;leningrad;25.11;25
5321140993;novgorod;43.21;43
5501043572;omsk;52.21.24;52
3616009253;voronezh;49.31;49
2538060674;primorsky terr.;01.50;01
3901003877;kaliningrad;93.10;93
0411138559;altai rep.;43.12;43
0308005611;buryatia;01.62;01
6509023210;sakhalin;70.22;70
7814841622;sankt-petersburg;43.29;43
8910004298;yamal-nenets ao;01.49.40;01
6161080463;rostov;49.42;49
1420002041;yakutia;71.12.80;71
2225132793;altai terr.;47.25;47
1435338510;yakutia;73.11;73
7709895259;moscow city;52.29;52
9724113460;moscow city;73.11;73
2801117580;amur;52.29;52
6952319169;tver;71.20;71
4802004751;lipetzk;46.49;46
7729449654;moscow city;73.11;73
2502061219;primorsky terr.;56.10.10;56
5903028729;perm;70.22;70
3666269754;voronezh;46.77;46
6319258615;samara;93.29.90;93
1326209970;mordovia;47.52.79;47
7806222361;sankt-petersburg;46.63;46
3812522775;irkutsk;86.90.10;86
7900004515;jewish ao;52.24;52
2124007620;chuvashia;52.21.24;52
5193403429;murmansk;62.09;62
3702550593;ivanovo;70.10.10;70
6324072670;samara;70.22;70
4011028083;kaluga;42.11;42
3257080187;bryansk;62.02;62
7017493910;tomsk;62.01;62
7451297212;chelyabinsk;49.40;49
6732057260;smolensk;70.22;70
7715902120;moscow reg.;41.20;41
7105049292;tula;93.29;93
7807264438;sankt-petersburg;62.01;62
4028043298;kaluga;41.20;41
4024010220;kaluga;71.10;71
2901179830;arkhangelsk;47.20;47
7900003790;jewish ao;43.32;43
6230055742;ryazan;93.19;93
1833038307;udmurtia;47.11;47
5029269772;moscow reg.;46.75;46
5028029584;moscow reg.;69.20;69
2124007595;chuvashia;52.21.24;52
7743403387;moscow city;73.11;73
1435345764;yakutia;49.41;49
1000017447;karelia;46.73.60;46
4705115872;leningrad;56.10;56
6658535895;sverdlovsk;69.20;69
7422048451;chelyabinsk;73.11;73
4824001546;lipetzk;86.21;86
8911033421;yamal-nenets ao;49.41.10;49
6163136224;rostov;80.10;80
4401060967;kostroma;52.21.24;52
7701905681;moscow city;73.11;73
0571024119;dagestan;47.11.30;47
5236006330;nizhni novgorod;69;69
6109007238;rostov;11.07;11
5404427566;novosibirsk;43.21;43
4345377171;kirov;49.40;49
0600007590;ingushetia;71.20.50;71
1513043629;north ossetia;46.73;46
0571019711;dagestan;69.20;69
7107102625;tula;71.20.90;71
7100033980;tula;56.10;56
0917040371;karachaevo-chercessia;94.99;94
7455035578;chelyabinsk;69.20;69
9102064218;crimea;93.29;93
8705001696;chukotka;47.11;47
2801267458;amur;45.31;45
2614022225;stavropol;86.21;86
3250900105;bryansk;93.19;93
6501314513;sakhalin;70.22;70
9309028632;donetsk;94.99;94
4824032431;lipetzk;46.36.20;46
5902046884;perm;69.20;69
1831203690;udmurtia;46.61;46
2902089515;arkhangelsk;56.10.10;56
6154164169;rostov;46.73;46
8904023790;yamal-nenets ao;52.21.24;52
4101169794;primorsky terr.;62.09;62
2631037140;stavropol;25.93;25
3702690304;ivanovo;62.01;62
2635259384;stavropol;43.33;43
6318060644;samara;70.22;70
5904147863;perm;69.10;69
2722045220;khabarovsk;56.29;56
1701064445;tuva;41.20;41
1400017829;yakutia;70.21;70
9704171175;moscow city;68.20;68
6376028061;samara;56.10.10;56
7802684809;sankt-petersburg;46.38;46
3000014256;astrakhan;49.41;49
0309990836;buryatia;43.12;43
7813579122;sankt-petersburg;46.90;46
2626049895;stavropol;86.90.90;86
7604159974;yaroslavl;52.29;52
6229094031;ryazan;45.32.20;45
2463113527;krasnoyarsk;94.99;94
6324109506;samara;45.20;45
1101069272;komi;71.11;71
2124034246;chuvashia;41.20;41
4345117310;kirov;49.30;49
3507007320;vologda;01.25.10;01
2538089271;primorsky terr.;52.21.24;52
0326588211;buryatia;73.20;73
5501237137;omsk;41.20;41
8602233293;khanty-mansijsk;86.21;86
7722385458;moscow city;41.20;41
6682014300;sverdlovsk;47.11;47
6013008093;pskov;01.41;01
3808206061;irkutsk;56.10;56
1434008212;yakutia;25.73;25
3447010815;volgograd;47.25.10;47
1516619822;north ossetia;62.01;62
3812538535;irkutsk;46.90;46
0100003990;adygeya;41.20;41
7720476325;irkutsk;42.12;42
2901167457;arkhangelsk;46.73;46
2014020628;chechnya;73.20;73
6166067032;rostov;56.10;56
3906349484;kaliningrad;70.22;70
0400024398;altai rep.;71.12;71
2116002226;chuvashia;49.40;49
3525277801;vologda;25.10;25
4501187861;kurgan;42.21;42
6454117307;saratov;86.10;86
9108005530;crimea;68.32;68
6670994528;sverdlovsk;70.22;70
1841040204;udmurtia;52.29;52
4343001857;kirov;52.21.24;52
0300009942;buryatia;25.11;25
4401125477;kostroma;25.10;25
9102188453;crimea;46.69.50;46
7703273212;moscow city;68.20.20;68
1105025766;komi;42.21;42
7448201048;kurgan;71.12.20;71
5902171910;perm;66.22;66
4632121600;kursk;43.30;43
1901134700;khakasia;71.20.10;71
9102067314;crimea;68.32;68
2635231558;stavropol;46.37;46
7805197257;sankt-petersburg;68.20.20;68
5248045870;nizhni novgorod;25.21;25
7100012965;tula;70.22;70
4101190700;kamchatka;94.99;94
2100017749;chuvashia;70.22;70
7811720242;sankt-petersburg;96.01;96
0273097030;bashkortostan;41.20;41
5505217692;omsk;46.37;46
0257005586;bashkortostan;43.21;43
9703149829;moscow city;64.99;64
2002005368;chechnya;86.90;86
4100041664;kamchatka;56.10.10;56
7017069067;tomsk;41.20;41
6215035212;ryazan;01.11;01
5256139378;nizhni novgorod;70.10.10;70
6500013961;sakhalin;42.21;42
8904069000;yamal-nenets ao;43.29;43
0800003667;kalmykia;69.20;69
2308288850;krasnodar;41.20;41
2466266521;krasnoyarsk;25.50;25
0253019997;bashkortostan;62.02;62
0721003047;kabardino-balkaria;94.92;94
2364005961;krasnodar;56.10.10;56
6658559208;sverdlovsk;43.99;43
1712005427;tuva;46.32.10;46
5408301490;novosibirsk;25.12;25
1001030320;karelia;52.21.24;52
9705076830;moscow city;70.22;70
0500015380;dagestan;42.21;42
3102046070;belgorod;96.02;96
2360012492;krasnodar;47.73;47
5933011786;perm;56.10;56
2308253135;krasnodar;69.10;69
2116003300;chuvashia;45.20;45
2634101860;stavropol;52.29;52
1326232471;mordovia;69.10;69
0512012680;dagestan;94.99;94
5048058576;moscow reg.;69.20;69
6021005882;pskov;46.49.33;46
1627002337;tatarstan;94.99;94
9002008033;zaporizhzhia;49.41;49
4345511123;kirov;93.29.20;93
9703003403;moscow city;70.22;70
6167138222;rostov;46.73;46
0300026962;buryatia;52.21.24;52
7203387187;tyumen;70.22;70
0529908587;dagestan;47.29.30;47
5904008757;perm;70.22;70
7724211288;moscow city;47.73;47
5018041575;moscow reg.;42.12;42
3257075162;bryansk;01.30;01
4317005005;kirov;01.11.10;01
4705093308;leningrad;46.90;46
7017448403;tomsk;56.30;56
4217186862;kemerovo;25.11;25
5409012822;novosibirsk;73.11;73
7727839352;moscow city;41.20;41
3255048879;bryansk;93.10;93
0534030604;dagestan;01.10;01
3460081050;volgograd;47.77.20;47
2224133152;altai terr.;01.10;01
7900005653;jewish ao;41.20;41
7727488993;moscow city;49.41;49
4825129066;lipetzk;41.20;41
2303025390;krasnodar;47.19;47
9714005089;moscow city;47.59;47
7118506757;tula;41.20;41
0276921094;bashkortostan;42.11;42
7326034135;ulyanovsk;94.99;94
1656029301;tatarstan;68.32.10;68
7813677955;sankt-petersburg;85.41.10;85
7439000881;chelyabinsk;01.11.10;01
2224152363;altai terr.;42.21;42
5028107786;moscow reg.;01.60;01
5820003914;penza;01.13.10;01
1701057261;tuva;41.20;41
2463082974;krasnoyarsk;47.11;47
3428983047;volgograd;68.32.20;68
2543065614;primorsky terr.;41.20;41
4100045080;kamchatka;79.11;79
5321151226;novgorod;52.29;52
0268058702;bashkortostan;25.61;25
5911017390;perm;14.12;14
5835137519;penza;56.10;56
5017040988;moscow reg.;01.19;01
7813229390;sankt-petersburg;46.90;46
1660339063;tatarstan;73.11;73
2130006504;chuvashia;46.31;46
6950165393;tver;46.51;46
5507299073;omsk;46.52;46
8902013041;yamal-nenets ao;86.21;86
0708011987;kabardino-balkaria;86.23;86
2308267674;krasnodar;71.12.20;71
3602003727;voronezh;94.20;94
6501300119;sakhalin;46.37;46
7203155570;tyumen;47.43;47
4825073230;lipetzk;94.99;94
7721790647;moscow city;43.22;43
1001329343;karelia;69.20;69
9002017944;zaporizhzhia;41.20;41
5036139414;moscow reg.;43.99;43
5638081137;orenburg;88.10;88
5007120578;moscow reg.;46.90;46
3666271552;voronezh;62.03.10;62
3304000738;vladimir;68.20.20;68
1434042020;yakutia;68.32.10;68
2315228700;krasnodar;94.12;94
1500010009;north ossetia;62.02;62
2904021512;arkhangelsk;25.61;25
2014260274;chechnya;62.02;62
6330101826;samara;01.30;01
2724231197;khabarovsk;46.73;46
9404007470;luhansk;01.11;01
4345390655;kirov;43.21;43
0400011085;altai rep.;93.19;93
2310217127;krasnodar;71.12.20;71
7825444458;sankt-petersburg;52.21.10;52
4220039931;kemerovo;52.29;52
2465295671;krasnoyarsk;86.90;86
2005001019;chechnya;47.11;47
4524097572;kurgan;46.90;46
4632292186;kursk;47.19;47
6135007499;rostov;69.20;69
6453999303;saratov;70.22;70
7202194746;tyumen;69.20.10;69
4900013401;magadan;49.42;49
5258148339;nizhni novgorod;45.31;45
7717557729;moscow city;46.49.43;46
7743943907;moscow city;70.10.10;70
4634011987;kursk;41.20;41
2721171207;khabarovsk;43.22;43
6367048390;samara;01.13;01
3906392835;kaliningrad;94.11;94
7451428433;chelyabinsk;70.22;70
4027093521;kaluga;69.20;69
2823007799;amur;46.46.20;46
6439028356;saratov;45.31;45
0107036120;adygeya;41.20;41
2815015130;amur;47.10;47
5038112866;moscow reg.;46.39;46
3664245701;voronezh;47.75;47
1513081952;north ossetia;43.21;43
2503033912;jewish ao;43.21;43
7713479389;moscow city;23.61;23
4345314291;kirov;43.30;43
1300003163;mordovia;93.19;93
5610114801;orenburg;43.21;43
4900013338;magadan;01.41;01
3702194306;ivanovo;46.90;46
7017288358;tomsk;47.54;47
1700007660;tuva;52.29;52
3664122315;voronezh;69.10;69
5506214422;novosibirsk;69.10;69
2224205336;altai terr.;62.01;62
0900012866;karachaevo-chercessia;71.12.10;71
2900000590;nenets ao;33.12;33
3302019927;vladimir;60.10;60
5904991805;perm;42.91;42
6154161506;rostov;85.42;85
4827000639;lipetzk;45.32.21;45
4011007380;kaluga;52.21.24;52
5001067670;vladimir;47.73;47
6501173485;sakhalin;45.20.10;45
1701035910;tuva;86.21;86
6832007337;tambov;69.10;69
2127022129;chuvashia;47.11;47
7743088047;moscow city;94.99;94
2443014366;khakasia;73.11;73
2312081873;krasnodar;52.21.24;52
5032300670;moscow reg.;56.10;56
5905281364;perm;47.54;47
5610213432;orenburg;73.11;73
9110007799;crimea;46.31;46
9102215393;tver;56.10;56
3917045625;kaliningrad;46.31.10;46
2543124179;primorsky terr.;07.29;07
1686041497;tatarstan;25.11;25
7105047680;tula;79.11;79
3702241690;ivanovo;49.41;49
6800002329;tambov;86.23;86
9710079925;moscow city;43.12;43
0800013376;kalmykia;70.22;70
1673007001;tatarstan;43.29;43
6732223969;smolensk;69.20.20;69
6732191570;smolensk;43.22;43
1513063745;north ossetia;49.41.20;49
0600006910;ingushetia;69.20;69
5404040625;novosibirsk;22.22;22
6671332510;sverdlovsk;46.90;46
4624003930;kursk;01.11;01
5837055702;penza;64.99;64
6732224592;smolensk;69.20;69
2457058941;krasnoyarsk;47.59;47
7104077138;tula;71.12.41;71
9102232092;crimea;43.21;43
2623030374;stavropol;49.41;49
7714904950;moscow city;47.71;47
2208023120;altai terr.;45.20;45
3245007231;bryansk;43.12.30;43
7128007605;tula;14.39;14
6318106634;samara;62.01;62
7447279041;chelyabinsk;41.20;41
9709100393;moscow city;62.01;62
0900007538;karachaevo-chercessia;47.73;47
2721230815;khabarovsk;70.22;70
5837061632;penza;70.22;70
2311237101;krasnodar;47.73;47
9500025842;kherson;94.11;94
0800013513;kalmykia;49.41;49
5612041355;orenburg;69.10;69
7204188635;tyumen;41.20;41
7730698905;moscow city;64.99.30;64
1431013535;yakutia;43.11;43
5904116872;perm;94.90;94
3334016862;vladimir;01.10;01
6911023476;tver;62.01;62
3702022794;ivanovo;25.11;25
6315657513;samara;86.21;86
7722485815;moscow city;61.10;61
5902244734;perm;41.20;41
4725009784;leningrad;46.73;46
7104507020;tula;01.13.10;01
1513080490;north ossetia;47.59.20;47
5043076973;moscow reg.;49.41;49
4217101643;kemerovo;62.02;62
4029035170;kaluga;47.52.73;47
7606133675;yaroslavl;95.11;95
1683018588;tatarstan;20.13;20
2008004385;chechnya;45.32;45
4401030987;kostroma;52.21.24;52
1216025761;marij el;43.22;43
6639021005;sverdlovsk;45.32;45
4028069088;kaluga;42.91;42
1635011014;tatarstan;56.10;56
6686061830;sverdlovsk;49.41.20;49
4632259453;kursk;45.31;45
3702062405;ivanovo;69;69
0900005611;karachaevo-chercessia;86.90;86
3662283074;voronezh;41.20;41
6000004824;pskov;42.21;42
2634807951;stavropol;93.10;93
3917009190;kaliningrad;46.34.10;46
7604219824;yaroslavl;69;69
0411172976;altai rep.;49.41;49
5410132634;novosibirsk;68.32.10;68
5024215607;moscow reg.;45.31;45
1215213681;marij el;73.20.20;73
7802874782;sankt-petersburg;01.11;01
5906178465;perm;49.41;49
9102052910;crimea;41.20;41
3525346389;vologda;68.31;68
9406014995;luhansk;56.10;56
1101046282;komi;70.22;70
6230018028;ryazan;52.21;52
2724215220;khabarovsk;43.22;43
2511051802;primorsky terr.;25.11;25
0300009420;buryatia;49.41;49
4106004676;kamchatka;49.41.10;49
4825127598;lipetzk;45.20;45
0272913416;bashkortostan;46.90;46
6318305407;samara;68.20.10;68
7806131072;sankt-petersburg;23.70.20;23
5507268815;omsk;47.91;47
6168111583;rostov;70.22;70
2902070810;arkhangelsk;86.23;86
4027134827;kaluga;93.19;93
5604032526;orenburg;46.21;46
2801136455;amur;52.10;52
7728777910;moscow city;71.12;71
6452132860;saratov;69.20;69
5920998124;udmurtia;70.22;70
5038141747;moscow reg.;86.23;86
6313550042;samara;68.32.10;68
3628020100;voronezh;49.41;49
6452078853;saratov;86.23;86
5610228710;orenburg;01.70;01
3827009693;irkutsk;68.32.2;68
5902066834;perm;62.01;62
1830015453;udmurtia;56.10.10;56
0272911761;bashkortostan;49.41;49
6509016822;sakhalin;47.25.11;47
3123146767;belgorod;62.02;62
0276971063;bashkortostan;46.32;46
5190049755;murmansk;47.24.22;47
4632301024;kursk;93.12;93
7327097716;ulyanovsk;41.20;41
2207005947;altai terr.;01.41;01
4101185080;kamchatka;41.20;41
9111000115;crimea;46.42;46
4501088010;kurgan;01.70;01
6455036361;saratov;68.32.10;68
2130173311;chuvashia;93.29;93
0507025732;dagestan;25.11;25
8905036872;yamal-nenets ao;62.02;62
2901307351;arkhangelsk;41.10;41
5628005257;orenburg;25.11;25
5835069474;penza;73.10;73
7203508297;tyumen;86.10;86
1435205735;yakutia;41.20;41
3702152828;ivanovo;68.32.10;68
1660338863;tatarstan;93.29;93
6829086064;tambov;43.30;43
0105046764;adygeya;62.01;62
7326040361;ulyanovsk;68.32.10;68
6686109377;komi;49.41;49
9406004203;luhansk;94.99;94
2463078819;krasnoyarsk;69;69
7106086610;tula;47.59.40;47
9714056622;moscow city;41.20;41
7816578906;sankt-petersburg;52.29;52
7811143852;sankt-petersburg;47.19;47
7202102382;tyumen;94.99;94
2323023584;krasnodar;03.20;03
7723612505;moscow city;70.10.20;70
9500019172;kherson;94.99;94
1655489218;tatarstan;43.29;43
7107543549;tula;56.10;56
0105046563;adygeya;94.99;94
4101137672;kamchatka;56.10;56
0800013954;kalmykia;69.10;69
5609199342;orenburg;94.12;94
7104516113;tula;25.62;25
6119015559;rostov;45.31;45
2014044114;chechnya;94.99;94
3302002909;vladimir;62.01;62
4345470406;kirov;49.41;49
6685129324;sverdlovsk;73.11;73
3528336580;vologda;69.20;69
1435336128;yakutia;93.12;93
3200001663;bryansk;73.11;73
4346041826;kirov;45.32;45
7452151181;chelyabinsk;49.41;49
5401987873;novosibirsk;31.03;31
7743413321;moscow city;42.21;42
7727331216;moscow city;74.10;74
4205268214;kemerovo;70.22;70
0900000902;karachaevo-chercessia;56.30;56
2311329521;krasnodar;73.20;73
2635236884;stavropol;45.20;45
2130228828;chuvashia;70.22;70
1909001765;khakasia;69.20.20;69
5503199818;omsk;42.99;42
3827065715;irkutsk;49.41;49
5107917536;murmansk;25.11;25
4826006973;lipetzk;94.20;94
2463247626;krasnoyarsk;81.21;81
0800020398;kalmykia;69.10;69
7404073575;chelyabinsk;43.29;43
7608020148;yaroslavl;52.21.24;52
7806547176;sankt-petersburg;93.29;93
2901202905;arkhangelsk;46.69;46
1804008153;udmurtia;01.50;01
1101096220;komi;93.13;93
7106523162;tula;71.20.90;71
4909128855;magadan;46.63;46
7021024340;tomsk;46.69.50;46
6027000908;pskov;68.20;68
5001150752;moscow reg.;69.10;69
3702267427;ivanovo;01.19;01
2210010312;altai terr.;86.10;86
6671099119;sverdlovsk;86.23;86
0275073250;bashkortostan;69.10;69
6149001786;rostov;94.20;94
2315211087;krasnodar;49.41;49
6319245207;samara;43.22;43
5260246686;nizhni novgorod;68.32.20;68
3849069216;irkutsk;73.11;73
2128705897;chuvashia;68.20.20;68
1832120485;udmurtia;56.10;56
2983007677;nenets ao;68.20.20;68
5321118349;novgorod;42.11;42
6230094389;ryazan;85.23;85
6230075153;ryazan;93.29.20;93
6829160222;tambov;42.11;42
9727069900;moscow city;46.73.40;46
8903037817;yamal-nenets ao;94.99;94
9403030861;luhansk;71.12.20;71
8603108231;khanty-mansijsk;62.02;62
2512300515;primorsky terr.;41.20;41
2700011210;khabarovsk;43.22;43
5321205520;novgorod;73.20;73
4632213360;kursk;46.21;46
7843008782;sankt-petersburg;46.43.10;46
3665802659;voronezh;49.41;49
1200012541;marij el;49.42;49
4027112510;kaluga;43.22;43
2463221882;krasnoyarsk;41.20;41
6670291860;sverdlovsk;68.32;68
5022041151;moscow reg.;68.20;68
9102028876;crimea;69.20;69
7328088104;ulyanovsk;71.10;71
9308015990;donetsk;71.11;71
6800004090;tambov;47.78.50;47
8908002832;yamal-nenets ao;71.12.30;71
2508142930;primorsky terr.;41.20;41
8602267581;khanty-mansijsk;47.70;47
1702001342;tuva;01.11;01
1701041350;tuva;46.36;46
5321033127;novgorod;41.20;41
2301097582;krasnodar;46.49;46
6950041694;tver;73.11;73
2511116175;primorsky terr.;41.20;41
7448225232;chelyabinsk;46.18.20;46
5610217476;orenburg;41.20;41
7203352089;tyumen;93.19;93
2465013341;krasnoyarsk;94.12;94
5609088508;orenburg;73.11;73
5610242017;orenburg;70.22;70
2311328817;krasnodar;41.20;41
3525395604;vologda;73.11;73
2464074060;krasnoyarsk;73.11;73
3128105563;belgorod;25.11;25
4632290887;kursk;43.29;43
7838115980;sankt-petersburg;69.10;69
2312310957;krasnodar;49.41;49
5074088714;moscow reg.;94.99;94
9703013592;moscow city;42.99;42
6686132320;sverdlovsk;46.90;46
1101075283;komi;56.10;56
7814338183;sankt-petersburg;68.31;68
2610000407;stavropol;41.20;41
6027146470;pskov;69.10;69
3806004623;irkutsk;01.40;01
3019999085;astrakhan;94.99;94
4632267214;kursk;68.20;68
0726006588;kabardino-balkaria;46.44.20;46
7814787661;sankt-petersburg;68.32.20;68
7838058474;sankt-petersburg;93.19;93
5405060430;novosibirsk;93.11;93
3305033207;vladimir;56.10;56
7743317843;moscow city;47.91.20;47
9200009293;sevastopol;43.11;43
7203549695;tyumen;45.31;45
7811673338;sankt-petersburg;47.59;47
1900005109;khakasia;42.11;42
9201016254;sevastopol;73.11;73
4205081946;kemerovo;68.31;68
3808233989;irkutsk;68.10;68
5834119740;penza;86.21;86
3442111672;volgograd;41.20;41
6732197028;smolensk;43.29;43
7610139831;yaroslavl;86.10;86
3334023796;vladimir;86.22;86
9724071517;moscow city;46.90;46
7813568272;sankt-petersburg;69.10;69
5043055589;moscow reg.;17.12;17
5262388830;nizhni novgorod;41.20;41
4526006098;kurgan;45.19;45
5446006552;novosibirsk;47.11;47
5751033947;oryol;73.11;73
9713013464;moscow city;82.99;82
5022058074;moscow reg.;47.71.10;47
5504158437;omsk;47.73;47
1500009772;north ossetia;56.10.10;56
6166038708;rostov;43.99.30;43
2225224571;altai terr.;56.10;56
4500004642;kurgan;01.41.10;01
4610003480;kursk;47.20;47
2920009488;arkhangelsk;75;75
1224007734;marij el;41.20;41
7329028965;ulyanovsk;25.73;25
5103300252;murmansk;86.21;86
1831179817;udmurtia;70.22;70
7325158018;ulyanovsk;25.62;25
0901045335;karachaevo-chercessia;47.73;47
6234081711;ryazan;73.11;73
2636032153;stavropol;56.10.10;56
4909131914;magadan;41.20;41
5503278139;omsk;49.42;49
1435318961;yakutia;42.21;42
5107917504;murmansk;68.32;68
9101001790;crimea;55.10;55
9500026564;kherson;47.11;47
5256112640;nizhni novgorod;68.20;68
3446016388;volgograd;69.10;69
3128000024;belgorod;49.41.20;49
0816037319;kalmykia;49.41;49
7801011462;sankt-petersburg;94.99;94
6315009512;samara;49.40;49
9710064012;moscow city;82.30;82
4518018830;kurgan;56.10;56
7500004140;zabaikalsk terr.;52.10;52
7804113085;sankt-petersburg;68.20;68
0537005620;dagestan;42.11;42
7500003250;zabaikalsk terr.;62.01;62
0500003970;dagestan;01.19.10;01
3338002973;vladimir;86.23;86
6025012880;pskov;68.32.10;68
3307009626;vladimir;94.20;94
0300016594;buryatia;93.29;93
7447163720;chelyabinsk;69.20;69
7100029655;tula;49.41;49
9111018673;crimea;46.73.30;46
0326546028;buryatia;71.11.10;71
9703183844;moscow city;62.02;62
6661077853;sverdlovsk;85.41;85
4800018283;lipetzk;42.22;42
7805649866;sankt-petersburg;70.22;70
1901123546;khakasia;86.21;86
6679116038;sverdlovsk;46.90;46
7743682998;moscow city;47.91;47
7326000062;ulyanovsk;68.20;68
6382067750;samara;36.00.20;36
1700002196;tuva;43.21;43
5031111038;nizhni novgorod;45.20;45
2225130098;altai terr.;46.90;46
9701279332;moscow city;46.34.10;46
5262382282;nizhni novgorod;96.01;96
2206004901;altai terr.;71.12.30;71
9311020655;donetsk;01.11;01
0573016321;dagestan;25.40;25
8604051098;khanty-mansijsk;73.11;73
3665824892;voronezh;47.91;47
1650353485;tatarstan;49.42;49
4253026060;kemerovo;56.29;56
0411172905;altai rep.;52.21.22;52
3123465080;belgorod;94.99;94
5029082478;moscow reg.;26.51.60;26
7900003800;jewish ao;01.28;01
5921035503;perm;49.42;49
3123133430;belgorod;56.30;56
1624004417;tatarstan;94.99;94
3123153725;belgorod;25.11;25
6827014931;tambov;70.22;70
4309004343;kirov;42.11;42
6454125403;saratov;25.12;25
5504139089;omsk;77.32;77
2801273941;amur;46.90;46
9405003743;luhansk;49.41;49
1684022516;tatarstan;77.11;77
3023001510;astrakhan;52.22.10;52
6732206988;smolensk;49.41;49
9723052776;kabardino-balkaria;69.10;69
7300035215;ulyanovsk;70.22;70
2543183791;primorsky terr.;70.22;70
0726002671;kabardino-balkaria;68.32.10;68
3711047812;ivanovo;25.11;25
5406672394;novosibirsk;25.99.29;25
4029032210;kaluga;70.22;70
1624015730;tatarstan;47.19;47
1616028238;tatarstan;46.73;46
6317033775;samara;94.99;94
1646048055;tatarstan;64.99;64
1901105177;khakasia;25.11;25
7021023202;tomsk;43.91;43
9310013895;donetsk;42.22;42
1006011836;karelia;52.21.24;52
6501285100;sakhalin;69.20.10;69
7811223307;sankt-petersburg;69.20;69
3015061770;astrakhan;69.10;69
7107134352;tula;94.12;94
7017997322;tomsk;93.19;93
4632096720;kursk;45.20;45
2543065357;primorsky terr.;25.99;25
4345283220;kirov;70.22;70
0411132821;altai rep.;69.20.10;69
2130228553;chuvashia;42.11;42
3906127805;kaliningrad;42.21;42
6827027401;tambov;93.12;93
3525366025;vologda;70.10.10;70
2361017013;krasnodar;93.12;93
5903060666;perm;68.10.10;68
4011025967;kaluga;47.52.70;47
0700002363;kabardino-balkaria;49.41;49
6319184875;samara;47.11;47
3724003065;ivanovo;43.21;43
7804623223;sankt-petersburg;42.21;42
1400036733;yakutia;41.20;41
2446011370;krasnoyarsk;62.01;62
7810787935;sankt-petersburg;46.46.10;46
6501100913;sakhalin;68.20.20;68
9204549444;sevastopol;86.23;86
3015071218;astrakhan;56.10;56
5753057950;oryol;46.40;46
0400002059;altai rep.;46.34.20;46
6683018604;sverdlovsk;01.13.10;01
3802017808;irkutsk;52.22;52
0279998521;bashkortostan;73.11;73
4501209184;kurgan;73.11;73
6321449455;samara;69.20;69
2901302522;arkhangelsk;36;36
9102217087;crimea;94.99;94
3245516856;bryansk;93.19;93
2315148170;krasnodar;68.10.12;68
7901537080;jewish ao;43.22;43
1000011156;karelia;42.21;42
2463085816;krasnoyarsk;70.22;70
5257202167;nizhni novgorod;68.32.10;68
6163149336;rostov;62.01;62
7716992158;moscow city;43.34;43
3304015533;vladimir;43.22;43
5501268142;omsk;43.22;43
5836116656;penza;93.19;93
6166098030;rostov;69.10;69
3528201688;vologda;47.11;47
0264073308;bashkortostan;70.22;70
7813414219;sankt-petersburg;22.19;22
7901531730;jewish ao;68.32.10;68
2463120740;krasnoyarsk;41.20;41
3128046950;belgorod;43.21;43
4633013540;kursk;45.20.20;45
2910005082;arkhangelsk;49.41;49
1833044614;udmurtia;94.99;94
1660060470;tatarstan;68.32.10;68
7814425767;sankt-petersburg;73.11;73
7327078985;ulyanovsk;70.22;70
4345299156;kirov;94.99;94
3827059119;irkutsk;71.12;71
6440007054;saratov;52.21.24;52
7743449832;moscow city;46.90;46
4205275998;kemerovo;42.21;42
7728541456;moscow city;43.12;43
6517008247;sakhalin;41.20;41
1318001833;mordovia;46.77;46
9102031212;crimea;73.11;73
0816036629;kalmykia;45.20;45
5047188371;moscow reg.;42.11;42
9102265267;crimea;47.91;47
4703127262;leningrad;68.32.10;68
5933010616;perm;41.20;41
1841097056;udmurtia;71.12.20;71
5246052833;nizhni novgorod;68.20;68
2130159476;chuvashia;43.29;43
4025062969;kaluga;43.21;43
7604387265;yaroslavl;73.11;73
2370008632;krasnodar;70.22;70
5105012972;murmansk;46.69.20;46
1655458890;tatarstan;56.10;56
5190004306;murmansk;52.21.24;52
4336003204;kirov;47.10;47
4345385373;kirov;73.11;73
1101154425;komi;46.90;46
1840091510;udmurtia;46.73;46
7704555040;moscow reg.;62.02;62
1020004319;karelia;68.32.20;68
9724152082;moscow city;49.42;49
0274957930;bashkortostan;88.91;88
3700010916;ivanovo;68.32.20;68
5835015895;penza;52.21.24;52
2502061346;primorsky terr.;55.20;55
5404081558;novosibirsk;46.12.10;46
6714001995;smolensk;01.25.10;01
5403074974;novosibirsk;69.20;69
5050088070;moscow reg.;68.20;68
4252013686;kemerovo;01.30;01
0917038380;karachaevo-chercessia;41.20;41
2801266253;amur;71.12.20;71
1660356051;tatarstan;49.41;49
7801335724;moscow city;41.10;41
8603188413;khanty-mansijsk;69;69
9203539500;sevastopol;69.10;69
3904607228;kaliningrad;63.11;63
3455055182;volgograd;46.69;46
3525379419;vologda;56.29;56
9724062262;moscow city;41.20;41
5042057270;moscow reg.;68.32.20;68
4007016039;kaluga;41.20;41
6732073311;smolensk;01.11;01
6154080991;rostov;94.90;94
0912005790;karachaevo-chercessia;47.11;47
0300005722;buryatia;42.11;42
6312103901;samara;46.71;46
5077017895;moscow reg.;01.10;01
0572004764;dagestan;01.60;01
2224215912;altai terr.;43.29;43
2901311710;arkhangelsk;62.01;62
2536249160;primorsky terr.;52.29;52
2466167922;krasnoyarsk;71.10;71
3207000771;bryansk;01.19;01
3461061716;volgograd;75;75
7804513816;sankt-petersburg;52.21.24;52
6324031970;samara;86.23;86
3917051450;kaliningrad;73.11;73
7604349510;yaroslavl;45.31;45
2540255455;primorsky terr.;56.10;56
4501170868;kurgan;43.21;43
7814012600;sankt-petersburg;01.19;01
0571010638;dagestan;42.21;42
7708780939;moscow city;71.12.20;71
5800004557;penza;47.73;47
6219009125;ryazan;42.11;42
3257068366;bryansk;43.99.50;43
9203538418;sevastopol;25.62;25
7017114062;tomsk;68.32.20;68
5034066200;kursk;56.10.21;56
5835138671;penza;41.20;41
6659110197;sverdlovsk;94.99;94
5505027451;omsk;73.20.20;73
5836110132;penza;94.20;94
4101085463;kamchatka;70.22;70
5260204037;nizhni novgorod;56.10;56
7326017852;ulyanovsk;42.21;42
3015038394;astrakhan;70.22;70
5503231892;omsk;56.10;56
7903504080;jewish ao;01.13.30;01
7500022911;zabaikalsk terr.;71.12.30;71
6949114002;tver;68.32.10;68
0278149356;bashkortostan;46.90;46
1833044283;udmurtia;49.41;49
5837061583;penza;41.20;41
3019019804;astrakhan;49.41;49
3711046671;ivanovo;42.11;42
5803028443;penza;01.46;01
7612039705;yaroslavl;70.22;70
4345384316;kirov;62.09;62
7715836928;moscow city;81.22;81
0263014109;bashkortostan;70.22;70
2635121107;stavropol;68.32.20;68
3702244349;ivanovo;46.73.60;46
0710005067;kabardino-balkaria;86.23;86
8703010222;chukotka;47.25.10;47
7610058043;yaroslavl;80.10;80
2810004536;amur;43.99;43
9102295286;crimea;46.75;46
7453357756;chelyabinsk;43.34;43
2320201856;krasnodar;46.73;46
6950097320;tver;43.21;43
7727663941;moscow city;56.10;56
7460048808;chelyabinsk;36;36
6234116932;ryazan;25.12;25
3121008458;belgorod;16.10;16
5040167100;moscow reg.;94.12;94
5047235631;moscow reg.;47.21.10;47
7602137125;yaroslavl;73.11;73
7203530870;tyumen;68.10;68
6234080838;ryazan;25.11;25
2901205092;arkhangelsk;70.22;70
2463223583;krasnoyarsk;81.29.10;81
9727044430;moscow city;41.20;41
5249121860;nizhni novgorod;52.29;52
7806297695;leningrad;62.01;62
4101121785;kamchatka;86.21;86
3023019780;astrakhan;62.02;62
3906174192;kaliningrad;01.61;01
5406751960;novosibirsk;69;69
6829163696;tambov;86.90.90;86
1326210037;mordovia;86.23;86
9203537830;sevastopol;62.09;62
5110004582;murmansk;41.20;41
6316271495;samara;46.47;46
5320026078;novgorod;25.12;25
5753071497;oryol;42.99;42
4314001482;kirov;01.13.30;01
3666263720;mordovia;62.02;62
4345424079;kirov;93.29.90;93
5506228591;omsk;71.11;71
1513039735;north ossetia;52.29;52
3704010258;ivanovo;42.21;42
7702428463;moscow city;47.54;47
6316248009;samara;86.23;86
9204574218;sevastopol;93.29;93
8700000547;chukotka;94.11;94
4101173783;kamchatka;45.30;45
1901145229;khakasia;69.10;69
6449047774;saratov;25.10;25
7017203467;tomsk;43.21;43
3016058330;astrakhan;94.12;94
0713001303;kabardino-balkaria;56.10;56
7743366375;moscow city;49.41;49
3801992183;irkutsk;46.42;46
3812535125;irkutsk;47.19;47
5609044719;orenburg;62.01;62
9728061654;moscow city;49.41;49
6621001537;sverdlovsk;68.20.20;68
1657236149;tatarstan;69.10;69
7731286534;moscow city;69.10;69
2508052098;primorsky terr.;86.21;86
2308289300;krasnodar;96.04;96
2631043850;stavropol;20.41;20
1901113058;khakasia;41.20;41
0276935001;bashkortostan;46.73.30;46
5835082154;penza;56.30;56
1101168844;komi;70.22;70
4345117617;kirov;68.32;68
1841080334;udmurtia;69.20.20;69
6732225821;smolensk;46.74.10;46
3700021330;ivanovo;68.20;68
6154131340;rostov;62.09;62
9723195220;moscow city;46.73;46
5190908598;murmansk;45.10;45
1224008008;marij el;42.22;42
0104013195;adygeya;56.10;56
5118005852;murmansk;93.29;93
5410157935;novosibirsk;62.01;62
0400007378;altai rep.;31.01;31
3257045760;bryansk;86.90;86
7017344108;tomsk;73.11;73
2723156300;khabarovsk;70.22;70
0274986314;bashkortostan;68.32.10;68
6143097190;rostov;31.01;31
1503016168;north ossetia;93.29.90;93
2008503916;chechnya;01.50;01
6949106347;tver;43.11;43
9409007330;luhansk;94.99;94
7703778260;bashkortostan;72.19;72
3234047218;bryansk;42.21;42
7802558829;sankt-petersburg;70.22;70
1021505131;karelia;42.11;42
4205145100;kemerovo;73.11;73
1200016144;marij el;47.76.20;47
2721084145;khabarovsk;94.99;94
4400015672;kostroma;69.20.20;69
2700029351;khabarovsk;46.69.50;46
7500005899;zabaikalsk terr.;41.10;41
7203039278;tyumen;01.19;01
2632110837;stavropol;42.22;42
9704065924;moscow city;46.69.10;46
9722004145;moscow city;73.11;73
7524014973;zabaikalsk terr.;42.11;42
5611085247;orenburg;41.20;41
6658539890;sverdlovsk;43.39;43
4509005351;kurgan;70.22;70
9701156700;moscow city;64.99.30;64
5042998340;moscow reg.;94.99;94
3327149004;vladimir;41.20;41
4003009746;kaluga;01.25.10;01
6313130496;samara;68.20;68
1435360392;yakutia;73.11;73
4347023474;kirov;42.21;42
1834045441;udmurtia;94.99;94
3662303073;voronezh;43.29;43
7017493396;tomsk;69.20.20;69
4027135203;kaluga;86.90.90;86
1326225227;mordovia;49.41.10;49
9701229187;moscow city;14.19;14
5905053706;perm;69.20;69
1400008126;yakutia;49.41;49
6829018635;tambov;73.11;73
6950224521;tver;43.21;43
5903156022;perm;73.11;73
3801155107;irkutsk;43.99;43
5835104390;penza;71.11.10;71
7204177030;tyumen;70.22;70
6825001165;tambov;47.11;47
4001011122;kaluga;86.23;86
3442051977;volgograd;47.29.30;47
4217151563;kemerovo;49.41;49
1215191163;marij el;73.11;73
1655400989;tatarstan;42.11;42
5007115803;moscow reg.;46.73;46
9204571626;sevastopol;73.11;73
7506004845;zabaikalsk terr.;01.49.40;01
8706007556;chukotka;94.99.90;94
7724329346;moscow city;77.11;77
7325121040;ulyanovsk;46.46;46
3907030267;kaliningrad;47.71;47
6504006524;sakhalin;01.13.30;01
5405953385;novosibirsk;41.20;41
0278957650;bashkortostan;56.10;56
2724242294;khabarovsk;46.69.50;46
6449087583;saratov;56.10;56
3525409938;vologda;71.12;71
1300010523;mordovia;47.91.20;47
3819011258;irkutsk;69.10;69
6831001389;tambov;94.11;94
6453165918;saratov;73.11;73
4632025984;kursk;70.22;70
6722023544;smolensk;27.90;27
5602024304;orenburg;49.41;49
2700025212;khabarovsk;93.19;93
5015010138;moscow reg.;64.99.30;64
6724008492;smolensk;41.20;41
2902083168;arkhangelsk;63.91;63
5906172713;perm;62.01;62
5433174694;novosibirsk;68.32.20;68
1105025910;komi;47.19;47
7707734263;moscow city;50.30;50
4826009156;lipetzk;68.32.20;68
4025061309;kaluga;80.20;80
7720643625;moscow city;47.11;47
4003014721;kaluga;45.20;45
0278965298;bashkortostan;68.32;68
6800011676;tambov;49.41;49
4219007660;kemerovo;42.99;42
5105091597;murmansk;69;69
6722030608;smolensk;86.23;86
3216000993;bryansk;94.20;94
1020176759;karelia;70.22;70
1001013075;karelia;56.29;56
5836684698;penza;62.01;62
0608062473;ingushetia;71.12.70;71
4312004350;kirov;01.10;01
6320071435;samara;62.01;62
1835062697;udmurtia;68.20.20;68
2225124658;altai terr.;71.11;71
3100012439;belgorod;62.01;62
4221020845;kemerovo;52.21.10;52
4105056696;kamchatka;52.23;52
2902083288;arkhangelsk;45.32;45
8602300870;khanty-mansijsk;46.71;46
3848000300;irkutsk;01.13.10;01
5009120213;moscow reg.;68.32;68
1800007350;udmurtia;68.20;68
3023024860;astrakhan;49.42;49
5752044476;oryol;43.22;43
6228045095;ryazan;68.31.10;68
7811675871;sankt-petersburg;69.10;69
0500019056;dagestan;16.23;16
2801159565;amur;17.23;17
0255024167;bashkortostan;52.29;52
5075369669;moscow reg.;47.25;47
2252004293;altai terr.;10.61;10
3662987793;voronezh;47.42;47
7816601009;sankt-petersburg;26.51.30;26
9304002253;donetsk;68.20;68
6671245151;sverdlovsk;45.20;45
1112006098;komi;47.10;47
1101176370;komi;70.21;70
3528308416;vologda;62.01;62
7309008174;ulyanovsk;01.63;01
8617034572;khanty-mansijsk;02.30;02
3625008070;voronezh;69;69
6732168690;smolensk;68.32.10;68
7814801330;sankt-petersburg;49.41;49
5959000309;perm;41.20;41
0317741551;buryatia;86.23;86
9701252669;moscow city;62.01;62
9002016500;zaporizhzhia;49.41;49
5505068585;omsk;82.11;82
5040119731;moscow reg.;10.10;10
4028045802;kaluga;71.11.10;71
1900005300;khakasia;69.20;69
7204053885;tyumen;47.54;47
0272911874;bashkortostan;43.22;43
5401980067;novosibirsk;86.90.90;86
7714426439;moscow city;46.45.10;46
6684043346;sverdlovsk;46.90;46
0500011297;dagestan;71.11.10;71
2128702127;chuvashia;71.11;71
2502036540;primorsky terr.;01.10;01
0800005696;kalmykia;46.90;46
6685107930;sverdlovsk;46.43.10;46
7717103370;moscow city;68.31.10;68
0573003682;dagestan;45.30;45
2511097701;primorsky terr.;35.30.50;35
5610052337;orenburg;70.22;70
7202096065;tyumen;52.24;52
9108119640;crimea;16.29.10;16
3257038690;bryansk;56.10;56
1658129816;tatarstan;41.20;41
0411175744;altai rep.;42.11;42
8610031004;khanty-mansijsk;45.32;45
7117502069;tula;22.20;22
7816109407;sankt-petersburg;68.32.10;68
1657149672;tatarstan;62.01;62
3666185127;voronezh;86.90.90;86
5040167573;moscow reg.;46.38;46
6417001953;saratov;46.21.11;46
5612176465;orenburg;69.10;69
4716022813;leningrad;94.99;94
3443130389;volgograd;56.10;56
5245031157;nizhni novgorod;49.10;49
2225996401;altai terr.;71.20;71
9718204590;moscow city;41.20;41
0529910730;dagestan;01.60;01
1435153710;yakutia;52.21.24;52
6507011988;sakhalin;56.10.10;56
7602140167;yaroslavl;45.31.10;45
0900009623;karachaevo-chercessia;69.20;69
1106031459;komi;01.13.10;01
2721116943;khabarovsk;46.34;46
4702015245;leningrad;02.10;02
5259138333;nizhni novgorod;62.01;62
1215175179;marij el;69.10;69
1103047450;komi;45.32;45
7743787630;moscow city;93.12;93
7604143597;yaroslavl;52.21.24;52
7730283562;moscow city;43.29;43
5044075605;moscow reg.;68.32.10;68
4345513804;kirov;70.22;70
5609088321;orenburg;43.30;43
9726048030;moscow city;41.20;41
7608034895;yaroslavl;62.09;62
4027134175;kaluga;49.41.10;49
1101156052;komi;56.10;56
7802896169;sankt-petersburg;78.10;78
9303037310;donetsk;69.10;69
5501169649;omsk;69.20;69
5256212204;nizhni novgorod;62.02;62
1511013386;north ossetia;86.23;86
9404007671;luhansk;01.11;01
0274098037;bashkortostan;82.99;82
7816279656;sankt-petersburg;71.10;71
6230067459;ryazan;73.10;73
6008004417;pskov;42.11;42
3905611629;kaliningrad;42.21;42
7453343376;chelyabinsk;41.20;41
7460063700;chelyabinsk;42.11;42
3000010068;astrakhan;93.29.40;93
5751063564;oryol;42.21;42
9109028113;crimea;03.22;03
0608059350;ingushetia;86.23;86
3702244638;ivanovo;46.41;46
0800016553;kalmykia;62.09;62
3702249428;ivanovo;49.41.20;49
7452159656;chelyabinsk;42.11;42
1326184348;mordovia;70.22;70
9731083633;moscow city;70.10.20;70
6450084185;saratov;47.19;47
9724166825;moscow city;46.73.70;46
7106008203;tula;94.99;94
3821010300;irkutsk;73.11;73
2130211221;chuvashia;42.12;42
4703167875;leningrad;86.21;86
3301023864;vladimir;70.22;70
1327034546;mordovia;25.93;25
4401104808;kostroma;73.11;73
1901069440;khakasia;49.41.20;49
3700002457;ivanovo;01.50;01
9002014125;zaporizhzhia;47.11;47
7805819476;sankt-petersburg;79.12;79
4345218809;kirov;41.20;41
3413900601;volgograd;01.11;01
4401133580;kostroma;71.10;71
7807013610;sankt-petersburg;68.32;68
3720000063;ivanovo;01.50;01
2221012382;altai terr.;68.32.20;68
3702186168;ivanovo;70.22;70
2366005798;krasnodar;43.99;43
1001329311;karelia;42.21;42
6446116187;saratov;01.11;01
7224089199;tyumen;86.23;86
4217119337;kemerovo;70.10.20;70
4821010126;lipetzk;68.32.10;68
5507019181;omsk;94.20;94
0722002423;kabardino-balkaria;56.10;56
6316271819;samara;41.20;41
0272916368;bashkortostan;49.42;49
5043054874;moscow reg.;47.99;47
6111984939;moscow city;20.16;20
7728897607;novosibirsk;70.22;70
3812990406;irkutsk;41.20;41
3460080219;volgograd;45.31;45
7726635300;moscow city;56.10;56
7714845133;moscow city;93.19;93
6450090083;saratov;68.32.10;68
6504009966;sakhalin;52.21.24;52
5803020243;penza;68.32.10;68
4250005070;kemerovo;71.10;71
2308131257;chukotka;47.10;47
5402035926;novosibirsk;73.11;73
7302036278;ulyanovsk;70.22;70
3808287021;irkutsk;42.91;42
2725016234;khabarovsk;01.13.30;01
0107011301;adygeya;41.20;41
5904073555;perm;41.20;41
3525352030;vologda;68.20;68
1514010633;north ossetia;68.32.10;68
3702071953;ivanovo;71.12.13;71
1911008800;krasnodar;43.99.40;43
0608064720;ingushetia;94.12;94
7536150970;zabaikalsk terr.;73.11;73
5300003033;novgorod;62.02;62
2366047445;krasnodar;10.51;10
5024171815;moscow reg.;69.10;69
4003012315;kaluga;45.30;45
5038170000;moscow reg.;46.90;46
2704022928;khabarovsk;93.19;93
5402536231;novosibirsk;86;86
4634009353;kursk;93.10;93
4632246510;kursk;70.22;70
6501215382;sakhalin;25.11;25
5040191311;moscow reg.;41.20;41
3102048649;belgorod;42.21;42
5836651879;penza;62.01;62
6950182695;tver;47.52.70;47
2308197191;krasnodar;95.10;95
6910023917;tver;73.11;73
6950168436;tver;42.11;42
4221030956;kemerovo;45.20;45
1831165067;arkhangelsk;73.11;73
4205275187;kemerovo;45.30;45
6950066995;tver;71.10;71
3906367437;kaliningrad;69.10;69
2801254716;amur;73.11;73
9001022902;zaporizhzhia;68.20;68
6829124471;tambov;42.11;42
4100040357;kamchatka;70.22;70
5321205190;novgorod;42.22;42
4501181651;kurgan;25.20;25
6439099325;saratov;86.10;86
6907010266;tver;56.10;56
6312035289;samara;25.73;25
1840119067;udmurtia;41.20;41
7455040659;chelyabinsk;25.11;25
2130219421;chuvashia;42.11;42
0601020636;ingushetia;49.30;49
3016053758;astrakhan;45.31.10;45
2816008110;amur;35.30;35
8604060832;khanty-mansijsk;49.30;49
9710127618;moscow city;70.22;70
3446008718;volgograd;49.39.11;49
4310999767;kirov;94.99;94
2304072392;krasnodar;63.12;63
5190919381;murmansk;68.32;68
6452127645;saratov;86.10;86
1215105333;marij el;68.31.50;68
0277914068;bashkortostan;81.29;81
6684024390;sverdlovsk;70.22;70
2130104798;chuvashia;86.23;86
6323113073;samara;68.32.10;68
9714026385;moscow city;46.74.10;46
5027329955;moscow reg.;53.20;53
3664136396;voronezh;56.10.21;56
3911013546;kaliningrad;46.17;46
7203583329;tyumen;49.32;49
7116009284;tula;52.21.24;52
1900011575;khakasia;25.99.30;25
5017135164;moscow reg.;56.10;56
5835068223;penza;49.31.20;49
0917032483;karachaevo-chercessia;71.12.20;71
9102020468;crimea;94.99;94
0300025912;buryatia;56.10.21;56
5908072104;perm;96.03;96
0917012350;stavropol;46.90;46
3525244281;vologda;68.30;68
0264077461;bashkortostan;42.21;42
9701207088;moscow city;46.90;46
4632187375;kursk;86.23;86
6671257453;sverdlovsk;46.73.60;46
9202502176;sevastopol;01.21;01
2222852747;altai terr.;42.22;42
2315167688;krasnodar;52.29;52
6730006503;smolensk;94.99;94
6319120416;samara;01.70;01
5410776406;novosibirsk;96.04;96
8603095430;khanty-mansijsk;68.32.20;68
5603045138;orenburg;52.10;52
2901140455;arkhangelsk;68.32.10;68
7203576593;tyumen;46.73;46
3802017276;irkutsk;01.70;01
5015012470;moscow reg.;68.32;68
5402515560;novosibirsk;25.10;25
6382103912;samara;47.91;47
6500002783;sakhalin;41.20;41
9703070657;moscow city;62.01;62
9717069404;moscow city;62.01;62
8903035312;yamal-nenets ao;86.23;86
2462211754;khakasia;25.11;25
4703169664;leningrad;49.42;49
3810080867;irkutsk;43.29;43
7536180446;zabaikalsk terr.;49.42;49
6732167320;smolensk;42.11;42
1435353557;yakutia;49.41.20;49
0326026283;buryatia;70.22;70
1215081700;marij el;43.99.70;43
3025999990;astrakhan;94.99;94
2801218250;amur;45.11.10;45
5609176190;orenburg;41.20;41
5407197462;novosibirsk;64.99;64
2722008267;khabarovsk;46.73.60;46
6167137081;rostov;86.21;86
6316143260;samara;41.20;41
4715025378;leningrad;41.20;41
6350019908;samara;68.32;68
7325101886;ulyanovsk;62.01;62
5957018766;perm;10.71.10;10
7716790105;moscow city;45.31.10;45
1514016850;north ossetia;01.13.12;01
2309172263;krasnodar;47.25;47
5432002501;novosibirsk;73.11;73
1001343965;karelia;42.99;42
4028059107;kaluga;20.30;20
7017390129;tomsk;47.30;47
1831081089;udmurtia;62.02;62
2466167295;krasnoyarsk;41.20;41
5401379138;novosibirsk;25.12;25
6455071969;saratov;62.02.90;62
6501088173;sakhalin;52.21.24;52
3702541616;ivanovo;56.30;56
6167208328;rostov;25.99;25
6317131660;samara;56.10.10;56
6625033392;sverdlovsk;46.40;46
3100020969;belgorod;43.21;43
6501114592;sakhalin;86.23;86
3665056922;voronezh;01.70;01
6700009507;smolensk;49.41;49
7500018295;zabaikalsk terr.;45.19;45
0600011484;ingushetia;49.39;49
5071005830;moscow reg.;10.89.40;10
0726008592;kabardino-balkaria;49.30;49
7724415933;moscow city;85.41.90;85
7841087690;sankt-petersburg;68.20;68
5256193752;nizhni novgorod;73.11;73
5422114125;novosibirsk;68.32;68
3906388451;kaliningrad;56.30;56
3912008683;kaliningrad;56.10;56
1611289878;tatarstan;86.21;86
7615000551;yaroslavl;94.99;94
3837003443;irkutsk;41.20;41
2225001470;altai terr.;25.93;25
1101158130;komi;52.21.24;52
4633002517;kursk;86.23;86
6714052887;smolensk;01.11;01
1832096899;udmurtia;46.34;46
7811795745;sankt-petersburg;42.11;42
3652900105;voronezh;68.32.10;68
0268098303;bashkortostan;69.10;69
2128705801;chuvashia;68.32.10;68
3102208444;belgorod;86.23;86
7817043639;sankt-petersburg;22.29.20;22
4706042666;leningrad;49.41;49
2801279284;amur;45.11;45
4501029110;kurgan;52.21.24;52
5262347383;nizhni novgorod;88.99;88
6316116404;samara;69.10;69
1515910309;north ossetia;86.23;86
2466300571;krasnoyarsk;46.69;46
4703138320;leningrad;56.10;56
3902800956;kaliningrad;68.32;68
2810004374;amur;68.32.10;68
4025434430;kaluga;41.20;41
7604373826;yaroslavl;46.69;46
9718098253;moscow city;46.72;46
9201527749;sevastopol;86.90.90;86
2607101042;stavropol;94.20;94
0572002929;dagestan;73.20;73
2204091105;altai terr.;56.10;56
6316283451;samara;41.20;41
2130023500;chuvashia;47.62.20;47
5250074910;nizhni novgorod;49.42;49
5219000071;nizhni novgorod;42.11;42
5260490772;nizhni novgorod;43.31;43
5044050463;moscow reg.;47.10;47
5321170236;novgorod;93.29;93
3205001882;bryansk;41.20;41
5405097582;novosibirsk;71.12.20;71
0700013453;kabardino-balkaria;41.20;41
7709950284;yaroslavl;71.11.10;71
6372016097;samara;80.10;80
1660154288;tatarstan;73.11;73
3808228065;irkutsk;56.10;56
5407976645;novosibirsk;52.29;52
0105081938;adygeya;94.99;94
7726296336;moscow city;86.21;86
5611073146;orenburg;94.99;94
4312156272;kirov;69.10;69
6686098809;sverdlovsk;49.32;49
5117064421;murmansk;01.41;01
7810055145;sankt-petersburg;10.13.10;10
6154129816;rostov;86.21;86
4909115253;magadan;43.20;43
1006012100;karelia;52.10;52
4000016093;kaluga;45.11;45
1661064238;tatarstan;43.99.50;43
3662293080;voronezh;73.11;73
6605000600;sverdlovsk;68.20.20;68
2721239832;khabarovsk;41.20;41
3525343081;vologda;71.12.45;71
3711021726;ivanovo;01.13.10;01
6449086597;saratov;46.37;46
7602134452;yaroslavl;38.22;38
3525193277;vologda;93.19;93
5040160271;moscow reg.;42.11;42
5321203058;novgorod;70.10;70
6950264203;tver;41.20;41
2632088540;stavropol;68.20;68
3461009515;volgograd;63.99.10;63
3812160437;irkutsk;45.20;45
7838510919;sankt-petersburg;26.60.50;26
7729267894;moscow city;86.10;86
6658463143;sverdlovsk;49.40;49
4825126210;lipetzk;46.21;46
7118037262;tula;69.10;69
7325174644;ulyanovsk;70.22;70
1327023590;mordovia;86.90.90;86
0264063765;bashkortostan;26.51;26
0245000054;bashkortostan;47.11.20;47
2700041158;khabarovsk;45.31;45
4501196070;kurgan;69.20.30;69
4633017672;kursk;79.11;79
9408003364;luhansk;52.21.24;52
4401160432;kostroma;73.20;73
5190176457;murmansk;94.99;94
6670360190;sverdlovsk;56.10;56
1500006429;north ossetia;71.12;71
6732211900;smolensk;42.11;42
5405504171;novosibirsk;52.29;52
3305064967;vladimir;69;69
7203514903;tyumen;71.12.20;71
5003151800;moscow reg.;46.76.10;46
9203545775;sevastopol;47.73;47
9108115476;crimea;68.32;68
1002002622;karelia;56.10;56
7840465117;leningrad;69.10;69
4500013171;kurgan;46.51;46
0274090800;bashkortostan;01.13.10;01
1215214220;marij el;49.41.10;49
5017115182;moscow reg.;70.22;70
0105076624;adygeya;69.10;69
6679138634;sverdlovsk;52.29;52
5714005324;oryol;01.10;01
6164303848;rostov;69.20.20;69
0500005896;dagestan;01.42.11;01
4202053517;kemerovo;42.11;42
1513063590;north ossetia;93.12;93
3801145885;irkutsk;25.12;25
7806541270;sankt-petersburg;70.22;70
1616005640;tatarstan;01.50;01
7726605591;moscow city;52.29;52
7616010827;yaroslavl;93.29;93
3025039580;astrakhan;73.11;73
5402073093;novosibirsk;46.31;46
9500015940;kherson;01.21;01
7604099041;yaroslavl;58.11.10;58
6316132710;samara;70.10.10;70
7714490339;moscow city;42.91.20;42
5506235260;omsk;47.91.20;47
7720279616;moscow city;68.32.20;68
7206047855;tyumen;49.31;49
5907021932;perm;20.41;20
1901110226;khakasia;42.11;42
6673218001;sverdlovsk;68.32;68
7802953152;sankt-petersburg;70.22;70
7806616447;sankt-petersburg;46.90;46
2130214825;chuvashia;73.11;73
5916027105;perm;16.21.21;16
7723050045;moscow city;68.32.10;68
2801257393;amur;56.10;56
6168120884;rostov;46.69.90;46
2221260850;altai terr.;41.20;41
5907025180;perm;46.49;46
3304024792;vladimir;25.62;25
3324125774;vladimir;94.99;94
7607025489;yaroslavl;62.01;62
5446116080;novosibirsk;56.10;56
2983013399;nenets ao;47.19;47
7017433157;tomsk;86.21;86
5507089132;omsk;41.20;41
4632302194;kursk;94.99;94
4431001038;kostroma;52.21.24;52
3631008952;voronezh;25.99;25
6501270898;sakhalin;68.20;68
9309010032;donetsk;86.23;86
3123150971;belgorod;70.10;70
3025003697;astrakhan;42.91.40;42
3849016567;irkutsk;46.74;46
4909115581;magadan;45.31.10;45
1435135439;yakutia;70.22;70
7709675951;moscow city;71.12.50;71
6164246974;rostov;46.43.10;46
2626037890;stavropol;73.11;73
3611004935;voronezh;42.21;42
2825009745;amur;47.25.11;47
3906298085;kaliningrad;86.90.90;86
3906026959;kaliningrad;94.99;94
0600004938;ingushetia;47.30;47
4205255350;kemerovo;47.52;47
8903029703;yamal-nenets ao;52.21.24;52
4252003455;kemerovo;69;69
9102288433;crimea;56.10;56
6658385880;sverdlovsk;73.11;73
4501226976;kurgan;42.21;42
3801160604;irkutsk;55.20;55
6730042974;smolensk;56.10;56
3123459463;belgorod;46.49;46
5834057490;penza;52.21.24;52
7500011959;zabaikalsk terr.;47.52.10;47
3811124475;irkutsk;94.99;94
2112000186;chuvashia;56.10.10;56
4100044707;kamchatka;52.10;52
1001343468;karelia;56.10;56
7806123441;sankt-petersburg;62.03.13;62
5190909224;murmansk;49.40;49
5803031340;penza;43.21;43
2801023148;amur;46.77;46
2631053008;stavropol;62.01;62
3666096533;voronezh;79.11;79
7325128038;ulyanovsk;46.21.11;46
4909104131;magadan;68.32.10;68
2808021358;amur;56.30;56
5905007883;perm;68.20;68
5048032391;moscow reg.;63.11.10;63
1903020049;khakasia;94.99;94
7453275253;chelyabinsk;93.19;93
7840034488;moscow city;68.32;68
1835059285;udmurtia;01.50;01
7126019330;tula;71.10;71
4632293863;kursk;70.22;70
4404003607;kostroma;47.50;47
3528175565;vologda;68.32.10;68
2311205565;krasnodar;69.10;69
7456039208;chelyabinsk;68.20;68
7325131880;ulyanovsk;70.22;70
5321205111;novgorod;49.41;49
6319180969;samara;46.69.50;46
0300021918;buryatia;42.11;42
2503022950;primorsky terr.;52.21.24;52
1101009844;komi;41.20;41
5032093254;moscow reg.;68.32.20;68
1840076102;udmurtia;86.90;86
2224097151;altai terr.;68.20;68
7709911454;moscow city;70.22;70
2310228182;krasnodar;25.11;25
5519009491;omsk;47.73;47
7014039402;tomsk;01.11.10;01
5024228067;moscow reg.;70.10.20;70
3661078932;voronezh;52.21;52
1203002527;marij el;01.13.10;01
4501198535;kurgan;62.09;62
1657255590;tatarstan;45.11;45
0274937331;bashkortostan;41.20;41
9718265930;moscow city;46.73;46
1513078928;north ossetia;42.11;42
9718231441;moscow city;77.32;77
2223624052;altai terr.;46.39.10;46
4826127181;lipetzk;71.20.90;71
5118000117;murmansk;56.10;56
9703057504;moscow city;18.11;18
6500015430;sakhalin;43.22;43
7716850509;moscow city;96.01;96
6154154763;rostov;25.11;25
2124038392;chuvashia;68.32;68
5501090572;omsk;70.22;70
0813004178;kalmykia;71.12.41;71
7813647118;sankt-petersburg;68.20;68
0300009830;buryatia;46.73.20;46
5610225220;orenburg;46.72;46
6312216694;samara;45.11;45
4029066890;kaluga;25.11;25
2466286091;krasnoyarsk;69.10;69
4501223647;kurgan;46.21;46
1700004450;tuva;43.99;43
7734626443;moscow city;46.46;46
9302007070;donetsk;93.12;93
6452115512;saratov;71.10;71
9724152935;mordovia;62.01;62
2813010680;amur;93.11;93
6315626152;samara;69.10;69
5447107458;novosibirsk;49.41;49
7707376635;moscow city;77.11;77
4617006070;kursk;45.20;45
4826088983;lipetzk;69.10;69
5751012143;oryol;68.32.20;68
4217080979;kemerovo;41.20;41
5921036641;perm;25.11;25
6686001662;sverdlovsk;47.80;47
4522007894;kurgan;01.11.10;01
0265035922;bashkortostan;71.11.10;71
7716768477;moscow city;62.01;62
2801284284;amur;47.52;47
5754027148;oryol;68.32;68
2635258310;stavropol;49.41;49
1004004618;karelia;86.90.90;86
4205321860;kemerovo;42.99;42
7734147049;moscow city;68.20;68
6452143118;saratov;73.11;73
5037043970;moscow reg.;68.20.20;68
7017323394;tomsk;49.41;49
5528051845;omsk;46.21;46
9201529873;sevastopol;55.30;55
4900010270;magadan;94.99;94
9410009155;luhansk;94.2;94
4205409592;kemerovo;56.29;56
7203381717;tyumen;42.21;42
4025455712;kaluga;73.11;73
5610058191;orenburg;41.20;41
6324093951;samara;27.40;27
1435132340;yakutia;42.11;42
3123474528;belgorod;42.21;42
2508147127;primorsky terr.;93.19;93
6831023801;tambov;94.99;94
9110031417;crimea;62.02;62
5256182550;nizhni novgorod;73.11;73
0920001982;karachaevo-chercessia;01.24;01
9201520912;sevastopol;86.23;86
2724155193;khabarovsk;25.11;25
3907013857;kaliningrad;52.22;52
0306216906;buryatia;43.21;43
4205421783;kemerovo;62.01;62
7460062753;chelyabinsk;94.99;94
9308026953;donetsk;45.20;45
7716959030;moscow city;46.74;46
9703135576;moscow city;72.19;72
2014033835;chechnya;43.29;43
2308278034;krasnodar;46.90;46
7602154755;yaroslavl;46.73;46
6450103504;saratov;70.22;70
5528208292;omsk;71.11.10;71
4101184922;kamchatka;46.38;46
5049019474;moscow reg.;86.23;86
9201526760;sevastopol;71.12.12;71
0268079491;bashkortostan;46.73;46
2801137829;amur;49.41;49
2508083064;primorsky terr.;86.23;86
3507314909;vologda;93.11;93
8602174640;khanty-mansijsk;25.20;25
8619016515;khanty-mansijsk;42.11;42
3702241122;ivanovo;01.11;01
4632269099;kursk;46.73;46
1832083988;udmurtia;41.20;41
5257157972;nizhni novgorod;66.21;66
0918002763;karachaevo-chercessia;45.32;45
2463123405;krasnoyarsk;73.20;73
2721132695;khabarovsk;69;69
0261015629;bashkortostan;86.23;86
0532003718;dagestan;01.10;01
6685099214;sverdlovsk;62.01;62
7714401949;moscow city;85.23;85
5752079084;oryol;43.22;43
8602260466;khanty-mansijsk;56.10;56
9500000333;kherson;68.10;68
2543173105;primorsky terr.;93.29;93
6162083869;rostov;94.99;94
4345374068;kirov;70.22;70
7811775266;sankt-petersburg;25.61;25
3250525895;bryansk;49.40;49
7840056516;sankt-petersburg;47.91;47
7453990951;chelyabinsk;70.22;70
0902038771;krasnodar;41.20;41
5009092728;moscow reg.;52.29;52
9702052398;moscow city;46.90;46
2902089427;arkhangelsk;25.99;25
2460217694;krasnoyarsk;69.10;69
5244007962;nizhni novgorod;94.99;94
6455034276;saratov;68.30;68
9200002178;sevastopol;47.11;47
1216009350;marij el;56.30;56
3017053302;astrakhan;71.12.45;71
6320057906;samara;52.29;52
1200012943;marij el;73.11;73
7453314569;chelyabinsk;68.20;68
7719777600;moscow city;43.22;43
2508005690;primorsky terr.;68.20.20;68
5257084675;nizhni novgorod;86.23;86
3304014321;vladimir;86.21;86
9309020930;donetsk;25.11;25
5800002246;penza;73.11;73
7805594840;sankt-petersburg;41.20;41
6679158503;sverdlovsk;46.90;46
3015116451;astrakhan;52.29;52
4101155216;kamchatka;70.22;70
6316073454;samara;52.23.11;52
4510022217;kurgan;73.20.10;73
0274102935;bashkortostan;73.11;73
7524188306;zabaikalsk terr.;68.32;68
2721025566;khabarovsk;71.12.41;71
5018217860;moscow reg.;47.91;47
3525398080;vologda;71.20.50;71
6453087466;saratov;47.10;47
1657267637;tatarstan;41.20;41
6631008429;sverdlovsk;02.20;02
0406004790;altai rep.;47.11.20;47
1102075078;komi;41.20;41
7728368201;moscow city;46.90;46
3810083988;irkutsk;93.21;93
1800020262;udmurtia;62.01;62
7733415390;moscow city;69.20;69
4217155166;kemerovo;68.31.50;68
0570004198;dagestan;94.99;94
0800000715;kalmykia;49.41;49
9309019483;donetsk;93.19;93
9303027985;donetsk;46.90;46
3102050302;belgorod;52.21.24;52
3702515493;ivanovo;42.11;42
5610239575;orenburg;45.20.10;45
4100044440;kamchatka;01.28;01
5190040103;murmansk;43.21;43
9715302038;moscow city;45.31;45
5031137974;moscow reg.;49.32;49
1808204705;udmurtia;58.11.10;58
5029273095;moscow reg.;69.20.20;69
9403021232;luhansk;86.23;86
6509022304;sakhalin;68.32.10;68
7203557671;tyumen;41.20;41
7811246907;sankt-petersburg;70.22;70
1400024618;yakutia;42.11;42
3443933675;volgograd;56.10;56
5024150639;moscow reg.;47.71;47
0411146976;altai rep.;52.21.24;52
2901191812;arkhangelsk;49.30;49
0400019239;altai rep.;46.21;46
2116003205;chuvashia;68.32.20;68
2645006738;stavropol;01.11;01
7805020370;sankt-petersburg;43.21;43
4341008920;kirov;52.21.24;52
3435143560;volgograd;62.02;62
2209038641;altai terr.;94.99;94
1001113175;karelia;94.20;94
4401157486;kostroma;69.10;69
1001352078;karelia;43.99;43
9310013951;donetsk;01.19;01
6905056515;tver;45.20.10;45
2537091905;primorsky terr.;71.12.40;71
2700039350;khabarovsk;68.20;68
9721207103;moscow city;73.11;73
9201516384;sevastopol;25.99;25
5836898072;penza;46.73;46
9001029760;zaporizhzhia;47.25.10;47
4345374170;kirov;43.21;43
4510032286;kurgan;49.41;49
2901262125;arkhangelsk;62.01;62
3460065316;volgograd;70.22;70
7805747447;sankt-petersburg;01.11;01
1327036286;mordovia;22.29;22
6027175087;pskov;25.12;25
2801166788;amur;47.25.12;47
7842486881;sankt-petersburg;62.01;62
4632193837;kursk;46.69;46
6829090328;tambov;69;69
4345010470;kirov;68.20.20;68
6829083955;tambov;41.20;41
6612058400;sverdlovsk;25.11;25
1513072323;north ossetia;47.29.11;47
3255061630;bryansk;93.19;93
6800003393;tambov;49.41;49
7118507800;tula;33.12;33
7814355559;sankt-petersburg;62.01;62
7405001333;chelyabinsk;25.11;25
6829082278;tambov;68.31.10;68
7703415308;moscow city;63.11;63
3663160075;voronezh;47.76;47
7203499589;tyumen;46.69.50;46
2312286060;krasnodar;46.49;46
9402015282;luhansk;41.20;41
7536155785;zabaikalsk terr.;42.11;42
0100007835;adygeya;62.09;62
4823051632;lipetzk;46.73;46
7024027237;tomsk;56.10;56
2301033290;krasnodar;43.99;43
0700009231;kabardino-balkaria;43.99.50;43
1674009227;tatarstan;25.62;25
8903017553;yamal-nenets ao;47.25;47
5018146842;moscow reg.;71.11;71
2363002326;krasnodar;49.41;49
9303004272;donetsk;68.20;68
7203551165;tyumen;47.91;47
5029277741;moscow reg.;46.73;46
7706732055;moscow city;47.73;47
6313004043;samara;47.10;47
2312271306;krasnodar;43.99.90;43
3804115166;irkutsk;56.10;56
1001353674;karelia;56.30;56
6670279976;sverdlovsk;01.50;01
7019014793;tomsk;94.20;94
5321801530;novgorod;69.10;69
1661055970;tatarstan;42.21;42
1683002860;tatarstan;42.21;42
7205032856;tyumen;93.19;93
2363000689;krasnodar;46.49.30;46
7804351202;sankt-petersburg;25.61;25
5105015003;murmansk;68.20;68
6732233036;smolensk;77.40;77
3604019000;voronezh;46.74;46
3904093220;kaliningrad;43.22;43
6670517042;sverdlovsk;16.24;16
6670452613;sverdlovsk;41.20;41
7000001896;tomsk;25.61;25
2635235979;stavropol;25.21;25
0916004797;karachaevo-chercessia;01.47;01
4401016661;kostroma;41.20;41
1700008575;tuva;46.39;46
7513007163;zabaikalsk terr.;46.31;46
4705108258;leningrad;43.22;43
1326037777;mordovia;62.09;62
0309011985;buryatia;49.31.20;49
1901126071;khakasia;73.11;73
1831138169;udmurtia;46.60;46
3808285088;irkutsk;49.42;49
0105003143;adygeya;56.10;56
7451384000;chelyabinsk;46.69;46
2724209709;khabarovsk;73.11;73
4209005086;kemerovo;47.19;47
5905951604;perm;09.10.90;09
7619005060;yaroslavl;43.22;43
7203506067;tyumen;86.23;86
3703025477;ivanovo;43.22;43
2012011233;chechnya;43.29;43
7017433037;tomsk;93.13;93
6316017964;samara;68.10;68
7451009601;chelyabinsk;46.69.30;46
6000007198;pskov;93.12;93
7309904639;ulyanovsk;71.12.41;71
6679106865;sverdlovsk;43.21;43
3702113716;ivanovo;71.20.50;71
6670420724;sverdlovsk;52.29;52
1832163714;udmurtia;49.41;49
7714077682;moscow city;30.30.30;30
6676006358;sverdlovsk;93.29;93
2466183988;krasnoyarsk;49.41.10;49
2311361324;krasnodar;94.99;94
2703077890;khabarovsk;41.20;41
2631029358;stavropol;71.11;71
5751051865;oryol;71.12.20;71
6501199483;sakhalin;56.10;56
7743432370;moscow city;49.41;49
3123487005;belgorod;52.10;52
5249020050;nizhni novgorod;62.09;62
3015080163;astrakhan;94.99;94
6320053010;samara;43.29;43
7329036846;ulyanovsk;45.31.10;45
9203543471;sevastopol;42.11;42
1829014977;udmurtia;52.21.24;52
7500005017;zabaikalsk terr.;42.11;42
1837022227;udmurtia;41.20;41
0309993114;buryatia;94.99;94
2801258767;amur;42.11;42
6200000760;ryazan;45.31.10;45
5906172262;perm;47.25.10;47
3629999030;voronezh;69;69
7328063325;ulyanovsk;73.11;73
4720009269;leningrad;93.11;93
9500015812;kherson;68.20;68
9102235350;crimea;46.31;46
2465263327;krasnoyarsk;62.09;62
7722320429;moscow city;46.66;46
0901021729;karachaevo-chercessia;45.20;45
9109003567;crimea;25.11;25
6682014205;sverdlovsk;42.21;42
5834120061;penza;46.72;46
1841067284;udmurtia;69.10;69
0224953722;bashkortostan;73.11;73
5501132261;omsk;73.11;73
5957010527;perm;01.11.10;01
7500005634;zabaikalsk terr.;42.21;42
7816523417;sankt-petersburg;32.90;32
0267025013;bashkortostan;94.99.30;94
0573010841;dagestan;86.10;86
5300005457;novgorod;62.02;62
5506176216;omsk;25.11;25
7713040104;moscow city;69.10;69
7733587167;moscow city;70.22;70
6732024770;smolensk;71.20;71
0400015241;altai rep.;93.12;93
2315223477;krasnodar;52.29;52
2712013959;khabarovsk;01.13.10;01
4349003402;kirov;52.21.24;52
2525001801;primorsky terr.;68.32.10;68
4501198415;kurgan;46.49.49;46
6617028840;sverdlovsk;07.29.41;07
5018210150;vladimir;56.10;56
6000008258;pskov;69.20;69
5257215649;nizhni novgorod;93.19;93
5753065831;oryol;42.11;42
7606120845;yaroslavl;45.20;45
3917020998;kaliningrad;96;96
6831022371;tambov;68.32.10;68
5753074970;oryol;70.10;70
2352000976;krasnodar;94.99;94
5073001171;moscow reg.;68.32.20;68
7536129986;zabaikalsk terr.;52.24;52
2626802741;stavropol;25.11;25
3126010637;belgorod;94.99;94
7536188815;zabaikalsk terr.;71.12.30;71
5646011278;orenburg;01.61;01
1686037187;tatarstan;85.42.90;85
7728499050;moscow city;56.10;56
6509020346;sakhalin;93.10;93
1326250960;mordovia;93.19;93
0917031031;karachaevo-chercessia;68.32.30;68
5829042192;penza;46.61.10;46
3022001050;astrakhan;71.20.90;71
3328002734;vladimir;71.20;71
6829011608;tambov;73.11;73
4501213310;kurgan;45.19;45
7017487681;tomsk;41.20;41
7814773122;sankt-petersburg;41.20;41
2460112998;krasnoyarsk;41.20;41
6321349098;samara;49.41;49
4025451926;kaluga;70.22;70
7703809662;moscow city;81.30;81
5022557323;moscow reg.;86.23;86
9203003010;sevastopol;68.32;68
2224213489;altai terr.;25.61;25
1840068020;udmurtia;86.10;86
3128142526;belgorod;93.19;93
8902999610;yamal-nenets ao;94.99;94
7811136862;sankt-petersburg;69.20.10;69
9721192810;moscow city;46.90;46
2901229671;arkhangelsk;69.10;69
2901096118;arkhangelsk;73.11;73
4100020537;kamchatka;47.59.20;47
3327854292;vladimir;62.01;62
5226012215;nizhni novgorod;01.41;01
2001002364;chechnya;52.29;52
7810927822;sankt-petersburg;81.10;81
4029041751;kaluga;68.32;68
0326507090;buryatia;69.10;69
5260402310;nizhni novgorod;70.10.20;70
9110028380;crimea;62.01;62
3201004508;bryansk;68.32.10;68
9725120728;moscow city;47.91;47
6229001862;ryazan;71.11.10;71
3906400035;kaliningrad;43.21;43
9709055750;moscow city;47.91.20;47
5611036137;orenburg;47.11;47
7329031887;ulyanovsk;56.10;56
3849069618;irkutsk;73.11;73
0274968900;bashkortostan;62.01;62
7100033549;tula;62.01;62
9101001663;crimea;69.10;69
3317016252;vladimir;86.90;86
5528032698;omsk;52.29;52
9311009690;donetsk;86.21;86
5834128416;penza;71.12;71
2905014733;arkhangelsk;43.21;43
3664251102;voronezh;41.20;41
9719021510;moscow city;43.21;43
5243036294;nizhni novgorod;71.10;71
3304024506;vladimir;47.52.20;47
7801045648;sankt-petersburg;68.32.10;68
9704234160;moscow city;74.10;74
7819319508;sankt-petersburg;41.20;41
6700014754;smolensk;47.91;47
2700032308;khabarovsk;73.11;73
3204005718;bryansk;31.09;31
5406760509;novosibirsk;46.73.60;46
3441018938;volgograd;86.21;86
0278187009;bashkortostan;43.22;43
7728713458;moscow reg.;46.38.20;46
0602078981;ingushetia;93.19;93
3849031357;irkutsk;63.11.10;63
6723011823;smolensk;71.12.40;71
5836647449;penza;46.46;46
3702218444;ivanovo;46.41;46
3000013728;astrakhan;01.50;01
7025006751;tomsk;49.20;49
4345086817;kirov;49.40;49
7839110504;sankt-petersburg;62.01;62
1300013901;mordovia;86.23;86
9102187869;crimea;45.30;45
9309010755;donetsk;42.21;42
1103013194;komi;41.20;41
5609094371;orenburg;46.61.10;46
4909116176;magadan;41.20;41
1513045930;north ossetia;52.10;52
5835137491;penza;86.90;86
6950255329;tver;93.11;93
5835135945;penza;42.99;42
7724602330;moscow city;46.48.20;46
2724241100;khabarovsk;07.29.41;07
3816027531;irkutsk;64.99.60;64
5905994710;perm;94.99;94
5031111327;moscow reg.;68.32.20;68
3906264713;kaliningrad;93.29.90;93
9303037711;donetsk;71.12.20;71
7735209160;moscow city;86.90.30;86
5610138111;orenburg;73.20.20;73
5609189577;orenburg;01.11;01
9304015904;donetsk;01.11;01
6450109993;saratov;64.99;64
7415009155;chelyabinsk;33.20;33
0276940876;bashkortostan;93.19;93
9715357125;moscow city;94.99;94
1001309072;karelia;25.50;25
6501078626;sakhalin;94.99;94
2315988814;krasnodar;01.61;01
2801235015;amur;93.19;93
1831152565;udmurtia;71.10;71
5614031056;orenburg;52.21.24;52
0813006506;kalmykia;43.22;43
9728117642;moscow city;41.20;41
6234200503;ryazan;62.01;62
3457005028;volgograd;81.29.90;81
9726076790;moscow city;46.90;46
7604246553;yaroslavl;46.73;46
5405457813;novosibirsk;46.37;46
0608006060;ingushetia;71.20.61;71
0258954386;bashkortostan;47.19.10;47
2536315479;primorsky terr.;45.31;45
4205210782;kemerovo;47.78.90;47
7000010749;tomsk;72.19;72
7751283605;moscow city;47.11.10;47
5032025310;moscow reg.;01.13.10;01
2502062212;moscow city;52.10.90;52
5007088081;moscow reg.;43.22;43
4909908647;magadan;68.32.10;68
7720663808;moscow city;73.10;73
3460083562;volgograd;46.75.10;46
6164226801;rostov;71.10;71
7814832353;sankt-petersburg;46.69.50;46
0544020370;dagestan;43.99.40;43
9103067250;crimea;68.32;68
2465341800;krasnoyarsk;68.31;68
2366006142;krasnodar;49.41;49
3711047107;ivanovo;01.13.10;01
3663049743;voronezh;45.20;45
4028990429;kaluga;94.99;94
8603217294;khanty-mansijsk;69.10;69
1327027926;mordovia;73.11;73
9717015991;moscow city;68.31;68
7734521850;moscow city;56.10;56
0326039035;buryatia;52.21.24;52
7806136458;sankt-petersburg;25.61;25
4909080160;magadan;45.30;45
6501210024;sakhalin;69;69
5190901923;murmansk;73.11;73
7302021377;ulyanovsk;52.21.24;52
5007114535;moscow reg.;68.10;68
5507297580;omsk;49.41;49
9204011110;sevastopol;56.30;56
2208048630;altai terr.;52.21.24;52
3917030259;kaliningrad;01.41;01
0548112670;dagestan;69.10;69
1828015880;udmurtia;73.11;73
3325001362;vladimir;01.61;01
7813247984;sankt-petersburg;46.73;46
2902081989;arkhangelsk;46.36;46
7004005563;tomsk;47.19;47
1500012937;north ossetia;42.21;42
4706057133;leningrad;47.91.10;47
1650103421;tatarstan;47.73;47
4909130950;magadan;47.77;47
7602157989;yaroslavl;45.32;45
9728030889;moscow city;72.11;72
4345340894;kirov;46.61;46
5638078367;orenburg;45.32;45
2461216206;krasnoyarsk;56.29.20;56
5321175756;novgorod;56.29;56
7840290058;sankt-petersburg;85.42;85
2130124160;chuvashia;69.10;69
9704149229;moscow city;45.31;45
2312261474;krasnodar;62.09;62
7017403610;tomsk;70.22;70
9111031258;crimea;01.21;01
2124038459;tatarstan;71.10;71
9102276205;crimea;25.11;25
0917035780;karachaevo-chercessia;46.32;46
4337000615;kirov;01.11.10;01
5514005415;omsk;71.20;71
5321197510;novgorod;25.62;25
0533013148;dagestan;01.50;01
1326216230;mordovia;86.23;86
7806609866;sankt-petersburg;46.72;46
7810986190;sankt-petersburg;46.90;46
7804681440;sankt-petersburg;96.03;96
2712006567;khabarovsk;47.25;47
1828026419;udmurtia;69.10;69
2721126483;khabarovsk;47.11;47
5261132610;nizhni novgorod;81.10;81
9728124008;moscow city;46.73;46
6321296953;samara;25.61;25
7438030210;chelyabinsk;42.21;42
7448236114;chelyabinsk;45.31;45
6678047166;sverdlovsk;46.73;46
2901299284;arkhangelsk;68.31;68
5638067380;orenburg;46.90;46
4823077126;lipetzk;46.69;46
5258111071;nizhni novgorod;13.99.10;13
3702230385;ivanovo;46.42.10;46
3257085851;bryansk;42.11;42
9704222126;moscow city;93.13;93
2334023875;krasnodar;42.11;42
2312303340;krasnodar;43.21;43
7130013885;tula;71.12.90;71
6952032261;tver;13.10.60;13
7725268720;moscow city;62.02;62
7017234264;tomsk;52.10;52
6714022441;smolensk;01.13;01
9715283603;moscow city;49.41;49
1500011274;north ossetia;41.20;41
6163107449;rostov;49.40;49
3662007356;voronezh;11.07.10;11
7810193233;sankt-petersburg;88.10;88
3257015847;bryansk;69.10;69
6800011482;tambov;52.10;52
1684021826;tatarstan;41.20;41
4230028030;kemerovo;46.33.10;46
6317078670;samara;42.21;42
1435349656;yakutia;93.12;93
9200002354;sevastopol;62.02;62
3327146444;vladimir;46.35;46
7722486914;moscow city;46.39.10;46
8601069812;khanty-mansijsk;41.20;41
4007008253;kaluga;70.22;70
6732229618;smolensk;69.10;69
5904150094;perm;52.21.24;52
7839065587;sankt-petersburg;47.71;47
7901001517;jewish ao;68.20.20;68
7104516184;tula;62.01;62
5402544835;novosibirsk;46.40;46
3019006940;astrakhan;46.30;46
2722102453;khabarovsk;69.20;69
1833034172;udmurtia;47.50;47
4632192632;kursk;43.22;43
1435290610;yakutia;70.22;70
2308240048;krasnodar;86.10;86
7017335840;tomsk;69.20.20;69
6002009680;pskov;70.22;70
6229019250;ryazan;52.21.24;52
0600004310;ingushetia;86.22;86
7107131270;tula;56.10.10;56
4345225316;kirov;43.22;43
7203396230;tyumen;41.20;41
7402006816;chelyabinsk;52.21.22;52
5321039922;novgorod;94.99;94
2222867790;altai terr.;27.33;27
1646020243;tatarstan;68.32.10;68
1840118345;udmurtia;52.29;52
7716109611;moscow city;43.99;43
2366024871;krasnodar;46.51;46
8901024241;yamal-nenets ao;71.12.20;71
7807392831;sankt-petersburg;47.11;47
6732077161;smolensk;46.34;46
1658249944;tatarstan;70.22;70
2312045787;krasnodar;68.32.10;68
2901307746;arkhangelsk;25.11;25
0326503874;buryatia;52.21.24;52
0725015445;kabardino-balkaria;41.20;41
2635823917;stavropol;52.29;52
0515016072;dagestan;49.41;49
4823075979;lipetzk;56.10;56
6500008640;sakhalin;73.11;73
5047232856;moscow reg.;86.23;86
7714759205;moscow city;46.19;46
9106018131;crimea;94.99;94
2722130588;khabarovsk;72.19;72
4632266002;kursk;73.11;73
3702178424;ivanovo;45.31;45
7814766044;sankt-petersburg;73.11;73
5636021950;orenburg;69.20;69
5904385385;perm;69.20;69
6501283079;sakhalin;71.11.10;71
6952008269;tver;42.11;42
5700006913;oryol;56.10;56
3435117521;volgograd;33.12;33
5501193881;omsk;25.11;25
5407043222;novosibirsk;52.29;52
5433970921;novosibirsk;22.23;22
4501167054;kurgan;52.21.24;52
0721005990;kabardino-balkaria;42.21;42
3517804243;vologda;73.11;73
2635830752;chechnya;52.29;52
6167204154;rostov;41.20;41
5403028110;novosibirsk;68.20.20;68
5506153917;omsk;46.90;46
5029239979;moscow reg.;86.90.90;86
6950004501;tver;73.11;73
1400026277;yakutia;69.10;69
0901040792;karachaevo-chercessia;52.21.24;52
7300034733;ulyanovsk;49.41;49
7203507455;tyumen;56.10;56
4501227024;kurgan;45.11.39;45
9309001084;donetsk;45.31;45
7536102462;zabaikalsk terr.;62.09;62
5190082294;murmansk;73.11;73
3200004791;bryansk;71.12;71
4345513730;kirov;43.34;43
0700008774;kabardino-balkaria;69.10;69
4632230574;kursk;46.73;46
7705966780;tula;68.32.10;68
1101500675;komi;93.10;93
1001086676;karelia;25.99.29;25
1001260194;karelia;43.30;43
7727425489;moscow city;46.43;46
2315235673;krasnodar;10.11;10
7810964285;sankt-petersburg;36;36
7721402862;moscow city;45.31.10;45
1501016500;north ossetia;47.25;47
6685204589;sverdlovsk;56.10;56
6501256325;sakhalin;56.29;56
5829041470;penza;69.20.10;69
7453307579;chelyabinsk;46.73.60;46
3665825600;voronezh;41.20;41
2130009872;chuvashia;41.20;41
3208003285;bryansk;56.10;56
5611059342;amur;62.09;62
7500017206;zabaikalsk terr.;73.11;73
7017471191;tomsk;56.10;56
2465182822;krasnoyarsk;86.10;86
5907037403;perm;47.30;47
1001258854;karelia;69;69
7751034246;moscow city;93.19;93
0326599710;buryatia;73.20;73
7325110760;ulyanovsk;68.30;68
7444035424;chelyabinsk;47.30;47
5959006759;perm;01.16;01
3453000822;volgograd;01.11.10;01
6230114885;ryazan;52.29;52
2610020957;stavropol;86.90.40;86
4826074469;lipetzk;73.11;73
7841021393;sankt-petersburg;63.11.10;63
7602149226;yaroslavl;49.42;49
2636218302;stavropol;94.12;94
3661045408;voronezh;46.40;46
6316173297;samara;71.10;71
0900007062;karachaevo-chercessia;90.01;90
6231055382;ryazan;70.22;70
6234190566;ryazan;46.65;46
3015062809;astrakhan;86.23;86
1102083424;komi;93.19;93
7804545102;sankt-petersburg;73.11;73
7202128503;tyumen;68.32.10;68
2511115020;primorsky terr.;52.21.24;52
0105041244;adygeya;52.21.24;52
4824094244;lipetzk;46.69.80;46
7709441400;moscow city;94.99;94
2801197240;amur;25.11;25
6439097180;saratov;41.20;41
7842126222;sankt-petersburg;22.23;22
5700003976;oryol;94.99;94
2536166812;primorsky terr.;73.11;73
2538087362;primorsky terr.;52.24;52
5321172890;novgorod;68.10.22;68
5829004422;penza;42.11;42
6628016645;sverdlovsk;68.32;68
6324079700;samara;73.11;73
3000016197;astrakhan;42.99;42
5501182618;omsk;49.41;49
2816009548;amur;41.20;41
8603128365;khanty-mansijsk;56.10;56
5257021121;nizhni novgorod;42.21;42
7719290950;moscow city;64.99;64
1215101459;marij el;01.50;01
3904048650;kaliningrad;69.20.10;69
2901188104;arkhangelsk;41.20;41
3200001960;bryansk;45.19;45
7814770971;sankt-petersburg;47.78.40;47
7203359380;tyumen;73.11;73
5609011777;orenburg;68.20.20;68
6901063230;tver;86.23;86
3816033990;irkutsk;94.99;94
6632025314;sverdlovsk;52.21.24;52
3906955848;kaliningrad;64.99;64
7725616671;moscow city;46.63;46
7716245847;moscow city;46.73.60;46
7733383340;moscow city;47.52.70;47
6829018177;tambov;62.02;62
0326519916;buryatia;25.99.29;25
7722357228;perm;71.12.20;71
6833022539;tambov;93.11;93
5753051099;oryol;73.10;73
2465055888;krasnoyarsk;68.32.10;68
5256127990;nizhni novgorod;41.20;41
9704212657;moscow city;41.10;41
8610029372;khanty-mansijsk;49.41;49
9102007925;crimea;45.11.20;45
2540272098;primorsky terr.;46.71;46
0711056949;kabardino-balkaria;93.19;93
0800018381;kalmykia;46.62;46
3441038050;volgograd;94.99;94
6163231693;rostov;71.11;71
9500022520;kherson;68.31;68
5024245295;moscow reg.;93.13;93
1215234603;marij el;93.21;93
1207014481;marij el;45.20;45
9204012917;sevastopol;70.10.10;70
9403001123;luhansk;68.20;68
1833047171;udmurtia;46.40;46
7900006022;jewish ao;43.99;43
0326576336;buryatia;41.20;41
7802877381;sankt-petersburg;71.12.53;71
1101133369;komi;43.29;43
4101129054;kamchatka;45.20.10;45
0725000819;kabardino-balkaria;68.32;68
5190089282;murmansk;86.10;86
0700013358;kabardino-balkaria;93.11;93
0701009280;kabardino-balkaria;56.10;56
6321054136;samara;62.09;62
5249110603;nizhni novgorod;70.22;70
2100020910;chuvashia;94.99;94
3300008310;vladimir;94.99.40;94
7451378415;chelyabinsk;43.21;43
1513010704;north ossetia;94.99;94
9102274984;crimea;62.09;62
1400019640;yakutia;93.11;93
4825141779;lipetzk;56.29;56
2537143423;primorsky terr.;71.12.20;71
1001275578;karelia;69.20;69
6311000131;samara;47.73;47
6234118305;ryazan;41.20;41
4400010699;kostroma;20.41;20
6658573474;sverdlovsk;46.13;46
7838060956;sankt-petersburg;68.31;68
7017241014;tomsk;86;86
7203567694;tyumen;70.22;70
7716212915;moscow city;79.11;79
4205417280;kemerovo;25.11;25
1831068698;udmurtia;69.20;69
4101153360;kamchatka;47.30;47
5009137320;moscow reg.;68.20;68
3301018455;vladimir;86.90.20;86
6449078170;saratov;68.20.20;68
4253021513;kemerovo;71.11.10;71
1650364800;tatarstan;45.31;45
7206030700;tyumen;94.99;94
7705934309;moscow reg.;46.33;46
4101167451;kamchatka;43.21;43
1651078792;tatarstan;43.21;43
7706439498;moscow city;93.29;93
0245019633;bashkortostan;68.32.20;68
7453289792;chelyabinsk;70.22;70
9108128845;crimea;73.11;73
5047283177;moscow reg.;49.42;49
1001012723;karelia;42.22;42
5803010284;penza;41.20;41
1686015881;tatarstan;52.21;52
2721207809;khabarovsk;71.20.80;71
4345508233;kirov;62.02;62
9705095248;moscow city;70.10.10;70
7300007673;ulyanovsk;62.01;62
7710370457;moscow city;68.20;68
4348004989;kirov;94.20;94
7717675377;moscow city;60.20;60
6449102390;saratov;46.69;46
9111029428;crimea;45.20.10;45
7536144102;zabaikalsk terr.;47.25;47
2920016816;arkhangelsk;56.10.10;56
6230125380;ryazan;62.01;62
2225174190;altai terr.;25.11;25
7743424838;moscow city;46.52;46
4027146237;kaluga;73.11;73
3665808298;voronezh;73.11;73
7202145033;tyumen;68.30;68
4909106795;magadan;68.32.10;68
3019024057;astrakhan;73.11;73
5401951877;novosibirsk;47.99;47
3917520260;kaliningrad;68.32.20;68
8703009763;chukotka;01.49.40;01
5190086965;murmansk;01.13.31;01
5902151374;perm;71.20.20;71
5258066196;nizhni novgorod;68.32.10;68
4900013240;magadan;46.34.23;46
7328032158;ulyanovsk;25.72;25
9721097612;moscow city;46.69.50;46
7460066959;chelyabinsk;71.20;71
9724061614;moscow city;72.20;72
1328002025;mordovia;70.22;70
3918013305;kaliningrad;93.29;93
1434040294;yakutia;68.32.10;68
5300015575;novgorod;46.37;46
8904075621;yamal-nenets ao;68.20;68
3827055450;irkutsk;69.20;69
9722075844;moscow city;63.11;63
9307006312;donetsk;49.31.23;49
5034061071;moscow reg.;49.41;49
1200011308;marij el;25.11;25
5042156633;moscow reg.;86.23;86
3900025652;kaliningrad;71.12;71
4345483589;kirov;25.11;25
3435142461;volgograd;93.29.90;93
6732032996;smolensk;69.10;69
4217088706;kemerovo;96.02;96
3234013674;bryansk;43.33;43
9723246154;moscow city;46.62;46
0600016080;ingushetia;46.90;46
5835103453;penza;45.31.10;45
7743233978;moscow city;93.13;93
9701135122;moscow city;56.10.10;56
2311336487;krasnodar;46.47.10;46
2130164959;chuvashia;25.62;25
6312200937;samara;47.59.30;47
2450026186;krasnoyarsk;01.50;01
9201519709;sevastopol;69.10;69
7017181936;tomsk;62;62
2626052538;stavropol;93.21;93
7839484080;sankt-petersburg;25.11;25
1004017624;karelia;62.09;62
2221244129;altai terr.;69.20;69
1513064499;north ossetia;69.20;69
6025039233;pskov;47.76.20;47
8903034598;yamal-nenets ao;52.21.24;52
6140031507;rostov;64.92.60;64
5320012484;novgorod;42.11;42
1433027460;yakutia;25.11;25
1303000153;mordovia;25.11;25
3435074074;volgograd;47.19;47
7802568351;leningrad;46.45;46
2634060934;stavropol;41.20;41
4632223104;kursk;69.20;69
2100018929;chuvashia;86.22;86
2700009683;khabarovsk;43.99;43
7710898536;moscow city;68.20;68
4500002500;kurgan;49.42;49
2222887468;altai terr.;46.21;46
5610240820;orenburg;62.02;62
7328108449;ulyanovsk;46.73;46
7706223467;moscow city;68.20.20;68
5612084616;orenburg;56.10;56
7604378373;yaroslavl;47.54;47
3525099130;vologda;94.99;94
5506041040;omsk;45.20;45
7106028249;tula;60.10;60
4823071999;lipetzk;25.50;25
4909110167;magadan;46.73;46
0502008324;dagestan;86.90;86
2511055998;primorsky terr.;73.11;73
5501263377;omsk;45.11;45
0105083413;adygeya;49.41;49
6663076911;sverdlovsk;71.11;71
4105013710;kamchatka;41.20;41
1515919862;north ossetia;93.19;93
3810077222;irkutsk;93.29;93
9724006050;moscow city;46.90;46
2415000756;krasnoyarsk;01.11.10;01
6318071452;samara;46.73.60;46
6829048862;tambov;43.21;43
9704006686;sankt-petersburg;46.51;46
1701047506;tuva;68.32.20;68
7813646812;sankt-petersburg;46.90;46
0326573470;buryatia;70.22;70
4632050807;kursk;86.23;86
7813460906;sankt-petersburg;72.19;72
6141013356;rostov;94.20;94
5648003762;orenburg;70.22;70
7106513340;tula;62.01;62
4027145219;kaluga;93.11;93
5007053931;moscow reg.;56.10;56
0268078233;bashkortostan;47.51;47
7725844822;moscow city;68.20;68
3849101678;irkutsk;70.22;70
7839418641;sankt-petersburg;71.10;71
5050163539;moscow reg.;86.23;86
2465361564;krasnoyarsk;70.22;70
1657220357;tatarstan;70.10.10;70
3525439989;vologda;43.29;43
3801160467;irkutsk;41.20;41
6025034267;pskov;69;69
6828005249;tambov;47.11;47
7207024000;tyumen;62.01;62
5321133717;novgorod;62.01;62
2222075900;altai terr.;52.10.21;52
5321204774;novgorod;47.11;47
0726018110;kabardino-balkaria;68.32;68
6163103772;rostov;41.20;41
7017404974;tomsk;41.20;41
4345295881;kirov;01.25.10;01
4704058170;leningrad;95.22.10;95
3627019870;voronezh;71.20.50;71
7804701009;sankt-petersburg;43.99;43
6437008604;saratov;68.32.20;68
7100058367;tula;49.41;49
2311151920;krasnodar;93.29.90;93
0326594470;buryatia;93.19;93
8620019292;khanty-mansijsk;55.10;55
2315306660;krasnodar;52.29;52
6732185833;smolensk;49.41;49
4025443925;kaluga;47.25.10;47
5221004891;nizhni novgorod;01.11.10;01
4011028774;kaluga;45.31.10;45
3906403734;kaliningrad;46.13;46
5017130991;moscow reg.;28.41;28
7743346410;moscow city;46.90;46
0278201246;bashkortostan;71.11;71
9304004356;donetsk;49.31.21;49
4823077817;lipetzk;49.31.21;49
9202501006;sevastopol;73.11;73
3123287750;belgorod;25.10;25
3328016208;vladimir;73.20;73
4345513868;kirov;73.20;73
5028012421;moscow reg.;45.31;45
1102026352;komi;45.31.10;45
1215058740;marij el;68.20.20;68
7103501971;tula;68.20;68
1510018649;north ossetia;47.41.10;47
7727241717;moscow city;69.10;69
3100022469;belgorod;01.43;01
7104075081;tula;42.21;42
7727167460;moscow city;85.42.90;85
4906001924;magadan;47.25;47
5041014918;moscow reg.;41.20;41
6113000637;rostov;01.47;01
0278937357;bashkortostan;41.20;41
7729679016;moscow city;72.19;72
1650429367;tatarstan;49.41;49
5638076916;orenburg;42.22;42
9304001475;donetsk;01.24;01
4502010835;kurgan;56.29;56
6732156310;smolensk;70.22;70
2130166113;chuvashia;25.12;25
2312326971;krasnodar;46.90;46
2221026314;altai terr.;69.20;69
1644056188;tatarstan;86.23;86
7604392635;yaroslavl;42.21;42
5032204119;moscow city;41.20;41
9723046780;moscow city;47.91.20;47
5404065690;amur;71.12.40;71
5322012271;novgorod;62.01;62
1686030223;tatarstan;93.13;93
3441035563;volgograd;93.29.40;93
7716796700;moscow city;46.19;46
7608021470;yaroslavl;14.13;14
6165240679;rostov;62.01;62
6162051306;rostov;25.62;25
4101089852;kamchatka;52.21.24;52
5038158099;moscow reg.;86.21;86
1622003320;tatarstan;46.90;46
2465126088;krasnoyarsk;69.20.20;69
7802725614;sankt-petersburg;86.23;86
1903000878;khakasia;43.12;43
5404318430;novosibirsk;69.10;69
5403081241;novosibirsk;20.30;20
6143073720;rostov;25.10;25
3305800783;vladimir;56.10.10;56
7813640521;sankt-petersburg;60.10;60
2911006314;arkhangelsk;01.13.10;01
6231003546;ryazan;46.43.10;46
7017402688;tomsk;73.20;73
2901178459;arkhangelsk;46.40;46
5321201830;novgorod;69.10;69
1841061187;udmurtia;47.70;47
3812529065;irkutsk;62.01;62
7604143131;yaroslavl;41.20;41
6949012882;tver;01.50;01
7615011458;yaroslavl;01.50;01
6804008522;tambov;52.29;52
2801248350;amur;25.93;25
2366009143;krasnodar;47.11;47
7736021595;moscow city;56.10;56
6451024527;saratov;49.41;49
0571014086;dagestan;43.12;43
3900018415;kaliningrad;49.41;49
3665127740;voronezh;01.30;01
3711031403;ivanovo;45.20;45
2204055019;altai terr.;41.20;41
4632210916;kursk;52.21.24;52
7300019446;ulyanovsk;56.10;56
0411172616;altai rep.;93.29.90;93
2460025248;krasnoyarsk;47.71.10;47
5612162896;orenburg;93.19;93
7603071847;yaroslavl;47.52;47
5507243909;omsk;62.09;62
0100000607;adygeya;52.29;52
2116492860;chuvashia;71.10;71
5509900162;omsk;46.33.10;46
2446033470;krasnoyarsk;93.19;93
7720857881;moscow city;62.02;62
2511115622;primorsky terr.;49.41;49
1657227257;tatarstan;10.71;10
7536127932;zabaikalsk terr.;42.21;42
8601023800;khanty-mansijsk;41.20;41
7329015571;ulyanovsk;62.09;62
7841477098;sankt-petersburg;52.29;52
9729057428;moscow city;46.39;46
6501178476;sakhalin;42.11;42
6606015359;sverdlovsk;52.21.24;52
7721754871;moscow city;47.20;47
5263116928;nizhni novgorod;43.34.10;43
6163072235;rostov;71.12.60;71
5315006069;novgorod;68.20.20;68
2801232286;amur;52.29;52
2464150955;krasnoyarsk;73.11;73
7801498937;sankt-petersburg;01.61;01
3328463284;vladimir;52.21.24;52
2721188095;khabarovsk;70.10.10;70
5501284352;omsk;41.20;41
0105077280;adygeya;94.99;94
0600005392;ingushetia;42.21;42
5321205016;novgorod;93.12;93
4632294666;kursk;94.20;94
9303033241;donetsk;69.10;69
8602157902;khanty-mansijsk;52.23;52
5109003104;murmansk;56.10;56
6603021989;sverdlovsk;52.21.24;52
6234144552;ryazan;62.09;62
5501267491;omsk;49.42;49
0411157270;altai rep.;69.10;69
7448208004;chelyabinsk;01.11;01
0711051299;kabardino-balkaria;52.21.24;52
3906134104;kaliningrad;45.10;45
1648050620;tatarstan;43.29;43
1700003143;tuva;49.42;49
5910007254;perm;49.31.21;49
3811458358;irkutsk;68.20;68
0401004348;altai rep.;43.21;43
1108013511;komi;71.20;71
6027040072;pskov;86.23;86
7751174571;moscow city;25.62;25
3017042903;astrakhan;71.12.62;71
6415006258;saratov;01.63;01
6230069015;ryazan;69.20.20;69
3706026415;ivanovo;25.62;25
1315000951;mordovia;73.11;73
3706020029;ivanovo;69;69
5905068170;perm;43.21;43
7017435891;tomsk;41.20;41
7524188786;zabaikalsk terr.;35.30.20;35
2801227840;amur;94.99;94
5829731604;penza;47.75;47
4312148313;kirov;70.22;70
4632130347;kursk;43.21;43
7536082199;zabaikalsk terr.;45.20;45
4345486685;kirov;93.29.90;93
7838507867;sankt-petersburg;71.20.40;71
7729508589;moscow city;41.20;41
6606003890;sverdlovsk;86.23;86
2311284687;krasnodar;68.31;68
2007007930;chechnya;46.11.31;46
1000010113;karelia;42.11;42
7302037049;ulyanovsk;52.10.30;52
5320014837;novgorod;94.20;94
7610081162;yaroslavl;25.11;25
3663110726;voronezh;25.99.29;25
4502030341;kurgan;73.11;73
2464241480;krasnoyarsk;22.29.20;22
7203381636;tyumen;41.20;41
3705009311;ivanovo;46.69.90;46
1686032703;tatarstan;62.01;62
7734485496;moscow city;96.09;96
4705058141;leningrad;73.20;73
7726289956;moscow city;41.20;41
6829151130;tambov;42.11;42
5017130430;moscow reg.;91.04.10;91
5404333244;novosibirsk;94.99;94
5300009282;novgorod;45.20;45
7614005204;yaroslavl;49.41;49
4401102871;kostroma;47.59;47
0554000157;dagestan;93.19;93
4826133731;lipetzk;49.41;49
2310235327;krasnodar;68.10;68
0411175945;altai rep.;46.69.20;46
6163147272;rostov;47.54;47
2310153890;krasnodar;46.34;46
8905016019;yamal-nenets ao;42.21;42
0543019685;dagestan;70.22;70
5018201490;moscow reg.;43.33;43
6501283544;sakhalin;55.10;55
6501210560;sakhalin;70.22;70
2317078761;krasnodar;56.10;56
7729400063;moscow city;01.61;01
1655067311;tatarstan;94.99;94
4632067159;kursk;47.10;47
6232004581;ryazan;46.47.10;46
5257205753;nizhni novgorod;43.21;43
2635244268;stavropol;35.13;35
5835048562;penza;49.41;49
0800004124;kalmykia;69.10;69
7723515124;moscow city;62.02;62
5638082412;orenburg;01.11;01
6316168843;samara;73.20.10;73
8602163857;khanty-mansijsk;94.99;94
3305793127;vladimir;43.21;43
1650325505;tatarstan;69.10;69
3311022387;vladimir;43.99.50;43
6234131602;ryazan;42.21;42
2901155109;arkhangelsk;69;69
8617040142;khanty-mansijsk;45.31;45
1800015537;udmurtia;46.45;46
6950113268;tver;46.69.50;46
3123189591;belgorod;80.10;80
4704113456;leningrad;62.01;62
1841106920;udmurtia;43.21;43
1215179399;marij el;25.99;25
7736364063;moscow city;41.20;41
5404017827;novosibirsk;86.90.90;86
1685010841;tatarstan;49.41;49
5920030728;perm;02.10;02
8602283784;khanty-mansijsk;47.11;47
2902068307;arkhangelsk;79.11;79
0543018272;dagestan;49.41;49
0274005554;bashkortostan;26.60;26
4510024951;kurgan;94.99;94
9727033453;moscow city;41.20;41
3126016967;belgorod;86.23;86
7840492520;sankt-petersburg;69.10;69
3900024232;kaliningrad;94.99.60;94
7327022414;ulyanovsk;43.21;43
5752204088;oryol;73.11;73
7826101206;leningrad;52.10.10;52
4345467851;kirov;45.20.10;45
5404096681;novosibirsk;43.29;43
7321319289;ulyanovsk;47.52;47
0900010026;karachaevo-chercessia;69.10;69
7017247619;tomsk;49.41.20;49
1500017646;north ossetia;71.11;71
2983997463;nenets ao;68.20;68
9726057892;moscow city;95.24;95
0411167359;altai rep.;86.21;86
3233502601;bryansk;73.11;73
2124026492;chuvashia;46.69.50;46
5258152663;nizhni novgorod;49.41;49
3702719137;ivanovo;71.12.20;71
5405024440;novosibirsk;71.12;71
6161098485;rostov;46.73;46
4620015050;kursk;36;36
4407013280;kostroma;70.22;70
3801160114;irkutsk;43.21;43
9500024366;kherson;01.11;01
7702398970;moscow city;56.29.20;56
5260490540;nizhni novgorod;33.20;33
4501206271;kurgan;47.19;47
5256207067;nizhni novgorod;45.20;45
5835034390;penza;68.32.10;68
2635045054;stavropol;68.20.20;68
4401189880;kostroma;71.12;71
0273080301;bashkortostan;52.29;52
0711038731;kabardino-balkaria;68.32.10;68
7327015752;ulyanovsk;68.32.10;68
7328073683;ulyanovsk;62;62
6732101390;smolensk;45.30;45
7816700257;sankt-petersburg;46.38.10;46
9705181930;moscow city;81.21;81
1650235467;tatarstan;52.29;52
3017043738;astrakhan;45.32;45
4502032229;kurgan;93.12;93
6820040227;tambov;49.41;49
3321300731;vladimir;01.40;01
4821018799;lipetzk;16.23.10;16
5753074360;oryol;43.99;43
4707053533;leningrad;47.19;47
9709114935;moscow city;41.20;41
7816588654;sankt-petersburg;46.90;46
5753066377;oryol;56.10;56
1513031278;north ossetia;93.29.90;93
4614002350;kursk;47.11;47
5406998452;novosibirsk;38.32.30;38
8602309584;khanty-mansijsk;77.32;77
0500018246;dagestan;52.29;52
3015105210;astrakhan;71.12.20;71
0700013284;kabardino-balkaria;62.01;62
7536178920;zabaikalsk terr.;52.21.24;52
0711011480;kabardino-balkaria;41.20;41
3706021600;ivanovo;52.21.24;52
6011004375;pskov;43.22;43
3662138990;voronezh;42.11;42
3904020221;kaliningrad;01.13.30;01
2308292529;krasnodar;73.11;73
5247011036;nizhni novgorod;70.22;70
0326560640;buryatia;73.20;73
2221253719;altai terr.;41.20;41
4800007500;lipetzk;41.20;41
2635137379;stavropol;70.22;70
9731136701;moscow city;46.90;46
4028034085;kaluga;46.71;46
0608018555;ingushetia;45.31.10;45
5515011348;omsk;01.11.10;01
6107015145;rostov;01.13;01
9500026194;kherson;01.11;01
4207060910;kemerovo;94.99;94
7743576076;moscow city;68.20;68
7716971550;moscow city;52.29;52
2628801824;stavropol;62.01;62
7729734330;moscow city;46.13;46
1513082762;north ossetia;47.73;47
6829054993;tambov;52.21.24;52
5321201710;novgorod;41.20;41
7415102193;chelyabinsk;25.62;25
2310232559;krasnodar;70.22;70
3525477896;vologda;86.23;86
7329034550;ulyanovsk;49.41;49
4401106234;kostroma;93.29.20;93
7810019299;sankt-petersburg;31;31
2725129407;khabarovsk;73.11;73
0542027228;dagestan;41;41
2801130206;amur;69.20;69
2281010284;altai terr.;46.72;46
2315224030;krasnodar;86.10;86
0274047152;bashkortostan;45.31.10;45
4704069800;leningrad;43.22;43
7811317996;sankt-petersburg;68.31.11;68
6155071118;rostov;49.20;49
9204568101;sevastopol;94.11;94
3019029908;astrakhan;42.11;42
7816600485;sankt-petersburg;52.10;52
3015037792;astrakhan;56.10;56
0917000210;karachaevo-chercessia;49.41.20;49
4029054119;kaluga;25.99.29;25
4703166543;leningrad;93.12;93
6143065529;rostov;49.31.20;49
9729377033;moscow city;94.99;94
2462042440;krasnoyarsk;70.22;70
7717772250;belgorod;46.44;46
6952015080;tver;60.10;60
9200008123;sevastopol;52.29;52
4706044085;leningrad;46.90;46
7224090772;tyumen;33.12;33
7703601713;moscow city;56.10;56
7901008544;jewish ao;94.99;94
2014020642;chechnya;94.99;94
3232024744;bryansk;70.22;70
9500022961;kherson;94.99;94
9108127087;crimea;68.32.20;68
6924002730;tver;01.47;01
6230017465;ryazan;69.20;69
7536111604;zabaikalsk terr.;68.20;68
1616019804;tatarstan;62.02;62
6732222806;smolensk;72.20;72
3904612524;kaliningrad;01.10;01
7300009575;ulyanovsk;46.90;46
9500025874;kherson;47.11;47
2624033794;stavropol;01.11;01
5503170382;omsk;49.41;49
5612063623;orenburg;43.21;43
6367040055;ryazan;71.10;71
2221056340;altai terr.;47.19;47
9311002159;donetsk;93.19;93
5047229250;moscow reg.;20.42;20
5902231037;perm;43.21;43
2222074381;altai terr.;86.23;86
1435346937;yakutia;73.11;73
9723191226;moscow city;46.31;46
2119006483;chuvashia;71.11;71
7730281396;moscow city;66.12.30;66
7018048944;tomsk;94.20;94
1659110624;tatarstan;73.10;73
4217203148;kemerovo;86.21;86
5700009424;oryol;41.20;41
6829163738;tambov;25.11;25
6454089057;saratov;73.11;73
5507180889;omsk;68.20.20;68
7841481506;sankt-petersburg;56.10;56
9204573711;crimea;49.41;49
5753035763;oryol;42.22.20;42
3311023454;vladimir;25.29;25
0323411664;buryatia;42.99;42
1101171981;komi;70.10;70
0326520213;kalmykia;71.12.40;71
5904067833;perm;69.20.10;69
3661171201;voronezh;18.12;18
5720022367;oryol;93.29.90;93
2540110410;primorsky terr.;42.21;42
6670468042;sverdlovsk;43.99;43
2463112668;krasnoyarsk;68.20;68
7448184106;chelyabinsk;68.20;68
9729381960;moscow city;55.10;55
2723194591;khabarovsk;42.12;42
5408111972;novosibirsk;72.19;72
3459078840;volgograd;46.77;46
6229101377;ryazan;25.50.10;25
6829130517;tambov;73.11;73
4027130734;kaluga;45.31;45
5009123790;moscow reg.;81.10;81
2634104846;stavropol;28.92;28
7325060823;ulyanovsk;86;86
9728134711;moscow city;41.20;41
3665146333;voronezh;43.29;43
8002003932;zabaikalsk terr.;94.99;94
6659201020;sverdlovsk;46.90;46
0323028268;buryatia;25.62;25
5043087453;moscow reg.;45.20;45
0411138728;altai rep.;69.10;69
7103052010;tula;52.21.10;52
0275904040;bashkortostan;43.21;43
5300007140;novgorod;71.12;71
1683023073;tatarstan;62.01;62
7730315888;moscow city;41.20;41
3905079281;kaliningrad;49.41.20;49
2721225244;khabarovsk;46.38.10;46
1832036339;udmurtia;46.90;46
3663099039;voronezh;73.11;73
2901166742;arkhangelsk;41.20;41
7802831588;sankt-petersburg;23.99.60;23
2452201073;krasnoyarsk;41.20;41
0572034568;dagestan;47.73;47
7202153595;tyumen;69.10;69
8604070453;khanty-mansijsk;25.62;25
2536017088;primorsky terr.;71.12;71
0326552889;buryatia;86.21;86
4214028900;kemerovo;01.70;01
4022004824;kaluga;52.21.22;52
9204569144;sevastopol;42.11;42
2700034263;khabarovsk;62.01;62
3812096485;irkutsk;71.20.90;71
0256999906;bashkortostan;42.21;42
0700008735;kabardino-balkaria;42.22;42
6141050245;rostov;52.21.23;52
1435335950;yakutia;70.22;70
7708433519;moscow city;41.20;41
1900012843;khakasia;43.22;43
9728142247;moscow city;45.20.20;45
5902039020;perm;94.99;94
4423005737;kostroma;01.11;01
7838499969;sankt-petersburg;25.12;25
4400014319;kostroma;94.92;94
3812992876;irkutsk;46.72.20;46
7730282417;moscow city;43.32;43
7203327572;tyumen;68.20.20;68
5244028240;nizhni novgorod;01.11;01
7604050649;yaroslavl;62.01;62
0278928264;bashkortostan;43.11;43
3661012949;voronezh;68.20.20;68
0411160748;altai rep.;41.20;41
0400019662;altai rep.;69.20.20;69
7452121170;chelyabinsk;41.20;41
7328093947;ulyanovsk;47.59;47
1515919502;north ossetia;52.21.24;52
5401978893;novosibirsk;73.11;73
1841109632;udmurtia;93.19;93
2308112007;krasnodar;46.21;46
4909088627;magadan;43.21;43
9722057450;moscow city;82.99;82
2225059776;altai terr.;46.90;46
7610123782;yaroslavl;25.62;25
6166127309;rostov;62.09;62
5263985325;nizhni novgorod;94.99;94
6315568694;samara;56.29;56
7203332371;tyumen;62.01;62
7500017647;zabaikalsk terr.;56.10;56
4003040665;kaluga;31.01;31
1650075245;tatarstan;52.21.24;52
2722031869;primorsky terr.;52.29;52
2366044518;kalmykia;86.22;86
2626043149;ingushetia;69;69
1804900518;udmurtia;68.32.20;68
5321081177;novgorod;93.29.90;93
5029060019;moscow reg.;73.11;73
6318043991;samara;73.11;73
6829134582;tambov;69.10;69
9729373046;moscow city;46.75.10;46
5948059861;perm;68.20;68
2543150274;primorsky terr.;45.11;45
2103904298;chuvashia;43.12;43
2700021000;khabarovsk;62.01;62
6501298452;sakhalin;93.12;93
9102182518;crimea;46.73;46
7733409213;moscow city;47.91;47
5959009622;perm;94.20;94
7734429678;moscow city;81.21;81
6910017342;tver;52.21.24;52
4253057037;kemerovo;93.19;93
3525403012;vologda;45.32;45
9728008523;moscow city;73.11;73
6154098090;rostov;68.20.20;68
5405504929;novosibirsk;52.29;52
1800022622;udmurtia;94.20;94
7901545080;jewish ao;46.61;46
1650437128;tatarstan;68.20;68
1001256663;karelia;25.99;25
1701063547;tuva;41.20;41
0406000996;altai rep.;01.42;01
1435282049;yakutia;45.20;45
3906414550;kaliningrad;25.11;25
1117006197;komi;86.23;86
1215192784;marij el;93.19;93
9108118068;crimea;93.19;93
3664131334;voronezh;70.22;70
7801722410;sankt-petersburg;93.29;93
6316272266;samara;72.19;72
1001250291;karelia;71.20.90;71
9303006752;donetsk;41.20;41
3523023424;vologda;25.11;25
6501250813;sakhalin;43.99;43
7444040495;chelyabinsk;68.20.20;68
6670502208;sverdlovsk;72.20;72
7842139990;sankt-petersburg;47.59;47
5503058711;omsk;52.21.24;52
3102040953;belgorod;47.19;47
7734471937;moscow city;47.91.20;47
4029010930;kaluga;52.21.24;52
4100039753;kamchatka;01.47;01
2315991239;krasnodar;52.29;52
0411151165;altai rep.;68.32;68
8602315482;khanty-mansijsk;47.91;47
3662275203;voronezh;93.19;93
7811761859;sankt-petersburg;46.49.49;46
0500013216;dagestan;47.62;47
6623143294;sverdlovsk;47.52.10;47
7840511010;leningrad;71.12.40;71
2801206279;amur;49.40;49
7606114601;yaroslavl;69.10;69
2901183674;arkhangelsk;25.11;25
0706005593;kabardino-balkaria;43.21;43
3528307684;vologda;70.22;70
3445098243;volgograd;46.74.20;46
4632198754;kursk;46.21;46
5433185897;novosibirsk;68.10;68
5027126144;moscow reg.;46.74.20;46
5837081967;penza;86.21;86
7736334326;moscow city;46.90;46
7460063066;chelyabinsk;88.99;88
2372033289;krasnodar;62.01;62
1216024091;marij el;71.11.10;71
5405397265;novosibirsk;49.31.20;49
1624004583;tatarstan;10.41.50;10
6652023918;sverdlovsk;71.12;71
2723151340;khabarovsk;46.40;46
4431004381;kostroma;68.32;68
6722035589;smolensk;01.11.10;01
0323341463;buryatia;71.12.20;71
6372022774;samara;85.42.90;85
5700008526;oryol;49.41;49
7460067670;chelyabinsk;49.41;49
0411137650;altai rep.;52.21.24;52
4205411619;kemerovo;45.20;45
3702669782;ivanovo;46.41.10;46
5535017732;omsk;86.10;86
6319184642;samara;73.11;73
7736146058;moscow city;68.20.20;68
5905240960;perm;47.25;47
3528047972;vologda;52.21.24;52
4205334428;kemerovo;25.61;25
4345266094;kirov;69.20;69
7017339034;tomsk;86.21;86
3917052809;kaliningrad;68.32.10;68
7806445696;pskov;70.22;70
3528299610;vologda;42.21;42
7703817448;ingushetia;41.20;41
5040156518;moscow reg.;93.12;93
3445028415;volgograd;69.10;69
4633010067;kursk;01.61;01
4013001545;kaluga;01.41;01
7452109302;samara;71.12.60;71
2720042826;khabarovsk;68.20;68
5752082560;oryol;25.61;25
2106005612;chuvashia;01.11.10;01
6234186400;ryazan;56.10;56
3420000094;volgograd;52.10.30;52
3329074153;vladimir;71.10;71
5190036410;murmansk;47.25;47
8201001129;kamchatka;94.99;94
9715202570;novosibirsk;68.20.20;68
7706676675;oryol;52.10.30;52
3009013049;astrakhan;93.21;93
4025447430;kaluga;49.41;49
2446006941;krasnoyarsk;56.30;56
2722002730;khabarovsk;62.01;62
1900001496;khakasia;43.39;43
3725007873;ivanovo;25.62;25
7325170209;ulyanovsk;56.10;56
0104010719;adygeya;56.10;56
1701057173;tuva;01.50;01
1016043643;karelia;47.10;47
6685042899;sverdlovsk;45.40;45
7819042415;sankt-petersburg;14.13;14
4703176767;leningrad;52.29;52
1655459090;tatarstan;68.10;68
7450052298;chelyabinsk;20.59.50;20
5638080091;orenburg;43.39;43
7303026113;ulyanovsk;18.13;18
2462218301;krasnoyarsk;46.69;46
7839438800;sankt-petersburg;72.19;72
8601074675;khanty-mansijsk;93.19;93
9103087786;crimea;94.99;94
8603235984;khanty-mansijsk;56.10;56
7730295649;moscow city;41.20;41
7810967663;sankt-petersburg;80.10;80
2463207817;krasnoyarsk;25.11;25
7300003887;ulyanovsk;46.73;46
7840095610;sankt-petersburg;41.20;41
4205083693;kemerovo;33.12;33
7329031710;ulyanovsk;94.99;94
6949116923;tver;69.10;69
7203330430;tyumen;62.01;62
2303029757;krasnodar;01.11;01
0105064442;adygeya;01.13.10;01
3917055292;kaliningrad;42.21;42
6501316091;sakhalin;25.62;25
7729390190;moscow city;79.90.10;79
2311071960;adygeya;46.90;46
5835139636;penza;43.29;43
5610249397;orenburg;68.32.10;68
5038998556;moscow reg.;94.92;94
5904378998;perm;69.20;69
4401111890;kostroma;41.20;41
4205222033;kemerovo;52.21.24;52
7804362123;sankt-petersburg;68.32.20;68
7536124459;zabaikalsk terr.;45.10;45
9102277978;crimea;01.21;01
2983014392;nenets ao;41.20;41
9707006839;moscow city;43.21;43
7706442067;moscow city;71.11.10;71
3257074659;bryansk;69.10;69
6501140610;sakhalin;52.23;52
6800001004;tambov;69.10;69
5752080001;oryol;62.01;62
9102269293;crimea;64.99;64
7300023347;ulyanovsk;45.31;45
6164131451;rostov;01.11;01
9303030650;donetsk;93.19;93
6164300205;rostov;68.32.10;68
1900011938;khakasia;41.20;41
9200002869;sevastopol;01.25;01
3128082926;belgorod;45.20;45
8603244851;khanty-mansijsk;41.20;41
9102279809;crimea;41.20;41
0277117873;bashkortostan;81.29.90;81
4025455293;kaluga;47.59;47
1106020030;komi;70.22;70
6312076670;samara;25.50;25
2312163371;krasnodar;93.20;93
2632123113;stavropol;45.31.10;45
6727029719;smolensk;94.99;94
5262102224;nizhni novgorod;68.20;68
7325147111;ulyanovsk;47.78.30;47
6820040428;tambov;49.41;49
7106028351;tula;93.11;93
2312227890;krasnodar;46.90;46
6829158858;tambov;86.22;86
5751040334;oryol;46.72.20;46
3906035167;kaliningrad;94.20;94
0916009273;karachaevo-chercessia;47.19;47
9500023154;kherson;47.30;47
6454119921;saratov;46.51;46
1513078163;north ossetia;68.32.10;68
9731119287;moscow city;47.64.50;47
1215123558;marij el;86.23;86
4029065520;kaluga;45.20;45
5503267433;omsk;47.99.10;47
4703181950;leningrad;46.17;46
3702074979;ivanovo;70.22;70
1512021654;north ossetia;42.11;42
9724050316;moscow city;46.73;46
3305792290;moscow city;41.20;41
2130222456;chuvashia;56.10;56
7729449750;moscow city;33.12;33
3100007284;belgorod;94.99;94
1218000882;marij el;49.41;49
3324010205;vladimir;68.20.20;68
5835115508;penza;94.99;94
1840076938;udmurtia;93.29;93
6829111634;tambov;43.31;43
7807276634;sankt-petersburg;56.10;56
4501172294;kurgan;47.10;47
5753025638;oryol;94.99;94
3403013488;volgograd;01.13.30;01
2348026837;krasnodar;22.21;22
3702733653;ivanovo;56.30;56
7451338123;chelyabinsk;71.12.20;71
7017113887;tomsk;86.21;86
7813474955;sankt-petersburg;62.09;62
3810340628;irkutsk;62.02;62
9402012330;luhansk;56.10;56
4500001313;kurgan;79.12;79
5410095453;novosibirsk;01.11.10;01
3662307984;voronezh;43.34.10;43
2540110450;primorsky terr.;71.12.53;71
3100002631;belgorod;93.19;93
5001133570;moscow reg.;52.21.24;52
9721073107;moscow city;25.11;25
2305009033;krasnodar;23.61;23
1840102000;udmurtia;47.11;47
4025449067;kaluga;86.10;86
5007100652;moscow reg.;56.10;56
9727048499;moscow city;46.73.60;46
7707805651;moscow city;56.10;56
6027135567;pskov;86.21;86
5812009052;penza;43.21;43
8911028301;yamal-nenets ao;62.02;62
6950172288;tver;86.10;86
4826144148;lipetzk;93.11;93
7204006028;tyumen;01.13.10;01
6684027471;sverdlovsk;46.90;46
7224076986;tyumen;46.32;46
2310228538;krasnodar;62.01;62
2627013764;stavropol;94.20;94
2623033382;stavropol;56.10;56
2004000319;chechnya;71.10;71
6439087224;saratov;45.30;45
7804697049;sankt-petersburg;93.19;93
7814842143;sankt-petersburg;71.11;71
4101107621;kamchatka;71.12.53;71
5259103500;nizhni novgorod;25.90;25
7536115662;zabaikalsk terr.;43.20;43
5190995456;murmansk;93.19;93
1417007730;yakutia;69.20;69
9310003199;donetsk;68.20;68
3923002605;kaliningrad;01.61;01
3100013224;belgorod;49.41;49
6372025542;samara;23.32;23
5050147696;moscow reg.;49.42;49
9001005375;zaporizhzhia;01.11;01
9402015691;luhansk;56.10;56
7453211838;chelyabinsk;94.99;94
3123283499;belgorod;45.11.20;45
5027290169;moscow reg.;47.76;47
5027175705;moscow reg.;52.21.24;52
8901024227;yamal-nenets ao;52.21.24;52
5403175669;novosibirsk;86;86
7805413356;sankt-petersburg;68.20;68
4824034534;lipetzk;86.23;86
6234024054;ryazan;56.10;56
7811596130;sankt-petersburg;46.66;46
9304009001;donetsk;01.11;01
2222871972;altai terr.;46.39;46
2462225940;krasnoyarsk;25.10;25
6321368559;samara;49.40;49
4501058986;kurgan;68.32.10;68
5948055585;perm;41.20;41
9105009790;crimea;70.22;70
1215092282;marij el;45.20;45
6229102109;ryazan;42.11;42
7810743984;sankt-petersburg;93.19;93
7817002390;sankt-petersburg;68.20;68
3702257450;ivanovo;45.31.10;45
2801070170;amur;52.22.20;52
6027123201;pskov;43.99.40;43
3808227784;irkutsk;69.20;69
6501296832;sakhalin;42.99;42
0100008941;adygeya;68.20;68
9402007651;luhansk;49.41;49
3102022016;belgorod;86.23;86
2222032416;altai terr.;52.10.10;52
5406797795;novosibirsk;46.45;46
7017266890;tomsk;46.69.50;46
1328019734;mordovia;64.99;64
1841037280;udmurtia;86.10;86
4101007031;kamchatka;46.71.20;46
6155082173;rostov;25.11;25
9717080775;moscow city;55.90;55
4330009224;kirov;42.21;42
5754021516;oryol;68.20.20;68
6319229036;samara;69.10;69
5638077821;orenburg;93.19;93
3328017120;vladimir;46.73.60;46
3123357711;belgorod;73.20;73
7203560836;tyumen;68.10;68
7107120543;tula;93.12;93
6234184065;ryazan;73.11;73
5007117624;crimea;62.01;62
9722038641;moscow city;45.19;45
7810524140;leningrad;71.12.20;71
3528010066;vologda;47.75.10;47
9704199195;moscow city;49.41;49
5405429855;novosibirsk;41.20;41
6912012149;tver;86.23;86
3665826441;voronezh;49.41;49
2540221985;primorsky terr.;52.29;52
9724079080;moscow city;26.11;26
7727283410;moscow city;47.19;47
4007020187;kaluga;70.22;70
8603095617;khanty-mansijsk;71.12.30;71
3448026744;volgograd;49.31.21;49
3812988679;irkutsk;85.41.90;85
0726025189;kabardino-balkaria;93.13;93
0276125536;bashkortostan;69.10;69
1832156770;udmurtia;41.20;41
9705155112;moscow city;46.38.20;46
1400029704;yakutia;62.01;62
9001020013;zaporizhzhia;86.23;86
6225011122;ryazan;86.90;86
9721093713;moscow city;49.41.10;49
2311353242;krasnodar;71.12;71
2466293388;krasnoyarsk;41.20;41
7024039384;tomsk;56.10;56
6455049096;saratov;69.20;69
6700019103;smolensk;93.29.90;93
1328016959;mordovia;49.41;49
7805814333;sankt-petersburg;52.29;52
3448016023;volgograd;69;69
6009008679;novgorod;25.61;25
2700009370;khabarovsk;46.90;46
1412262141;yakutia;01.70;01
2901180828;arkhangelsk;70.22;70
8602306336;khanty-mansijsk;70.21;70
3811050583;irkutsk;52.21.24;52
5259151704;nizhni novgorod;47.99.20;47
7811169184;sankt-petersburg;71.20;71
3612008731;voronezh;01.70;01
3849088025;irkutsk;71.12.30;71
9110005008;crimea;85.21;85
0317317430;buryatia;62.09;62
4909129993;magadan;71.12.30;71
3664212760;voronezh;42.99;42
5263145559;nizhni novgorod;46.31;46
0800017148;kalmykia;41.20;41
9718192954;moscow city;46.76.20;46
9731003074;moscow city;71.20.80;71
1435351278;yakutia;07.29.41;07
8608062735;khanty-mansijsk;47.19;47
5403067102;novosibirsk;56.10.21;56
7017424120;tomsk;47.61;47
9500023228;kherson;94.99;94
0105074715;adygeya;47.11;47
3812153380;irkutsk;62.01;62
7203425770;tyumen;41.20;41
0601030793;ingushetia;43.21;43
2376003623;krasnodar;46.36.20;46
1435163595;yakutia;68.32;68
3812080862;irkutsk;73.11;73
1326251361;mordovia;41.20;41
7703511837;chechnya;43.12;43
2511113417;primorsky terr.;01.11;01
3808154960;irkutsk;46.75;46
1400028429;yakutia;46.90;46
0275909866;bashkortostan;25.11;25
6671355299;sverdlovsk;20.30;20
2635804329;stavropol;46.69.50;46
3662301076;voronezh;45.20;45
2308280548;krasnodar;01.24;01
1101060390;komi;62;62
2004008212;chechnya;56.10;56
0721000046;kabardino-balkaria;47.25.12;47
0277067076;udmurtia;47.91;47
6162087750;rostov;42.21;42
0276160146;bashkortostan;82.99;82
7704804064;moscow city;46.15.30;46
6311190203;samara;70.22;70
2016008376;chechnya;46.38;46
9200000942;sevastopol;86.21;86
7457010089;chelyabinsk;42.21;42
7813162057;sankt-petersburg;93.11;93
0105071390;adygeya;71.20.10;71
5904044850;perm;01.13.10;01
8901042515;yamal-nenets ao;93.12;93
4631005181;kursk;01.10;01
3457010109;volgograd;01.70;01
9715482422;moscow city;69.10;69
6722030559;smolensk;69.10;69
5638060465;orenburg;46.42;46
7205030175;tyumen;10.82.20;10
5032315570;moscow reg.;46.37;46
7327099336;ulyanovsk;01.13;01
7725600760;moscow city;46.73;46
1707003632;tuva;79.11;79
1105017099;komi;52.21.24;52
7627052699;yaroslavl;43.91;43
2512306549;primorsky terr.;86.23;86
1840080349;udmurtia;73.11;73
5410093907;novosibirsk;25.99;25
6229057720;ryazan;45.11.20;45
6025018561;pskov;46.69;46
1326222681;mordovia;52.10;52
5820005100;penza;47.91.20;47
7701177143;moscow city;42.11;42
9704116505;moscow city;73.11;73
0534054411;dagestan;56.10;56
5903128138;perm;86.21;86
2464152871;krasnoyarsk;45.11.10;45
3811103186;irkutsk;68.10;68
6027167174;pskov;46.14;46
7842210795;sankt-petersburg;43.39;43
4401149446;kostroma;25.11;25
6455066775;saratov;62.01;62
7224079994;tyumen;52.21.24;52
7720689450;moscow city;21.10;21
0326598322;buryatia;46.74;46
7107112670;tula;56.10;56
9718186622;moscow city;47.72;47
9108123727;crimea;25.11;25
6900014712;tver;49.41;49
3808140276;irkutsk;56.10;56
4706054326;leningrad;45.20;45
3257072186;bryansk;62.01;62
5406988888;novosibirsk;46.49;46
3015106559;astrakhan;69.10;69
4826075367;lipetzk;46.73;46
3100038067;belgorod;41.20;41
0273087191;bashkortostan;52.24.20;52
6330091575;samara;86.23;86
2014022738;chechnya;43.99;43
6950212879;tver;46.66;46
5050134094;moscow reg.;25.11;25
3123338959;belgorod;52.21.24;52
7536169393;zabaikalsk terr.;71.12;71
7802229172;sankt-petersburg;42.21;42
6439006190;saratov;94.99;94
5834124789;penza;25.29;25
6659066170;sverdlovsk;46.73;46
3328498110;vladimir;43.91;43
6147028140;rostov;41.20;41
1020006524;karelia;01.19;01
3123299770;belgorod;73.11;73
7329032778;ulyanovsk;47.19;47
5321111760;novgorod;70.22;70
9728145777;moscow city;42.22;42
9701122469;moscow city;42.13;42
5906181130;perm;45.11;45
5506235060;omsk;93.21;93
7806509195;sankt-petersburg;56.30;56
2823005248;amur;68.32.10;68
7717725275;moscow city;25.11;25
0608019622;ingushetia;01.61;01
5753057774;oryol;71.11.10;71
7017166832;tomsk;52.21.24;52
3023020425;astrakhan;86.23;86
2801102103;amur;86.23;86
7456041341;chelyabinsk;56.10;56
9500015523;kherson;47.11;47
4702015630;leningrad;46.71;46
0277960240;bashkortostan;93.21;93
6316264762;samara;68.31;68
1101084792;komi;46.90;46
6501291665;sakhalin;46.71;46
2461052903;krasnoyarsk;45.31;45
3100034376;belgorod;25.61;25
5424403891;novosibirsk;16.10;16
6501180450;sakhalin;46.73;46
0800003515;kalmykia;46.90;46
7328076490;ulyanovsk;46.18.99;46
2460089210;khakasia;46.73;46
7814320570;sankt-petersburg;68.20;68
4705095560;leningrad;41.20;41
7730315528;moscow city;47.75.20;47
2367033420;krasnodar;56.10.10;56
6230114388;ryazan;10.73.10;10
6382076063;samara;47.52;47
6516007723;sakhalin;47.25;47
7900004427;jewish ao;47.79;47
6911029439;tver;42.21;42
9725036321;moscow city;63.11;63
7327073144;ulyanovsk;46.52;46
2115901990;chuvashia;46.69.50;46
8602284026;khanty-mansijsk;41.20;41
3232030258;bryansk;70.22;70
3327311923;vladimir;52.23.10;52
3300010608;vladimir;73.11;73
4632094850;kursk;68.32.20;68
1215227525;marij el;93.19;93
9204017312;sevastopol;49.31;49
9731059084;moscow city;26.30.15;26
7327021298;ulyanovsk;94.99;94
6154030077;rostov;73.10;73
3662295753;voronezh;69.20;69
1657115384;tatarstan;64.99;64
7447287540;chelyabinsk;46.75.20;46
9308024138;donetsk;41.20;41
2801004748;amur;25.62;25
7604226290;yaroslavl;71.10;71
1841061444;udmurtia;73.11;73
0274184529;bashkortostan;46.49.43;46
2302040155;krasnodar;84.25.90;84
4100044023;kamchatka;86.22;86
6009006826;pskov;71.20.50;71
7328059431;ulyanovsk;70.22;70
2537052310;primorsky terr.;93.10;93
7417015860;chelyabinsk;43.99.50;43
6950225500;tver;62.01;62
7448125622;chelyabinsk;46.90;46
6686104072;sverdlovsk;73.11;73
3609001415;voronezh;01.11;01
2130231517;chuvashia;62.01;62
6671138576;sverdlovsk;46.69;46
5604031593;orenburg;52.21.24;52
2907016133;arkhangelsk;25.11;25
4407011490;kostroma;45.10;45
7202256791;tyumen;43.12.30;43
3625017268;voronezh;45.31;45
6678128168;sverdlovsk;45.32;45
1200013986;marij el;41.20;41
7810439286;sankt-petersburg;25.99.20;25
9102272458;crimea;56.10;56
1001162550;karelia;45.31.10;45
1800012649;udmurtia;25.62;25
2366036789;krasnodar;55.10;55
3123413010;belgorod;70.22;70
9729278603;moscow city;32.50;32
7840081960;sankt-petersburg;71.12.20;71
1661034057;tatarstan;69.10;69
7203540117;tyumen;71.20.20;71
3435137503;volgograd;56.10;56
3652901959;voronezh;47.73;47
6025052347;kalmykia;46.31;46
2462071176;krasnoyarsk;93.12;93
6501166470;sakhalin;70.22;70
5012102990;moscow reg.;41.20;41
3245020786;bryansk;73.11;73
7327021957;ulyanovsk;45.31.10;45
2222873994;altai terr.;68.32;68
3701047725;ivanovo;49.41;49
9704040951;moscow city;52.24;52
6130003130;rostov;94.20;94
7131025562;tula;93.20;93
2536171273;primorsky terr.;68.32;68
1654037018;tatarstan;94.99;94
5507239606;omsk;47.99;47
7810542798;sankt-petersburg;68.20;68
2204093705;altai terr.;42.21;42
7842215088;sankt-petersburg;43.32;43
0707019415;kabardino-balkaria;93.29;93
7805729790;sankt-petersburg;46.73.60;46
5257102532;nizhni novgorod;86.23;86
3652902938;voronezh;25.11;25
2466280205;krasnoyarsk;46.73;46
6830005454;tambov;43.22;43
9709090314;moscow city;71.11;71
2536325702;primorsky terr.;45.31;45
7709935134;moscow city;47.54;47
5752071092;oryol;45.31.10;45
6204001211;ryazan;68.20.20;68
2310058822;krasnodar;73.11;73
5321196273;novgorod;56.30;56
5405971521;novosibirsk;69.20;69
2636215799;stavropol;41.20;41
1513085450;north ossetia;86.90;86
8617032494;khanty-mansijsk;47.11;47
2626050379;stavropol;46.73.60;46
7751330005;moscow city;41.20;41
8911027604;yamal-nenets ao;86.10;86
2543158643;primorsky terr.;70.22;70
4400014439;kostroma;42.21;42
6450090750;saratov;01.11;01
0900003854;karachaevo-chercessia;49.39;49
1514011041;north ossetia;45.20;45
4632252056;kursk;49.41;49
2901306975;arkhangelsk;93.11;93
9727088942;moscow city;52.21;52
9728059334;moscow city;42.21;42
1435291340;yakutia;62.02;62
4401039348;kostroma;93.29;93
1007016918;karelia;45.31.10;45
1101149457;komi;45.20;45
5260093133;nizhni novgorod;47.99;47
3906124410;kaliningrad;47.59;47
7328106924;ulyanovsk;49.41;49
6732059123;smolensk;70.22;70
5032268232;moscow reg.;52.21.24;52
4632203676;kursk;24.43;24
6919003344;tver;68.32.10;68
1660309823;bashkortostan;42.11;42
0542031947;dagestan;41.20;41
9106016720;crimea;95.22;95
2538053684;primorsky terr.;86.23;86
9721081281;moscow city;52.10;52
4502026391;kurgan;25.11;25
2012004821;chechnya;93.29.90;93
5981007638;perm;45.20;45
6230120430;ryazan;70.22;70
7703423732;moscow city;64.92.70;64
4101092397;kamchatka;86.23;86
9405003920;luhansk;68.20;68
5321065288;novgorod;69.10;69
2330037041;krasnodar;42.21;42
2700035066;khabarovsk;93.12;93
2828007552;amur;01.49.40;01
0917030246;karachaevo-chercessia;56.10.10;56
5904173077;perm;94.99;94
0813006560;kalmykia;49.39;49
6165082535;rostov;68.32.10;68
2130068860;chuvashia;25.50.10;25
7103514995;tula;42.21;42
3906979038;kaliningrad;25.62;25
2222819860;altai terr.;52.29;52
1901069183;khakasia;42.21;42
7901550235;jewish ao;46.71;46
7017237378;tomsk;86.23;86
5206024445;nizhni novgorod;01.10;01
5902827736;perm;70.22;70
1208006821;marij el;42.21;42
7716978259;moscow city;49.42;49
2108006347;chuvashia;01.11;01
6732106140;smolensk;41.20;41
7612030068;yaroslavl;70.22;70
2443052241;krasnoyarsk;56.10;56
1435226534;yakutia;62;62
9723238971;moscow city;43.21;43
2457079130;krasnoyarsk;73.11;73
9729311755;moscow city;47.59;47
4205411369;kemerovo;93.12;93
4628007125;kursk;71.11.10;71
6218005791;ryazan;41.20;41
3000007428;astrakhan;45.11.20;45
2006006732;chechnya;47.30;47
6439098410;saratov;25.11;25
4723001606;leningrad;52.21.24;52
9718237877;moscow city;46.90;46
3808064829;irkutsk;62.01;62
5027130359;moscow reg.;23.32;23
1609012798;tatarstan;47.10;47
2223630024;zabaikalsk terr.;56.10;56
1103036610;komi;47.73;47
0546027620;dagestan;01.41;01
2011004554;chechnya;01.11;01
2315143180;krasnodar;43.12;43
5047186110;moscow reg.;28.41;28
4800010118;lipetzk;62.01;62
3019028083;astrakhan;94.99;94
5405069257;novosibirsk;31.09;31
9724154072;moscow city;47.75;47
7730138332;moscow reg.;64.92;64
1832095969;udmurtia;47.54;47
7456047230;chelyabinsk;69.20;69
2524004983;primorsky terr.;41.20;41
7100025026;tula;46.74;46
1651092010;tatarstan;49.41;49
5040098640;moscow reg.;86;86
1624010227;tatarstan;01.61;01
5403060717;novosibirsk;43.29;43
6330032763;samara;68.20.20;68
1435300812;yakutia;93.29;93
3300016039;vladimir;43.22;43
5009114749;moscow reg.;28.22;28
6125031622;rostov;41.20;41
7017086760;tomsk;80.10;80
2801259150;amur;25.11;25
4401109556;kostroma;69.20;69
5715005817;oryol;42.11;42
3812125400;irkutsk;41.20;41
1001346797;karelia;70.10.20;70
3017046915;astrakhan;45.31.10;45
5104908935;murmansk;94.99;94
3702246018;ivanovo;41.20;41
9105019291;crimea;86.21;86
4401192988;kostroma;93.21;93
1650216030;tatarstan;41.20;41
0725991408;kabardino-balkaria;94.99;94
5507263849;omsk;93.12;93
2277010436;altai terr.;56.10;56
5609193887;orenburg;46.69;46
3123436184;belgorod;52.10;52
4909097371;magadan;56.10;56
6215032518;ryazan;25.11;25
5752081830;oryol;43.29;43
6503013631;sakhalin;68.32.10;68
7704543574;moscow city;95.11;95
5503275748;omsk;41.20;41
3664229675;voronezh;46.90;46
3025034818;astrakhan;68.32;68
5190022697;murmansk;56.10;56
1834036623;udmurtia;45.20;45
1656091860;tatarstan;56.10;56
2122008040;chuvashia;01.11;01
7412017359;chelyabinsk;86.23;86
0309991205;buryatia;69;69
6830007275;tambov;49.41;49
5720024766;oryol;46.31;46
2225100907;altai terr.;43.30;43
9110004438;crimea;56.10;56
6501083263;sakhalin;52.21.24;52
7811576630;sankt-petersburg;68.20.20;68
6632029686;sverdlovsk;68.32.20;68
3329081104;vladimir;71.20;71
7710597987;moscow reg.;52.29;52
7729533835;moscow city;46.42;46
7536188533;zabaikalsk terr.;71.12.30;71
6330086504;samara;46.34.23;46
5944206233;perm;09.10.90;09
2536218972;primorsky terr.;42.21;42
3702725194;ivanovo;14.31;14
5007121807;moscow reg.;25.11;25
7325068519;ulyanovsk;73.20.10;73
1604011494;tatarstan;41.20;41
3245015426;bryansk;47.73;47
7203182334;tyumen;71.20.10;71
1435202935;yakutia;47.20;47
0406000241;altai rep.;01.43.10;01
7451418410;chelyabinsk;46.74;46
1200013471;marij el;41.20;41
1800009942;udmurtia;82.99;82
0326547455;buryatia;56.10;56
0560034549;dagestan;86.23;86
0326565888;buryatia;47.19;47
2801210966;amur;25.11;25
3711049440;ivanovo;41.20;41
2634069704;stavropol;45.11.20;45
2222064312;altai terr.;93.10;93
1400018406;yakutia;25.11;25
7810742194;sankt-petersburg;03.22.20;03
6164128177;rostov;41.20;41
5190116659;murmansk;41.20;41
1434032462;yakutia;47.20;47
6500009806;sakhalin;42.11;42
4401061657;kostroma;56.10;56
5906146270;perm;43.22;43
6165157639;rostov;70.22;70
3812086769;irkutsk;46.49.30;46
4629037570;kursk;52.20;52
1841106529;udmurtia;73.11;73
7806254204;sankt-petersburg;62.01;62
0601100000;ingushetia;41.20;41
4100049230;kamchatka;70.22;70
6027126153;pskov;73.10;73
4826064460;lipetzk;52.29;52
3702567188;ivanovo;42.21;42
3301023705;vladimir;72.19;72
2224159464;altai terr.;68.20.20;68
3525463364;vologda;69.10;69
1105020662;komi;42.21;42
5751031812;oryol;49.41;49
7107517010;tula;69;69
3613006342;voronezh;68.32.10;68
7207023670;tyumen;41.20;41
7017339362;tomsk;73.11;73
6455060212;saratov;41.20;41
5837058943;penza;25.62;25
6732109470;smolensk;62.01;62
7447242186;chelyabinsk;71.10;71
2700021514;khabarovsk;46.35;46
3525480909;vologda;43.33;43
1655209260;tatarstan;46.10;46
2540271295;primorsky terr.;31.01;31
2703102514;khabarovsk;42.11;42
5902851538;perm;45.11.20;45
6025050491;pskov;41.20;41
1200012012;marij el;71.12.20;71
7118009890;tula;94.20;94
6915015099;tver;45.31.10;45
1101178031;komi;62.01;62
0255020363;bashkortostan;49.41;49
5313014610;novgorod;47.19;47
3460085023;volgograd;49.20;49
4401197922;kostroma;62.01;62
9406002485;luhansk;47.11;47
9410005143;luhansk;46.71;46
9404001408;luhansk;52.10;52
2310153272;krasnodar;69.10;69
6025035327;pskov;86.23;86
2902087349;arkhangelsk;93.29;93
7704329669;moscow city;69.10;69
7017176502;tomsk;71.10;71
5257150470;nizhni novgorod;62.09;62
2700034746;khabarovsk;49.41;49
8604040145;khanty-mansijsk;01.13.10;01
4101002499;kamchatka;43.22;43
6700020123;smolensk;93.19;93
7100027520;tula;46.90;46
1101161503;komi;69.10;69
4826049007;lipetzk;58.19;58
2632073871;stavropol;56.10;56
1215229723;marij el;73.11;73
5812009856;penza;93.19;93
6110004908;rostov;01.11.10;01
7106076411;tula;93.29.90;93
5752058920;oryol;68.20.20;68
5110203475;murmansk;43.12;43
0400017834;altai rep.;38.22;38
4024012891;kaluga;46.40;46
4101193719;kamchatka;71.11;71
6500004580;sakhalin;46.90;46
9408004777;luhansk;52.21.24;52
2635129466;stavropol;46.52;46
3528230858;vologda;94.99;94
3017064590;astrakhan;01.42;01
6700022561;smolensk;62.02;62
3300001970;vladimir;46.73;46
7720909530;moscow city;88.99;88
6317078984;moscow city;59.11;59
5038059725;moscow reg.;42.11;42
9204566070;sevastopol;73.11;73
3608003466;voronezh;94.20;94
7100044653;tula;71.12.20;71
1660367688;tatarstan;46.14.90;46
9102206416;crimea;73.11;73
4909004240;magadan;69.10;69
0800023180;kalmykia;62.01;62
9102246659;crimea;70.22;70
8901040162;yamal-nenets ao;46.41;46
4821013751;lipetzk;52.29;52
7610032180;yaroslavl;94.20;94
1901097159;khakasia;73.11;73
4501203922;kurgan;25.62;25
0600011928;ingushetia;42.11;42
9201514411;sevastopol;62.01;62
4824065726;lipetzk;25.11;25
0816035505;kalmykia;69.10;69
5030097937;moscow reg.;27.90;27
2801272049;amur;93.12;93
4629044715;kursk;73.11;73
6325024453;samara;93.11;93
9308002575;donetsk;52.21;52
0202012129;bashkortostan;01.50;01
2625800974;stavropol;68.32;68
3702234439;ivanovo;47.59;47
3025035586;astrakhan;45.20;45
1001258501;karelia;49.41.20;49
6163232947;rostov;72.19;72
2312285330;krasnodar;25.11;25
7734355338;moscow city;41.20;41
2452040570;krasnoyarsk;62.01;62
0725001467;kabardino-balkaria;86.90.40;86
6376025871;samara;27.40;27
4027141060;kaluga;86.21;86
5321176206;novgorod;62.09;62
4101192673;kamchatka;68.32;68
6829048911;tambov;94.99;94
9722074777;moscow city;41.20;41
5321083784;novgorod;71.11;71
2366050310;krasnodar;71.11;71
7100010171;tula;46.90;46
4825146738;lipetzk;43.39;43
5944998596;perm;10.71;10
2901165763;arkhangelsk;01.13.30;01
5244027944;nizhni novgorod;47.19;47
5257103656;nizhni novgorod;47.59;47
9729282293;moscow city;38.11;38
6027072719;pskov;71.11;71
3305059036;vladimir;45.32;45
2465360426;krasnoyarsk;46.90;46
6155092943;rostov;46.72;46
4345527902;kirov;86.23;86
3906407520;kaliningrad;43.29;43
1000003797;karelia;41.20;41
3729000100;ivanovo;62.03;62
5503181105;omsk;46.32.10;46
7805311925;sankt-petersburg;46.74.20;46
3817031509;irkutsk;96.03;96
5610052827;orenburg;94.20;94
3435141387;volgograd;42.11;42
3016056290;astrakhan;62.09;62
3435043870;volgograd;46.74;46
5401253022;novosibirsk;68.20.20;68
3123311851;belgorod;68.20;68
6829005450;tambov;68.32.10;68
8904087779;yamal-nenets ao;68.20.20;68
8506009443;irkutsk;01.70;01
7702593266;moscow city;68.20;68
3805713850;irkutsk;42.11;42
4632112370;kursk;69;69
5904208192;perm;56.29.20;56
5321065979;novgorod;42.21;42
0323367849;buryatia;47.25.10;47
7743457008;moscow city;10.32;10
2465307197;krasnoyarsk;46.66;46
3245019068;bryansk;52.21.24;52
2130227292;chuvashia;43.39;43
7604119361;yaroslavl;69.10;69
7128008334;tula;47.54;47
2901991760;arkhangelsk;73.20;73
5752084895;oryol;70.21;70
7204208137;tyumen;46.71;46
9102204112;crimea;56.10;56
7448239901;chelyabinsk;45.31;45
3459083504;volgograd;73.11;73
6829103312;tambov;01.41;01
4347015258;kirov;52.10.90;52
5249133008;nizhni novgorod;45.20.10;45
0274921483;bashkortostan;68.32;68
7022016705;tomsk;47.10;47
1101026840;komi;62.01;62
0268040134;bashkortostan;25.62;25
7802531390;sankt-petersburg;47.91.20;47
2014255820;chechnya;71.12.42;71
8601036920;khanty-mansijsk;43.20;43
2311287712;north ossetia;03.22;03
0608017551;ingushetia;46.73;46
4105037799;kamchatka;70.22;70
7724647236;moscow city;61.10;61
7811777070;sankt-petersburg;45.32;45
2222885358;altai terr.;01.11;01
6450932981;saratov;86;86
5321198312;novgorod;45.20;45
7733383244;moscow city;62.09;62
9729358182;moscow city;46.21.12;46
4101158619;kamchatka;86.23;86
5446012098;novosibirsk;68.32;68
1217001146;marij el;94.20;94
2543144016;primorsky terr.;93.19;93
2807013202;amur;86.23;86
5433976063;novosibirsk;70.22;70
2608012532;stavropol;01.41;01
8903022793;yamal-nenets ao;52.21.24;52
7460063524;chelyabinsk;46.21.11;46
7329026750;ulyanovsk;94.99;94
8904059130;yamal-nenets ao;56.10;56
4825125294;lipetzk;41.20;41
7811438180;leningrad;42.11;42
2900000600;nenets ao;41.20;41
4632301426;kursk;25.73;25
6914012546;tver;56.10;56
2460124986;krasnoyarsk;62.02;62
2904027120;arkhangelsk;41.20;41
5032346988;moscow reg.;42.21;42
3700016636;ivanovo;70.22;70
9402000215;luhansk;45.20;45
5036107109;moscow reg.;68.20;68
2310159919;krasnodar;46.73;46
3327125772;vladimir;46.31;46
6829154941;tambov;70.22;70
0278969373;bashkortostan;73.11;73
3900017740;kaliningrad;43.21;43
7100024150;tula;70.22;70
7706699545;moscow city;68.31;68
6501307097;sakhalin;73.11;73
6164123098;rostov;49.41;49
0716004422;kabardino-balkaria;47.11;47
2466033534;krasnoyarsk;52.21.24;52
0900005121;karachaevo-chercessia;68.31;68
2635250261;stavropol;45.20;45
0326483716;buryatia;73.11;73
6452939848;saratov;85.42.90;85
2015040218;chechnya;86.21;86
2721235919;khabarovsk;69.20;69
1516613764;north ossetia;43.11;43
5018205537;moscow reg.;33.12;33
7103029188;tula;45.20.20;45
5610087548;orenburg;43.12;43
1700003418;tuva;01.41.11;01
3307021493;vladimir;25.99;25
7701365316;moscow city;62.01;62
9727004357;moscow city;46.90;46
7724841385;moscow city;71.20;71
9200003291;sevastopol;01.21;01
2465316699;krasnoyarsk;45.31.10;45
4823019452;lipetzk;43.21;43
1327039569;mordovia;28.99.90;28
9103098682;crimea;68.20;68
7203539753;tyumen;86.10;86
3435117480;volgograd;62.01;62
7719803144;moscow city;69.20;69
3665090810;voronezh;43.29;43
1324134616;mordovia;42.11;42
5540006180;omsk;01.11;01
3317027705;vladimir;46.73.60;46
2340016153;krasnodar;68.20.20;68
0326503835;buryatia;25.10;25
1657268013;tatarstan;49.41;49
9701291883;moscow city;46.90;46
7116011460;tula;52.21;52
2543013454;primorsky terr.;41.20;41
7705355291;moscow city;85.21;85
5321099664;novgorod;68.20;68
4101189254;kamchatka;69.10;69
3443119057;volgograd;70.22;70
2901101463;arkhangelsk;01.13;01
2463093736;krasnoyarsk;45.20.10;45
4501170184;kurgan;46.90;46
5027142273;moscow reg.;61.10;61
2707005293;khabarovsk;01.41;01
7612004276;yaroslavl;68.32.10;68
5948054180;perm;49.41;49
5263057655;nizhni novgorod;74.20;74
1102085238;komi;47.25.10;47
6027207726;pskov;25.11;25
5405077547;novosibirsk;74.90;74
6913008794;tver;41.20;41
6234195388;ryazan;52.29;52
6732231215;smolensk;47.30;47
2536290633;primorsky terr.;25.99.20;25
7413024398;chelyabinsk;32.13;32
5405957238;novosibirsk;49.32;49
5190135210;murmansk;73.10;73
2315157601;krasnodar;52.10;52
2511110092;primorsky terr.;46.90;46
8910002565;yamal-nenets ao;42.11;42
6732233741;smolensk;70.21;70
9204007635;sevastopol;71.10;71
2614007604;stavropol;94.99;94
9201522684;sevastopol;42.21;42
7703478379;moscow city;73.11;73
9701292982;moscow city;27.12;27
9500013928;kherson;01.11;01
9728140296;moscow city;46.52;46
6829143724;tambov;56.10.10;56
5259120488;nizhni novgorod;43.99.70;43
7719468954;moscow reg.;29.32;29
1216028392;marij el;73.11;73
3662235440;voronezh;45.32;45
1513082603;north ossetia;46.73.20;46
4501188061;kurgan;68.10.23;68
9728051800;moscow city;64.99;64
4501184074;kurgan;43.22;43
4212040884;kemerovo;41.20;41
1433024003;yakutia;86.23;86
0800003762;kalmykia;41.20;41
2906005700;arkhangelsk;68.20;68
1800007984;udmurtia;94.99;94
3442099062;volgograd;46.77;46
5612082560;orenburg;62.09;62
4703157595;leningrad;46.46.10;46
3627030049;voronezh;49.41;49
8904094007;yamal-nenets ao;56.29;56
7702713333;moscow city;41.20;41
2454026476;krasnoyarsk;46.73;46
9002017937;zaporizhzhia;01.11;01
5918222493;perm;25.94;25
6229001446;ryazan;68.20;68
1841109311;udmurtia;25.99;25
4028038668;kaluga;86.23;86
4703181799;leningrad;45.20;45
2225080175;altai terr.;94.99;94
7810944514;sankt-petersburg;94.11;94
5904063557;perm;68.32;68
5834042864;penza;38.32.40;38
7806567214;sankt-petersburg;42.99;42
1701053771;tuva;43.21;43
9204568775;sevastopol;41.20;41
7726429385;moscow city;46.46.20;46
5473017031;novosibirsk;42.22.20;42
6200009347;ryazan;93.29.90;93
7751299884;moscow city;49.41;49
2014034324;chechnya;69.20.20;69
6311161040;samara;43.21;43
6318115759;samara;68.20.20;68
2014262994;chechnya;52.29;52
2627020803;stavropol;86.23;86
7714727563;moscow city;46.51;46
6670484164;sverdlovsk;52.21.24;52
0603020350;ingushetia;42.11;42
9715430569;moscow city;41.10;41
1903023628;khakasia;42.11;42
1700004500;tuva;56.10;56
7743397503;moscow city;41.20;41
0100004224;adygeya;01.13;01
5838040473;penza;95.11;95
3906234518;kaliningrad;70.10.10;70
7100007436;tula;93.11;93
9001021200;zaporizhzhia;49.41;49
9500021238;kherson;41.20;41
3808284246;irkutsk;49.41;49
4401170705;kostroma;47.25;47
2703011200;khabarovsk;41.20;41
7719837619;moscow city;81.30;81
4501020453;kurgan;41.20;41
7902527461;jewish ao;41.20;41
0326598072;buryatia;01.50;01
6950087201;tver;68.32.10;68
5027269304;moscow reg.;93.13;93
2225196363;altai terr.;45.20;45
1900009897;khakasia;86.21;86
1403001584;yakutia;94.99;94
4205385292;kemerovo;68.32.20;68
1402023497;yakutia;41.20;41
2450029807;krasnoyarsk;43.12;43
1644053187;tatarstan;93.11;93
6829149839;tambov;86.22;86
4501227930;kurgan;94.12;94
5836660640;penza;73.11;73
6829076549;tambov;25.10;25
4909086683;magadan;94.20;94
6154158944;rostov;25.62;25
2130152880;chuvashia;68.32;68
1001344020;karelia;56.10;56
5406976836;novosibirsk;25.29;25
2827007670;amur;86.23;86
7017229240;tomsk;52.10;52
7802533870;sankt-petersburg;62.01;62
4101169402;kamchatka;68.32;68
5038035107;moscow reg.;49.31.21;49
7813309278;sankt-petersburg;46.90;46
8603243921;khanty-mansijsk;47.22;47
1660080526;tatarstan;70.22;70
7604397070;yaroslavl;25.61;25
1901136337;khakasia;45.31;45
1101177870;komi;47.91;47
4345016626;kirov;69.10;69
2901219183;arkhangelsk;68.20.20;68
4205408310;kemerovo;45.31;45
7743427324;moscow city;81.10;81
3255506871;bryansk;73.11;73
0274149531;bashkortostan;70.22;70
5904407712;perm;93.13;93
7751174035;moscow city;56.10;56
7751242630;moscow city;49.41;49
6671184950;sverdlovsk;22.21;22
2225131944;altai terr.;68.20;68
0276956611;bashkortostan;45.20;45
4825095392;lipetzk;47.25;47
4909127058;magadan;41.20;41
3018311570;astrakhan;56.10;56
4632067448;kursk;41.20;41
2511114160;primorsky terr.;77.12;77
6167146287;rostov;47.30;47
7842190891;sankt-petersburg;70.22;70
1800010218;udmurtia;43.21;43
7019032697;tomsk;42.11;42
1326190486;mordovia;25.62;25
5904374062;perm;46.43;46
0105043900;adygeya;41.20;41
0571012868;dagestan;70.22;70
4100043534;kamchatka;86.21;86
2907017602;arkhangelsk;01.41;01
7840063665;sankt-petersburg;56.10;56
7103512003;tula;93.29.90;93
7122025407;tula;68.20;68
7728520343;moscow city;66.19.40;66
9704226321;moscow city;56.30;56
2221256967;altai terr.;94.99;94
4401016693;kostroma;52.21.24;52
6167006240;rostov;56.29;56
3810064199;irkutsk;68.10.10;68
7604270242;yaroslavl;56.10;56
7106075048;tula;46.12.31;46
6508010088;sakhalin;62.09;62
2204057288;altai terr.;73.11;73
4500013703;kurgan;42.21;42
4401044154;kostroma;69;69
4205382076;kemerovo;43.31;43
3123469133;belgorod;46.69;46
3000010156;astrakhan;86.10;86
7327072052;ulyanovsk;43.31;43
2309176356;krasnodar;42.11;42
5257218417;nizhni novgorod;20.30.10;20
2421004283;krasnoyarsk;37;37
3443136486;volgograd;71.12;71
1101035072;komi;45.31.10;45
7107110217;tula;42.11;42
5904988288;perm;93.20;93
1326195188;mordovia;62.01;62
6952036756;tver;45.30;45
5837064707;penza;47.24.30;47
6313100967;samara;42.11;42
3301035242;vladimir;42.21;42
5944207614;perm;43.20;43
8601016539;khanty-mansijsk;41.20;41
3525394826;vologda;25.62;25
0326550850;buryatia;35.30.14;35
7203550348;tyumen;43.12;43
3711049182;ivanovo;49.41;49
3812107352;irkutsk;62.02;62
2801273250;amur;93.12;93
3906343482;kaliningrad;46.52.20;46
1501027679;north ossetia;86.90.40;86
6671410045;sverdlovsk;41.20;41
6453165805;saratov;68.20;68
5509007061;omsk;94.99;94
5403078418;novosibirsk;46.62;46
6027208102;pskov;42.21;42
3325010617;vladimir;01.41;01
0265037447;bashkortostan;70.22;70
4345512670;kirov;86.21;86
6230073325;ryazan;47.25;47
8603141060;khanty-mansijsk;71.12;71
7840100236;sankt-petersburg;47.91;47
2302044960;krasnodar;47.72.10;47
7100036740;tula;01.25.10;01
9001019353;zaporizhzhia;56.10;56
9402012193;luhansk;41.10;41
5835084240;penza;42.13;42
1841035155;udmurtia;47.22;47
4826006927;lipetzk;52.21.24;52
9203000958;sevastopol;52.21;52
0700010170;kabardino-balkaria;47.71.20;47
4401186906;kostroma;70.22;70
7843021825;sankt-petersburg;62.01;62
1831179662;udmurtia;45.30;45
2907016246;arkhangelsk;25.11;25
5190094243;murmansk;69.20;69
3804110993;irkutsk;62.01;62
7804676419;sankt-petersburg;46.31;46
9204575405;crimea;69.10;69
0105071249;adygeya;56.29;56
6454082460;saratov;93.11;93
7300026549;ulyanovsk;69.20.10;69
3702112127;ivanovo;46.31;46
8602249913;khanty-mansijsk;70.22;70
7802832711;sankt-petersburg;46.38.10;46
1701080447;tuva;94.20;94
7148000460;tula;25.11;25
4401197560;vladimir;62.01;62
5501130698;omsk;70.22;70
5905232624;perm;68.32.10;68
6714047911;smolensk;71.11.30;71
6443014116;saratov;68.32.20;68
1901122849;khakasia;43.99;43
1701063353;tuva;56.10;56
1006013093;karelia;25.12;25
4900012736;magadan;94.99;94
4418002339;kostroma;01.61;01
7202201129;tyumen;70.10.20;70
7810927766;sankt-petersburg;43.21;43
7730616275;moscow city;46.69.50;46
5017135781;moscow reg.;46.90;46
7500021107;zabaikalsk terr.;49.31.21;49
7716670792;moscow city;69;69
6658253717;sverdlovsk;73.10;73
9723192854;moscow city;43.29;43
6154023376;rostov;47.30;47
8903035432;yamal-nenets ao;52.21;52
7448258774;chelyabinsk;46.43;46
4401180372;kostroma;86.21;86
5402057334;novosibirsk;49.42;49
5837080716;penza;46.36.30;46
3315094600;vladimir;73.11;73
5504160958;omsk;86.23;86
5032369745;moscow reg.;73.11;73
6229017020;ryazan;52.21.24;52
4100047715;kamchatka;10.20;10
7704276417;moscow city;87;87
4633023193;kursk;42.21;42
7451058912;chelyabinsk;52.10;52
8602203860;khanty-mansijsk;93.19;93
1200007005;marij el;41.20;41
7811742285;sankt-petersburg;68.32;68
7730628584;moscow city;95.25;95
6111006714;rostov;94.20;94
6025026682;pskov;46.30;46
9102273677;crimea;08.11.20;08
0400009304;altai rep.;41.20;41
1101128947;komi;68.20;68
6829074340;tambov;45.11.20;45
5834059508;penza;46.69.50;46
6229093246;ryazan;68.32;68
1701053500;tuva;71.12.90;71
6454140200;saratov;42.21;42
1658063851;tatarstan;71.11.10;71
2130229807;chuvashia;71.20.50;71
3327145384;vladimir;47.81.10;47
7811752389;sankt-petersburg;46.47.10;46
8602301923;khanty-mansijsk;42.21;42
9102279799;crimea;43.12.40;43
1435359534;yakutia;93.19;93
5190095536;murmansk;70.22;70
3444266777;volgograd;56.10;56
3123392674;belgorod;43.12;43
3015082393;astrakhan;93.11;93
7730303297;moscow city;73.11;73
0701017299;kabardino-balkaria;49.41;49
7500011356;zabaikalsk terr.;25.11;25
4632290598;kursk;71.20.50;71
5229995041;nizhni novgorod;70.22;70
5803021381;penza;43.21;43
1659204128;tatarstan;43.29;43
5835113540;penza;47.63.10;47
6234203688;ryazan;56.10;56
7203507783;tyumen;82.30;82
0100005002;adygeya;42.22;42
5835018776;penza;56.10;56
7457012537;chelyabinsk;49.41;49
6027085556;pskov;68.20;68
6829007489;tambov;01.11.10;01
4329021499;kirov;56.10;56
4800007161;lipetzk;93.29;93
4826068257;lipetzk;56.10;56
9305011980;donetsk;43.31;43
5258128205;nizhni novgorod;49.41;49
9200005965;sevastopol;56.10;56
1717010893;khakasia;52.29;52
3001040241;astrakhan;47.10;47
2724191755;khabarovsk;62.01;62
2505013830;primorsky terr.;52.29;52
3444260486;volgograd;80.10;80
5259129561;nizhni novgorod;43.22;43
5190085062;murmansk;94.99;94
3443125445;volgograd;45.11.20;45
4214021950;kemerovo;94.99;94
6800010714;tambov;71.12.20;71
2124005090;chuvashia;68.20.20;68
4620015131;kursk;93.19;93
5902854916;perm;72.19;72
4212045089;kemerovo;94.99;94
9200010193;sevastopol;56.10;56
2312203786;krasnodar;43.99.70;43
5403053526;novosibirsk;52.29;52
5753202284;oryol;70.22;70
4205405100;kemerovo;81.29.20;81
1800006081;udmurtia;71.12;71
7743327538;moscow city;46.49;46
0400003969;altai rep.;01.42.10;01
9204014110;sevastopol;41.20;41
1660252736;tatarstan;46.15.30;46
8603093987;khanty-mansijsk;52.21;52
1000008964;karelia;43.32;43
5501272660;omsk;42.11;42
6501243573;sakhalin;68.32;68
7723325116;moscow city;41.20;41
3906315380;kaliningrad;70.22;70
2634078160;stavropol;70.22;70
2723200990;khabarovsk;56.10;56
7453331677;chelyabinsk;86.90;86
1412000033;yakutia;68.32.10;68
7602055874;mordovia;47.10;47
8001013053;zabaikalsk terr.;47.25.10;47
7839479965;sankt-petersburg;68.31;68
2634099018;stavropol;69.10;69
1901117990;khakasia;68.30;68
7430035520;chelyabinsk;62.01;62
5610224071;orenburg;86.90;86
1900008276;khakasia;47.78;47
9204555310;sevastopol;47.78;47
0105070206;adygeya;01.13;01
7708443972;moscow city;77.32;77
4501029760;kurgan;52.21.24;52
2315216208;krasnodar;35.30;35
7810743920;bashkortostan;46.72.20;46
5036122185;moscow reg.;69.20.20;69
5246054816;nizhni novgorod;01.41.21;01
6027199225;pskov;45.20;45
6905018037;tver;52.21.24;52
2465133790;moscow city;43.21;43
2222890044;altai terr.;46.61;46
6501281297;sakhalin;49.40;49
0725028892;kabardino-balkaria;42.99;42
2721133699;khabarovsk;85.42;85
3528108336;vologda;56.10;56
2901313740;arkhangelsk;86.22.10;86
3662171814;voronezh;43.12;43
5703007070;oryol;52.21.24;52
6027158733;pskov;70.22;70
6658333063;sverdlovsk;43.29;43
3917044879;kaliningrad;46.69.90;46
5406831573;novosibirsk;46.90;46
1632017434;tatarstan;46.12.22;46
3917522081;kaliningrad;46.21;46
3123355009;belgorod;93.29.90;93
9309008107;donetsk;69.10;69
3015101871;astrakhan;62.09;62
2801268035;amur;94.99;94
6230094131;ryazan;71.20;71
5445020152;novosibirsk;46.90;46
7506004926;zabaikalsk terr.;41.20;41
9404010970;luhansk;01.11;01
2308054010;krasnodar;69.10;69
6829141357;tambov;25.62;25
7107515911;tula;46.38;46
4403004171;kostroma;47.10;47
5800004204;penza;56.10.10;56
4501220004;kurgan;69.20.20;69
7807189685;sankt-petersburg;41.20;41
5012023668;moscow reg.;43.12.30;43
1901102761;khakasia;62.09;62
7842101362;sankt-petersburg;90.03;90
5705004187;oryol;01.11;01
9102292599;crimea;49.32;49
0816029808;kalmykia;41.20;41
5310017028;novgorod;45.31.10;45
3255520499;bryansk;46.32.10;46
3127011150;belgorod;71.10;71
3443034607;volgograd;52.29;52
6827028780;tambov;41.20;41
5754200522;oryol;25.11;25
0278982494;bashkortostan;25.11;25
7019014634;tomsk;42.12;42
3663164231;voronezh;47.25;47
9002016940;zaporizhzhia;41.20;41
6829050766;tambov;73.11;73
3128042433;belgorod;62.01;62
6950225772;tver;46.73.60;46
7428000640;chelyabinsk;42.21;42
6623081094;sverdlovsk;47.78.90;47
3231002018;bryansk;94.99;94
0264008122;bashkortostan;52.21.24;52
6452103387;saratov;80.10;80
2010327016;chechnya;01.41;01
6663071832;sverdlovsk;41.20;41
7203566130;tyumen;41.20;41
4027098801;kaluga;56.10;56
8602182000;khanty-mansijsk;69.20;69
4253021746;kemerovo;73.11;73
7717801550;tula;62.01;62
0725016495;kabardino-balkaria;43.11;43
3300003142;vladimir;08.12;08
3810013331;irkutsk;70.22;70
8911031382;yamal-nenets ao;41.20;41
6382081715;samara;49.42;49
7813360059;sankt-petersburg;41.20;41
2926007617;arkhangelsk;93.19;93
3102038802;belgorod;69.10;69
1838023640;udmurtia;68.32;68
0608064600;ingushetia;69.20;69
6234174846;ryazan;73.11;73
1215157878;marij el;46.90;46
4825136930;lipetzk;46.72.20;46
1627008988;tatarstan;45.11.10;45
7719445763;moscow city;46.69;46
5029174930;moscow reg.;46.33;46
2455016209;krasnoyarsk;49.20;49
3025004595;crimea;49.39;49
5024183384;moscow reg.;33.15;33
4616009696;kursk;86.23;86
7724045930;moscow city;46.90;46
1435235271;yakutia;38.32;38
6670403870;sverdlovsk;45.20;45
4824017218;lipetzk;93.19;93
5506184792;omsk;41.20;41
6008002716;pskov;15.20;15
7704275621;moscow city;94.12;94
9303001962;donetsk;68.20;68
7118504372;tula;69;69
6809025602;tambov;47.11;47
2312311171;krasnodar;20.59.40;20
3123342708;belgorod;47.25.12;47
3907211577;kaliningrad;73.11;73
5507213252;omsk;42.21;42
6450119110;saratov;56.10;56
3019017042;astrakhan;69.10;69
2014801822;chechnya;68.20;68
8603235134;khanty-mansijsk;41.20;41
5262011009;nizhni novgorod;70.22;70
6827012229;tambov;45.32;45
7106018811;tula;73.11;73
5190186293;murmansk;43.12;43
6732198624;smolensk;46.73;46
4907007661;magadan;49.40;49
5045064701;moscow reg.;52.10;52
2902087155;arkhangelsk;94.99;94
3702314290;ivanovo;01.41;01
2724234085;khabarovsk;52.21.24;52
7614005028;yaroslavl;01.11;01
7447314313;chelyabinsk;71.12.20;71
6665007078;sverdlovsk;42.21;42
7204160830;tyumen;69.20;69
7707767950;moscow city;71.10;71
3662128181;voronezh;73.10;73
3525408540;vologda;93.12;93
2130169026;chuvashia;62.01;62
1101059274;komi;93.29.90;93
7017409651;tomsk;42.99;42
7734116347;moscow city;21.20;21
1328902273;mordovia;94.99;94
0726015631;kabardino-balkaria;46.38;46
7727388501;moscow city;46.72;46
5903153568;perm;70.10.10;70
4105000950;kamchatka;86.23;86
5262311940;nizhni novgorod;41.20;41
2314014174;krasnodar;47.19;47
5040189778;moscow reg.;77.39;77
7816653818;sankt-petersburg;46.90;46
7807203587;sankt-petersburg;68.20;68
4101183661;kamchatka;45.20;45
7002008456;tomsk;46.15.30;46
7203455768;tyumen;94.99;94
7727447482;moscow city;68.31;68
6454099721;saratov;49.32;49
7810259300;sankt-petersburg;80.10;80
9200003622;sevastopol;69.10;69
6318021476;samara;47.71;47
2457075009;krasnoyarsk;49.41;49
1659201134;tatarstan;70.22;70
6118009030;rostov;01.11.10;01
6330001853;samara;94.20;94
0300011941;buryatia;70.22;70
0105079262;adygeya;49.41;49
2635037864;stavropol;47.11.20;47
4632280582;kursk;45.11;45
3702722549;ivanovo;68.32;68
5032267253;moscow reg.;56.10;56
6663067723;sverdlovsk;46.90;46
4704026041;leningrad;01.19;01
1001294242;karelia;73.11;73
4400003719;kostroma;94.99;94
6229083791;ryazan;45.31;45
8622019700;khanty-mansijsk;68.32;68
5401347104;novosibirsk;47.50;47
2014036963;chechnya;41.20;41
7014068210;tomsk;62.01;62
7713480578;moscow city;82.30;82
3906997460;kaliningrad;73.20;73
1435337570;yakutia;70.22;70
7424014338;chelyabinsk;45.20.30;45
7453228782;chelyabinsk;69.10;69
7604094981;yaroslavl;68.32.10;68
1800016890;udmurtia;45.31;45
4025448360;kaluga;68.32.10;68
0316202194;buryatia;45.32.29;45
0278178300;bashkortostan;49.40;49
3327838854;vladimir;73.20;73
2901082002;arkhangelsk;52.21.24;52
5040174796;moscow reg.;41.20;41
1103043103;komi;71.10;71
2309099101;krasnodar;01.60;01
6950034979;tver;25.62;25
1433019839;yakutia;94.20;94
3305796030;vladimir;94.99;94
2130002411;chuvashia;56.10;56
6674237751;sverdlovsk;70.22;70
7536180816;zabaikalsk terr.;42.11;42
6500012333;sakhalin;62.01;62
3459008031;volgograd;73.20.10;73
3023010057;astrakhan;52.29;52
6732219539;smolensk;42.11;42
3702736809;ivanovo;68.32.10;68
7536103459;zabaikalsk terr.;68.32;68
7205026027;tyumen;71.20;71
0105052503;adygeya;56.29;56
2308284567;krasnodar;56.10;56
6000009244;pskov;49.32;49
7720478160;moscow city;28.25.10;28
3123323448;belgorod;49.41;49
0105073711;adygeya;43.91;43
5024244365;moscow reg.;56.10;56
4803010324;lipetzk;25.11;25
7727843609;moscow city;68.20;68
4003027110;kaluga;01.19;01
5834124235;penza;45.32;45
4217192256;kemerovo;52.29;52
5029094138;moscow reg.;47.52;47
1832163552;udmurtia;62.01;62
3628021150;voronezh;86.23;86
9724086577;tatarstan;62.01;62
1215229642;marij el;69.10;69
4027138148;kaluga;46.90;46
6501264710;sakhalin;42.11;42
1513070654;north ossetia;49.42;49
9201512894;sevastopol;56.30;56
4703185120;leningrad;62.09;62
1658249278;tatarstan;70.22;70
1121027908;komi;62.02;62
6678079009;sverdlovsk;43.12;43
1661070552;tatarstan;46.90;46
2130059680;chuvashia;45.20;45
7604249804;yaroslavl;91.01;91
7715561783;moscow city;23.10;23
5914024370;perm;68.32.20;68
7203471897;tyumen;62.01;62
8603202700;khanty-mansijsk;45.10;45
9721214439;moscow city;43.29;43
2901233727;arkhangelsk;25.10;25
2010012383;chechnya;49.41;49
3128114511;belgorod;45.20;45
0571033018;dagestan;69.10;69
7810949537;sankt-petersburg;43.39;43
3526035509;vologda;93.19;93
1513073214;north ossetia;41.20;41
1800003323;udmurtia;94.99;94
1657218446;tatarstan;56.10;56
7727332650;moscow city;43.39;43
7841089708;sankt-petersburg;31.09;31
7529011951;zabaikalsk terr.;42.99;42
1102080871;komi;62.02;62
1840099558;udmurtia;69.10;69
5700010596;oryol;70.22;70
2367026021;krasnodar;46.73;46
0706004783;kabardino-balkaria;01.11;01
5003152025;moscow reg.;66.19;66
2537126435;primorsky terr.;52.29;52
0816036690;kalmykia;49.41;49
6905039728;tver;68.20.20;68
7202103379;tyumen;73.10;73
2466280090;krasnoyarsk;71.11;71
3123453768;belgorod;49.41;49
8603088994;khanty-mansijsk;86.23;86
5009029050;moscow reg.;47.20;47
2461051730;krasnoyarsk;56.29;56
7014053534;tomsk;47.10;47
3702022579;ivanovo;62.01;62
6800011620;tambov;93.12;93
0277961540;bashkortostan;69.10;69
4824037380;lipetzk;71.11;71
7840064490;sankt-petersburg;46.90;46
6234125084;ryazan;68.32.20;68
7604263340;yaroslavl;86.10;86
9307002082;donetsk;68.20;68
9102223411;crimea;70.22;70
9728104562;moscow city;78.30;78
5190050895;murmansk;41.20;41
3810081099;irkutsk;25.11;25
2457084187;krasnoyarsk;52.21;52
2446011451;krasnoyarsk;56.10;56
1659075514;tatarstan;86.23;86
4611011596;kursk;01.13.12;01
4311003523;kirov;94.99;94
1101168717;komi;56.30;56
2902088920;arkhangelsk;62.01;62
9710110244;moscow city;70.22;70
9201511001;sevastopol;42.22.20;42
5603039663;orenburg;52.29;52
5256063993;nizhni novgorod;45.11.20;45
9002004776;zaporizhzhia;01.11;01
7842192169;sankt-petersburg;68.10.10;68
4802011068;lipetzk;25.93;25
8911033397;yamal-nenets ao;94.99;94
1215192819;marij el;94.99;94
0601030521;ingushetia;71.12.70;71
7606138088;yaroslavl;49.41;49
9303038592;donetsk;69.10;69
3015051733;astrakhan;47.30;47
7014060683;tomsk;49.41;49
0917040290;karachaevo-chercessia;43.32.30;43
4345264717;kirov;86.23;86
4632297434;kursk;25.11;25
7728871800;moscow city;68.10.10;68
6025025015;pskov;49.40;49
5835118107;penza;93.11;93
2627027767;stavropol;73.20;73
1644088077;tatarstan;85.41;85
9715431146;moscow city;43.99.90;43
3257054099;bryansk;71.12.53;71
2466120699;altai terr.;56.10;56
2801254473;amur;49.31.21;49
6207001940;ryazan;94.20;94
4900001830;magadan;56.10;56
3000005501;astrakhan;41.20;41
7901549007;jewish ao;68.32.10;68
9106014881;crimea;52.10;52
9710080085;moscow city;70.22;70
2466298072;krasnoyarsk;94.99.90;94
4826133266;lipetzk;70.22;70
6449109491;saratov;94.99.60;94
5027242045;moscow reg.;93.29.90;93
5105095753;murmansk;49.41.10;49
5040130333;moscow reg.;86.23;86
3327124049;vladimir;70.22;70
2537990349;primorsky terr.;93.11;93
1215212670;marij el;73.11;73
4011023984;kaluga;43.21;43
3525258622;vologda;43.99.40;43
2632122310;stavropol;56.10;56
1215084450;marij el;86.23;86
0800001878;kalmykia;43.31;43
4025009404;kaluga;52.20;52
4706042465;leningrad;25.11;25
5018097955;moscow reg.;86.21;86
9303038176;donetsk;69.20;69
2311304573;krasnodar;41.20;41
6228007491;ryazan;94.99;94
5004004943;moscow reg.;68.32.20;68
5752085715;oryol;45.20;45
1435363210;yakutia;56.10;56
6166150795;rostov;46.49;46
1655477710;tatarstan;93.13;93
5905248857;perm;46.69;46
3528093665;vologda;46.73.30;46
6434015804;saratov;46.11;46
5609195210;orenburg;93.19;93
3900025959;kaliningrad;62.01;62
2632117367;stavropol;68.32.10;68
5752078940;oryol;56.30;56
5612036034;orenburg;43.21;43
5042120877;moscow reg.;42.11;42
5404517964;novosibirsk;42.21;42
4705470186;leningrad;70.22;70
6025041151;pskov;01.25.10;01
7300034067;ulyanovsk;94.99;94
9704119538;moscow city;71.12;71
9309015150;donetsk;71.20.20;71
7300031362;ulyanovsk;43.29;43
7751306027;moscow city;46.47;46
2901040860;arkhangelsk;71.12.10;71
9710121415;moscow city;62.01;62
7453304240;chelyabinsk;96.01;96
2624000189;stavropol;25.11;25
5904403115;perm;62.01;62
7810693229;sankt-petersburg;93.13;93
4800005936;lipetzk;71.12;71
6163084470;rostov;70.22;70
7804036779;sankt-petersburg;68.32.10;68
7327093180;ulyanovsk;73.11;73
0411176339;altai rep.;93.12;93
7451216492;chelyabinsk;52.10.90;52
2804020434;amur;52.21.22;52
7449036446;chelyabinsk;62.09;62
7447138114;kurgan;72.19;72
5509006251;omsk;47.11;47
5406784725;novosibirsk;45.31;45
2920017070;arkhangelsk;56.10;56
3801106491;irkutsk;46.71.20;46
7703460124;moscow city;56.10;56
1655476988;tatarstan;08.11;08
2922006563;arkhangelsk;01.70;01
5507237711;omsk;69.10;69
6686149796;sverdlovsk;46.69;46
7705704440;stavropol;55.10;55
4826104346;lipetzk;71.11;71
9721180109;moscow city;93.19;93
5404271206;novosibirsk;47.10;47
6915011016;tver;46.69.50;46
1828026497;udmurtia;47.22;47
6140026708;rostov;73.11;73
9721026788;moscow city;69.20;69
7203393367;tyumen;45.20;45
2130225023;chuvashia;71.12;71
3100015006;belgorod;49.41;49
6316214169;samara;56.10;56
7704515880;moscow city;59.10;59
5406668180;novosibirsk;73.11;73
5031125672;moscow city;46.12;46
7720650870;moscow city;01.63;01
3461062773;volgograd;49.41;49
6950266828;tver;49.41;49
4501192283;kurgan;86.21;86
0105077515;adygeya;94.99;94
0274116141;bashkortostan;79.11;79
1900006102;khakasia;93.29;93
9308004928;donetsk;49.31.20;49
9102235791;crimea;73.11;73
3625003297;voronezh;01.13.10;01
1838024040;udmurtia;01.19.20;01
9718159361;moscow reg.;31.01;31
7017490162;tomsk;47.91;47
9403010946;luhansk;49.41;49
5074083360;moscow reg.;43.39;43
4705120720;leningrad;49.41.10;49
3128146489;belgorod;62.01;62
4345981111;kirov;94.92;94
4027118705;kaluga;47.25;47
6671050787;sverdlovsk;47.91;47
7456012051;chelyabinsk;43.29;43
9308008224;donetsk;81.10;81
6162090560;rostov;42.21;42
5024142540;moscow reg.;70.22;70
5017086380;moscow reg.;68.32;68
8601054904;khanty-mansijsk;70.22;70
7707471092;moscow city;63.11;63
3700007695;ivanovo;25.99;25
2901054090;arkhangelsk;52.21.24;52
6686121423;sverdlovsk;43.29;43
7107052893;tula;73.10;73
6829151563;tambov;71.20.20;71
7806597071;sankt-petersburg;46.90;46
3666269987;voronezh;70.22;70
1701063882;tuva;43.32.30;43
0900010153;karachaevo-chercessia;43.31;43
7017408030;tomsk;45.32.10;45
7810807571;sankt-petersburg;71.12.10;71
9729028459;moscow city;22.23;22
3019013023;astrakhan;42.21;42
5911030129;perm;94.99;94
6234178030;ryazan;93.29.90;93
3528084773;vologda;71.20.40;71
7100050640;tula;94.99;94
2460101474;krasnoyarsk;35.30.14;35
6382083198;samara;88.91;88
2725016379;khabarovsk;52.21.24;52
4628002832;kursk;94.99;94
1901105794;khakasia;70.22;70
7448232737;chelyabinsk;71.12;71
4909996883;magadan;52.21;52
9102271197;crimea;52.29;52
1686019710;tatarstan;56.10;56
7714926840;moscow city;25.11;25
3123368858;belgorod;46.63;46
5190075219;murmansk;42.11;42
9729378421;moscow city;64.99;64
5107909101;murmansk;43.12;43
3311018302;vladimir;01.13.10;01
7203061604;tyumen;52.10.90;52
4345337154;chechnya;68.20;68
8901037995;yamal-nenets ao;69.20.20;69
5190159349;murmansk;86.21;86
7536136398;zabaikalsk terr.;70.22;70
1327015871;mordovia;70.22;70
6911012650;tver;01.10;01
7743452426;moscow city;46.21.11;46
3665059218;voronezh;71.20.50;71
1701003989;tuva;43.32;43
6165173574;rostov;72.10;72
0318016690;buryatia;47.91.20;47
0326570905;buryatia;45.20.10;45
0276963880;bashkortostan;45.32;45
3628020491;voronezh;93.29;93
7500013258;zabaikalsk terr.;71.12.30;71
2124048908;chuvashia;43.91;43
4501113203;kurgan;46.51;46
2453023056;krasnoyarsk;93.19;93
7608020099;yaroslavl;71.10;71
7842121023;sankt-petersburg;46.49.43;46
6907008323;tver;25.11;25
7604384659;yaroslavl;62.02;62
0276963961;bashkortostan;75;75
6027090796;pskov;52.10.21;52
5752071705;oryol;62.01;62
1326211619;mordovia;47.78;47
7453329300;chelyabinsk;46.69.50;46
2439005930;krasnoyarsk;71.11;71
5262261383;nizhni novgorod;58;58
9309026113;donetsk;43.22;43
2224092121;altai terr.;43.20;43
5507091276;omsk;45.11.10;45
0264078313;bashkortostan;62.01;62
5263154024;nizhni novgorod;93.19;93
2225188130;altai terr.;62.09;62
4100045524;kamchatka;01.13;01
6324023231;samara;68.20.20;68
6208009927;ryazan;49.32;49
7731003352;moscow city;26.11;26
5410075841;novosibirsk;46.71.20;46
6732212332;smolensk;86.23;86
4223105011;kemerovo;56.10.10;56
7106069982;tula;42.21;42
4825097544;lipetzk;43.29;43
4826102275;lipetzk;69.10;69
1101163476;komi;47.11.30;47
6324084763;samara;25.62;25
7327061220;ulyanovsk;43.21;43
2308094799;krasnodar;93.19;93
4205164014;kemerovo;86.23;86
4909102656;magadan;49.41.10;49
1101170392;komi;71.12;71
0275080378;bashkortostan;46.73.60;46
2721221352;astrakhan;73.11;73
2014036956;chechnya;56.10;56
2455016752;khakasia;86.10;86
6518009490;sakhalin;94.99;94
2460241369;krasnoyarsk;46.51;46
0411084984;altai rep.;46.11;46
1108023654;komi;45.20;45
5836632393;penza;52.23.10;52
4401194872;kostroma;71.11.10;71
5032348470;moscow reg.;73.11;73
2801091780;amur;42.11;42
5259156156;nizhni novgorod;62.01;62
7460066010;chelyabinsk;31.02;31
2723162222;khabarovsk;52.21.24;52
6229017164;ryazan;52.21.24;52
1001335989;karelia;42.21;42
3702260693;ivanovo;47.72;47
7715999383;moscow city;69.10;69
2801207000;amur;68.32;68
6025025880;pskov;56.10;56
2315231848;krasnodar;45.31;45
8603229229;khanty-mansijsk;41.20;41
1328909712;mordovia;43.91;43
5017057822;moscow reg.;68.20.20;68
7726475769;moscow city;64.99.11;64
4909085432;magadan;46.73.60;46
3525338300;vologda;43.22;43
5029242675;moscow reg.;68.10;68
9717078744;moscow city;45.20;45
6324105727;samara;47.54;47
3906339951;kaliningrad;70.22;70
0105040924;adygeya;46.49;46
3025028388;astrakhan;71.11;71
2014262049;chechnya;73.10;73
4800013207;lipetzk;43.22;43
6937004051;tver;25.12;25
5406371380;novosibirsk;86.23;86
2100020734;chuvashia;49.41;49
5906176605;perm;56.10.20;56
4525006514;kurgan;70.22;70
5027199992;moscow reg.;33.12;33
1102068850;komi;68.20;68
5260493318;nizhni novgorod;46.71;46
2722029612;khabarovsk;93.19;93
6316122623;samara;41.20;41
7203542040;tyumen;47.76.20;47
4707034121;leningrad;45.30;45
6662111730;sverdlovsk;52.21.24;52
7604110305;yaroslavl;56.10;56
1660314943;tatarstan;49.41;49
9721064342;moscow city;52.29;52
7715699541;moscow city;79.90.30;79
2221256075;altai terr.;86.23;86
6726026384;smolensk;49.41.20;49
1215191269;marij el;42.21;42
1841097289;udmurtia;43.12;43
7707722250;moscow city;70.22;70
6901048143;tver;43.22;43
6318072784;samara;42.11;42
7707453449;chechnya;46.72;46
0726024347;kabardino-balkaria;94.99;94
7703806735;karelia;70.22;70
7300016910;ulyanovsk;47.91.20;47
9723084680;moscow city;49.41;49
9201514228;sevastopol;43.21;43
0100006172;adygeya;62.01;62
5610234320;orenburg;45.11;45
4426004386;kostroma;42.11;42
6952043055;tver;46.49;46
5024229582;moscow reg.;41.20;41
8901009437;yamal-nenets ao;41.20;41
5402055619;novosibirsk;46.73;46
9102045254;crimea;25.62;25
6900009350;tver;69.10;69
6382098892;mordovia;69.10;69
7018015836;tomsk;68.20.20;68
2807011004;amur;56.10;56
6453052431;saratov;52.21.24;52
7100041275;tula;41.20;41
8602272398;khanty-mansijsk;45.20;45
3456001616;volgograd;70.22;70
2635228675;kalmykia;47.76;47
6950024628;tver;94.99;94
0912005260;karachaevo-chercessia;01.13.10;01
5507249932;omsk;71.10;71
6162091130;rostov;42.21;42
6320076962;samara;70.22;70
3000008735;astrakhan;49.32;49
7604211705;zabaikalsk terr.;70.10.10;70
9110034070;crimea;93.12;93
4415006328;kostroma;49.31.21;49
8602159603;chelyabinsk;25.11;25
2225208097;altai terr.;01.25.10;01
0816038545;kalmykia;62.01;62
6312215972;samara;47.91.20;47
4825132260;lipetzk;47.43;47
9111027406;crimea;69.10;69
9715468146;moscow city;47.11;47
9704184872;moscow city;46.46;46
9726021293;moscow city;46.90;46
9111029770;crimea;42.22;42
7810916186;leningrad;43.29;43
2710009770;khabarovsk;68.32.10;68
8911029552;yamal-nenets ao;95.11;95
2103002412;chuvashia;56.10.10;56
2269009420;altai terr.;46.30;46
0105065206;adygeya;41.20;41
4632302910;kursk;25.11;25
4027108802;kaluga;56.10;56
2704025654;khabarovsk;43.22;43
2724999239;khabarovsk;93.11;93
3915008843;kaliningrad;46.36;46
6164136805;rostov;72.19;72
9724040237;moscow city;41.20;41
2905009620;arkhangelsk;68.32.10;68
5906012798;perm;68.32.10;68
1101081248;komi;46.90;46
7455037825;chelyabinsk;94.99;94
7720721626;moscow city;62.01;62
6501276106;sakhalin;71.20.50;71
1001116183;karelia;52.21.24;52
2902057859;arkhangelsk;70.22;70
3102203799;belgorod;71.11;71
5610044921;orenburg;71.12.10;71
5410053647;novosibirsk;52.29;52
5407955282;novosibirsk;56.10;56
4025459266;kaluga;94.99;94
1840116644;udmurtia;86.23;86
7709848308;moscow city;41.20;41
2116493246;chuvashia;47.11;47
9726065220;moscow city;47.63;47
9102187001;crimea;47.19;47
5838011169;mordovia;43.21;43
4715033178;leningrad;42.21;42
2222848719;altai terr.;01.70;01
3702029976;ivanovo;86.21;86
3250519683;bryansk;46.46;46
6729031600;smolensk;70.22;70
9103067606;crimea;68.20;68
7726756030;moscow reg.;46.69;46
7100022770;tula;42.22;42
9728139452;moscow city;70.22;70
7448211286;chelyabinsk;49.42;49
2221178003;altai terr.;70.22;70
3906247644;kaliningrad;52.10;52
4211009232;kemerovo;68.20.20;68
5610240450;orenburg;70.22;70
7814369544;sankt-petersburg;56.10;56
1831193730;udmurtia;41.20;41
5838046348;penza;68.32.10;68
1644033127;tatarstan;69.20.20;69
0411138870;altai rep.;68.32.10;68
3435100630;volgograd;43.21;43
0814169824;kalmykia;94.99;94
2311309130;krasnodar;46.90;46
6950102700;tver;47.52.70;47
2015007041;chechnya;45.11.10;45
4205242544;kemerovo;81.29.90;81
5838019016;penza;52.21.24;52
5610236119;orenburg;71.12.30;71
0532005377;dagestan;62.09;62
5507299563;omsk;47.52;47
4320000913;kirov;16.21;16
0500006787;dagestan;41.20;41
5032166022;moscow reg.;94.99;94
3100020912;belgorod;43.22;43
7536115165;zabaikalsk terr.;73.11;73
2445002990;krasnoyarsk;43.30;43
0816040382;kalmykia;70.22;70
5256172921;nizhni novgorod;69.10;69
7415092040;chelyabinsk;46.75.20;46
2308265236;krasnodar;52.29;52
4707029690;leningrad;93.10;93
7814591193;sankt-petersburg;62.01;62
3666253592;voronezh;71.20.62;71
4703028173;leningrad;68.32.20;68
5074082180;moscow reg.;69.10;69
2801244796;amur;69.20.20;69
3100023208;belgorod;52.29;52
0573013137;dagestan;41.20;41
2902090126;arkhangelsk;93.12;93
7838118388;sankt-petersburg;70.22;70
3121185560;belgorod;86.23;86
9203544676;sevastopol;52.22.15;52
7329036388;ulyanovsk;43.99.70;43
6658564448;sverdlovsk;52.29;52
6673221653;sverdlovsk;43.12;43
7814664853;sankt-petersburg;43.99;43
7325139826;ulyanovsk;45.10;45
2015003216;chechnya;49.31;49
1101177091;komi;43.39;43
6501280938;sakhalin;45.10;45
1215210151;marij el;43.22;43
9715482567;moscow city;45.31;45
4025069241;kaluga;68.10.10;68
2465275019;krasnoyarsk;69.10;69
9734000522;moscow city;70.22;70
7736168220;moscow city;17.23;17
2311229439;krasnodar;41.20;41
7017471071;tomsk;73.11;73
2340003757;krasnodar;68.20.20;68
7810417363;sankt-petersburg;46.69.50;46
8905065094;yamal-nenets ao;68.32;68
2312277107;krasnodar;71.12.20;71
9701273669;moscow city;42.11;42
3663169582;voronezh;94.99;94
2311105338;krasnodar;69;69
7017050965;tomsk;69.20.20;69
4027124829;kaluga;68.32;68
3904085758;kaliningrad;43.21;43
7452168273;chelyabinsk;45.31;45
6726024524;smolensk;36;36
7814789404;sankt-petersburg;52.21.24;52
9107040570;crimea;94.99;94
3810064470;irkutsk;49.31.21;49
7710881130;moscow city;43.99.40;43
6627012020;sverdlovsk;68.20;68
1101071747;komi;70.22;70
5246055947;nizhni novgorod;93.29;93
2801113850;amur;71.11.10;71
5404465890;novosibirsk;41.20;41
2130016750;chuvashia;43.99.60;43
1327009910;mordovia;47.52.10;47
3702710448;ivanovo;33.13;33
6324059510;samara;41.20;41
3665001088;voronezh;25.29;25
4321007439;kirov;62.02.90;62
4632251302;kursk;62.01;62
7017245185;tomsk;52.21.10;52
3123430827;belgorod;46.61;46
4501135253;kurgan;42.22.20;42
6950027019;tver;93.10;93
3849070243;irkutsk;69.10;69
5406558290;novosibirsk;62.01;62
6027176838;pskov;45.11;45
3666007526;voronezh;62.01;62
6714004788;smolensk;01.13.31;01
9303011255;donetsk;56.10;56
5262376722;nizhni novgorod;49.41;49
5118003252;murmansk;41.20;41
3123188206;belgorod;41.20;41
6732246388;smolensk;62.01;62
9717134597;moscow city;69.10;69
3016035558;astrakhan;49.41;49
2225079074;altai rep.;42.13;42
2462217330;krasnoyarsk;47.11.10;47
9109027656;crimea;01.61;01
7714582879;moscow city;47.11;47
0105024471;adygeya;94.99;94
9721192016;moscow city;49.41;49
7838395399;sankt-petersburg;46.40;46
0600014566;ingushetia;41.20;41
6829139781;tambov;43.22;43
2902062739;arkhangelsk;43.20;43
7806275476;sankt-petersburg;73.11;73
7327085012;ulyanovsk;42.11;42
3805713916;irkutsk;93.29.20;93
1215214910;marij el;25.99;25
3328023117;vladimir;70.22;70
6829105912;tambov;62.01;62
5313015251;novgorod;41.20;41
7707330655;moscow city;73.20;73
4909105375;magadan;49.41;49
4802068385;lipetzk;01.10;01
6318019325;samara;43.22;43
7500001326;zabaikalsk terr.;63.99.10;63
2635831146;stavropol;68.32;68
5259129681;nizhni novgorod;73.11;73
8905038020;yamal-nenets ao;46.71;46
1435115263;yakutia;94.99;94
1001354477;karelia;94.99;94
1215229547;marij el;46.90;46
6027122014;pskov;69.10;69
1400019505;yakutia;69.10;69
5250070183;amur;49.41;49
7453355484;chelyabinsk;43.39;43
6325078191;samara;93.19;93
1840075677;udmurtia;47.78.21;47
6952321577;tver;42.11;42
2901101689;arkhangelsk;45.20;45
9728095357;moscow city;73.11;73
1215216202;marij el;46.90;46
3123369925;belgorod;69.20.20;69
0912006610;karachaevo-chercessia;71.12.70;71
3906400525;kaliningrad;86.22;86
5503012072;omsk;25.99;25
1434052518;yakutia;70.22;70
4220024526;kemerovo;69.10;69
5038184162;moscow reg.;46.19;46
7702470673;moscow city;69;69
7751214200;moscow city;69.10;69
7715555839;moscow reg.;68.20;68
6504009660;sakhalin;36.00.10;36
7811768420;sankt-petersburg;45.20;45
2817040710;amur;01.11.33;01
5246055217;nizhni novgorod;47.11;47
1300007320;mordovia;49.31.21;49
2512305552;primorsky terr.;42.99;42
1650371050;tatarstan;69.10;69
4027139381;kaluga;42.99;42
3460074663;volgograd;56.10;56
3664003759;voronezh;93.19;93
7902002400;jewish ao;47.73;47
4401147576;kostroma;56.10;56
2222897593;altai terr.;49.42;49
7204132449;tyumen;94.99;94
1102086023;komi;49.10;49
5047282783;moscow reg.;33.16;33
5507254918;omsk;95.11;95
4345021506;kirov;41.20;41
4345231849;kirov;43.20;43
3241018360;bryansk;47.19;47
7734406102;moscow city;69.20;69
2540270238;primorsky terr.;41.20;41
1605005704;tatarstan;01.41;01
2124007637;chuvashia;52.21.24;52
3662284840;voronezh;46.21;46
1435274471;yakutia;73.11;73
4027089437;kaluga;46.74;46
7804353150;sankt-petersburg;41.20;41
5027254347;moscow reg.;49.41;49
9701125011;moscow city;47.78.50;47
2724184518;khabarovsk;25.99.29;25
7709780360;moscow city;46.13;46
6658018583;sverdlovsk;49.41.10;49
9102260244;crimea;71.11;71
5031147154;moscow reg.;70.22;70
0500016369;dagestan;68.32.20;68
0725025958;kabardino-balkaria;43.21;43
6500009436;sakhalin;25.21;25
1659147487;tatarstan;71.11.10;71
6441022129;saratov;45.20.10;45
3662197788;voronezh;46.43.10;46
6168074370;rostov;71.12.53;71
2221217573;altai terr.;41.20;41
5535017725;omsk;01.70;01
7519004874;zabaikalsk terr.;07.29.41;07
0266008914;bashkortostan;94.20;94
2540266961;primorsky terr.;46.90;46
1701059043;tuva;41.20;41
4500011368;kurgan;62.02;62
9709087671;moscow city;46.90;46
6623144805;sverdlovsk;49.41;49
5190097413;murmansk;43.99.30;43
0323823146;buryatia;43.99;43
7113008042;tula;56.10;56
1310000274;mordovia;49.40;49
6658575545;sverdlovsk;69.20;69
1102068955;komi;41.20;41
4100006719;kamchatka;68.20.20;68
0404007650;altai rep.;41.20;41
6679096857;sverdlovsk;62.09;62
9304019190;donetsk;71.12;71
9204547038;sevastopol;69.10;69
9701267665;moscow city;43.29;43
7714904540;moscow city;66.12.10;66
2628036429;stavropol;56.10;56
3702200214;ivanovo;73.11;73
2703097737;khabarovsk;56.10;56
5503256953;omsk;69.10;69
7816749421;sankt-petersburg;17.29;17
0259017114;bashkortostan;45.20;45
7604161892;yaroslavl;43.30;43
7706433834;moscow city;30.11;30
1001084037;karelia;70.22;70
6732130150;smolensk;52.29;52
2503016346;primorsky terr.;56.10;56
2257000359;altai terr.;47.19;47
6165111306;rostov;68.32.10;68
3329090123;vladimir;42.99;42
7602152596;yaroslavl;70.22;70
5753066257;oryol;94.12;94
7224054140;tyumen;27.12;27
0903006405;karachaevo-chercessia;03.20;03
1701064565;tuva;86.90;86
0700008037;kabardino-balkaria;93.19;93
1000001729;karelia;71.12.30;71
9715314876;moscow city;68.20;68
2130197471;chuvashia;42.21;42
4900011429;magadan;56.10;56
2014033264;chechnya;47.91;47
8603148354;khanty-mansijsk;56.10.10;56
2223606688;zabaikalsk terr.;25.21.20;25
2926010105;arkhangelsk;71.12.20;71
2206005133;altai terr.;56.10.10;56
5836695516;penza;42.11;42
0573000071;dagestan;93.19;93
5050122148;moscow reg.;43.99;43
2907018148;arkhangelsk;94.99;94
6950231945;tver;56.10;56
7716830397;moscow city;47.76;47
0300013459;buryatia;93.19;93
7708395084;moscow city;75;75
7709913187;moscow city;68.20;68
1300000317;mordovia;73.11;73
6453152242;saratov;45.31;45
5752021278;oryol;68.20.20;68
7724939542;moscow city;46.38.20;46
1616004727;tatarstan;68.32;68
5024176813;moscow reg.;70.22;70
6450116373;saratov;49.42;49
9403006273;luhansk;94.99;94
5920030301;perm;43.22;43
6330057574;samara;47.53.30;47
3015082932;astrakhan;62.09;62
6027173481;pskov;43.22;43
7751313592;moscow city;71.12;71
2223642661;altai terr.;62.02;62
6312153412;samara;93.11;93
9409002620;luhansk;94.20;94
6950220870;tver;69.20;69
9715449545;moscow city;43.29;43
7814786900;sankt-petersburg;62.02;62
9725089468;moscow city;43.29;43
1200011273;marij el;93.19;93
8003040052;zabaikalsk terr.;43.21;43
7805345353;leningrad;81.30;81
6603014251;sverdlovsk;52.21.24;52
4401028530;kostroma;94.99;94
3257026937;bryansk;52.29;52
6229018094;ryazan;52.21.24;52
7203489213;tyumen;86.10;86
4027149750;kaluga;47.91;47
5244002812;nizhni novgorod;22.22;22
4629048999;kursk;68.20;68
2801204666;amur;46.90;46
3811472271;irkutsk;47.91;47
3250533430;moscow city;41.20;41
7709773170;moscow city;70.22;70
2901067685;arkhangelsk;25.10;25
3025038266;astrakhan;25.11;25
9408009983;luhansk;41.20;41
1660362898;tatarstan;46.73;46
3123375380;belgorod;70.22;70
5836899020;penza;62.01;62
7536187650;zabaikalsk terr.;86.90;86
7415057529;chelyabinsk;45.10;45
2223635738;altai terr.;41.20;41
2902072430;arkhangelsk;86;86
2012007759;chechnya;42.11;42
2801244718;amur;43.21;43
2130059224;chuvashia;71.12.12;71
5720001014;oryol;71.12.41;71
6321057867;samara;46.69.50;46
3812144523;irkutsk;43.22;43
4101190450;kamchatka;93.29.10;93
2221255152;altai terr.;41.20;41
0721019760;kabardino-balkaria;93.29;93
0411000455;altai rep.;42.11;42
2130195192;chuvashia;56.10;56
5404310261;novosibirsk;42.99;42
1701040349;tuva;46.46;46
4632048727;kursk;31;31
2100004274;chuvashia;69.10;69
5022059737;moscow reg.;41.10;41
5406804756;novosibirsk;56.10;56
3443923412;volgograd;56.10;56
9724159419;moscow city;45.40;45
4703105029;leningrad;49.31.21;49
4825020365;lipetzk;43.30;43
9310004562;donetsk;68.20;68
7842391950;leningrad;69.10;69
3903017339;kaliningrad;43.21;43
6453059162;saratov;94.99;94
6910999699;tver;52.22;52
9102067794;crimea;01.11;01
1300009687;mordovia;41.20;41
5028038010;moscow reg.;69.10;69
2801211014;amur;43.21;43
3904082556;kaliningrad;01.41;01
7751252283;moscow city;46.90;46
2536325526;primorsky terr.;70.22;70
2700027940;khabarovsk;46.14.90;46
5030090346;moscow reg.;46.90;46
5751064060;oryol;45.20;45
6829163760;tambov;69.10;69
2012005624;chechnya;73.11;73
4900012623;magadan;49.41.10;49
4632301338;kursk;93.19;93
9718234900;mordovia;70.22;70
7500006155;zabaikalsk terr.;49.41;49
5406842550;novosibirsk;49.41;49
5321082357;novgorod;52.21.24;52
2462216417;krasnoyarsk;52.29;52
0403005322;altai rep.;01.45.10;01
1215192713;marij el;94.99;94
5505073497;omsk;94.99;94
8602272454;khanty-mansijsk;81.29.90;81
5506192289;omsk;46.73.60;46
7904506330;jewish ao;01.11;01
5819003772;penza;68.20;68
5408154824;novosibirsk;69.10;69
4401135429;kostroma;25.10;25
9721178011;moscow city;46.90;46
6952325691;tver;41.20;41
1435246996;yakutia;73.11;73
6623122897;sverdlovsk;69.10;69
6827022890;tambov;47.25;47
0411172334;altai rep.;94.99;94
1327012341;mordovia;56.29;56
2700024530;khabarovsk;47.23;47
9102023405;crimea;70.22;70
3435104956;volgograd;68.20.20;68
6800009719;tambov;49.41;49
3665148891;voronezh;46.73.60;46
6432022690;saratov;49.41;49
9729341220;moscow city;46.90;46
4253024017;kemerovo;68.32.10;68
7714465830;moscow city;64.99;64
7306000113;ulyanovsk;68.20;68
6950216979;tver;70.10;70
7203578865;tyumen;70.22;70
2312234537;krasnodar;46.35;46
3250530817;bryansk;49.41;49
7900003744;jewish ao;41.20;41
3123222104;belgorod;93.10;93
2901132292;arkhangelsk;71.12.90;71
6452139217;saratov;46.18;46
4632133355;kursk;88.99;88
2902085020;arkhangelsk;96.02;96
3123421332;belgorod;46.73.40;46
5003117599;moscow reg.;47.91.20;47
1103013902;komi;93.29.90;93
5903998580;perm;01.13.10;01
5906170089;perm;46.69.50;46
1324135627;mordovia;47.20;47
5190086242;murmansk;73.11;73
0107027774;adygeya;68.32;68
5754006042;oryol;62.01;62
0411173031;altai rep.;69.10;69
2465171531;krasnoyarsk;47.19;47
3663165757;voronezh;93.11;93
3808226646;irkutsk;69.20;69
6228052744;ryazan;73.11;73
5903062494;perm;46.72;46
9105017390;crimea;41.20;41
7021017752;tomsk;94.20;94
2464018731;krasnoyarsk;94.20;94
5506237204;omsk;69.10;69
0900007087;karachaevo-chercessia;43.99;43
5018198872;sankt-petersburg;70.22;70
2320111465;krasnodar;56.10;56
5257150310;nizhni novgorod;45.31.10;45
4501209804;kurgan;94.11;94
5514014931;omsk;46.21;46
7806388960;sankt-petersburg;46.69.50;46
4703172579;sankt-petersburg;49.41;49
3305715665;vladimir;45.20;45
7903529380;jewish ao;52.21.24;52
2222071800;altai terr.;47.11;47
6800010954;tambov;86.23;86
4800004403;lipetzk;25.11;25
4814016350;lipetzk;70.22;70
4501218051;kurgan;49.41;49
4001007366;kaluga;69.10;69
0800007069;kalmykia;45.11;45
2450033722;krasnoyarsk;47.78.70;47
7839122813;novgorod;62.01;62
2902054760;arkhangelsk;62;62
1500019139;north ossetia;73.20;73
3448056749;volgograd;52.29;52
4400004582;kostroma;93.29;93
5505069109;omsk;70.22;70
2001002614;chechnya;56.10.10;56
6909006850;tver;94.20;94
3328493176;vladimir;45.11.20;45
7017288044;tomsk;43.22;43
7715797877;moscow city;86.90.90;86
7133028304;tula;69.10;69
1215124262;marij el;43.12;43
4510032173;kurgan;42.11;42
1327006010;mordovia;68.20.20;68
4100042548;kamchatka;56.10.20;56
7105051830;tula;86.23;86
2320143474;khanty-mansijsk;43.21;43
6230072900;ryazan;47.52.70;47
3528282038;vologda;46.42;46
9719022754;moscow city;43.29;43
4501226052;kurgan;42.99;42
7840104248;sankt-petersburg;56.10.10;56
1200016264;marij el;49.42;49
7701944289;kirov;46.90;46
3717005030;ivanovo;01.41;01
1400034550;yakutia;62.09;62
2904990122;arkhangelsk;93.19;93
7842176840;sankt-petersburg;43.39;43
7329026809;ulyanovsk;25.11;25
4401172653;kostroma;41.20;41
1421008600;yakutia;01.49.41;01
5300007711;novgorod;42.11;42
7203557061;tyumen;43.39;43
9204022062;sevastopol;62.01;62
5321087570;novgorod;41.20;41
3906328759;kaliningrad;62.01;62
9705218595;moscow city;41.20;41
5720025110;oryol;25.93.10;25
0707019292;kabardino-balkaria;49.41;49
0726025647;kabardino-balkaria;41.20;41
4706058419;leningrad;56.10;56
6000005306;pskov;86.21;86
5433199650;novosibirsk;46.73.60;46
9725125370;moscow city;70.22;70
8905021273;yamal-nenets ao;42.21;42
7724654272;nizhni novgorod;71.11.10;71
0500017980;dagestan;49.41.10;49
4345345187;kirov;73.11;73
1000005755;karelia;56.10.10;56
7736329870;moscow city;47.29;47
9203006967;sevastopol;01.11;01
1001129425;karelia;47.11;47
9715449369;moscow city;49.41.10;49
1215103745;marij el;94.99;94
2462213705;krasnoyarsk;49.41.20;49
3904047230;kaliningrad;43.99.90;43
1639005131;tatarstan;68.20;68
7456026390;chelyabinsk;73.11;73
4345462282;kirov;86.23;86
6315559097;samara;71.12.12;71
7326040788;ulyanovsk;70.22;70
1655500140;tatarstan;94.99.90;94
2901216270;arkhangelsk;71.10;71
7530010127;zabaikalsk terr.;52.21.24;52
0300026345;buryatia;47.52.70;47
3019029016;astrakhan;70.22;70
6020006160;pskov;42.21;42
5321060071;novgorod;46.90;46
6501308213;sakhalin;62.01;62
1020178139;karelia;49.40;49
9106003375;crimea;68.20;68
7203409810;tyumen;56.10;56
0903002619;karachaevo-chercessia;01.11.10;01
2804015201;amur;25.10;25
6450104530;saratov;45.31;45
2304030184;krasnodar;52.29;52
9718250050;moscow city;52.21.11;52
4500009190;kurgan;62.02;62
5321051736;novgorod;25.62;25
9728122441;moscow city;43.12;43
2130233024;chuvashia;42.21;42
7802830224;sankt-petersburg;68.32.10;68
7604056506;yaroslavl;62.01;62
7536053550;zabaikalsk terr.;62.03;62
7604205571;yaroslavl;52.10.90;52
5753007357;oryol;94.20;94
6381005060;samara;94.99;94
4405009827;kostroma;68.32.10;68
1215120652;marij el;43.20;43
8604032426;khanty-mansijsk;69.10;69
5501261789;omsk;41.20;41
1650356486;tatarstan;45.20;45
3121010143;belgorod;49.41;49
2722134670;khabarovsk;73.11;73
2460096168;krasnoyarsk;70.22;70
0522017052;dagestan;45.20;45
2006006789;chechnya;73.11;73
7223005534;tyumen;68.32.20;68
3663091897;voronezh;41.20;41
5836113359;penza;69.10;69
7103018549;tula;94.99;94
6027042922;pskov;68.32.20;68
9717158171;moscow city;41.20;41
4725004803;leningrad;52.21.24;52
4101173198;kamchatka;62.09;62
1420003045;yakutia;07.29.41;07
3702205188;ivanovo;41.20;41
1300010682;mordovia;93.13;93
7813226494;sankt-petersburg;72.19;72
7804668030;sankt-petersburg;86.90.90;86
3808203180;irkutsk;73.11;73
0248007026;bashkortostan;01.11;01
6500013979;sakhalin;42.21;42
5610250748;orenburg;45.11;45
5051000600;moscow city;41.20;41
5022074020;moscow reg.;47.91;47
5042056692;moscow city;43.39;43
6316183190;samara;86;86
2615800566;stavropol;01.13.10;01
5752203479;oryol;68.20;68
5256163194;nizhni novgorod;46.52;46
9102010879;crimea;46.46;46
2700013954;khabarovsk;94.99;94
2222858770;altai terr.;70.21;70
7207014027;tyumen;94.99;94
7325094798;ulyanovsk;41.20;41
1686016204;tatarstan;43.99;43
6829014983;tambov;46.71;46
7723435302;moscow city;56.29;56
7017489583;tomsk;42.11;42
6501307202;sakhalin;69.20;69
9103087987;crimea;46.73;46
5700006310;oryol;70.22;70
6714050015;smolensk;43.21;43
7707481414;moscow city;20.11;20
4703179990;leningrad;47.24;47
7500005673;zabaikalsk terr.;49.41;49
1839008242;udmurtia;68.32;68
1841037875;udmurtia;73.11;73
1684003062;tatarstan;41.20;41
5003155940;moscow reg.;62.09;62
1215139170;marij el;62.01;62
5047255885;moscow reg.;38.21;38
3100001821;belgorod;90.04.20;90
0274060918;bashkortostan;94.99;94
4205410647;kemerovo;49.41;49
2905011588;arkhangelsk;45.30;45
2465345210;tuva;46.71;46
5190079703;murmansk;62.01;62
6732247575;smolensk;62.01;62
1217005165;marij el;43.20;43
3900017683;kaliningrad;74.20;74
9728106739;moscow city;47.91.20;47
1500006041;north ossetia;93.19;93
7203516442;tyumen;88.99;88
2010003477;chechnya;41.20;41
8616012865;khanty-mansijsk;42.11;42
7310004872;ulyanovsk;68.32.20;68
7751126088;moscow city;86.23;86
7602120805;yaroslavl;46.90;46
4803010243;lipetzk;01.11;01
6165166707;rostov;42.21;42
5836898386;penza;93.12;93
7814826039;sankt-petersburg;43.99.40;43
4346029473;kirov;52.21.24;52
0572011296;dagestan;62.09;62
5503197970;omsk;73.11;73
0273907013;bashkortostan;41.20;41
0408011048;altai rep.;42.11;42
7203522943;tyumen;47.73;47
1655438012;tatarstan;73.11;73
6722009162;smolensk;11.05;11
5260452061;nizhni novgorod;86.23;86
4501213261;kurgan;94.12;94
9001004565;zaporizhzhia;68.32;68
6950265711;tver;46.73;46
7203364670;tyumen;01.70;01
5321172280;novgorod;56.10;56
1513079897;north ossetia;47.54;47
6432007607;saratov;42.11;42
1650279520;tatarstan;41.20;41
2211005763;altai terr.;49.41;49
4025440667;kaluga;69.10;69
6229066370;ryazan;43.30;43
1502009418;north ossetia;94.99;94
5032307330;moscow city;71.11;71
7802927522;sankt-petersburg;41.20;41
2366011311;krasnodar;71.12.45;71
9727086127;moscow city;46.21;46
1700004972;tuva;52.21;52
5836615359;penza;68.20.20;68
2223637260;altai terr.;68.20;68
7816541110;sankt-petersburg;45.30;45
5038123321;moscow reg.;46.66;46
9110029016;crimea;69.10;69
9201003880;sevastopol;46.49;46
9729248052;moscow city;86.10;86
4909123938;magadan;71.10;71
3623008606;voronezh;10.41.20;10
2308298224;mordovia;73.11;73
7328075835;ulyanovsk;96.03;96
7500021749;zabaikalsk terr.;71.12.30;71
3300010848;vladimir;25.50;25
2454030708;krasnoyarsk;56.10;56
4402001516;kostroma;47.11;47
4345533110;kirov;62.09;62
3912501137;kaliningrad;10.82;10
5250079700;nizhni novgorod;42.21;42
3528309032;vologda;41.20;41
3000005903;astrakhan;69.10;69
2502061890;primorsky terr.;25.11;25
0600000732;ingushetia;71.11;71
5260433742;nizhni novgorod;69.10;69
4632252264;kursk;69.10;69
1659212753;chechnya;47.71;47
7606139719;yaroslavl;70.10;70
7724785638;moscow city;52.29;52
2130129584;chuvashia;71.10;71
1900008967;khakasia;25.62;25
2366024511;krasnodar;84.24;84
0101008694;adygeya;68.32.10;68
0600006460;ingushetia;49.41;49
4101171017;kamchatka;70.22;70
6161026716;rostov;68.32.10;68
2315233115;krasnodar;41.20;41
7452127069;chelyabinsk;52.29;52
1326231277;mordovia;94.99;94
5407473602;novosibirsk;86.21;86
6950147972;tver;73.10;73
2302029810;krasnodar;41.20;41
8901033221;yamal-nenets ao;01.13.30;01
1006011949;karelia;52.21.24;52
0800022839;kalmykia;45.31.10;45
5256207282;nizhni novgorod;42.11;42
3329100170;vladimir;70.10;70
3461070421;volgograd;93.19;93
4205232722;kemerovo;25.62;25
7701230541;moscow reg.;46.43.10;46
7707581722;moscow city;73.11;73
6317130553;samara;43.29;43
9723136240;moscow city;74.20;74
1661047480;tatarstan;94.99;94
2543066456;primorsky terr.;77.39.20;77
0800020045;kalmykia;46.90;46
4101149565;kamchatka;42.21;42
5260496460;nizhni novgorod;71.12.20;71
5403015707;novosibirsk;46.31;46
7751211470;moscow city;56.10;56
3662266752;voronezh;52.29;52
8603127837;khanty-mansijsk;46.69;46
5401401217;novosibirsk;46.42;46
4000001026;kaluga;93.19;93
0608050679;ingushetia;42.11;42
7722703809;moscow city;62.02;62
5260496703;nizhni novgorod;62.01;62
9102025970;crimea;94.99;94
3460070436;volgograd;86.21;86
4312154476;kirov;43.32;43
7202092166;tyumen;71.10;71
5507277714;sverdlovsk;43.21;43
7714739079;chuvashia;69;69
9104029836;crimea;70.22;70
7452143751;chelyabinsk;47.73;47
6452120431;saratov;62.02;62
0800002374;kalmykia;01.45;01
7604244316;yaroslavl;41.20;41
5834130060;moscow reg.;28.22;28
2014032863;chechnya;02.40;02
3019022405;astrakhan;70.22;70
6154554352;rostov;86.23;86
4501215276;kurgan;56.10;56
2721981096;khabarovsk;94.99;94
6915003551;tver;01.13.30;01
3528091594;vologda;70.22;70
5754024330;oryol;49.41;49
0326488859;buryatia;69;69
3711047114;ivanovo;47.99;47
4501212966;kurgan;49.41;49
3128086085;belgorod;56.10;56
5010058440;moscow reg.;32.50;32
6312060750;samara;62;62
0411159083;altai rep.;46.71;46
2465104278;krasnoyarsk;52.10;52
5406100118;novosibirsk;94.20;94
0105079223;adygeya;49.42;49
5700008639;oryol;86.90;86
6164138496;rostov;64.99;64
9103019017;crimea;41.20;41
7729312748;moscow city;68.32.10;68
5506236507;omsk;43.39;43
5609203260;orenburg;46.61.10;46
2635080926;stavropol;41.20;41
7204186500;tyumen;94.90;94
2304031068;krasnodar;25.12;25
7136007711;tula;25.61;25
9726019671;moscow city;46.38.20;46
3329049742;vladimir;73.20;73
2312296438;krasnodar;49.41;49
5315005361;novgorod;52.21.24;52
7126502883;tula;43.20;43
3443143324;volgograd;45.20;45
6330074153;samara;52.10.30;52
6731073630;smolensk;46.72.21;46
9200021357;sevastopol;01.21;01
6155076275;rostov;46.69.90;46
4400008330;kostroma;45.40;45
6829132306;tambov;93.19;93
1661061734;tatarstan;45.20;45
6623120106;sverdlovsk;46.73;46
0560031530;dagestan;47.25.10;47
5263150125;nizhni novgorod;47.30;47
7710489981;novosibirsk;46.42;46
9702026976;moscow city;71.20.20;71
4909132731;magadan;46.73;46
7805269712;sankt-petersburg;69.10;69
2543134240;primorsky terr.;70.22;70
7841003940;sankt-petersburg;94.99;94
9717089369;moscow city;62.02;62
6163129298;rostov;69;69
9727007894;saratov;46.73;46
7901551503;jewish ao;46.13.10;46
6670361973;sverdlovsk;70.22;70
5001161627;moscow reg.;43.31;43
1841085893;udmurtia;46.69;46
3906980474;kaliningrad;49.40;49
6167136754;rostov;52.10.90;52
9108107362;crimea;56.10;56
5407979251;novosibirsk;71.12.20;71
4501009107;kurgan;94.99;94
0603002664;ingushetia;42.99;42
3526038066;vologda;56.10;56
0700017955;kabardino-balkaria;69.10;69
4807000503;lipetzk;01.11.10;01
9500020629;kherson;46.90;46
2901083373;arkhangelsk;70.22;70
6168044908;rostov;46.64;46
2923005347;arkhangelsk;47.20;47
1101025564;komi;68.20.20;68
5904079204;perm;68.32.20;68
0105043989;adygeya;47.78.70;47
5612168993;orenburg;62.02;62
7100045382;tula;94.12;94
4618000201;kursk;01.11.10;01
2465341455;krasnoyarsk;93.12;93
5611078088;orenburg;46.43;46
9723187614;moscow city;25.11;25
6900001128;tver;71.20;71
7448223027;chelyabinsk;46.73.60;46
7840029103;sankt-petersburg;73.11;73
9729031797;moscow city;46.69.50;46
3808272628;irkutsk;35.12;35
7725407082;moscow city;62.01;62
0912006930;karachaevo-chercessia;41.20;41
3445995420;volgograd;88.99;88
6910014655;tver;69.10;69
4900013151;magadan;71.12.30;71
0276105233;bashkortostan;45.11.40;45
2925006882;arkhangelsk;71.12;71
0268087950;bashkortostan;69.20;69
6000003620;pskov;45.11.30;45
5031119862;moscow reg.;69.20;69
3917053383;kaliningrad;22.22;22
4401169146;kostroma;62.01;62
5042117803;moscow reg.;13.99;13
2130219005;chuvashia;45.11.20;45
3327121947;vladimir;47.91.20;47
0900001590;karachaevo-chercessia;47.19.10;47
4501219714;kurgan;69.10;69
3808280361;irkutsk;73.20;73
0306007966;buryatia;68.32.20;68
2724196721;khabarovsk;45.20;45
7901547761;jewish ao;68.32;68
0707019373;kabardino-balkaria;41.20;41
6950243669;tver;41.20;41
9102020806;crimea;70.22;70
6452944823;saratov;46.70;46
2310179087;krasnodar;81.22;81
3123486192;belgorod;94.99;94
4345491156;kirov;41.20;41
3241014975;bryansk;73.11;73
6137009847;rostov;45.30;45
1661042795;tatarstan;70.22;70
0814167200;moscow city;64.91;64
8905063837;yamal-nenets ao;45.32;45
6501162395;sakhalin;03.10;03
6658558451;sverdlovsk;45.20;45
1651071412;tatarstan;52.21;52
7703579151;moscow city;68.31.10;68
7536187226;zabaikalsk terr.;70.22;70
5610242352;orenburg;42.11;42
7805394946;leningrad;93.10;93
3848003484;irkutsk;52.22.20;52
3006008883;astrakhan;43.30;43
1650422001;tatarstan;49.41;49
4705080796;leningrad;41.20;41
7805623579;sankt-petersburg;46.30;46
1660331106;tatarstan;23.63;23
5837036259;penza;46.90;46
6143082186;rostov;68.10;68
9500015072;kherson;94.99;94
7802528687;sankt-petersburg;25.61;25
0900006527;karachaevo-chercessia;46.38.20;46
4900013480;magadan;69.20.10;69
7751171034;moscow city;47.19;47
3334023740;vladimir;62.01;62
6686073360;sverdlovsk;45.30;45
7203402822;tyumen;43.22;43
8603216519;khanty-mansijsk;42.21;42
0273946534;bashkortostan;93.19;93
9405003006;luhansk;49.31;49
3812535037;irkutsk;22.19.20;22
3703021169;ivanovo;69.10;69
1309000142;mordovia;01.50;01
1655441801;tatarstan;41.10;41
2308046121;krasnodar;47.52.73;47
1121027577;komi;49.41;49
1700006440;tuva;46.65;46
5249144169;nizhni novgorod;25.11;25
9703129597;moscow city;45.20;45
