inn;company_id;period;region;okved2;okopf_id;details_id
7719893081;8906845;2022;МОСКВА;82.30;12300;44456631
7719893081;8906845;2023;МОСКВА;82.30;12300;47523662
7719893081;8906845;2024;МОСКВА;82.30;12300;50786838
0275913615;10493469;2022;БАШКОРТОСТАН;69.10;12300;44552779
0275913615;10493469;2023;БАШКОРТОСТАН;69.10;12300;48003004
0275913615;10493469;2024;БАШКОРТОСТАН;69.10;12300;52451669
1841050594;9183463;2022;УДМУРТСКАЯ;45.20;12300;46073846
1841050594;9183463;2023;УДМУРТСКАЯ;45.20;12300;49527456
1841050594;9183463;2024;УДМУРТСКАЯ;45.20;12300;52336429
6454108260;9949333;2022;САРАТОВСКАЯ;43.21;12300;46185400
6454108260;9949333;2023;САРАТОВСКАЯ;43.21;12300;49341353
6454108260;9949333;2024;САРАТОВСКАЯ;43.21;12300;52184017
5503217859;108455;2022;ОМСКАЯ;69.20;12300;45637091
5503217859;108455;2023;ОМСКАЯ;69.20;12300;49629480
5503217859;108455;2024;ОМСКАЯ;69.20;12300;52623024
7703442622;10558143;2022;МОСКВА;68.10.22;12300;44911047
7703442622;10558143;2023;МОСКВА;68.10.22;12300;47954719
7703442622;10558143;2024;МОСКВА;68.10.22;12300;51859798
1838010136;1955217;2022;УДМУРТСКАЯ;47.1;12300;44420819
1838010136;1955217;2023;УДМУРТСКАЯ;47.1;12300;47454789
1838010136;1955217;2024;УДМУРТСКАЯ;47.1;12300;50455795
7813419538;2892226;2022;САНКТ-ПЕТЕРБУРГ;86.90.9;12300;45899947
7813419538;2892226;2023;САНКТ-ПЕТЕРБУРГ;86.90.9;12300;48079196
7813419538;2892226;2024;САНКТ-ПЕТЕРБУРГ;86.90.9;12300;50913928
6234008743;1331711;2022;РЯЗАНСКАЯ;62.0;12300;45008149
6234008743;1331711;2023;РЯЗАНСКАЯ;62.0;12300;48462120
6234008743;1331711;2024;РЯЗАНСКАЯ;62.0;12300;51615860
7724365930;9769498;2022;МОСКВА;71.12.2;12300;45861972
7724365930;9769498;2023;МОСКВА;71.12.2;12300;48218992
7724365930;9769498;2024;МОСКВА;71.12.2;12300;51233450
2352051138;9001815;2022;КРАСНОДАРСКИЙ;52.22;12300;47147713
2352051138;9001815;2023;КРАСНОДАРСКИЙ;52.22;12300;49484183
2352051138;9001815;2024;КРАСНОДАРСКИЙ;52.22;12300;52580377
7100021141;11842082;2022;ТУЛЬСКАЯ;56.30;12300;44658064
7100021141;11842082;2023;ТУЛЬСКАЯ;56.30;12300;48115544
7100021141;11842082;2024;ТУЛЬСКАЯ;56.30;12300;50410170
6315624701;969246;2022;САМАРСКАЯ;42.11;12300;45582954
6315624701;969246;2023;САМАРСКАЯ;42.11;12300;48652054
6315624701;969246;2024;САМАРСКАЯ;42.11;12300;51438193
2801265490;11671184;2022;АМУРСКАЯ;71.12;12300;46147225
2801265490;11671184;2023;АМУРСКАЯ;71.12;12300;48506840
2801265490;11671184;2024;АМУРСКАЯ;71.12;12300;50073132
2130215642;11206337;2022;ЧУВАШСКАЯ РЕСПУБЛИКА -;56.10.1;12300;45182108
2130215642;11206337;2023;ЧУВАШСКАЯ РЕСПУБЛИКА -;56.10.1;12300;47996989
2130215642;11206337;2024;ЧУВАШСКАЯ РЕСПУБЛИКА -;56.10.1;12300;50726205
7017412260;9968974;2022;ТОМСКАЯ;47.51.1;12300;44386626
7017412260;9968974;2023;ТОМСКАЯ;47.51.1;12300;49215312
7017412260;9968974;2024;ТОМСКАЯ;47.51.1;12300;51290029
7701313501;7146240;2022;МОСКВА;18.1;12300;45047409
7701313501;7146240;2023;МОСКВА;18.1;12300;49044425
7701313501;7146240;2024;МОСКВА;58;12300;51380966
4007003223;5838479;2022;КАЛУЖСКАЯ;43.21;12300;45826651
4007003223;5838479;2023;КАЛУЖСКАЯ;43.21;12300;48960899
4007003223;5838479;2024;КАЛУЖСКАЯ;43.21;12300;51006512
2628060365;11379190;2022;СТАВРОПОЛЬСКИЙ;86.23;12300;45107228
2628060365;11379190;2023;СТАВРОПОЛЬСКИЙ;86.23;12300;47484921
2628060365;11379190;2024;СТАВРОПОЛЬСКИЙ;86.23;12300;50701059
4429003447;5999649;2022;КОСТРОМСКАЯ;41.20;12300;44760271
4429003447;5999649;2023;КОСТРОМСКАЯ;41.20;12300;48031691
4429003447;5999649;2024;КОСТРОМСКАЯ;41.20;12300;51559423
2130221011;11408795;2022;ЧУВАШСКАЯ РЕСПУБЛИКА -;56.10;12300;45415242
2130221011;11408795;2023;ЧУВАШСКАЯ РЕСПУБЛИКА -;56.10;12300;48833809
2130221011;11408795;2024;ЧУВАШСКАЯ РЕСПУБЛИКА -;56.10;12300;52052337
6617011123;123443;2022;СВЕРДЛОВСКАЯ;35.30.5;12300;46170987
6617011123;123443;2023;СВЕРДЛОВСКАЯ;35.30.5;12300;49386186
6617011123;123443;2024;СВЕРДЛОВСКАЯ;35.30.5;12300;52195730
1514007119;2981085;2022;СЕВЕРНАЯ ОСЕТИЯ - АЛАНИЯ;47.59.9;12300;46543215
1514007119;2981085;2023;СЕВЕРНАЯ ОСЕТИЯ - АЛАНИЯ;47.59.9;12300;49622811
1514007119;2981085;2024;СЕВЕРНАЯ ОСЕТИЯ - АЛАНИЯ;47.59.9;12300;52506684
4105040696;2640875;2022;КАМЧАТСКИЙ;70.22;12300;43878431
4105040696;2640875;2023;КАМЧАТСКИЙ;01.5;12300;49305959
4105040696;2640875;2024;КАМЧАТСКИЙ;01.5;12300;51902842
1684001026;11743404;2022;ТАТАРСТАН;69.20;12300;46218892
1684001026;11743404;2023;ТАТАРСТАН;69.20;12300;48256792
1684001026;11743404;2024;ТАТАРСТАН;69.20;12300;51273719
6678097400;10850979;2022;СВЕРДЛОВСКАЯ;41.20;12300;47097010
6678097400;10850979;2023;СВЕРДЛОВСКАЯ;41.20;12300;49703654
6678097400;10850979;2024;СВЕРДЛОВСКАЯ;41.2;12300;52837250
3257052729;10200704;2022;БРЯНСКАЯ;42.12;12300;44904719
3257052729;10200704;2023;БРЯНСКАЯ;42.12;12300;47388879
3257052729;10200704;2024;БРЯНСКАЯ;42.12;12300;50294186
3257048592;10020468;2022;БРЯНСКАЯ;56.30;12300;45961408
3257048592;10020468;2023;БРЯНСКАЯ;56.30;12300;49136260
3257048592;10020468;2024;БРЯНСКАЯ;56.30;12300;51720971
1001352688;11553119;2022;КАРЕЛИЯ;73.11;12300;46495559
1001352688;11553119;2023;КАРЕЛИЯ;73.11;12300;49843145
1001352688;11553119;2024;КАРЕЛИЯ;73.11;12300;52450392
3913014633;11764836;2022;КАЛИНИНГРАДСКАЯ;56.10;12300;45799286
3913014633;11764836;2023;КАЛИНИНГРАДСКАЯ;56.10;12300;49091531
3913014633;11764836;2024;КАЛИНИНГРАДСКАЯ;56.10;12300;51682016
5503098175;2093775;2022;ОМСКАЯ;71.11;12300;45899524
5503098175;2093775;2023;ОМСКАЯ;71.11;12300;49073689
5503098175;2093775;2024;ОМСКАЯ;71.11;12300;51204143
6382060063;2906476;2022;САМАРСКАЯ;52.29;12300;46329710
6382060063;2906476;2023;САМАРСКАЯ;52.29;12300;49346757
6382060063;2906476;2024;САМАРСКАЯ;52.29;12300;52292982
1660340830;11239618;2022;ТАТАРСТАН;43.21;12300;46403048
1660340830;11239618;2023;ТАТАРСТАН;43.21;12300;49661384
1660340830;11239618;2024;ТАТАРСТАН;43.21;12300;52380541
6230054770;1336729;2022;РЯЗАНСКАЯ;43.29;12300;45218438
6230054770;1336729;2023;РЯЗАНСКАЯ;43.29;12300;48618015
6230054770;1336729;2024;РЯЗАНСКАЯ;43.29;12300;51263970
3525475994;11737602;2022;ВОЛОГОДСКАЯ;46.90;12300;45479839
3525475994;11737602;2023;ВОЛОГОДСКАЯ;46.90;12300;47599504
3525475994;11737602;2024;ВОЛОГОДСКАЯ;46.90;12300;50552690
7020012092;6345722;2022;ТОМСКАЯ;71.12.45;12267;46613011
7020012092;6345722;2023;ТОМСКАЯ;71.12.45;12267;48776082
7020012092;6345722;2024;ТОМСКАЯ;71.12.45;12267;51598084
0274019902;3325938;2022;Башкортостан;72.19;12300;45244172
0274019902;3325938;2023;Башкортостан;72.19;12300;48385003
0274019902;3325938;2024;Башкортостан;72.19;12300;52008423
5720025223;11624887;2022;ЧЕЧЕНСКАЯ;43.22;12300;44304941
5720025223;11624887;2023;ЧЕЧЕНСКАЯ;43.22;12300;49792414
5720025223;11624887;2024;ЧЕЧЕНСКАЯ;43.22;12300;50442480
6501249600;7646373;2022;САХАЛИНСКАЯ;45.3;12300;44276221
6501249600;7646373;2023;САХАЛИНСКАЯ;45.3;12300;49030771
6501249600;7646373;2024;САХАЛИНСКАЯ;45.3;12300;51082635
1435291935;9098166;2022;САХА /ЯКУТИЯ/;69.20;12300;44572499
1435291935;9098166;2023;САХА /ЯКУТИЯ/;69.20;12300;48295021
1435291935;9098166;2024;САХА /ЯКУТИЯ/;69.20;12300;51216692
7724847806;7431651;2022;МОСКВА;47.62.2;12300;44814830
7724847806;7431651;2023;МОСКВА;47.62.2;12300;48117364
7724847806;7431651;2024;МОСКВА;47.62.2;12300;51035192
7017287604;3639975;2022;ТОМСКАЯ;70.22;12267;46122081
7017287604;3639975;2023;ТОМСКАЯ;70.22;12267;48881724
7017287604;3639975;2024;ТОМСКАЯ;70.22;12267;51921786
0800002568;11787427;2022;КАЛМЫКИЯ;68.20;12300;46154909
0800002568;11787427;2023;КАЛМЫКИЯ;68.20;12300;49672439
0800002568;11787427;2024;КАЛМЫКИЯ;68.20;12300;50403805
3906315742;8345220;2022;КАЛИНИНГРАДСКАЯ;46.73;12300;44907363
3906315742;8345220;2023;КАЛИНИНГРАДСКАЯ;46.73;12300;47940784
3906315742;8345220;2024;КАЛИНИНГРАДСКАЯ;46.73;12300;50241503
4501054639;6857565;2022;КУРГАНСКАЯ;25.11;12300;45293704
4501054639;6857565;2023;КУРГАНСКАЯ;25.11;12300;48127539
4501054639;6857565;2024;КУРГАНСКАЯ;25.11;12300;50729437
1900000929;11512455;2022;ХАКАСИЯ;42.21;12300;44469406
1900000929;11512455;2023;ХАКАСИЯ;42.21;12300;49306888
1900000929;11512455;2024;ХАКАСИЯ;42.21;12300;51086959
5035027891;9497383;2022;МОСКОВСКАЯ;45.20;12300;45783700
5035027891;9497383;2023;МОСКОВСКАЯ;45.20;12300;47518360
5035027891;9497383;2024;МОСКОВСКАЯ;45.20;12300;51074925
0326543450;9577850;2022;БУРЯТИЯ;43.29;12300;46134098
0326543450;9577850;2023;БУРЯТИЯ;43.29;12300;49891116
0326543450;9577850;2024;БУРЯТИЯ;43.29;12300;51914054
7017271812;3860843;2022;ТОМСКАЯ;25.11;12300;44477468
7017271812;3860843;2023;ТОМСКАЯ;25.11;12300;47765866
7017271812;3860843;2024;ТОМСКАЯ;25.11;12300;50682265
7722830878;8276754;2022;МОСКВА;68.20;12300;46052348
7722830878;8276754;2023;МОСКВА;68.20;12300;49658715
7722830878;8276754;2024;МОСКВА;68.20;12300;51542192
0105060624;2088604;2022;АДЫГЕЯ;56.10;12300;45876329
0105060624;2088604;2023;АДЫГЕЯ;56.10;12300;48554604
0105060624;2088604;2024;АДЫГЕЯ;56.10;12300;51320809
1001243181;3251502;2022;КАРЕЛИЯ;68.20.2;12300;45385588
1001243181;3251502;2023;КАРЕЛИЯ;70.22;12300;48344640
1001243181;3251502;2024;КАРЕЛИЯ;70.22;12300;50360804
6722028951;9231714;2022;СМОЛЕНСКАЯ;01.50;12300;45052975
6722028951;9231714;2023;СМОЛЕНСКАЯ;01.50;12300;48247620
6722028951;9231714;2024;СМОЛЕНСКАЯ;01.50;12300;51246041
4345481415;10714370;2022;КИРОВСКАЯ;41.20;12300;44790408
4345481415;10714370;2023;КИРОВСКАЯ;41.20;12300;49938085
4345481415;10714370;2024;КИРОВСКАЯ;41.20;12300;50712105
5504250048;8966361;2022;ОМСКАЯ;41.20;12300;45900355
5504250048;8966361;2023;ОМСКАЯ;41.20;12300;49260429
5504250048;8966361;2024;ОМСКАЯ;41.20;12300;51076985
5838011786;9924931;2022;ПЕНЗЕНСКАЯ;68.31.12;12300;44947582
5838011786;9924931;2023;ПЕНЗЕНСКАЯ;68.31.12;12300;47812350
5838011786;9924931;2024;ПЕНЗЕНСКАЯ;68.31.12;12300;50400651
6732212357;11608402;2022;СМОЛЕНСКАЯ;25.61;12300;46535577
6732212357;11608402;2023;СМОЛЕНСКАЯ;25.61;12300;48773812
6732212357;11608402;2024;СМОЛЕНСКАЯ;25.61;12300;51626188
2463072616;1193950;2022;КРАСНОЯРСКИЙ;70.22;12300;44169983
2463072616;1193950;2023;КРАСНОЯРСКИЙ;70.22;12300;47409836
2463072616;1193950;2024;КРАСНОЯРСКИЙ;70.22;12300;50263720
4401147625;8227560;2022;КОСТРОМСКАЯ;71.11.1;12300;46481878
4401147625;8227560;2023;КОСТРОМСКАЯ;71.11.1;12300;49841853
4401147625;8227560;2024;КОСТРОМСКАЯ;71.11.1;12300;52728651
7627030504;2852659;2022;ЯРОСЛАВСКАЯ;93.29.9;12300;46593431
7627030504;2852659;2023;ЯРОСЛАВСКАЯ;93.29.9;12300;49964153
7627030504;2852659;2024;ЯРОСЛАВСКАЯ;93.29.9;12300;52655780
7810958080;11989806;2022;САНКТ-ПЕТЕРБУРГ;43.22;12300;44117783
7810958080;11989806;2023;САНКТ-ПЕТЕРБУРГ;41.20;12300;47522796
7810958080;11989806;2024;САНКТ-ПЕТЕРБУРГ;41.20;12300;50508816
2116004992;11767787;2022;НИЖЕГОРОДСКАЯ;10.51;12300;44398535
2116004992;11767787;2023;НИЖЕГОРОДСКАЯ;10.51;12300;50010842
2116004992;11767787;2024;НИЖЕГОРОДСКАЯ;10.51;12300;50798579
7313004849;1517746;2022;УЛЬЯНОВСКАЯ;56.10;12300;46189626
7313004849;1517746;2023;УЛЬЯНОВСКАЯ;56.10;12300;49323605
7313004849;1517746;2024;УЛЬЯНОВСКАЯ;56.10;12300;52168229
0608006359;33870;2022;ИНГУШЕТИЯ;43.12;12300;46600531
0608006359;33870;2023;ИНГУШЕТИЯ;43.12;12300;48240592
0608006359;33870;2024;ИНГУШЕТИЯ;43.12;12300;50112360
5251112950;136873;2022;НИЖЕГОРОДСКАЯ;47.2;12300;45997782
5251112950;136873;2023;НИЖЕГОРОДСКАЯ;47.2;12300;48943956
5251112950;136873;2024;НИЖЕГОРОДСКАЯ;47.2;12300;52649767
7106081154;10507944;2022;ТУЛЬСКАЯ;42.22;12300;44568029
7106081154;10507944;2023;ТУЛЬСКАЯ;42.22;12300;47300811
7106081154;10507944;2024;ТУЛЬСКАЯ;42.22;12300;50198312
1644090809;10395401;2022;ТАТАРСТАН;73.11;12300;46533175
1644090809;10395401;2023;ТАТАРСТАН;73.11;12300;49723057
1644090809;10395401;2024;ТАТАРСТАН;73.11;12300;51467955
9102044660;8954907;2022;КРЫМ;73.11;12300;45087472
9102044660;8954907;2023;КРЫМ;73.11;12300;49638215
9102044660;8954907;2024;КРЫМ;73.11;12300;51383451
1901057460;242380;2022;ХАКАСИЯ;41.20;12300;47049350
1901057460;242380;2023;ХАКАСИЯ;41.20;12300;49726435
1901057460;242380;2024;ХАКАСИЯ;41.20;12300;52776298
9710090421;11616699;2022;НИЖЕГОРОДСКАЯ;73.11;12300;45342013
9710090421;11616699;2023;НИЖЕГОРОДСКАЯ;73.11;12300;49514498
9710090421;11616699;2024;НИЖЕГОРОДСКАЯ;73.11;12300;51337284
8904071017;7678344;2022;ЯМАЛО-НЕНЕЦКИЙ;86.21;12300;45620264
8904071017;7678344;2023;ЯМАЛО-НЕНЕЦКИЙ;86.21;12300;49804328
8904071017;7678344;2024;ЯМАЛО-НЕНЕЦКИЙ;86.21;12300;51370850
4345475926;10518619;2022;КИРОВСКАЯ;52.29;12300;44722230
4345475926;10518619;2023;КИРОВСКАЯ;52.29;12300;48082036
4345475926;10518619;2024;КИРОВСКАЯ;52.29;12300;51165601
7810457486;8382048;2022;САНКТ-ПЕТЕРБУРГ;86.23;12300;46444539
7810457486;8382048;2023;САНКТ-ПЕТЕРБУРГ;86.23;12300;49655182
7810457486;8382048;2024;САНКТ-ПЕТЕРБУРГ;86.23;12300;51532228
6450114182;11777457;2022;САРАТОВСКАЯ;49.41;12300;44361150
6450114182;11777457;2023;САРАТОВСКАЯ;49.41;12300;49545376
6450114182;11777457;2024;САРАТОВСКАЯ;49.41;12300;52535198
9703002431;11143244;2022;МОСКВА;43.34;12300;46443297
9703002431;11143244;2023;МОСКВА;43.34;12300;48996979
9703002431;11143244;2024;МОСКВА;43.34;12300;52410124
5257187261;10930792;2022;НИЖЕГОРОДСКАЯ;73.11;12300;44563399
5257187261;10930792;2023;НИЖЕГОРОДСКАЯ;73.11;12300;47256196
5257187261;10930792;2024;НИЖЕГОРОДСКАЯ;73.11;12300;50120868
3250531803;7385022;2022;БРЯНСКАЯ;86;12300;46604673
3250531803;7385022;2023;БРЯНСКАЯ;86;12300;48132829
3250531803;7385022;2024;БРЯНСКАЯ;86;12300;50622431
4345405171;9023043;2022;КИРОВСКАЯ;46.73.1;12300;45867533
4345405171;9023043;2023;КИРОВСКАЯ;46.73.1;12300;50029701
4345405171;9023043;2024;КИРОВСКАЯ;46.73.1;12300;52086618
2536314235;10852811;2022;ПРИМОРСКИЙ;47.11;12300;44409829
2536314235;10852811;2023;ПРИМОРСКИЙ;47.11;12300;48117071
2536314235;10852811;2024;ПРИМОРСКИЙ;47.11;12300;51056371
4027130893;10005462;2022;КАЛУЖСКАЯ;71.12.1;12300;44191604
4027130893;10005462;2023;КАЛУЖСКАЯ;71.12.1;12300;49525340
4027130893;10005462;2024;КАЛУЖСКАЯ;71.12.1;12300;52331229
2465286349;7757912;2022;КРАСНОЯРСКИЙ;25.1;12300;46968491
2465286349;7757912;2023;КРАСНОЯРСКИЙ;25.1;12300;48619098
2465286349;7757912;2024;КРАСНОЯРСКИЙ;25.1;12300;52771118
7814607862;8468112;2022;САНКТ-ПЕТЕРБУРГ;69.20;12300;45120933
7814607862;8468112;2023;САНКТ-ПЕТЕРБУРГ;69.20;12300;49588236
7814607862;8468112;2024;САНКТ-ПЕТЕРБУРГ;69.20;12300;52198691
3328021670;10832470;2022;ВЛАДИМИРСКАЯ;45.20;12300;46964846
3328021670;10832470;2023;ВЛАДИМИРСКАЯ;45.20;12300;47608577
3328021670;10832470;2024;ВЛАДИМИРСКАЯ;45.20;12300;50742490
3849052251;9145615;2022;ИРКУТСКАЯ;43.22;12300;44324139
3849052251;9145615;2023;ИРКУТСКАЯ;43.22;12300;47357640
3849052251;9145615;2024;ИРКУТСКАЯ;43.22;12300;50641168
7327048010;5388937;2022;УЛЬЯНОВСКАЯ;41.20;12300;46325981
7327048010;5388937;2023;УЛЬЯНОВСКАЯ;41.20;12300;49588445
7327048010;5388937;2024;УЛЬЯНОВСКАЯ;41.20;12300;52745574
5751035447;4152013;2022;ОРЛОВСКАЯ;86.23;12300;44512865
5751035447;4152013;2023;ОРЛОВСКАЯ;86.23;12300;47618198
5751035447;4152013;2024;ОРЛОВСКАЯ;86.23;12300;50581905
7610090978;5151711;2022;ЯРОСЛАВСКАЯ;41.20;12300;44806722
7610090978;5151711;2023;ЯРОСЛАВСКАЯ;41.20;12300;49153806
7610090978;5151711;2024;ЯРОСЛАВСКАЯ;41.20;12300;50805948
1328018723;11320895;2022;МОРДОВИЯ;70.22;12300;46213676
1328018723;11320895;2023;МОРДОВИЯ;70.22;12300;49762574
1328018723;11320895;2024;МОРДОВИЯ;70.22;12300;51365198
7728493146;11197335;2022;МОСКВА;41.20;12300;44482444
7728493146;11197335;2023;МОСКВА;41.20;12300;47682801
7728493146;11197335;2024;МОСКВА;41.20;12300;50429953
7328056335;1215798;2022;УЛЬЯНОВСКАЯ;73.11;12300;46315938
7328056335;1215798;2023;УЛЬЯНОВСКАЯ;73.11;12300;49260489
7328056335;1215798;2024;УЛЬЯНОВСКАЯ;73.11;12300;52344409
3461068260;11953073;2022;ВОЛГОГРАДСКАЯ;45.11;12300;45125568
3461068260;11953073;2023;ВОЛГОГРАДСКАЯ;70.10.2;12300;48527694
3461068260;11953073;2024;ВОЛГОГРАДСКАЯ;70.10.2;12300;51125602
0277958900;11851073;2022;БАШКОРТОСТАН;46.75;12300;44032034
0277958900;11851073;2023;БАШКОРТОСТАН;46.75;12300;49620122
0277958900;11851073;2024;БАШКОРТОСТАН;46.75;12300;50662765
1827020326;3143975;2022;УДМУРТСКАЯ;56.10;12300;44271233
1827020326;3143975;2023;УДМУРТСКАЯ;56.10;12300;47419741
1827020326;3143975;2024;УДМУРТСКАЯ;56.10;12300;50417225
8706006383;7980248;2022;ЧУКОТСКИЙ;47.11;12300;45802304
8706006383;7980248;2023;ЧУКОТСКИЙ;47.11;12300;49295210
8706006383;7980248;2024;ЧУКОТСКИЙ;47.11;12300;52601145
0601018122;232308;2022;ИНГУШЕТИЯ;68.20.2;12300;44254658
0601018122;232308;2023;ИНГУШЕТИЯ;68.20.2;12300;47374796
0601018122;232308;2024;ИНГУШЕТИЯ;68.20.2;12300;50242300
7802927177;11880788;2022;САНКТ-ПЕТЕРБУРГ;62.01;12300;44797434
7802927177;11880788;2023;САНКТ-ПЕТЕРБУРГ;62.01;12300;48286846
7802927177;11880788;2024;САНКТ-ПЕТЕРБУРГ;62.01;12300;51156957
7708369158;11218407;2022;КУРГАНСКАЯ;26.51.4;12300;46188929
7708369158;11218407;2023;КУРГАНСКАЯ;26.51.4;12300;48638404
7708369158;11218407;2024;КУРГАНСКАЯ;26.51.4;12300;52292095
3015090323;2497191;2022;АСТРАХАНСКАЯ;41.20;12300;44835154
3015090323;2497191;2023;АСТРАХАНСКАЯ;41.20;12300;48931426
3015090323;2497191;2024;АСТРАХАНСКАЯ;41.20;12300;51790531
7116131012;1988786;2022;ТУЛЬСКАЯ;47.52.73;12300;45841034
7116131012;1988786;2023;ТУЛЬСКАЯ;47.52.73;12300;49272311
7116131012;1988786;2024;ТУЛЬСКАЯ;47.52.73;12300;52757667
2222822968;8428421;2022;АЛТАЙСКИЙ;47.54;12300;46666374
2222822968;8428421;2023;АЛТАЙСКИЙ;47.54;12300;49410560
2222822968;8428421;2024;АЛТАЙСКИЙ;47.54;12300;51966373
2130028240;1080319;2022;ЧУВАШСКАЯ РЕСПУБЛИКА -;46.69.9;12300;45513431
2130028240;1080319;2023;ЧУВАШСКАЯ РЕСПУБЛИКА -;45.11.1;12300;49583905
2130028240;1080319;2024;ЧУВАШСКАЯ РЕСПУБЛИКА -;45.11.1;12300;52264988
7327032170;9393208;2022;УЛЬЯНОВСКАЯ;73.11;12300;46444535
7327032170;9393208;2023;УЛЬЯНОВСКАЯ;73.11;12300;49106321
7327032170;9393208;2024;УЛЬЯНОВСКАЯ;73.11;12300;50704927
7203283117;7530502;2022;ТЮМЕНСКАЯ;49.41;12300;45063993
7203283117;7530502;2023;ТЮМЕНСКАЯ;49.41;12300;49807841
7203283117;7530502;2024;ТЮМЕНСКАЯ;49.41;12300;50472980
7610109121;9128766;2022;ЯРОСЛАВСКАЯ;70.22;12300;45733941
7610109121;9128766;2023;ЯРОСЛАВСКАЯ;70.22;12300;48946013
7610109121;9128766;2024;ЯРОСЛАВСКАЯ;70.22;12300;51345741
2901224909;761693;2022;АРХАНГЕЛЬСКАЯ;47.73;12300;45618608
2901224909;761693;2023;АРХАНГЕЛЬСКАЯ;47.73;12300;48658823
2901224909;761693;2024;АРХАНГЕЛЬСКАЯ;47.73;12300;51181346
3702104670;9148257;2022;ИВАНОВСКАЯ;42.11;12300;46513167
3702104670;9148257;2023;ИВАНОВСКАЯ;42.11;12300;49743677
3702104670;9148257;2024;ИВАНОВСКАЯ;42.11;12300;50531046
5047197961;10213029;2022;МОСКОВСКАЯ;46.71.1;12300;46171139
5047197961;10213029;2023;МОСКОВСКАЯ;46.71.1;12300;49287281
5047197961;10213029;2024;МОСКОВСКАЯ;46.71.1;12300;52065838
5321178789;9464926;2022;НОВГОРОДСКАЯ;45.31.1;12300;45392513
5321178789;9464926;2023;НОВГОРОДСКАЯ;45.31.1;12300;48460908
5321178789;9464926;2024;НОВГОРОДСКАЯ;45.31.1;12300;50937438
1838022967;11074084;2022;УДМУРТСКАЯ;86.23;12300;46545179
1838022967;11074084;2023;УДМУРТСКАЯ;86.23;12300;49658943
1838022967;11074084;2024;УДМУРТСКАЯ;86.23;12300;52312205
5507252967;10119053;2022;ОМСКАЯ;41.20;12300;45515539
5507252967;10119053;2023;ОМСКАЯ;41.20;12300;48529441
5507252967;10119053;2024;ОМСКАЯ;41.20;12300;52930762
3528257218;9822732;2022;ВОЛОГОДСКАЯ;96.04;12300;44308549
3528257218;9822732;2023;ВОЛОГОДСКАЯ;96.04;12300;48739471
3528257218;9822732;2024;ВОЛОГОДСКАЯ;96.04;12300;50606923
1435315664;10050108;2022;САХА /ЯКУТИЯ/;42.21;12300;44120550
1435315664;10050108;2023;САХА /ЯКУТИЯ/;42.21;12300;49412216
1435315664;10050108;2024;САХА /ЯКУТИЯ/;42.21;12300;50468927
9103082756;10059037;2022;КРЫМ;86.10;12247;44935245
9103082756;10059037;2023;КРЫМ;86.90.4;12247;48923902
9103082756;10059037;2024;КРЫМ;86.90.4;12247;52808103
2721139806;5634960;2022;ХАБАРОВСКИЙ;62.02;12300;44628064
2721139806;5634960;2023;ХАБАРОВСКИЙ;62.02;12300;48100439
2721139806;5634960;2024;ХАБАРОВСКИЙ;62.02;12300;50234532
5407499167;8779283;2022;НОВОСИБИРСКАЯ;69.20;12300;44698101
5407499167;8779283;2023;НОВОСИБИРСКАЯ;69.20;12300;47968594
5407499167;8779283;2024;НОВОСИБИРСКАЯ;69.20;12300;50755523
7743381430;11852315;2022;МОСКВА;41.20;12300;47104401
7743381430;11852315;2023;МОСКВА;41.20;12300;49494211
7743381430;11852315;2024;МОСКВА;41.20;12300;52738166
3808001120;1739673;2022;ИРКУТСКАЯ;43.21;12300;45920571
3808001120;1739673;2023;ИРКУТСКАЯ;43.21;12300;48111054
3808001120;1739673;2024;ИРКУТСКАЯ;43.21;12300;52626602
7536139254;8165936;2022;ЗАБАЙКАЛЬСКИЙ;42.11;12300;45587760
7536139254;8165936;2023;ЗАБАЙКАЛЬСКИЙ;42.11;12300;47883987
7536139254;8165936;2024;ЗАБАЙКАЛЬСКИЙ;42.11;12300;51048006
3662263310;10688971;2022;ВОРОНЕЖСКАЯ;42.21;12300;46315221
3662263310;10688971;2023;ВОРОНЕЖСКАЯ;42.21;12300;48983876
3662263310;10688971;2024;ВОРОНЕЖСКАЯ;42.21;12300;50512728
4708013438;472629;2022;ЛЕНИНГРАДСКАЯ;52.23;12300;44899380
4708013438;472629;2023;ЛЕНИНГРАДСКАЯ;52.23;12300;48261019
4708013438;472629;2024;ЛЕНИНГРАДСКАЯ;52.23;12300;50935028
8602076273;2688818;2022;Ханты-Мансийский Автономный округ - Югра;86.21;12300;45577690
8602076273;2688818;2023;Ханты-Мансийский Автономный округ - Югра;86.23;12300;48627062
8602076273;2688818;2024;Ханты-Мансийский Автономный округ - Югра;86.23;12300;51976661
7204180731;273340;2022;ТЮМЕНСКАЯ;41.20;12300;44368168
7204180731;273340;2023;ТЮМЕНСКАЯ;41.20;12300;47441763
7204180731;273340;2024;ТЮМЕНСКАЯ;41.20;12300;50254868
5751035662;4152306;2022;ОРЛОВСКАЯ;25.62;12300;45954218
5751035662;4152306;2023;ОРЛОВСКАЯ;25.62;12300;49104286
5751035662;4152306;2024;ОРЛОВСКАЯ;25.62;12300;51922508
7610108110;9061050;2022;ЯРОСЛАВСКАЯ;68.20.2;12300;44634985
7610108110;9061050;2023;ЯРОСЛАВСКАЯ;68.20;12300;48971811
7610108110;9061050;2024;ЯРОСЛАВСКАЯ;68.20;12300;51852781
7838073289;10364471;2022;ЛЕНИНГРАДСКАЯ;73.11;12300;46615627
7838073289;10364471;2023;ЛЕНИНГРАДСКАЯ;73.11;12300;49547433
7838073289;10364471;2024;ЛЕНИНГРАДСКАЯ;73.11;12300;52350402
3810315149;4693496;2022;ИРКУТСКАЯ;55.20;12300;45556148
3810315149;4693496;2023;ИРКУТСКАЯ;55.20;12300;49297072
3810315149;4693496;2024;ИРКУТСКАЯ;55.20;12300;52339708
1683007890;11920905;2022;ТАТАРСТАН;01.41.1;12300;45644344
1683007890;11920905;2023;ТАТАРСТАН;01.41.1;12300;49530549
1683007890;11920905;2024;ТАТАРСТАН;01.41.1;12300;51046271
7705803095;5721350;2022;МОСКВА;71.1;12300;44755528
7705803095;5721350;2023;МОСКВА;71.1;12300;47978748
7705803095;5721350;2024;МОСКВА;71.1;12300;50382507
5837074529;10866307;2022;ПЕНЗЕНСКАЯ;49.41;12300;45527375
5837074529;10866307;2023;ПЕНЗЕНСКАЯ;49.41;12300;49243857
5837074529;10866307;2024;ПЕНЗЕНСКАЯ;49.41;12300;52089606
4909097090;1598361;2022;МАГАДАНСКАЯ;71.20.8;12300;44880318
4909097090;1598361;2023;МАГАДАНСКАЯ;71.20.8;12300;48506756
4909097090;1598361;2024;МАГАДАНСКАЯ;71.20.8;12300;51485721
4240008787;6013749;2022;НОВОСИБИРСКАЯ;46.34.23;12300;46113217
4240008787;6013749;2023;НОВОСИБИРСКАЯ;46.34.23;12300;49344459
4240008787;6013749;2024;НОВОСИБИРСКАЯ;46.34.23;12300;52222208
2461023620;5521700;2022;КРАСНОЯРСКИЙ;46.73;12300;46197902
2461023620;5521700;2023;КРАСНОЯРСКИЙ;46.73;12300;49307660
2461023620;5521700;2024;КРАСНОЯРСКИЙ;46.73;12300;52646852
5321163013;7973312;2022;НОВГОРОДСКАЯ;43.39;12300;45824380
5321163013;7973312;2023;НОВГОРОДСКАЯ;43.39;12300;48893036
5321163013;7973312;2024;НОВГОРОДСКАЯ;43.39;12300;51847408
1515908229;3750024;2022;СЕВЕРНАЯ ОСЕТИЯ - АЛАНИЯ;73.11;12300;44855657
1515908229;3750024;2023;СЕВЕРНАЯ ОСЕТИЯ - АЛАНИЯ;73.11;12300;48364922
1515908229;3750024;2024;СЕВЕРНАЯ ОСЕТИЯ - АЛАНИЯ;73.11;12300;51506924
2315129611;6353970;2022;КРАСНОДАРСКИЙ;46.90;12300;45363577
2315129611;6353970;2023;КРАСНОДАРСКИЙ;46.90;12300;48875431
2315129611;6353970;2024;КРАСНОДАРСКИЙ;46.90;12300;52692905
0276132163;2853986;2022;БАШКОРТОСТАН;46.18;12300;44490830
0276132163;2853986;2023;БАШКОРТОСТАН;46.18;12300;48102113
0276132163;2853986;2024;БАШКОРТОСТАН;46.18;12300;50794979
0403004720;3190537;2022;АЛТАЙ;93.19;12300;45079573
0403004720;3190537;2023;АЛТАЙ;93.19;12300;47855892
0403004720;3190537;2024;АЛТАЙ;01.70;12300;51686007
1105020535;5157365;2022;КОМИ;69;12300;44233190
1105020535;5157365;2023;КОМИ;69;12300;48816244
1105020535;5157365;2024;КОМИ;69;12300;51200573
5836629200;5746648;2022;МОСКВА;79.11;12300;45837776
5836629200;5746648;2023;МОСКВА;79.11;12300;49951582
5836629200;5746648;2024;МОСКВА;79.11;12300;50429784
1208004888;159817;2022;МАРИЙ ЭЛ;42.11;12300;47020849
1208004888;159817;2023;МАРИЙ ЭЛ;42.11;12300;49690931
1208004888;159817;2024;МАРИЙ ЭЛ;42.11;12300;52688830
5035016346;5853865;2022;МОСКОВСКАЯ;25.99;12300;45526150
5035016346;5853865;2023;МОСКОВСКАЯ;25.99;12300;49222289
5035016346;5853865;2024;МОСКОВСКАЯ;25.99;12300;52098388
5448952876;11334557;2022;НОВОСИБИРСКАЯ;53.20.3;12300;44452646
5448952876;11334557;2023;НОВОСИБИРСКАЯ;53.20.3;12300;47528670
5448952876;11334557;2024;НОВОСИБИРСКАЯ;53.20.3;12300;50344003
2902073177;466296;2022;АРХАНГЕЛЬСКАЯ;93.19;12300;45449734
2902073177;466296;2023;АРХАНГЕЛЬСКАЯ;93.19;12300;47589185
2902073177;466296;2024;АРХАНГЕЛЬСКАЯ;93.19;12300;51643779
3804050053;7835892;2022;ИРКУТСКАЯ;49.41;12300;46344429
3804050053;7835892;2023;ИРКУТСКАЯ;49.41;12300;49962860
3804050053;7835892;2024;ИРКУТСКАЯ;49.41;12300;52263150
2720059594;10872303;2022;ХАБАРОВСКИЙ;35.21;12300;46197887
2720059594;10872303;2023;ХАБАРОВСКИЙ;35.21;12300;48110242
2720059594;10872303;2024;ХАБАРОВСКИЙ;35.21;12300;51559134
7723583269;4987641;2022;МОСКВА;72.19;12300;45959773
7723583269;4987641;2023;МОСКВА;72.19;12300;49028312
7723583269;4987641;2024;МОСКВА;72.19;12300;52645529
7703472786;10960830;2022;МОСКВА;46.31;12300;44663930
7703472786;10960830;2023;МОСКВА;46.31;12300;47807627
7703472786;10960830;2024;МОСКВА;46.31;12300;50381107
3123148644;5742245;2022;БЕЛГОРОДСКАЯ;68.2;12300;44669079
3123148644;5742245;2023;БЕЛГОРОДСКАЯ;68.2;12300;47614281
3123148644;5742245;2024;БЕЛГОРОДСКАЯ;68.20;12300;50462996
6230076037;2289609;2022;РЯЗАНСКАЯ;45.31.1;12300;46571119
6230076037;2289609;2023;РЯЗАНСКАЯ;45.31.1;12300;48550001
6230076037;2289609;2024;РЯЗАНСКАЯ;45.31.1;12300;51218266
3254511734;1553296;2022;БРЯНСКАЯ;68.3;12300;45770856
3254511734;1553296;2023;БРЯНСКАЯ;68.3;12300;48863164
3254511734;1553296;2024;БРЯНСКАЯ;68.3;12300;50849504
1513051612;8955246;2022;СЕВЕРНАЯ ОСЕТИЯ - АЛАНИЯ;69.10;12300;44055789
1513051612;8955246;2023;СЕВЕРНАЯ ОСЕТИЯ - АЛАНИЯ;69.10;12300;48998381
1513051612;8955246;2024;СЕВЕРНАЯ ОСЕТИЯ - АЛАНИЯ;69.10;12300;50275768
7017217734;2048558;2022;ТОМСКАЯ;43.99;12300;45395389
7017217734;2048558;2023;ТОМСКАЯ;43.99;12300;48568565
7017217734;2048558;2024;ТОМСКАЯ;43.99;12300;51084585
6164273093;1088246;2022;РОСТОВСКАЯ;69.20;12300;45648488
6164273093;1088246;2023;РОСТОВСКАЯ;69.20;12300;48067233
6164273093;1088246;2024;РОСТОВСКАЯ;69.20;12300;51508707
7838304360;1232733;2022;САНКТ-ПЕТЕРБУРГ;25.30.1;12300;44654057
7838304360;1232733;2023;САНКТ-ПЕТЕРБУРГ;25.30.1;12300;48008588
7838304360;1232733;2024;САНКТ-ПЕТЕРБУРГ;25.62;12300;51039441
3329099246;11516640;2022;ВЛАДИМИРСКАЯ;62.09;12300;46626457
3329099246;11516640;2023;ВЛАДИМИРСКАЯ;62.09;12300;49151649
3329099246;11516640;2024;ВЛАДИМИРСКАЯ;62.09;12300;50993966
1901134869;10255356;2022;ХАКАСИЯ;46.71;12300;44869928
1901134869;10255356;2023;ХАКАСИЯ;46.71;12300;48252578
1901134869;10255356;2024;ХАКАСИЯ;49.42;12300;52228634
7704804201;890734;2022;МОСКВА;68.32;12300;44427557
7704804201;890734;2023;МОСКВА;68.32;12300;47596034
7704804201;890734;2024;МОСКВА;68.32;12300;50665288
6949114620;11506766;2022;ТВЕРСКАЯ;45.11.2;12300;45893600
6949114620;11506766;2023;ТВЕРСКАЯ;45.11.2;12300;49141232
6949114620;11506766;2024;ТВЕРСКАЯ;45.11.2;12300;52389544
2464116640;9025711;2022;КРАСНОЯРСКИЙ;41.20;12300;46115743
2464116640;9025711;2023;КРАСНОЯРСКИЙ;41.20;12300;48887351
2464116640;9025711;2024;КРАСНОЯРСКИЙ;41.20;12300;51880693
4633041925;11764181;2022;КУРСКАЯ;22.22;12300;45248342
4633041925;11764181;2023;КУРСКАЯ;22.22;12300;48215260
4633041925;11764181;2024;КУРСКАЯ;22.22;12300;50954320
1435356131;11444275;2022;САХА /ЯКУТИЯ/;71.20.8;12300;45382374
1435356131;11444275;2023;САХА /ЯКУТИЯ/;71.20.8;12300;49003345
1435356131;11444275;2024;САХА /ЯКУТИЯ/;71.20.8;12300;52624876
3305799591;10949645;2022;ВЛАДИМИРСКАЯ;69.10;12300;46571824
3305799591;10949645;2023;ВЛАДИМИРСКАЯ;69.10;12300;49464693
3305799591;10949645;2024;ВЛАДИМИРСКАЯ;69.10;12300;52430245
5904401164;11840698;2022;ПЕРМСКИЙ;42.21;12300;44693839
5904401164;11840698;2023;ПЕРМСКИЙ;42.21;12300;49123420
5904401164;11840698;2024;ПЕРМСКИЙ;42.21;12300;51542595
2901277925;9768767;2022;АРХАНГЕЛЬСКАЯ;47.19;12300;46501795
2901277925;9768767;2023;АРХАНГЕЛЬСКАЯ;47.19;12300;47910034
2901277925;9768767;2024;АРХАНГЕЛЬСКАЯ;47.19;12300;51785654
1831199203;11367159;2022;УДМУРТСКАЯ;56.10;12300;46552311
1831199203;11367159;2023;УДМУРТСКАЯ;56.10;12300;49489143
1831199203;11367159;2024;УДМУРТСКАЯ;56.10;12300;52453542
6449091371;10762223;2022;САРАТОВСКАЯ;46.71;12300;44925980
6449091371;10762223;2023;САРАТОВСКАЯ;46.71;12300;49102377
6449091371;10762223;2024;САРАТОВСКАЯ;46.71;12300;51180565
0573014701;11436980;2022;ДАГЕСТАН;25.11;12300;46457756
0573014701;11436980;2023;ДАГЕСТАН;25.11;12300;47666319
0573014701;11436980;2024;ДАГЕСТАН;25.11;12300;50980660
7416073072;6164689;2022;ЧЕЛЯБИНСКАЯ;56.10.21;12300;44356803
7416073072;6164689;2023;ЧЕЛЯБИНСКАЯ;56.10.21;12300;47558697
7416073072;6164689;2024;ЧЕЛЯБИНСКАЯ;56.10.21;12300;50233126
1838023142;11113421;2022;УДМУРТСКАЯ;68.32;12300;44931730
1838023142;11113421;2023;УДМУРТСКАЯ;68.32;12300;48400456
1838023142;11113421;2024;УДМУРТСКАЯ;68.32;12300;51033209
3906399012;11521712;2022;КАЛИНИНГРАДСКАЯ;25.99.29;12300;45631483
3906399012;11521712;2023;КАЛИНИНГРАДСКАЯ;25.99.29;12300;47413181
3906399012;11521712;2024;КАЛИНИНГРАДСКАЯ;25.99.29;12300;50620911
2312208086;8143971;2022;КРАСНОДАРСКИЙ;35.14;12300;45729774
2312208086;8143971;2023;КРАСНОДАРСКИЙ;35.14;12300;49894355
2312208086;8143971;2024;КРАСНОДАРСКИЙ;35.14;12300;52026506
0721017233;3919472;2022;КАБАРДИНО-БАЛКАРСКАЯ;25.12;12300;47148452
0721017233;3919472;2023;КАБАРДИНО-БАЛКАРСКАЯ;25.12;12300;49988511
0721017233;3919472;2024;КАБАРДИНО-БАЛКАРСКАЯ;25.12;12300;52669177
6950229907;11041711;2022;ТВЕРСКАЯ;93.11;12300;45830007
6950229907;11041711;2023;ТВЕРСКАЯ;93.11;12300;48094464
6950229907;11041711;2024;ТВЕРСКАЯ;93.11;12300;52017582
5403049400;10996948;2022;НОВОСИБИРСКАЯ;43.99;12300;45474082
5403049400;10996948;2023;НОВОСИБИРСКАЯ;43.99;12300;49249257
5403049400;10996948;2024;НОВОСИБИРСКАЯ;43.99;12300;51379428
1101010536;128628;2022;КОМИ;42.12;12300;45178589
1101010536;128628;2023;КОМИ;42.12;12300;48442679
1101010536;128628;2024;КОМИ;42.12;12300;50750933
0706004790;5268967;2022;КАБАРДИНО-БАЛКАРСКАЯ;01.50;12300;44708738
0706004790;5268967;2023;КАБАРДИНО-БАЛКАРСКАЯ;01.50;12300;48055702
0706004790;5268967;2024;КАБАРДИНО-БАЛКАРСКАЯ;01.50;12300;50639176
7536155626;9541409;2022;ЗАБАЙКАЛЬСКИЙ;01.70;12300;45570024
7536155626;9541409;2023;ЗАБАЙКАЛЬСКИЙ;01.70;12300;48568215
7536155626;9541409;2024;ЗАБАЙКАЛЬСКИЙ;01.70;12300;51212661
1410007883;9595359;2022;САХА (ЯКУТИЯ);69.20;12300;45292094
1410007883;9595359;2023;САХА (ЯКУТИЯ);69.20;12300;47286399
1410007883;9595359;2024;САХА (ЯКУТИЯ);69.20;12300;50135567
2310119659;6460911;2022;КРАСНОДАРСКИЙ;43.22;12300;45136835
2310119659;6460911;2023;КРАСНОДАРСКИЙ;43.22;12300;47525536
2310119659;6460911;2024;КРАСНОДАРСКИЙ;43.22;12300;51740600
5401302270;3161383;2022;НОВОСИБИРСКАЯ;68.2;12300;44521083
5401302270;3161383;2023;НОВОСИБИРСКАЯ;68.2;12300;48085278
5401302270;3161383;2024;НОВОСИБИРСКАЯ;68.2;12300;51143644
8905051542;2332031;2022;ЯМАЛО-НЕНЕЦКИЙ;71.20.6;12300;47010336
8905051542;2332031;2023;ЯМАЛО-НЕНЕЦКИЙ;71.20.6;12300;47838321
8905051542;2332031;2024;ЯМАЛО-НЕНЕЦКИЙ;71.20.6;12300;50589581
2309139160;8238244;2022;КРАСНОДАРСКИЙ;46.37;12300;44993174
2309139160;8238244;2023;КРАСНОДАРСКИЙ;46.37;12300;47483048
2309139160;8238244;2024;КРАСНОДАРСКИЙ;46.37;12300;50530229
3666177292;2471556;2022;ВОРОНЕЖСКАЯ;70.10.1;12300;44498558
3666177292;2471556;2023;ВОРОНЕЖСКАЯ;70.10.1;12300;49329419
3666177292;2471556;2024;ВОРОНЕЖСКАЯ;70.10.1;12300;52026257
1901069842;1128246;2022;ХАКАСИЯ;03.12;12300;45375210
1901069842;1128246;2023;ХАКАСИЯ;03.12;12300;48109716
1901069842;1128246;2024;ХАКАСИЯ;03.12;12300;50281482
4338006514;270884;2022;КИРОВСКАЯ;45.20;12300;44675956
4338006514;270884;2023;КИРОВСКАЯ;45.20;12300;47876206
4338006514;270884;2024;КИРОВСКАЯ;45.20;12300;50785683
1327020568;8285396;2022;МОРДОВИЯ;69.20;12300;45883096
1327020568;8285396;2023;МОРДОВИЯ;69.20;12300;48375853
1327020568;8285396;2024;МОРДОВИЯ;69.20;12300;51796905
2464142739;10644732;2022;КРАСНОЯРСКИЙ;46.52;12300;45506775
2464142739;10644732;2023;КРАСНОЯРСКИЙ;46.52;12300;47571718
2464142739;10644732;2024;КРАСНОЯРСКИЙ;46.52;12300;51362462
7710353123;7151318;2022;ТВЕРСКАЯ;68.20.2;12300;45640425
7710353123;7151318;2023;ТВЕРСКАЯ;68.20.2;12300;48417687
7710353123;7151318;2024;ТВЕРСКАЯ;68.20.2;12300;51924980
7801669300;11075671;2022;САНКТ-ПЕТЕРБУРГ;79.11;12300;44744349
7801669300;11075671;2023;САНКТ-ПЕТЕРБУРГ;79.11;12300;48235271
7801669300;11075671;2024;САНКТ-ПЕТЕРБУРГ;79.11;12300;51990025
7203531761;11753730;2022;ТЮМЕНСКАЯ;25.62;12267;46182282
7203531761;11753730;2023;ТЮМЕНСКАЯ;25.62;12267;49073692
7203531761;11753730;2024;ТЮМЕНСКАЯ;25.62;12267;52365730
1435310264;9836384;2022;САХА /ЯКУТИЯ/;41.20;12300;45184864
1435310264;9836384;2023;САХА /ЯКУТИЯ/;41.20;12300;48494852
1435310264;9836384;2024;САХА /ЯКУТИЯ/;41.20;12300;50649693
1831199041;11354841;2022;УДМУРТСКАЯ;46.45.1;12300;45856850
1831199041;11354841;2023;УДМУРТСКАЯ;46.45.1;12300;48741588
1831199041;11354841;2024;УДМУРТСКАЯ;46.45.1;12300;51125464
7813660528;11768261;2022;МОСКВА;46.61.1;12300;45251234
7813660528;11768261;2023;МОСКВА;46.61.1;12300;47935960
7813660528;11768261;2024;МОСКВА;46.61.1;12300;50772813
7704134116;4410409;2022;МОСКВА;71.12.5;12300;46963028
7704134116;4410409;2023;МОСКВА;71.12.5;12300;49876453
7704134116;4410409;2024;МОСКВА;71.12.5;12300;52703033
6315576977;2846038;2022;САМАРСКАЯ;49.41.1;12300;46503794
6315576977;2846038;2023;САМАРСКАЯ;49.41.1;12300;49601365
6315576977;2846038;2024;САМАРСКАЯ;49.41.1;12300;52424854
7810915256;11546669;2022;САНКТ-ПЕТЕРБУРГ;41.20;12300;45004100
7810915256;11546669;2023;САНКТ-ПЕТЕРБУРГ;41.20;12300;47471950
7810915256;11546669;2024;САНКТ-ПЕТЕРБУРГ;41.20;12300;50357608
3827058122;10827722;2022;ИРКУТСКАЯ;86.23;12300;45214095
3827058122;10827722;2023;ИРКУТСКАЯ;86.23;12300;48238513
3827058122;10827722;2024;ИРКУТСКАЯ;86.23;12300;51281283
9203001750;8782823;2022;СЕВАСТОПОЛЬ;49.31;12300;45145907
9203001750;8782823;2023;СЕВАСТОПОЛЬ;49.31;12300;48936815
9203001750;8782823;2024;СЕВАСТОПОЛЬ;49.31;12300;51929729
1700001058;11535865;2022;ТЫВА;41.20;12300;44046501
1700001058;11535865;2023;ТЫВА;41.20;12300;49795221
1700001058;11535865;2024;ТЫВА;41.20;12300;50894801
2006002625;173510;2022;ЧЕЧЕНСКАЯ;73.11;12300;46432555
2006002625;173510;2023;ЧЕЧЕНСКАЯ;73.11;12300;48980511
2006002625;173510;2024;ЧЕЧЕНСКАЯ;73.11;12300;51760387
2623021732;5987943;2022;СТАВРОПОЛЬСКИЙ;46.51;12300;44035234
2623021732;5987943;2023;СТАВРОПОЛЬСКИЙ;46.51;12300;47395114
2623021732;5987943;2024;СТАВРОПОЛЬСКИЙ;46.51;12300;50244813
7425008707;6174581;2022;ЧЕЛЯБИНСКАЯ;01.11;12300;45641013
7425008707;6174581;2023;ЧЕЛЯБИНСКАЯ;01.11;12300;47961749
7425008707;6174581;2024;ЧЕЛЯБИНСКАЯ;01.11;12300;51130460
0700005371;11930687;2022;КАБАРДИНО-БАЛКАРСКАЯ;42.11;12300;44130750
0700005371;11930687;2023;КАБАРДИНО-БАЛКАРСКАЯ;42.11;12300;47351398
0700005371;11930687;2024;КАБАРДИНО-БАЛКАРСКАЯ;42.11;12300;50570474
2420008292;9916699;2022;КРАСНОЯРСКИЙ;01.61;12300;45026119
2420008292;9916699;2023;КРАСНОЯРСКИЙ;01.61;12300;47323884
2420008292;9916699;2024;КРАСНОЯРСКИЙ;01.61;12300;50166039
3812083729;770783;2022;ИРКУТСКАЯ;41.2;12300;45438303
3812083729;770783;2023;ИРКУТСКАЯ;41.2;12300;49065549
3812083729;770783;2024;ИРКУТСКАЯ;41.2;12300;52323581
9723041414;10531834;2022;МОСКВА;63.11;12300;47067254
9723041414;10531834;2023;МОСКВА;63.11;12300;50034268
9723041414;10531834;2024;МОСКВА;63.11;12300;52577188
3808135903;6085369;2022;ИРКУТСКАЯ;74.1;12300;46501642
3808135903;6085369;2023;ИРКУТСКАЯ;74.1;12300;49583698
3808135903;6085369;2024;ИРКУТСКАЯ;74.1;12300;52636224
6321441921;10501078;2022;САМАРСКАЯ;42.99;12300;44747656
6321441921;10501078;2023;САМАРСКАЯ;42.99;12300;48090425
6321441921;10501078;2024;САМАРСКАЯ;42.99;12300;50667554
3602011975;10675516;2022;ВОРОНЕЖСКАЯ;68.10;12300;45130067
3602011975;10675516;2023;ВОРОНЕЖСКАЯ;68.10;12300;48141034
3602011975;10675516;2024;ВОРОНЕЖСКАЯ;41.20;12300;52406099
0323395684;9868670;2022;БУРЯТИЯ;41.20;12300;46664962
0323395684;9868670;2023;БУРЯТИЯ;41.20;12300;48578050
0323395684;9868670;2024;БУРЯТИЯ;41.20;12300;52706151
8904072081;7907361;2022;ЯМАЛО-НЕНЕЦКИЙ;43.2;12300;45719151
8904072081;7907361;2023;ЯМАЛО-НЕНЕЦКИЙ;43.2;12300;49699480
8904072081;7907361;2024;ЯМАЛО-НЕНЕЦКИЙ;62.02;12300;52702777
3702243458;11330078;2022;ИВАНОВСКАЯ;73.11;12300;44112692
3702243458;11330078;2023;ИВАНОВСКАЯ;73.11;12300;47296185
3702243458;11330078;2024;ИВАНОВСКАЯ;73.11;12300;50241953
3511007146;11567694;2022;ВОЛОГОДСКАЯ;56.10;12300;45529511
3511007146;11567694;2023;ВОЛОГОДСКАЯ;56.10;12300;48264962
3511007146;11567694;2024;ВОЛОГОДСКАЯ;56.10;12300;51725245
1007022326;7673018;2022;ЛЕНИНГРАДСКАЯ;47.25;12300;45173619
1007022326;7673018;2023;ЛЕНИНГРАДСКАЯ;47.25;12300;47976098
1007022326;7673018;2024;ЛЕНИНГРАДСКАЯ;47.25;12300;50683524
5711002893;4262724;2022;ОРЛОВСКАЯ;03.21.4;12300;46268323
5711002893;4262724;2023;ОРЛОВСКАЯ;03.21.4;12300;49478942
5711002893;4262724;2024;ОРЛОВСКАЯ;03.21.4;12300;52198403
8901017678;559693;2022;ЯМАЛО-НЕНЕЦКИЙ;43;12300;46032803
8901017678;559693;2023;ЯМАЛО-НЕНЕЦКИЙ;43;12300;49554430
8901017678;559693;2024;ЯМАЛО-НЕНЕЦКИЙ;43.12;12300;52621671
0917024267;8201220;2022;КАРАЧАЕВО-ЧЕРКЕССКАЯ;71.11.1;12300;45238760
0917024267;8201220;2023;КАРАЧАЕВО-ЧЕРКЕССКАЯ;71.11.1;12300;47530394
0917024267;8201220;2024;КАРАЧАЕВО-ЧЕРКЕССКАЯ;71.11.1;12300;50787896
2130076036;1492013;2022;ЧУВАШСКАЯ РЕСПУБЛИКА -;46.90;12300;46136109
2130076036;1492013;2023;ЧУВАШСКАЯ РЕСПУБЛИКА -;25.94;12300;48553395
2130076036;1492013;2024;ЧУВАШСКАЯ РЕСПУБЛИКА -;25.94;12300;51875228
7018047980;6396116;2022;ТОМСКАЯ;41.20;12300;45808215
7018047980;6396116;2023;ТОМСКАЯ;41.20;12300;48006676
7018047980;6396116;2024;ТОМСКАЯ;41.20;12300;52810031
7819313898;5021990;2022;САНКТ-ПЕТЕРБУРГ;47.91.2;12300;44811351
7819313898;5021990;2023;САНКТ-ПЕТЕРБУРГ;47.91.2;12300;47744371
7819313898;5021990;2024;САНКТ-ПЕТЕРБУРГ;47.91.2;12300;50591747
4705057331;320618;2022;ЛЕНИНГРАДСКАЯ;25.61;12300;44465821
4705057331;320618;2023;ЛЕНИНГРАДСКАЯ;25.61;12300;48039988
4705057331;320618;2024;ЛЕНИНГРАДСКАЯ;25.61;12300;50769866
6829091963;7944878;2022;ТАМБОВСКАЯ;43.3;12300;45515623
6829091963;7944878;2023;ТАМБОВСКАЯ;43.31;12300;48442723
6829091963;7944878;2024;ТАМБОВСКАЯ;43.3;12300;51368326
2630039635;1099600;2022;СТАВРОПОЛЬСКИЙ;71.12.53;12300;44106848
2630039635;1099600;2023;СТАВРОПОЛЬСКИЙ;71.12.53;12300;48105827
2630039635;1099600;2024;СТАВРОПОЛЬСКИЙ;71.12.53;12300;50869313
2130225545;11589740;2022;ЧУВАШСКАЯ РЕСПУБЛИКА -;85.41.1;12300;46046569
2130225545;11589740;2023;ЧУВАШСКАЯ РЕСПУБЛИКА -;93.19;12300;49358317
2130225545;11589740;2024;ЧУВАШСКАЯ РЕСПУБЛИКА -;93.19;12300;52355363
6027133175;1248172;2022;ПСКОВСКАЯ;73.1;12300;46061409
6027133175;1248172;2023;ПСКОВСКАЯ;73.1;12300;47909611
6027133175;1248172;2024;ПСКОВСКАЯ;73.1;12300;51113531
2722130958;8598470;2022;ХАБАРОВСКИЙ;71.1;12300;45987879
2722130958;8598470;2023;ХАБАРОВСКИЙ;71.1;12300;49084058
2722130958;8598470;2024;ХАБАРОВСКИЙ;71.1;12300;52725726
6234188486;11234361;2022;РЯЗАНСКАЯ;49.41;12300;45462717
6234188486;11234361;2023;РЯЗАНСКАЯ;49.41;12300;47977678
6234188486;11234361;2024;РЯЗАНСКАЯ;49.41;12300;52070801
7701079146;9071729;2022;МОСКВА;73.11;12300;46473639
7701079146;9071729;2023;МОСКВА;73.11;12300;49617096
7701079146;9071729;2024;МОСКВА;73.11;12300;52586006
3329099052;11473325;2022;ВЛАДИМИРСКАЯ;71.20.62;12300;44393590
3329099052;11473325;2023;ВЛАДИМИРСКАЯ;71.20.62;12300;48015009
3329099052;11473325;2024;ВЛАДИМИРСКАЯ;71.20.62;12300;52309594
6312172976;10234570;2022;САМАРСКАЯ;52.29;12300;45348501
6312172976;10234570;2023;САМАРСКАЯ;52.29;12300;47705407
6312172976;10234570;2024;САМАРСКАЯ;52.29;12300;50571173
7707386344;10259417;2022;МОСКВА;75.00;12300;45826242
7707386344;10259417;2023;МОСКВА;75.00;12300;48523392
7707386344;10259417;2024;МОСКВА;75.00;12300;52548858
7328102165;10997196;2022;КАЛМЫКИЯ;01.61;12300;45895306
7328102165;10997196;2023;КАЛМЫКИЯ;01.61;12300;49724832
7328102165;10997196;2024;КАЛМЫКИЯ;01.61;12300;52439962
6315659172;8636657;2022;САМАРСКАЯ;86.23;12300;46438829
6315659172;8636657;2023;САМАРСКАЯ;86.23;12300;48941960
6315659172;8636657;2024;САМАРСКАЯ;86.23;12300;52354445
5404060861;10270302;2022;НОВОСИБИРСКАЯ;73.11;12300;46172625
5404060861;10270302;2023;НОВОСИБИРСКАЯ;73.11;12300;47964862
5404060861;10270302;2024;НОВОСИБИРСКАЯ;73.11;12300;51816512
8904050842;122144;2022;ЯМАЛО-НЕНЕЦКИЙ;71.12.5;12300;45499380
8904050842;122144;2023;ЯМАЛО-НЕНЕЦКИЙ;71.12.5;12300;47915234
8904050842;122144;2024;ЯМАЛО-НЕНЕЦКИЙ;71.12.5;12300;51765549
5017126177;11632576;2022;МОСКОВСКАЯ;41.20;12300;45146273
5017126177;11632576;2023;МОСКОВСКАЯ;41.20;12300;48961500
5017126177;11632576;2024;МОСКОВСКАЯ;41.20;12300;50796421
1106035125;11650035;2022;КОМИ;69.20;12300;45542185
1106035125;11650035;2023;КОМИ;69.20;12300;49990016
1106035125;11650035;2024;КОМИ;69.20;12300;50242139
5043061790;10278167;2022;МОСКОВСКАЯ;68.20;12300;45020257
5043061790;10278167;2023;МОСКОВСКАЯ;68.20;12300;47888006
5043061790;10278167;2024;МОСКОВСКАЯ;68.20;12300;50743649
7448148475;2634996;2022;ЧЕЛЯБИНСКАЯ;62.01;12300;44468121
7448148475;2634996;2023;ЧЕЛЯБИНСКАЯ;62.01;12300;47347888
7448148475;2634996;2024;ЧЕЛЯБИНСКАЯ;62.01;12300;50085221
6321125010;6042244;2022;САМАРСКАЯ;47.78.9;12300;45101615
6321125010;6042244;2023;САМАРСКАЯ;47.78.9;12300;48379775
6321125010;6042244;2024;САМАРСКАЯ;47.78.9;12300;51546987
2626034377;1152012;2022;СТАВРОПОЛЬСКИЙ;71.12.53;12300;46334767
2626034377;1152012;2023;СТАВРОПОЛЬСКИЙ;71.12.53;12300;49457447
2626034377;1152012;2024;СТАВРОПОЛЬСКИЙ;71.12.53;12300;51757452
6732061316;8054626;2022;СМОЛЕНСКАЯ;73.11;12300;46449007
6732061316;8054626;2023;СМОЛЕНСКАЯ;73.11;12300;49650404
6732061316;8054626;2024;СМОЛЕНСКАЯ;73.11;12300;51042208
2724238690;11247209;2022;ХАБАРОВСКИЙ;46.71;12300;45271051
2724238690;11247209;2023;ХАБАРОВСКИЙ;46.71;12300;48175419
2724238690;11247209;2024;ХАБАРОВСКИЙ;46.71;12300;51681199
2031001544;10123974;2022;ЧЕЧЕНСКАЯ;93.11;12300;46549032
2031001544;10123974;2023;ЧЕЧЕНСКАЯ;93.11;12300;49666937
2031001544;10123974;2024;ЧЕЧЕНСКАЯ;93.11;12300;52460138
5603015711;4147038;2022;ОРЕНБУРГСКАЯ;93.19;12300;44015556
5603015711;4147038;2023;ОРЕНБУРГСКАЯ;93.19;12300;48818576
5603015711;4147038;2024;ОРЕНБУРГСКАЯ;93.1;12300;50398257
5406978590;10313292;2022;НОВОСИБИРСКАЯ;74.90;12300;45610749
5406978590;10313292;2023;НОВОСИБИРСКАЯ;74.90;12300;47800184
5406978590;10313292;2024;НОВОСИБИРСКАЯ;74.90;12300;50094414
7604234766;7554522;2022;ЯРОСЛАВСКАЯ;70.22;12300;46454642
7604234766;7554522;2023;ЯРОСЛАВСКАЯ;70.22;12300;49656199
7604234766;7554522;2024;ЯРОСЛАВСКАЯ;70.22;12300;52242058
7604043948;6575449;2022;ЯРОСЛАВСКАЯ;71.12;12300;44531185
7604043948;6575449;2023;ЯРОСЛАВСКАЯ;71.12;12300;50039866
7604043948;6575449;2024;ЯРОСЛАВСКАЯ;71.12;12300;50418800
6679102959;10014531;2022;СВЕРДЛОВСКАЯ;26.30.13;12300;46363367
6679102959;10014531;2023;СВЕРДЛОВСКАЯ;26.30.13;12300;49521989
6679102959;10014531;2024;СВЕРДЛОВСКАЯ;26.30.13;12300;52390243
7734368383;9488150;2022;МОСКВА;71.20;12300;45412411
7734368383;9488150;2023;МОСКВА;71.20;12300;48954317
7734368383;9488150;2024;МОСКВА;71.20;12300;51630375
3702108152;9208924;2022;ИВАНОВСКАЯ;71.1;12300;45977617
3702108152;9208924;2023;ИВАНОВСКАЯ;71.1;12300;48936343
3702108152;9208924;2024;ИВАНОВСКАЯ;71.1;12300;51334674
7710948314;8105459;2022;МОСКВА;43.21;12300;45636888
7710948314;8105459;2023;МОСКВА;43.21;12300;48638397
7710948314;8105459;2024;МОСКВА;43.21;12300;51782719
5007108475;11122934;2022;МОСКОВСКАЯ;43.31;12300;46040979
5007108475;11122934;2023;МОСКОВСКАЯ;43.31;12300;48954329
5007108475;11122934;2024;МОСКОВСКАЯ;43.31;12300;51753902
1215100906;1638123;2022;МАРИЙ ЭЛ;74.20;12300;45301526
1215100906;1638123;2023;МАРИЙ ЭЛ;74.20;12300;48246576
1215100906;1638123;2024;МАРИЙ ЭЛ;71.1;12300;51323236
3128030702;1161828;2022;БЕЛГОРОДСКАЯ;42.21;12267;44425070
3128030702;1161828;2023;БЕЛГОРОДСКАЯ;42.21;12267;48026887
3128030702;1161828;2024;БЕЛГОРОДСКАЯ;42.21;12267;51193595
9203536227;9085887;2022;СЕВАСТОПОЛЬ;46.69.8;12300;45714078
9203536227;9085887;2023;СЕВАСТОПОЛЬ;46.69.8;12300;48823819
9203536227;9085887;2024;СЕВАСТОПОЛЬ;46.69.8;12300;51439471
8604056138;8105866;2022;ХАНТЫ-МАНСИЙСКИЙ АВТОНОМНЫЙ ОКРУГ - ЮГРА;45.11.2;12300;46487147
8604056138;8105866;2023;ХАНТЫ-МАНСИЙСКИЙ АВТОНОМНЫЙ ОКРУГ - ЮГРА;45.11.2;12300;49708674
8604056138;8105866;2024;ХАНТЫ-МАНСИЙСКИЙ АВТОНОМНЫЙ ОКРУГ - ЮГРА;45.11.2;12300;52725114
0816018482;1230294;2022;КАЛМЫКИЯ;69.20.2;12300;45237053
0816018482;1230294;2023;КАЛМЫКИЯ;69.20.2;12300;48337588
0816018482;1230294;2024;КАЛМЫКИЯ;69.20.2;12300;50650874
4708022337;1831543;2022;ЛЕНИНГРАДСКАЯ;81.29.1;12300;46380512
4708022337;1831543;2023;ЛЕНИНГРАДСКАЯ;81.29.1;12300;49523969
4708022337;1831543;2024;ЛЕНИНГРАДСКАЯ;81.29.1;12300;52499303
9204008205;8816377;2022;СЕВАСТОПОЛЬ;68.32;12300;45616094
9204008205;8816377;2023;СЕВАСТОПОЛЬ;68.32;12300;47279058
9204008205;8816377;2024;СЕВАСТОПОЛЬ;68.32;12300;50618853
2225162036;9350392;2022;АЛТАЙСКИЙ;47.72;12300;45773448
2225162036;9350392;2023;АЛТАЙСКИЙ;47.72;12300;49336548
2225162036;9350392;2024;АЛТАЙСКИЙ;47.72;12300;51647024
2223599423;8560112;2022;АЛТАЙСКИЙ;41.20;12300;46175829
2223599423;8560112;2023;АЛТАЙСКИЙ;41.20;12300;49242429
2223599423;8560112;2024;АЛТАЙСКИЙ;41.20;12300;52139165
5256192935;11461110;2022;НИЖЕГОРОДСКАЯ;45.31;12300;46967988
5256192935;11461110;2023;НИЖЕГОРОДСКАЯ;45.31;12300;47388471
5256192935;11461110;2024;НИЖЕГОРОДСКАЯ;45.31;12300;50236262
5837027977;2367504;2022;ПЕНЗЕНСКАЯ;86.21;12300;45250209
5837027977;2367504;2023;ПЕНЗЕНСКАЯ;86.21;12300;48498978
5837027977;2367504;2024;ПЕНЗЕНСКАЯ;86.21;12300;51371878
6829107444;9062892;2022;ТАМБОВСКАЯ;49.41;12300;44237642
6829107444;9062892;2023;ТАМБОВСКАЯ;49.41;12300;47179718
6829107444;9062892;2024;ТАМБОВСКАЯ;46.46.2;12300;50748804
6163108731;3512704;2022;РОСТОВСКАЯ;25.99;12300;44947252
6163108731;3512704;2023;РОСТОВСКАЯ;25.99;12300;48389654
6163108731;3512704;2024;РОСТОВСКАЯ;25.99;12300;51192841
6658361945;1153472;2022;СВЕРДЛОВСКАЯ;68.32.2;12300;44141676
6658361945;1153472;2023;СВЕРДЛОВСКАЯ;68.32.2;12300;48411486
6658361945;1153472;2024;СВЕРДЛОВСКАЯ;68.32.2;12300;50595122
2635254393;11922755;2022;СТАВРОПОЛЬСКИЙ;42.91;12300;44302479
2635254393;11922755;2023;СТАВРОПОЛЬСКИЙ;42.91;12300;48309141
2635254393;11922755;2024;СТАВРОПОЛЬСКИЙ;42.91;12300;50290782
7723400469;9323899;2022;РЯЗАНСКАЯ;72.19;12300;46357684
7723400469;9323899;2023;РЯЗАНСКАЯ;72.19;12300;47720967
7723400469;9323899;2024;РЯЗАНСКАЯ;72.19;12300;52798937
0276912660;9724679;2022;БАШКОРТОСТАН;56.10;12300;45884316
0276912660;9724679;2023;БАШКОРТОСТАН;56.10;12300;48620058
0276912660;9724679;2024;БАШКОРТОСТАН;56.10;12300;50059886
3664086191;713352;2022;ВОРОНЕЖСКАЯ;41.20;12300;45209208
3664086191;713352;2023;ВОРОНЕЖСКАЯ;41.20;12300;49062160
3664086191;713352;2024;ВОРОНЕЖСКАЯ;41.20;12300;52330333
3528336011;11982588;2022;ВОЛОГОДСКАЯ;49.41;12300;46359726
3528336011;11982588;2023;ВОЛОГОДСКАЯ;49.41;12300;49498700
3528336011;11982588;2024;ВОЛОГОДСКАЯ;49.41;12300;52354159
1215181422;8550624;2022;МАРИЙ ЭЛ;47.7;12300;45817645
1215181422;8550624;2023;МАРИЙ ЭЛ;47.7;12300;48939021
1215181422;8550624;2024;МАРИЙ ЭЛ;47.7;12300;52411499
2801129730;4313953;2022;АМУРСКАЯ;46.4;12300;45817397
2801129730;4313953;2023;АМУРСКАЯ;46.4;12300;49308461
2801129730;4313953;2024;АМУРСКАЯ;46.4;12300;52919342
3705063830;613004;2022;ИВАНОВСКАЯ;68.20;12300;46626006
3705063830;613004;2023;ИВАНОВСКАЯ;68.20;12300;47645784
3705063830;613004;2024;ИВАНОВСКАЯ;68.20;12300;50819612
1660289870;10133407;2022;ТАТАРСТАН;52.29;12300;46521218
1660289870;10133407;2023;ТАТАРСТАН;52.29;12300;49420460
1660289870;10133407;2024;ТАТАРСТАН;52.29;12300;52209019
4025446845;9819390;2022;КАЛУЖСКАЯ;10.51;12267;47059271
4025446845;9819390;2023;КАЛУЖСКАЯ;10.51;12267;50055571
4025446845;9819390;2024;КАЛУЖСКАЯ;10.51;12267;52348866
2543047799;8507629;2022;ПРИМОРСКИЙ;52.29;12300;46102903
2543047799;8507629;2023;ПРИМОРСКИЙ;52.29;12300;49371063
2543047799;8507629;2024;ПРИМОРСКИЙ;52.29;12300;52303486
9723076375;10921737;2022;МОСКВА;68.20;12300;45008081
9723076375;10921737;2023;МОСКВА;68.20;12300;48155738
9723076375;10921737;2024;МОСКВА;68.20;12300;52214450
3664241143;10978377;2022;ВОРОНЕЖСКАЯ;71.20.9;12300;44628856
3664241143;10978377;2023;ВОРОНЕЖСКАЯ;71.20.9;12300;47755860
3664241143;10978377;2024;ВОРОНЕЖСКАЯ;71.20.9;12300;50858861
3913014129;11100731;2022;КАЛИНИНГРАДСКАЯ;71.12.1;12300;44962158
3913014129;11100731;2023;КАЛИНИНГРАДСКАЯ;71.12.1;12300;48955458
3913014129;11100731;2024;КАЛИНИНГРАДСКАЯ;71.12.1;12300;50674926
5702007648;4067004;2022;ОРЛОВСКАЯ;69.20.2;12300;46397098
5702007648;4067004;2023;ОРЛОВСКАЯ;69.20.2;12300;48970013
5702007648;4067004;2024;ОРЛОВСКАЯ;69.20.2;12300;51174017
1513052126;9038019;2022;СЕВЕРНАЯ ОСЕТИЯ - АЛАНИЯ;43.29;12300;45175224
1513052126;9038019;2023;СЕВЕРНАЯ ОСЕТИЯ - АЛАНИЯ;43.29;12300;48766776
1513052126;9038019;2024;СЕВЕРНАЯ ОСЕТИЯ - АЛАНИЯ;43.29;12300;50620247
8619017124;8460859;2022;ХАНТЫ-МАНСИЙСКИЙ АВТОНОМНЫЙ ОКРУГ - ЮГРА;25.61;12267;47063304
8619017124;8460859;2023;ХАНТЫ-МАНСИЙСКИЙ АВТОНОМНЫЙ ОКРУГ - ЮГРА;25.61;12267;48246503
8619017124;8460859;2024;ХАНТЫ-МАНСИЙСКИЙ АВТОНОМНЫЙ ОКРУГ - ЮГРА;25.61;12267;51000728
0708010341;1524165;2022;КАБАРДИНО-БАЛКАРСКАЯ;68.2;12300;46438325
0708010341;1524165;2023;КАБАРДИНО-БАЛКАРСКАЯ;68.2;12300;49629363
0708010341;1524165;2024;КАБАРДИНО-БАЛКАРСКАЯ;68.20;12300;52605114
0562066923;6186180;2022;ДАГЕСТАН;56.1;12300;45595647
0562066923;6186180;2023;ДАГЕСТАН;56.1;12300;49376148
0562066923;6186180;2024;ДАГЕСТАН;56.1;12300;51645269
2465205854;3892965;2022;КРАСНОЯРСКИЙ;68.20;12300;45950027
2465205854;3892965;2023;КРАСНОЯРСКИЙ;68.20;12300;49004226
2465205854;3892965;2024;КРАСНОЯРСКИЙ;68.20.2;12300;51773172
3257080275;11650024;2022;БРЯНСКАЯ;86.23;12300;44360060
3257080275;11650024;2023;БРЯНСКАЯ;86.23;12300;47786230
3257080275;11650024;2024;БРЯНСКАЯ;86.23;12300;50815846
5318009318;7457618;2022;НОВГОРОДСКАЯ;62.02;12300;45503765
5318009318;7457618;2023;НОВГОРОДСКАЯ;62.02;12300;49869737
5318009318;7457618;2024;НОВГОРОДСКАЯ;62.02;12300;52219746
2308010630;6779555;2022;КРАСНОДАРСКИЙ;56.29;12300;45913401
2308010630;6779555;2023;КРАСНОДАРСКИЙ;56.29;12300;48235881
2308010630;6779555;2024;КРАСНОДАРСКИЙ;56.29;12300;51205244
3128137244;10842937;2022;БЕЛГОРОДСКАЯ;25.61;12300;44160233
3128137244;10842937;2023;БЕЛГОРОДСКАЯ;25.61;12300;47328586
3128137244;10842937;2024;БЕЛГОРОДСКАЯ;25.61;12300;50134599
2928001956;1247381;2022;АРХАНГЕЛЬСКАЯ;25.62;12300;45119693
2928001956;1247381;2023;АРХАНГЕЛЬСКАЯ;25.62;12300;48643016
2928001956;1247381;2024;АРХАНГЕЛЬСКАЯ;25.62;12300;50972087
3019007037;7831347;2022;АСТРАХАНСКАЯ;47.1;12300;45218391
3019007037;7831347;2023;АСТРАХАНСКАЯ;47.1;12300;49035000
3019007037;7831347;2024;АСТРАХАНСКАЯ;47.1;12300;50506850
6671203313;11765714;2022;СВЕРДЛОВСКАЯ;52.29;12300;45635095
6671203313;11765714;2023;СВЕРДЛОВСКАЯ;52.29;12300;47777036
6671203313;11765714;2024;СВЕРДЛОВСКАЯ;52.29;12300;51074727
4401177933;10073384;2022;КОСТРОМСКАЯ;69.20;12300;45679982
4401177933;10073384;2023;КОСТРОМСКАЯ;69.20;12300;49212995
4401177933;10073384;2024;КОСТРОМСКАЯ;69.20;12300;52793465
0572032095;12047412;2022;ДАГЕСТАН;93.21;12300;47046005
0572032095;12047412;2023;ДАГЕСТАН;93.21;12300;47305069
0572032095;12047412;2024;ДАГЕСТАН;93.21;12300;50288312
1215229949;11116933;2022;МАРИЙ ЭЛ;68.20;12300;45472558
1215229949;11116933;2023;МАРИЙ ЭЛ;68.20;12300;48167797
1215229949;11116933;2024;МАРИЙ ЭЛ;68.20;12300;51140181
3663080630;4760959;2022;ВОРОНЕЖСКАЯ;45.3;12300;45098917
3663080630;4760959;2023;ВОРОНЕЖСКАЯ;45.3;12300;48757321
3663080630;4760959;2024;ВОРОНЕЖСКАЯ;45.3;12300;52257597
3702523720;3017918;2022;ИВАНОВСКАЯ;45.1;12300;45696064
3702523720;3017918;2023;ИВАНОВСКАЯ;45.1;12300;48561623
3702523720;3017918;2024;ИВАНОВСКАЯ;45.1;12300;51434260
0711022604;237156;2022;КАБАРДИНО-БАЛКАРСКАЯ;47.30;12300;46964967
0711022604;237156;2023;КАБАРДИНО-БАЛКАРСКАЯ;47.30;12300;49929554
0711022604;237156;2024;КАБАРДИНО-БАЛКАРСКАЯ;47.30;12300;52851170
5501190217;10718725;2022;ОМСКАЯ;68.32;12300;46108601
5501190217;10718725;2023;ОМСКАЯ;68.32;12300;49317710
5501190217;10718725;2024;ОМСКАЯ;68.32;12300;52226547
5445014825;7667377;2022;НОВОСИБИРСКАЯ;68.3;12300;45667905
5445014825;7667377;2023;НОВОСИБИРСКАЯ;68.3;12300;48125424
5445014825;7667377;2024;НОВОСИБИРСКАЯ;68.3;12300;52080530
3721000764;1678766;2022;ИВАНОВСКАЯ;43.22;12300;45106745
3721000764;1678766;2023;ИВАНОВСКАЯ;43.22;12300;49348474
3721000764;1678766;2024;ИВАНОВСКАЯ;43.22;12300;52230962
7714893271;7649280;2022;МОСКВА;86;12300;46432706
7714893271;7649280;2023;МОСКВА;86;12300;49163956
7714893271;7649280;2024;МОСКВА;86;12300;51833606
1657057559;4052412;2022;ТАТАРСТАН;73.1;12300;44987340
1657057559;4052412;2023;ТАТАРСТАН;73.1;12300;48713498
1657057559;4052412;2024;ТАТАРСТАН;73.1;12300;51336244
1657023567;6721347;2022;ТАТАРСТАН;68.20.2;12300;46529059
1657023567;6721347;2023;ТАТАРСТАН;68.20.2;12300;49615203
1657023567;6721347;2024;ТАТАРСТАН;68.20.2;12300;52464293
3702735611;8636131;2022;ИВАНОВСКАЯ;43.21;12300;44758082
3702735611;8636131;2023;ИВАНОВСКАЯ;43.21;12300;47632637
3702735611;8636131;2024;ИВАНОВСКАЯ;43.21;12300;50412389
2511121753;11959625;2022;ПРИМОРСКИЙ;86.21;12300;44399587
2511121753;11959625;2023;ПРИМОРСКИЙ;86.21;12300;47382872
2511121753;11959625;2024;ПРИМОРСКИЙ;86.21;12300;51281300
6168117585;11889055;2022;РОСТОВСКАЯ;46.71;12300;44135766
6168117585;11889055;2023;РОСТОВСКАЯ;46.71;12300;47762974
6168117585;11889055;2024;РОСТОВСКАЯ;46.71;12300;52235276
5903073129;2235367;2022;ПЕРМСКИЙ;41.20;12300;45028419
5903073129;2235367;2023;ПЕРМСКИЙ;41.20;12300;48538003
5903073129;2235367;2024;ПЕРМСКИЙ;41.20;12300;52097972
3651007153;9327218;2022;ВОРОНЕЖСКАЯ;25.61;12300;45659014
3651007153;9327218;2023;ВОРОНЕЖСКАЯ;25.61;12300;48586391
3651007153;9327218;2024;ВОРОНЕЖСКАЯ;25.61;12300;51341732
1101174728;11922562;2022;КОМИ;93.29;12300;47014104
1101174728;11922562;2023;КОМИ;93.29;12300;49813967
1101174728;11922562;2024;КОМИ;93.29;12300;51044235
3664098831;1501567;2022;ВОРОНЕЖСКАЯ;69.20.2;12300;45885427
3664098831;1501567;2023;ВОРОНЕЖСКАЯ;69.20.2;12300;49293329
3664098831;1501567;2024;ВОРОНЕЖСКАЯ;69.20.2;12300;51989369
7447105990;1701643;2022;ЧЕЛЯБИНСКАЯ;71.20;12300;43995023
7447105990;1701643;2023;ЧЕЛЯБИНСКАЯ;71.20;12300;47212094
7447105990;1701643;2024;ЧЕЛЯБИНСКАЯ;71.20;12300;50136156
6452922153;1007875;2022;САРАТОВСКАЯ;68.20.2;12300;45060339
6452922153;1007875;2023;САРАТОВСКАЯ;68.20.2;12300;47966793
6452922153;1007875;2024;САРАТОВСКАЯ;68.20.2;12300;51225061
5257201290;11512302;2022;НИЖЕГОРОДСКАЯ;71.12.6;12300;46506561
5257201290;11512302;2023;НИЖЕГОРОДСКАЯ;71.12.6;12300;49535613
5257201290;11512302;2024;НИЖЕГОРОДСКАЯ;71.12.6;12300;52473022
5754023129;9488033;2022;ОРЛОВСКАЯ;23.69;12300;45604240
5754023129;9488033;2023;ОРЛОВСКАЯ;23.69;12300;48251808
5754023129;9488033;2024;ОРЛОВСКАЯ;23.69;12300;51243244
1651089272;11629061;2022;ТАТАРСТАН;49.41;12300;45454064
1651089272;11629061;2023;ТАТАРСТАН;49.41;12300;49761407
1651089272;11629061;2024;ТАТАРСТАН;49.41;12300;52539572
1435361237;11602275;2022;САХА /ЯКУТИЯ/;62.01;12300;45928587
1435361237;11602275;2023;САХА /ЯКУТИЯ/;62.01;12300;48311245
1435361237;11602275;2024;САХА /ЯКУТИЯ/;62.01;12300;51588894
1001340322;10962332;2022;КАРЕЛИЯ;49.41;12300;44774374
1001340322;10962332;2023;КАРЕЛИЯ;49.41;12300;47913795
1001340322;10962332;2024;КАРЕЛИЯ;49.41;12300;50976743
3023023144;11263349;2022;АСТРАХАНСКАЯ;49.41;12300;46356173
3023023144;11263349;2023;АСТРАХАНСКАЯ;49.41;12300;48680781
3023023144;11263349;2024;АСТРАХАНСКАЯ;49.41;12300;51691489
9111022077;9981394;2022;НИЖЕГОРОДСКАЯ;56.10;12300;45378516
9111022077;9981394;2023;НИЖЕГОРОДСКАЯ;56.10;12300;48263929
9111022077;9981394;2024;НИЖЕГОРОДСКАЯ;56.10;12300;51185090
9729029389;9934840;2022;МОСКВА;64.99.3;12267;46143476
9729029389;9934840;2023;МОСКВА;64.99.3;12267;49288645
9729029389;9934840;2024;МОСКВА;64.99.3;12267;52110279
5911043209;4187514;2022;ПЕРМСКИЙ;01.7;12300;46138750
5911043209;4187514;2023;ПЕРМСКИЙ;01.7;12300;49215656
5911043209;4187514;2024;ПЕРМСКИЙ;01.70;12300;50787602
5405497661;8566279;2022;НОВОСИБИРСКАЯ;47.91.2;12300;45414351
5405497661;8566279;2023;НОВОСИБИРСКАЯ;47.91.2;12300;48307759
5405497661;8566279;2024;НОВОСИБИРСКАЯ;47.91.2;12300;51276364
5040164702;11175928;2022;МОСКОВСКАЯ;46.90;12300;45803149
5040164702;11175928;2023;МОСКОВСКАЯ;46.90;12300;49467797
5040164702;11175928;2024;МОСКОВСКАЯ;46.90;12300;50861741
3905078048;6056374;2022;КАЛИНИНГРАДСКАЯ;77.33;12300;44677114
3905078048;6056374;2023;КАЛИНИНГРАДСКАЯ;77.33;12300;47818801
3905078048;6056374;2024;КАЛИНИНГРАДСКАЯ;46.90;12300;52346767
0400006590;10458698;2022;АЛТАЙ;41.20;12300;44353304
0400006590;10458698;2023;АЛТАЙ;41.20;12300;47560769
0400006590;10458698;2024;АЛТАЙ;41.20;12300;50556858
7718271673;9389394;2022;МОСКВА;45.20;12300;46450413
7718271673;9389394;2023;МОСКВА;45.20;12300;49412437
7718271673;9389394;2024;МОСКВА;45.20;12300;51500513
4100037989;11563691;2022;КАМЧАТСКИЙ;86.90;12300;44823057
4100037989;11563691;2023;КАМЧАТСКИЙ;86.90;12300;47542569
4100037989;11563691;2024;КАМЧАТСКИЙ;86.90;12300;50327584
5911082166;11480776;2022;ПЕРМСКИЙ;46.73;12300;44026030
5911082166;11480776;2023;ПЕРМСКИЙ;46.73;12300;47181782
5911082166;11480776;2024;ПЕРМСКИЙ;46.73;12300;50093172
0916010663;10669566;2022;КАРАЧАЕВО-ЧЕРКЕССКАЯ;46.71;12300;44177718
0916010663;10669566;2023;КАРАЧАЕВО-ЧЕРКЕССКАЯ;46.71;12300;47330342
0916010663;10669566;2024;КАРАЧАЕВО-ЧЕРКЕССКАЯ;46.71;12300;50251190
7604220900;2113548;2022;ЯРОСЛАВСКАЯ;71.1;12300;44756425
7604220900;2113548;2023;ЯРОСЛАВСКАЯ;71.1;12300;48150490
7604220900;2113548;2024;ЯРОСЛАВСКАЯ;71.1;12300;51639059
3851021941;10679775;2022;ИРКУТСКАЯ;56.10;12300;44528207
3851021941;10679775;2023;ИРКУТСКАЯ;56.10;12300;49433107
3851021941;10679775;2024;ИРКУТСКАЯ;56.10;12300;50931793
7438016590;3660691;2022;ЧЕЛЯБИНСКАЯ;68.20;12300;44788857
7438016590;3660691;2023;ЧЕЛЯБИНСКАЯ;10.91;12300;49213613
7438016590;3660691;2024;ЧЕЛЯБИНСКАЯ;10.91;12300;51886338
2801184314;7874155;2022;АМУРСКАЯ;47.7;12300;44107638
2801184314;7874155;2023;АМУРСКАЯ;47.7;12300;47798816
2801184314;7874155;2024;АМУРСКАЯ;47.76;12300;50680871
4207014617;5754404;2022;КЕМЕРОВСКАЯ ОБЛАСТЬ - КУЗБАСС;71.12.12;12300;45189743
4207014617;5754404;2023;КЕМЕРОВСКАЯ ОБЛАСТЬ - КУЗБАСС;71.12.12;12300;48894540
4207014617;5754404;2024;КЕМЕРОВСКАЯ ОБЛАСТЬ - КУЗБАСС;71.12.12;12300;51802751
4317007066;7852207;2022;КИРОВСКАЯ;47.11;12300;45648070
4317007066;7852207;2023;КИРОВСКАЯ;47.1;12300;48464263
4317007066;7852207;2024;КИРОВСКАЯ;47.1;12300;52189895
7704765841;3741433;2022;МОСКВА;68.2;12300;44680836
7704765841;3741433;2023;МОСКВА;68.2;12300;47838875
7704765841;3741433;2024;МОСКВА;68.20;12300;50656092
4027103522;5195154;2022;КАЛУЖСКАЯ;73.1;12300;46423577
4027103522;5195154;2023;КАЛУЖСКАЯ;73.1;12300;48958707
4027103522;5195154;2024;КАЛУЖСКАЯ;73.1;12300;51613044
5047030521;7084661;2022;МОСКВА;68.20.2;12300;44493939
5047030521;7084661;2023;МОСКВА;68.20.2;12300;47900834
5047030521;7084661;2024;МОСКВА;68.20.2;12300;50826244
1001352381;11543918;2022;КАРЕЛИЯ;25.11;12300;45136948
1001352381;11543918;2023;КАРЕЛИЯ;25.11;12300;48486975
1001352381;11543918;2024;КАРЕЛИЯ;25.11;12300;52181667
7455002156;591207;2022;ЧЕЛЯБИНСКАЯ;45.31;12300;45124674
7455002156;591207;2023;ЧЕЛЯБИНСКАЯ;45.31;12300;48198152
7455002156;591207;2024;ЧЕЛЯБИНСКАЯ;45.31;12300;50911509
2724120994;2467643;2022;ХАБАРОВСКИЙ;86.21;12300;45041814
2724120994;2467643;2023;ХАБАРОВСКИЙ;86.21;12300;49163063
2724120994;2467643;2024;ХАБАРОВСКИЙ;86.21;12300;52314044
1001338740;10881530;2022;КАРЕЛИЯ;02.40;12300;46126996
1001338740;10881530;2023;КАРЕЛИЯ;02.40;12300;49754401
1001338740;10881530;2024;КАРЕЛИЯ;02.40;12300;52934755
2801175359;7411424;2022;АМУРСКАЯ;42.11;12300;45565705
2801175359;7411424;2023;АМУРСКАЯ;42.11;12300;49012133
2801175359;7411424;2024;АМУРСКАЯ;42.11;12300;51777495
6501274973;9268111;2022;САХАЛИНСКАЯ;41.20;12300;44510435
6501274973;9268111;2023;САХАЛИНСКАЯ;41.20;12300;47382598
6501274973;9268111;2024;САХАЛИНСКАЯ;41.20;12300;50327891
0262031542;10852947;2022;БАШКОРТОСТАН;42.11;12300;45476750
0262031542;10852947;2023;БАШКОРТОСТАН;42.11;12300;48851526
0262031542;10852947;2024;БАШКОРТОСТАН;42.11;12300;52174097
1515919527;4123372;2022;СЕВЕРНАЯ ОСЕТИЯ - АЛАНИЯ;41.20;12300;47051816
1515919527;4123372;2023;СЕВЕРНАЯ ОСЕТИЯ - АЛАНИЯ;41.20;12300;49781997
1515919527;4123372;2024;СЕВЕРНАЯ ОСЕТИЯ - АЛАНИЯ;41.20;12300;52788202
7728658550;812119;2022;МОСКВА;53.20.3;12300;44569286
7728658550;812119;2023;МОСКВА;53.20.3;12300;49134230
7728658550;812119;2024;МОСКВА;53.20.3;12300;50382129
4018009555;1985296;2022;КАЛУЖСКАЯ;08.11.2;12300;46426151
4018009555;1985296;2023;КАЛУЖСКАЯ;08.11.2;12300;49257348
4018009555;1985296;2024;КАЛУЖСКАЯ;08.11.2;12300;52092959
2801258213;11346522;2022;АМУРСКАЯ;71.12;12300;46057952
2801258213;11346522;2023;АМУРСКАЯ;71.12;12300;49771858
2801258213;11346522;2024;АМУРСКАЯ;71.12;12300;52657412
7325149736;9973736;2022;УЛЬЯНОВСКАЯ;93.29;12300;45197335
7325149736;9973736;2023;УЛЬЯНОВСКАЯ;93.29;12300;48605562
7325149736;9973736;2024;УЛЬЯНОВСКАЯ;93.29;12300;51813520
6027201837;11342290;2022;ПСКОВСКАЯ;45.20;12300;44589077
6027201837;11342290;2023;ПСКОВСКАЯ;45.20;12300;48853720
6027201837;11342290;2024;ПСКОВСКАЯ;45.20;12300;51933837
4705065501;8888781;2022;ЛЕНИНГРАДСКАЯ;69.20;12300;45530279
4705065501;8888781;2023;ЛЕНИНГРАДСКАЯ;69.20;12300;49381245
4705065501;8888781;2024;ЛЕНИНГРАДСКАЯ;69.20;12300;51124467
5638025982;4222470;2022;ОРЕНБУРГСКАЯ;62.0;12300;45375677
5638025982;4222470;2023;ОРЕНБУРГСКАЯ;62.0;12300;48346202
5638025982;4222470;2024;ОРЕНБУРГСКАЯ;62.0;12300;51835290
6723000081;3400761;2022;СМОЛЕНСКАЯ;55.30;12300;44739352
6723000081;3400761;2023;СМОЛЕНСКАЯ;55.30;12300;48353138
6723000081;3400761;2024;СМОЛЕНСКАЯ;55.30;12300;51456677
5404243907;3790306;2022;НОВОСИБИРСКАЯ;24.52;12300;45120476
5404243907;3790306;2023;НОВОСИБИРСКАЯ;24.52;12300;48639584
5404243907;3790306;2024;НОВОСИБИРСКАЯ;24.52;12300;50812725
6125022829;2752946;2022;РОСТОВСКАЯ;86.23;12300;46570923
6125022829;2752946;2023;РОСТОВСКАЯ;86.23;12300;49208707
6125022829;2752946;2024;РОСТОВСКАЯ;86.23;12300;52126995
4401179384;10155703;2022;КОСТРОМСКАЯ;70.10;12300;45939663
4401179384;10155703;2023;КОСТРОМСКАЯ;70.10;12300;48381419
4401179384;10155703;2024;КОСТРОМСКАЯ;70.10;12300;51476156
3250512818;3039174;2022;БРЯНСКАЯ;69.10;12300;45523367
3250512818;3039174;2023;БРЯНСКАЯ;69.10;12300;49269383
3250512818;3039174;2024;БРЯНСКАЯ;69.10;12300;51357612
0411161822;7472017;2022;АЛТАЙ;42.11;12300;44675339
0411161822;7472017;2023;АЛТАЙ;42.11;12300;48664059
0411161822;7472017;2024;АЛТАЙ;42.11;12300;52857822
3025009410;8196079;2022;АСТРАХАНСКАЯ;69.20;12300;44114574
3025009410;8196079;2023;АСТРАХАНСКАЯ;69.20;12300;47207760
3025009410;8196079;2024;АСТРАХАНСКАЯ;69.20;12300;50303255
7014064776;10969081;2022;ТОМСКАЯ;01.25.1;12300;46326522
7014064776;10969081;2023;ТОМСКАЯ;01.25.1;12300;48061813
7014064776;10969081;2024;ТОМСКАЯ;01.25.1;12300;52341283
2103005195;11260338;2022;ЧУВАШСКАЯ РЕСПУБЛИКА -;46.32;12300;45560596
2103005195;11260338;2023;ЧУВАШСКАЯ РЕСПУБЛИКА -;49.41;12300;47877218
2103005195;11260338;2024;ЧУВАШСКАЯ РЕСПУБЛИКА -;46.32;12300;50673461
9108005716;8934727;2022;КРЫМ;47.11;12300;44361606
9108005716;8934727;2023;КРЫМ;47.11;12300;47562747
9108005716;8934727;2024;КРЫМ;47.11;12300;51345388
2721182865;4476595;2022;ХАБАРОВСКИЙ;73.1;12300;45045972
2721182865;4476595;2023;ХАБАРОВСКИЙ;73.1;12300;48132662
2721182865;4476595;2024;ХАБАРОВСКИЙ;73.1;12300;51231109
5006259954;7568224;2022;МОСКОВСКАЯ;49.32;12300;45912889
5006259954;7568224;2023;МОСКОВСКАЯ;45.20;12300;48510635
5006259954;7568224;2024;МОСКОВСКАЯ;45.20;12300;51546361
1612007124;1179655;2022;ТАТАРСТАН;01.50;12300;45278605
1612007124;1179655;2023;ТАТАРСТАН;01.4;12300;48464562
1612007124;1179655;2024;ТАТАРСТАН;01.50;12300;51711946
9201507083;9126084;2022;СЕВАСТОПОЛЬ;68.31;12300;46027875
9201507083;9126084;2023;СЕВАСТОПОЛЬ;68.31;12300;47769394
9201507083;9126084;2024;СЕВАСТОПОЛЬ;47.71;12300;51445736
1900003422;11658681;2022;ХАКАСИЯ;25.99.3;12300;45535890
1900003422;11658681;2023;ХАКАСИЯ;25.99.3;12300;48210715
1900003422;11658681;2024;ХАКАСИЯ;25.99.3;12300;51096221
4024008158;665992;2022;КАЛУЖСКАЯ;68.32.1;12300;45647621
4024008158;665992;2023;КАЛУЖСКАЯ;68.32.1;12300;49856957
4024008158;665992;2024;КАЛУЖСКАЯ;68.32.1;12300;50953545
1601009296;10288681;2022;УДМУРТСКАЯ;52.10.21;12300;44979413
1601009296;10288681;2023;УДМУРТСКАЯ;52.10.21;12300;47466934
1601009296;10288681;2024;УДМУРТСКАЯ;52.10.21;12300;50508077
2464247957;7552038;2022;КРАСНОЯРСКИЙ;71.2;12300;45536246
2464247957;7552038;2023;КРАСНОЯРСКИЙ;71.2;12300;49367687
2464247957;7552038;2024;КРАСНОЯРСКИЙ;71.2;12300;50702182
5320016834;1467675;2022;НОВГОРОДСКАЯ;45.21.1;12300;45441948
5320016834;1467675;2023;НОВГОРОДСКАЯ;41.20;12300;48185603
5320016834;1467675;2024;НОВГОРОДСКАЯ;41.20;12300;50934637
3662278540;11122333;2022;ВОРОНЕЖСКАЯ;43.21;12300;46027958
3662278540;11122333;2023;ВОРОНЕЖСКАЯ;43.21;12300;48842562
3662278540;11122333;2024;ВОРОНЕЖСКАЯ;43.21;12300;51189655
7717127170;3092124;2022;МОСКВА;46.90;12300;45971473
7717127170;3092124;2023;МОСКВА;46.90;12300;49398078
7717127170;3092124;2024;МОСКВА;46.90;12300;52195593
6732238595;11979999;2022;СМОЛЕНСКАЯ;41.20;12300;46160300
6732238595;11979999;2023;СМОЛЕНСКАЯ;41.20;12300;48036028
6732238595;11979999;2024;СМОЛЕНСКАЯ;41.20;12300;51156295
5047253302;11624742;2022;МОСКОВСКАЯ;47.23;12300;44713895
5047253302;11624742;2023;МОСКОВСКАЯ;47.23;12300;47197826
5047253302;11624742;2024;МОСКОВСКАЯ;47.23;12300;50809904
9701074695;10216309;2022;МОСКВА;68.20;12300;45173554
9701074695;10216309;2023;МОСКВА;68.20;12300;48475346
9701074695;10216309;2024;МОСКВА;68.20;12300;51168032
7224077362;10211718;2022;ТЮМЕНСКАЯ;71.12.2;12300;45612297
7224077362;10211718;2023;ТЮМЕНСКАЯ;71.12.2;12300;48445891
7224077362;10211718;2024;ТЮМЕНСКАЯ;71.12.2;12300;51272033
5047206091;10475010;2022;МОСКОВСКАЯ;46.52;12300;44319632
5047206091;10475010;2023;МОСКОВСКАЯ;46.52;12300;47578478
5047206091;10475010;2024;МОСКОВСКАЯ;46.52;12300;50866431
5035043036;8067632;2022;МОСКОВСКАЯ;68.32.2;12300;46393632
5035043036;8067632;2023;МОСКОВСКАЯ;68.32.2;12300;49556593
5035043036;8067632;2024;МОСКОВСКАЯ;68.32.2;12300;52381058
5020071545;7459006;2022;МОСКОВСКАЯ;73.20.2;12300;44147688
5020071545;7459006;2023;МОСКОВСКАЯ;73.20.2;12300;47359164
5020071545;7459006;2024;МОСКОВСКАЯ;73.20.2;12300;50207053
7725272036;9209988;2022;МОСКВА;46.90;12300;46989921
7725272036;9209988;2023;МОСКВА;46.90;12300;49703056
7725272036;9209988;2024;МОСКВА;46.90;12300;52528434
7203314735;8801006;2022;ТЮМЕНСКАЯ;86.22;12300;45953109
7203314735;8801006;2023;ТЮМЕНСКАЯ;86.22;12300;49246519
7203314735;8801006;2024;ТЮМЕНСКАЯ;86.22;12300;52506935
3525129930;6431844;2022;ВОЛОГОДСКАЯ;69;12300;46514792
3525129930;6431844;2023;ВОЛОГОДСКАЯ;69;12300;49678817
3525129930;6431844;2024;ВОЛОГОДСКАЯ;69;12300;52597438
3448057559;7550866;2022;ВОЛГОГРАДСКАЯ;41.20;12300;44804946
3448057559;7550866;2023;ВОЛГОГРАДСКАЯ;41.20;12300;47910727
3448057559;7550866;2024;ВОЛГОГРАДСКАЯ;41.20;12300;50875163
2801202468;8937842;2022;АМУРСКАЯ;49.41;12300;45502903
2801202468;8937842;2023;АМУРСКАЯ;49.41;12300;48567262
2801202468;8937842;2024;АМУРСКАЯ;49.41;12300;50525454
4029065470;11830764;2022;КАЛУЖСКАЯ;25.50;12300;44241849
4029065470;11830764;2023;КАЛУЖСКАЯ;25.50;12300;48015036
4029065470;11830764;2024;КАЛУЖСКАЯ;25.50;12300;50984617
7841317841;3402307;2022;САНКТ-ПЕТЕРБУРГ;71.12.9;12300;44551509
7841317841;3402307;2023;САНКТ-ПЕТЕРБУРГ;71.12.9;12300;49655731
7841317841;3402307;2024;САНКТ-ПЕТЕРБУРГ;68.10;12300;50770057
9705007499;8943362;2022;МОСКОВСКАЯ;41.20;12300;46974388
9705007499;8943362;2023;МОСКОВСКАЯ;41.20;12300;47717198
9705007499;8943362;2024;МОСКОВСКАЯ;41.20;12300;50498117
2720062798;11577149;2022;ХАБАРОВСКИЙ;42.12;12300;44029161
2720062798;11577149;2023;ХАБАРОВСКИЙ;42.12;12300;48238555
2720062798;11577149;2024;ХАБАРОВСКИЙ;42.12;12300;51419423
2130231482;11821122;2022;ЧУВАШСКАЯ РЕСПУБЛИКА -;86.10;12300;46633246
2130231482;11821122;2023;ЧУВАШСКАЯ РЕСПУБЛИКА -;86.10;12300;49049914
2130231482;11821122;2024;ЧУВАШСКАЯ РЕСПУБЛИКА -;86.10;12300;52000624
6454105559;9545191;2022;САРАТОВСКАЯ;86.21;12300;46102428
6454105559;9545191;2023;САРАТОВСКАЯ;86.21;12300;49702323
6454105559;9545191;2024;САРАТОВСКАЯ;86.21;12300;52577667
3122006870;1225686;2022;БЕЛГОРОДСКАЯ;71.1;12267;45930489
3122006870;1225686;2023;БЕЛГОРОДСКАЯ;71.1;12267;49146682
3122006870;1225686;2024;БЕЛГОРОДСКАЯ;71.1;12267;52191940
3801144970;10565179;2022;ИРКУТСКАЯ;46.73;12300;46469898
3801144970;10565179;2023;ИРКУТСКАЯ;43.99;12300;49429116
3801144970;10565179;2024;ИРКУТСКАЯ;43.99;12300;52633185
4622004463;6016840;2022;КУРСКАЯ;01.5;12300;46620921
4622004463;6016840;2023;КУРСКАЯ;01.5;12300;49635859
4622004463;6016840;2024;КУРСКАЯ;01.5;12300;52520886
7506004789;701005;2022;ЗАБАЙКАЛЬСКИЙ;47.30;12300;46295007
7506004789;701005;2023;ЗАБАЙКАЛЬСКИЙ;47.30;12300;49410082
7506004789;701005;2024;ЗАБАЙКАЛЬСКИЙ;47.30;12300;52270289
7805779375;11588861;2022;САНКТ-ПЕТЕРБУРГ;71.11;12300;44911565
7805779375;11588861;2023;САНКТ-ПЕТЕРБУРГ;71.11;12300;49149971
7805779375;11588861;2024;САНКТ-ПЕТЕРБУРГ;71.11;12300;50876745
5507281277;11473136;2022;ОМСКАЯ;62.01;12300;44136140
5507281277;11473136;2023;ОМСКАЯ;62.01;12300;47315396
5507281277;11473136;2024;ОМСКАЯ;62.01;12300;50163410
0274964261;11540302;2022;БАШКОРТОСТАН;41.20;12300;45127574
0274964261;11540302;2023;БАШКОРТОСТАН;41.20;12300;48038821
0274964261;11540302;2024;БАШКОРТОСТАН;41.20;12300;50582450
4205094769;175272;2022;КЕМЕРОВСКАЯ ОБЛАСТЬ - КУЗБАСС;46.90;12300;45928714
4205094769;175272;2023;КЕМЕРОВСКАЯ ОБЛАСТЬ - КУЗБАСС;46.90;12300;47786925
4205094769;175272;2024;КЕМЕРОВСКАЯ ОБЛАСТЬ - КУЗБАСС;46.90;12300;50689046
1901112199;7804237;2022;ХАКАСИЯ;71.1;12300;44731001
1901112199;7804237;2023;ХАКАСИЯ;71.1;12300;47638271
1901112199;7804237;2024;ХАКАСИЯ;71.1;12300;52078616
5026116175;3818066;2022;МОСКОВСКАЯ;86.21;12300;47115787
5026116175;3818066;2023;МОСКОВСКАЯ;86.21;12300;48714405
5026116175;3818066;2024;МОСКОВСКАЯ;86.21;12300;51105004
4105086725;10566758;2022;КАМЧАТСКИЙ;01.70;12300;44029006
4105086725;10566758;2023;КАМЧАТСКИЙ;01.70;12300;47286318
4105086725;10566758;2024;КАМЧАТСКИЙ;01.70;12300;50130609
6123023320;8827984;2022;РОСТОВСКАЯ;56.10;12300;45303290
6123023320;8827984;2023;РОСТОВСКАЯ;56.10;12300;48453900
6123023320;8827984;2024;РОСТОВСКАЯ;56.10;12300;52010155
5614044376;2984674;2022;ОРЕНБУРГСКАЯ;86.23;12300;44932911
5614044376;2984674;2023;ОРЕНБУРГСКАЯ;86.23;12300;48994843
5614044376;2984674;2024;ОРЕНБУРГСКАЯ;86.23;12300;52315297
1901143768;11275237;2022;ХАКАСИЯ;62.01;12300;45121674
1901143768;11275237;2023;ХАКАСИЯ;62.01;12300;49014381
1901143768;11275237;2024;ХАКАСИЯ;62.01;12300;51396859
6316173226;2580930;2022;САМАРСКАЯ;69.10;12300;45097692
6316173226;2580930;2023;САМАРСКАЯ;69.10;12300;48552951
6316173226;2580930;2024;САМАРСКАЯ;55.10;12300;52464938
7810148985;7058080;2022;САНКТ-ПЕТЕРБУРГ;77.40;12267;47116183
7810148985;7058080;2023;САНКТ-ПЕТЕРБУРГ;77.40;12267;49952545
7810148985;7058080;2024;САНКТ-ПЕТЕРБУРГ;77.40;12267;52958642
3702658244;1497063;2022;ИВАНОВСКАЯ;69.20;12300;46436577
3702658244;1497063;2023;ИВАНОВСКАЯ;69.20;12300;49400954
3702658244;1497063;2024;ИВАНОВСКАЯ;69.20;12300;52012249
1001248060;3800591;2022;КАРЕЛИЯ;73.11;12300;44358326
1001248060;3800591;2023;КАРЕЛИЯ;73.11;12300;47721333
1001248060;3800591;2024;КАРЕЛИЯ;73.11;12300;50632179
7415102073;10908177;2022;ЧЕЛЯБИНСКАЯ;45.31.1;12300;45138919
7415102073;10908177;2023;ЧЕЛЯБИНСКАЯ;45.31.1;12300;48255703
7415102073;10908177;2024;ЧЕЛЯБИНСКАЯ;45.31.1;12300;51576330
4501000094;6856114;2022;КУРГАНСКАЯ;68.20.2;12267;46436692
4501000094;6856114;2023;КУРГАНСКАЯ;68.20.2;12267;49726716
4501000094;6856114;2024;КУРГАНСКАЯ;68.20.2;12267;52154136
4632215209;9741376;2022;КУРСКАЯ;47.54;12300;46225667
4632215209;9741376;2023;КУРСКАЯ;47.54;12300;47914940
4632215209;9741376;2024;КУРСКАЯ;47.54;12300;52634463
9107003402;8984146;2022;КРЫМ;49.31.2;12300;45267705
9107003402;8984146;2023;КРЫМ;49.31.2;12300;47937419
9107003402;8984146;2024;КРЫМ;49.31.2;12300;52485206
7813594890;8764292;2022;САНКТ-ПЕТЕРБУРГ;93.29;12300;46118106
7813594890;8764292;2023;САНКТ-ПЕТЕРБУРГ;93.29;12300;49255094
7813594890;8764292;2024;САНКТ-ПЕТЕРБУРГ;93.29;12300;52089307
6944009396;10806479;2022;ТВЕРСКАЯ;45.20.2;12300;46083712
6944009396;10806479;2023;ТВЕРСКАЯ;45.20.2;12300;49438270
6944009396;10806479;2024;ТВЕРСКАЯ;45.20.2;12300;52632223
5507284768;11654833;2022;ОМСКАЯ;01.11.1;12300;46156264
5507284768;11654833;2023;ОМСКАЯ;01.11.1;12300;48779584
5507284768;11654833;2024;ОМСКАЯ;01.11.1;12300;50644717
1435338238;10886849;2022;МОСКВА;56.29.2;12300;45955923
1435338238;10886849;2023;МОСКВА;56.29.2;12300;49373393
1435338238;10886849;2024;МОСКВА;56.29.2;12300;52747109
6432027346;11936193;2022;САРАТОВСКАЯ;41.20;12300;45893625
6432027346;11936193;2023;САРАТОВСКАЯ;41.20;12300;48548693
6432027346;11936193;2024;САРАТОВСКАЯ;41.20;12300;50295767
0274968918;11694005;2022;БАШКОРТОСТАН;56.10;12300;45505856
0274968918;11694005;2023;БАШКОРТОСТАН;56.10;12300;49317923
0274968918;11694005;2024;БАШКОРТОСТАН;56.10.1;12300;52075402
2311257725;10664273;2022;КРАСНОДАРСКИЙ;45.32;12300;45777468
2311257725;10664273;2023;КРАСНОДАРСКИЙ;45.32;12300;49103566
2311257725;10664273;2024;КРАСНОДАРСКИЙ;45.32;12300;52324352
5410080778;11082147;2022;НОВОСИБИРСКАЯ;49.41;12300;46040318
5410080778;11082147;2023;НОВОСИБИРСКАЯ;49.41;12300;48800537
5410080778;11082147;2024;НОВОСИБИРСКАЯ;49.41;12300;51884856
3435142542;11805551;2022;ВОЛГОГРАДСКАЯ;47.59;12300;45423201
3435142542;11805551;2023;ВОЛГОГРАДСКАЯ;47.59;12300;49099268
3435142542;11805551;2024;ВОЛГОГРАДСКАЯ;47.59;12300;51950142
6324068360;9578521;2022;САМАРСКАЯ;69.10;12300;44070291
6324068360;9578521;2023;САМАРСКАЯ;69.10;12300;47203167
6324068360;9578521;2024;САМАРСКАЯ;69.10;12300;50103912
7807239946;11299158;2022;САНКТ-ПЕТЕРБУРГ;47.11;12300;45787371
7807239946;11299158;2023;САНКТ-ПЕТЕРБУРГ;47.11;12300;48383719
7807239946;11299158;2024;САНКТ-ПЕТЕРБУРГ;47.11;12300;51799995
7106504681;3295358;2022;ТУЛЬСКАЯ;42.11;12300;46151522
7106504681;3295358;2023;ТУЛЬСКАЯ;42.11;12300;48618419
7106504681;3295358;2024;ТУЛЬСКАЯ;42.11;12300;52709492
1435338492;10897851;2022;САХА /ЯКУТИЯ/;86.23;12300;45472467
1435338492;10897851;2023;САХА /ЯКУТИЯ/;86.23;12300;48037147
1435338492;10897851;2024;САХА /ЯКУТИЯ/;86.23;12300;52266720
7802860317;8538437;2022;ЛЕНИНГРАДСКАЯ;42.21;12300;44086643
7802860317;8538437;2023;ЛЕНИНГРАДСКАЯ;42.21;12300;48153025
7802860317;8538437;2024;ЛЕНИНГРАДСКАЯ;42.21;12300;51264375
5316000302;9178647;2022;НОВГОРОДСКАЯ;47.19;12300;44350683
5316000302;9178647;2023;НОВГОРОДСКАЯ;47.19;12300;47410600
5316000302;9178647;2024;НОВГОРОДСКАЯ;47.19;12300;50370578
4403003964;456036;2022;КОСТРОМСКАЯ;68.31;12300;45612855
4403003964;456036;2023;КОСТРОМСКАЯ;68.31;12300;48942377
4403003964;456036;2024;КОСТРОМСКАЯ;68.31;12300;51115000
1001139705;61561;2022;КАРЕЛИЯ;68.32.2;12300;46191575
1001139705;61561;2023;КАРЕЛИЯ;68.10;12300;49379843
1001139705;61561;2024;КАРЕЛИЯ;68.10;12300;51970673
4826088694;8076424;2022;ЛИПЕЦКАЯ;68.20;12300;45714234
4826088694;8076424;2023;ЛИПЕЦКАЯ;68.20;12300;49744242
4826088694;8076424;2024;ЛИПЕЦКАЯ;68.20;12300;51918095
7733765331;5174496;2022;МОСКВА;35.12;12300;44689341
7733765331;5174496;2023;МОСКВА;35.12;12300;47693012
7733765331;5174496;2024;МОСКВА;35.12;12300;50629138
5074071809;11692724;2022;МОСКОВСКАЯ;46.21.1;12300;46528222
5074071809;11692724;2023;МОСКОВСКАЯ;46.21.1;12300;48755242
5074071809;11692724;2024;МОСКОВСКАЯ;46.21.1;12300;51002383
1001342746;11069169;2022;КАРЕЛИЯ;86.22;12300;44426665
1001342746;11069169;2023;КАРЕЛИЯ;86.22;12300;47976746
1001342746;11069169;2024;КАРЕЛИЯ;86.22;12300;50464774
7733112205;6638977;2022;КАЛУЖСКАЯ;49.31.2;12300;44405283
7733112205;6638977;2023;КАЛУЖСКАЯ;49.31.2;12300;47658256
7733112205;6638977;2024;КАЛУЖСКАЯ;49.31.2;12300;50482621
3328429050;721163;2022;ВЛАДИМИРСКАЯ;79.11;12300;46536150
3328429050;721163;2023;ВЛАДИМИРСКАЯ;79.11;12300;49646641
3328429050;721163;2024;ВЛАДИМИРСКАЯ;79.11;12300;51989854
7453333160;11226021;2022;ЧЕЛЯБИНСКАЯ;86.23;12300;44684925
7453333160;11226021;2023;ЧЕЛЯБИНСКАЯ;86.23;12300;48007832
7453333160;11226021;2024;ЧЕЛЯБИНСКАЯ;86.23;12300;52165268
1644046077;5985584;2022;ТАТАРСТАН;01.4;12300;45965621
1644046077;5985584;2023;ТАТАРСТАН;01.4;12300;49418506
1644046077;5985584;2024;ТАТАРСТАН;01.4;12300;52243856
6313555467;10775890;2022;САМАРСКАЯ;30.11;12300;46547066
6313555467;10775890;2023;САМАРСКАЯ;69.20;12300;49276981
6313555467;10775890;2024;САМАРСКАЯ;30.11;12300;51553937
9701043400;9802053;2022;МОСКВА;62.09;12300;46445208
9701043400;9802053;2023;МОСКВА;62.09;12300;48363209
9701043400;9802053;2024;МОСКВА;62.09;12300;51639732
5261088190;8172555;2022;НИЖЕГОРОДСКАЯ;86.23;12300;44232691
5261088190;8172555;2023;НИЖЕГОРОДСКАЯ;86.23;12300;47400883
5261088190;8172555;2024;НИЖЕГОРОДСКАЯ;86.23;12300;50227804
1513059971;9752332;2022;СЕВЕРНАЯ ОСЕТИЯ - АЛАНИЯ;86.10;12300;46536386
1513059971;9752332;2023;СЕВЕРНАЯ ОСЕТИЯ - АЛАНИЯ;86.10;12300;49286029
1513059971;9752332;2024;СЕВЕРНАЯ ОСЕТИЯ - АЛАНИЯ;86.10;12300;51357845
4909130220;11109470;2022;МАГАДАНСКАЯ;45.20;12300;44801293
4909130220;11109470;2023;МАГАДАНСКАЯ;45.20;12300;47319013
4909130220;11109470;2024;МАГАДАНСКАЯ;45.20;12300;50963382
4401185067;10502744;2022;КОСТРОМСКАЯ;46.41;12300;43991908
4401185067;10502744;2023;КОСТРОМСКАЯ;46.41;12300;47661389
4401185067;10502744;2024;КОСТРОМСКАЯ;46.41;12300;50209432
0816026476;8325086;2022;КАЛМЫКИЯ;56.10;12300;46278787
0816026476;8325086;2023;КАЛМЫКИЯ;56.10;12300;49590787
0816026476;8325086;2024;КАЛМЫКИЯ;56.10;12300;52553980
5838011296;9630674;2022;ПЕНЗЕНСКАЯ;93.29.9;12300;45083186
5838011296;9630674;2023;ПЕНЗЕНСКАЯ;93.29.9;12300;47931047
5838011296;9630674;2024;ПЕНЗЕНСКАЯ;93.29.9;12300;50475531
0800000546;11656241;2022;КАЛМЫКИЯ;71.12;12300;45512106
0800000546;11656241;2023;КАЛМЫКИЯ;71.12;12300;49946577
0800000546;11656241;2024;КАЛМЫКИЯ;71.12;12300;51414985
9703101111;11910075;2022;МОСКВА;56.29;12300;46658830
9703101111;11910075;2023;МОСКВА;56.29;12300;49819072
9703101111;11910075;2024;МОСКВА;56.29;12300;52796984
7720300410;9193288;2022;МУРМАНСКАЯ;71.12;12300;47069613
7720300410;9193288;2023;МУРМАНСКАЯ;71.12;12300;48584820
7720300410;9193288;2024;МУРМАНСКАЯ;71.12;12300;52006228
4027081653;5881135;2022;КАЛУЖСКАЯ;70.22;12300;44283613
4027081653;5881135;2023;КАЛУЖСКАЯ;70.22;12300;47519161
4027081653;5881135;2024;КАЛУЖСКАЯ;70.22;12300;50498999
3254505314;2171602;2022;БРЯНСКАЯ;45.3;12300;46464111
3254505314;2171602;2023;БРЯНСКАЯ;45.3;12300;49429256
3254505314;2171602;2024;БРЯНСКАЯ;45.3;12300;52018237
6685158205;10904820;2022;СВЕРДЛОВСКАЯ;70.22;12300;44184733
6685158205;10904820;2023;СВЕРДЛОВСКАЯ;70.22;12300;47421057
6685158205;10904820;2024;СВЕРДЛОВСКАЯ;70.22;12300;50173324
4909071817;1918451;2022;МАГАДАНСКАЯ;47.71.5;12300;44083703
4909071817;1918451;2023;МАГАДАНСКАЯ;47.71.5;12300;47429266
4909071817;1918451;2024;МАГАДАНСКАЯ;47.71.5;12300;50080365
5902063400;11871718;2022;ПЕРМСКИЙ;46.73.6;12300;46175077
5902063400;11871718;2023;ПЕРМСКИЙ;46.73.6;12300;49523287
5902063400;11871718;2024;ПЕРМСКИЙ;46.73.6;12300;52459811
4011014605;665562;2022;КАЛУЖСКАЯ;77.39;12300;46362986
4011014605;665562;2023;КАЛУЖСКАЯ;77.39;12300;49607483
4011014605;665562;2024;КАЛУЖСКАЯ;77.39;12300;52002762
7327083576;10270510;2022;УЛЬЯНОВСКАЯ;45.31;12300;45150057
7327083576;10270510;2023;УЛЬЯНОВСКАЯ;45.31;12300;48403870
7327083576;10270510;2024;УЛЬЯНОВСКАЯ;45.31;12300;51778527
7415030502;3615549;2022;ЧЕЛЯБИНСКАЯ;71.11.1;12300;44418987
7415030502;3615549;2023;ЧЕЛЯБИНСКАЯ;47.19;12300;48242883
7415030502;3615549;2024;ЧЕЛЯБИНСКАЯ;47.19;12300;50845940
7725181533;6462132;2022;МОСКВА;46.32;12267;45231741
7725181533;6462132;2023;МОСКВА;46.32;12267;48962860
7725181533;6462132;2024;МОСКВА;46.32;12267;51262640
1513080525;11328373;2022;СЕВЕРНАЯ ОСЕТИЯ - АЛАНИЯ;47.25.1;12300;46540344
1513080525;11328373;2023;СЕВЕРНАЯ ОСЕТИЯ - АЛАНИЯ;47.25.1;12300;49963736
1513080525;11328373;2024;СЕВЕРНАЯ ОСЕТИЯ - АЛАНИЯ;47.25.1;12300;52786717
3801092954;5543491;2022;ИРКУТСКАЯ;56.3;12300;46186771
3801092954;5543491;2023;ИРКУТСКАЯ;56.3;12300;49303859
3801092954;5543491;2024;ИРКУТСКАЯ;56.3;12300;51726406
0274914285;9697041;2022;БАШКОРТОСТАН;62.01;12300;45360476
0274914285;9697041;2023;БАШКОРТОСТАН;62.01;12300;48105174
0274914285;9697041;2024;БАШКОРТОСТАН;62.01;12300;51588769
6211007119;755204;2022;РЯЗАНСКАЯ;43.2;12300;46045056
6211007119;755204;2023;РЯЗАНСКАЯ;43.2;12300;48948240
6211007119;755204;2024;РЯЗАНСКАЯ;43.2;12300;51572965
2455031302;4134239;2022;КРАСНОЯРСКИЙ;86.23;12300;45525033
2455031302;4134239;2023;КРАСНОЯРСКИЙ;86.23;12300;49198365
2455031302;4134239;2024;КРАСНОЯРСКИЙ;86.23;12300;50710665
7203526521;11677319;2022;ТЮМЕНСКАЯ;69.10;12300;45844999
7203526521;11677319;2023;ТЮМЕНСКАЯ;69.10;12300;47359079
7203526521;11677319;2024;ТЮМЕНСКАЯ;69.10;12300;50279847
5034054719;10413345;2022;МОСКОВСКАЯ;56.10;12300;46091266
5034054719;10413345;2023;МОСКОВСКАЯ;56.10;12300;49532559
5034054719;10413345;2024;МОСКОВСКАЯ;56.10;12300;52485887
7447072897;1140626;2022;ЧЕЛЯБИНСКАЯ;46.90;12300;45924614
7447072897;1140626;2023;ЧЕЛЯБИНСКАЯ;46.90;12300;48647150
7447072897;1140626;2024;ЧЕЛЯБИНСКАЯ;46.73.6;12300;51239755
7806576441;11409237;2022;САНКТ-ПЕТЕРБУРГ;69.20;12300;46349451
7806576441;11409237;2023;САНКТ-ПЕТЕРБУРГ;69.20;12300;49618667
7806576441;11409237;2024;САНКТ-ПЕТЕРБУРГ;69.20;12300;52586560
8603231919;10528226;2022;ХАНТЫ-МАНСИЙСКИЙ АВТОНОМНЫЙ ОКРУГ - ЮГРА;62.01;12300;46998627
8603231919;10528226;2023;ХАНТЫ-МАНСИЙСКИЙ АВТОНОМНЫЙ ОКРУГ - ЮГРА;62.01;12300;48629251
8603231919;10528226;2024;ХАНТЫ-МАНСИЙСКИЙ АВТОНОМНЫЙ ОКРУГ - ЮГРА;62.01;12300;51564552
7459007540;11332226;2022;ЧЕЛЯБИНСКАЯ;23.70;12300;45055607
7459007540;11332226;2023;ЧЕЛЯБИНСКАЯ;23.70;12300;49351527
7459007540;11332226;2024;ЧЕЛЯБИНСКАЯ;23.70;12300;51364300
7609022363;4181973;2022;МОСКОВСКАЯ;01.5;12300;47124373
7609022363;4181973;2023;МОСКОВСКАЯ;01.5;12300;49452453
7609022363;4181973;2024;МОСКОВСКАЯ;01.50;12300;52628700
1837001393;9037879;2022;УДМУРТСКАЯ;71.12;12300;44064431
1837001393;9037879;2023;УДМУРТСКАЯ;71.12;12300;47334517
1837001393;9037879;2024;УДМУРТСКАЯ;71.12;12300;52026245
1501025992;6750971;2022;СЕВЕРНАЯ ОСЕТИЯ - АЛАНИЯ;42.11;12300;46032225
1501025992;6750971;2023;СЕВЕРНАЯ ОСЕТИЯ - АЛАНИЯ;42.11;12300;48061953
1501025992;6750971;2024;СЕВЕРНАЯ ОСЕТИЯ - АЛАНИЯ;42.11;12300;52694571
8913005589;755224;2022;ЯМАЛО-НЕНЕЦКИЙ;47.62.2;12300;44132280
8913005589;755224;2023;ЯМАЛО-НЕНЕЦКИЙ;47.62.2;12300;48719859
8913005589;755224;2024;ЯМАЛО-НЕНЕЦКИЙ;62.02;12300;50494687
7716971493;11953696;2022;МОСКВА;10.89;12300;45038603
7716971493;11953696;2023;МОСКВА;10.89;12300;49219654
7716971493;11953696;2024;МОСКВА;10.89;12300;51759870
0277102845;658574;2022;БАШКОРТОСТАН;49.41.1;12300;45518255
0277102845;658574;2023;БАШКОРТОСТАН;49.41.1;12300;47946911
0277102845;658574;2024;БАШКОРТОСТАН;49.41.1;12300;51180872
2465330118;11260067;2022;КРАСНОЯРСКИЙ;71.12;12300;46057824
2465330118;11260067;2023;КРАСНОЯРСКИЙ;71.12;12300;48882172
2465330118;11260067;2024;КРАСНОЯРСКИЙ;71.12;12300;52153329
5249146769;9658733;2022;НИЖЕГОРОДСКАЯ;47.76.1;12300;45437115
5249146769;9658733;2023;НИЖЕГОРОДСКАЯ;47.76.1;12300;49629886
5249146769;9658733;2024;НИЖЕГОРОДСКАЯ;47.76.1;12300;50492144
3666238805;11116929;2022;ВОРОНЕЖСКАЯ;45.20;12300;45384869
3666238805;11116929;2023;ВОРОНЕЖСКАЯ;45.20;12300;48805604
3666238805;11116929;2024;ВОРОНЕЖСКАЯ;45.20;12300;50982860
0272914836;11190757;2022;БАШКОРТОСТАН;69.20;12300;45220999
0272914836;11190757;2023;БАШКОРТОСТАН;69.20;12300;47816105
0272914836;11190757;2024;БАШКОРТОСТАН;69.20;12300;51489759
3307023532;10917155;2022;ВЛАДИМИРСКАЯ;56.29;12300;45425575
3307023532;10917155;2023;ВЛАДИМИРСКАЯ;56.29;12300;48592676
3307023532;10917155;2024;ВЛАДИМИРСКАЯ;56.29;12300;50628134
2310227051;11707631;2022;КРАСНОДАРСКИЙ;70.22;12300;45634290
2310227051;11707631;2023;КРАСНОДАРСКИЙ;70.22;12300;48507571
2310227051;11707631;2024;КРАСНОДАРСКИЙ;70.22;12300;50532464
6027091856;2330465;2022;ПСКОВСКАЯ;25.12;12300;45031469
6027091856;2330465;2023;ПСКОВСКАЯ;25.12;12300;48106812
6027091856;2330465;2024;ПСКОВСКАЯ;25.12;12300;50921590
0917022333;7811378;2022;КАРАЧАЕВО-ЧЕРКЕССКАЯ;46.75.1;12300;46266436
0917022333;7811378;2023;КАРАЧАЕВО-ЧЕРКЕССКАЯ;46.75.1;12300;49187913
0917022333;7811378;2024;КАРАЧАЕВО-ЧЕРКЕССКАЯ;46.75.1;12300;50981377
5751064430;11259390;2022;ОРЛОВСКАЯ;42.21;12300;46974591
5751064430;11259390;2023;ОРЛОВСКАЯ;01.11;12300;49502245
5751064430;11259390;2024;ОРЛОВСКАЯ;42.21;12300;52413851
7716545350;3227513;2022;МОСКВА;68.20.2;12300;44596436
7716545350;3227513;2023;МОСКВА;68.20.29;12300;48129170
7716545350;3227513;2024;МОСКВА;68.20.29;12300;52217979
7118816501;3157096;2022;ТУЛЬСКАЯ;86.90.9;12300;44455920
7118816501;3157096;2023;ТУЛЬСКАЯ;86.90.9;12300;47681800
7118816501;3157096;2024;ТУЛЬСКАЯ;86.90.9;12300;50511816
1660217844;8924869;2022;ТАТАРСТАН;46.90;12300;44911089
1660217844;8924869;2023;ТАТАРСТАН;46.90;12300;49351576
1660217844;8924869;2024;ТАТАРСТАН;46.90;12300;52196042
5907018143;9201195;2022;ПЕРМСКИЙ;43.29;12300;44281238
5907018143;9201195;2023;ПЕРМСКИЙ;43.29;12300;47444069
5907018143;9201195;2024;ПЕРМСКИЙ;43.29;12300;50377958
5614084611;11263109;2022;ОРЕНБУРГСКАЯ;71.12.7;12300;45498176
5614084611;11263109;2023;ОРЕНБУРГСКАЯ;71.12.7;12300;48565268
5614084611;11263109;2024;ОРЕНБУРГСКАЯ;71.12.7;12300;51657984
7804689577;11740583;2022;САНКТ-ПЕТЕРБУРГ;86.21;12300;44563843
7804689577;11740583;2023;САНКТ-ПЕТЕРБУРГ;86.21;12300;48031382
7804689577;11740583;2024;САНКТ-ПЕТЕРБУРГ;86.21;12300;50943830
1653019922;6745121;2022;ТАТАРСТАН;45.19;12300;46131248
1653019922;6745121;2023;ТАТАРСТАН;45.19;12300;48355993
1653019922;6745121;2024;ТАТАРСТАН;45.19;12300;51612104
4205375752;10868740;2022;КЕМЕРОВСКАЯ ОБЛАСТЬ - КУЗБАСС;71.12.3;12300;45392140
4205375752;10868740;2023;КЕМЕРОВСКАЯ ОБЛАСТЬ - КУЗБАСС;71.12.3;12300;49009740
4205375752;10868740;2024;КЕМЕРОВСКАЯ ОБЛАСТЬ - КУЗБАСС;71.12.3;12300;51168853
3812525744;10864884;2022;ИРКУТСКАЯ;80.20;12300;45697763
3812525744;10864884;2023;ИРКУТСКАЯ;80.20;12300;48826165
3812525744;10864884;2024;ИРКУТСКАЯ;80.20;12300;52799710
2311284207;10941409;2022;КРАСНОДАРСКИЙ;52.29;12300;46990618
2311284207;10941409;2023;КРАСНОДАРСКИЙ;52.29;12300;48527964
2311284207;10941409;2024;КРАСНОДАРСКИЙ;52.29;12300;52289652
7449132809;10073782;2022;ЧЕЛЯБИНСКАЯ;43.32;12300;45311498
7449132809;10073782;2023;ЧЕЛЯБИНСКАЯ;43.32;12300;49173932
7449132809;10073782;2024;ЧЕЛЯБИНСКАЯ;43.32;12300;51766636
5501252664;8103630;2022;ОМСКАЯ;46.90;12300;44432352
5501252664;8103630;2023;ОМСКАЯ;46.90;12300;47626132
5501252664;8103630;2024;ОМСКАЯ;46.90;12300;50364804
3435911678;7403055;2022;ВОЛГОГРАДСКАЯ;25.62;12300;46027007
3435911678;7403055;2023;ВОЛГОГРАДСКАЯ;25.62;12300;49224890
3435911678;7403055;2024;ВОЛГОГРАДСКАЯ;25.62;12300;52440549
4824054241;2886676;2022;ЛИПЕЦКАЯ;14.19;12300;44108529
4824054241;2886676;2023;ЛИПЕЦКАЯ;93.12;12300;48640660
4824054241;2886676;2024;ЛИПЕЦКАЯ;93.12;12300;52229010
2540234663;10676115;2022;ПРИМОРСКИЙ;42.11;12300;46370636
2540234663;10676115;2023;ПРИМОРСКИЙ;42.11;12300;49298905
2540234663;10676115;2024;ПРИМОРСКИЙ;42.11;12300;50807533
7622003169;6542943;2022;ЯРОСЛАВСКАЯ;01.61;12247;44444556
7622003169;6542943;2023;ЯРОСЛАВСКАЯ;01.61;12247;47445420
7622003169;6542943;2024;ЯРОСЛАВСКАЯ;01.61;12247;50199226
7446030580;3681323;2022;ЧЕЛЯБИНСКАЯ;42.21;12300;46062809
7446030580;3681323;2023;ЧЕЛЯБИНСКАЯ;42.21;12300;47418256
7446030580;3681323;2024;ЧЕЛЯБИНСКАЯ;42.21;12300;50562837
4205194788;2529621;2022;КЕМЕРОВСКАЯ ОБЛАСТЬ - КУЗБАСС;41.20;12300;44847675
4205194788;2529621;2023;КЕМЕРОВСКАЯ ОБЛАСТЬ - КУЗБАСС;41.20;12300;49041164
4205194788;2529621;2024;КЕМЕРОВСКАЯ ОБЛАСТЬ - КУЗБАСС;41.20;12300;52194197
2508113424;7738362;2022;ПРИМОРСКИЙ;71.1;12300;46228970
2508113424;7738362;2023;ПРИМОРСКИЙ;71.1;12300;49381907
2508113424;7738362;2024;ПРИМОРСКИЙ;71.1;12300;52164508
7811775611;11853275;2022;САНКТ-ПЕТЕРБУРГ;90.01;12300;44564907
7811775611;11853275;2023;САНКТ-ПЕТЕРБУРГ;93.29;12300;49412082
7811775611;11853275;2024;САНКТ-ПЕТЕРБУРГ;93.29;12300;51475130
6316081455;6006956;2022;САМАРСКАЯ;56.10;12300;46547303
6316081455;6006956;2023;САМАРСКАЯ;56.10;12300;48686882
6316081455;6006956;2024;САМАРСКАЯ;56.10;12300;52554840
5032246687;1102878;2022;МОСКОВСКАЯ;45.32;12300;45210853
5032246687;1102878;2023;МОСКОВСКАЯ;45.32;12300;48411118
5032246687;1102878;2024;МОСКОВСКАЯ;45.32;12300;51706477
5834125895;11344520;2022;ПЕНЗЕНСКАЯ;43.29;12300;44558332
5834125895;11344520;2023;ПЕНЗЕНСКАЯ;25.61;12300;47831973
5834125895;11344520;2024;ПЕНЗЕНСКАЯ;25.61;12300;51449766
6730045492;3410228;2022;СМОЛЕНСКАЯ;62.09;12300;45429072
6730045492;3410228;2023;СМОЛЕНСКАЯ;62.09;12300;49652864
6730045492;3410228;2024;СМОЛЕНСКАЯ;62.09;12300;52558999
5505208289;1672617;2022;ОМСКАЯ;46.72;12300;46155504
5505208289;1672617;2023;ОМСКАЯ;46.72;12300;49569581
5505208289;1672617;2024;ОМСКАЯ;25.61;12300;51776132
6686110277;10827168;2022;СВЕРДЛОВСКАЯ;43.11;12300;46465450
6686110277;10827168;2023;СВЕРДЛОВСКАЯ;43.11;12300;49709464
6686110277;10827168;2024;СВЕРДЛОВСКАЯ;43.11;12300;52704277
1327000219;1258690;2022;МОРДОВИЯ;25.12;12300;45816631
1327000219;1258690;2023;МОРДОВИЯ;25.12;12300;49110422
1327000219;1258690;2024;МОРДОВИЯ;25.12;12300;51640930
3662287992;11420097;2022;ВОРОНЕЖСКАЯ;68.20;12300;46383283
3662287992;11420097;2023;ВОРОНЕЖСКАЯ;68.20;12300;49040494
3662287992;11420097;2024;ВОРОНЕЖСКАЯ;68.20;12300;51709029
7204105861;1645793;2022;ТЮМЕНСКАЯ;69.20.1;12300;44303902
7204105861;1645793;2023;ТЮМЕНСКАЯ;69.20.1;12300;47420229
7204105861;1645793;2024;ТЮМЕНСКАЯ;69.20.1;12300;51391539
7148000703;11455405;2022;ТУЛЬСКАЯ;86.90.9;12300;46259226
7148000703;11455405;2023;ТУЛЬСКАЯ;86.90.9;12300;49426236
7148000703;11455405;2024;ТУЛЬСКАЯ;86.90.9;12300;51914906
1837017844;10529636;2022;УДМУРТСКАЯ;73.11;12300;45219785
1837017844;10529636;2023;УДМУРТСКАЯ;73.11;12300;48808532
1837017844;10529636;2024;УДМУРТСКАЯ;73.11;12300;51032477
6321409572;9747079;2022;САМАРСКАЯ;20.16;12300;44020613
6321409572;9747079;2023;САМАРСКАЯ;20.16;12300;47459321
6321409572;9747079;2024;САМАРСКАЯ;20.16;12300;50075734
7901548973;10390022;2022;ЕВРЕЙСКАЯ;41.20;12300;46386801
7901548973;10390022;2023;ЕВРЕЙСКАЯ;41.20;12300;49337264
7901548973;10390022;2024;ЕВРЕЙСКАЯ;41.20;12300;52258327
5837036019;2675804;2022;ПЕНЗЕНСКАЯ;43.12.3;12300;45242814
5837036019;2675804;2023;ПЕНЗЕНСКАЯ;43.12.3;12300;48853244
5837036019;2675804;2024;ПЕНЗЕНСКАЯ;43.12.3;12300;52288901
3906294108;8074930;2022;КАЛИНИНГРАДСКАЯ;56.10;12300;44399061
3906294108;8074930;2023;КАЛИНИНГРАДСКАЯ;56.10;12300;47472735
3906294108;8074930;2024;КАЛИНИНГРАДСКАЯ;56.10;12300;50585990
5190066856;10049111;2022;МУРМАНСКАЯ;49.41;12300;45218469
5190066856;10049111;2023;МУРМАНСКАЯ;49.41;12300;47881302
5190066856;10049111;2024;МУРМАНСКАЯ;49.41;12300;51204629
5190313103;6904196;2022;МУРМАНСКАЯ;41.2;12300;44032231
5190313103;6904196;2023;МУРМАНСКАЯ;41.20;12300;47389984
5190313103;6904196;2024;МУРМАНСКАЯ;41.2;12300;50321866
5321204566;11426964;2022;НОВГОРОДСКАЯ;45.32;12300;46209495
5321204566;11426964;2023;НОВГОРОДСКАЯ;45.32;12300;48967108
5321204566;11426964;2024;НОВГОРОДСКАЯ;45.32;12300;51851876
3257030620;9237776;2022;БРЯНСКАЯ;86.10;12300;45746977
3257030620;9237776;2023;БРЯНСКАЯ;86.10;12300;48586721
3257030620;9237776;2024;БРЯНСКАЯ;86.10;12300;50943441
7726401750;10203846;2022;МОСКВА;28.29;12300;44625144
7726401750;10203846;2023;МОСКВА;28.29;12300;48155302
7726401750;10203846;2024;МОСКВА;28.29;12300;50919254
2462068590;11351843;2022;КРАСНОЯРСКИЙ;25.11;12300;46018047
2462068590;11351843;2023;КРАСНОЯРСКИЙ;25.11;12300;48908841
2462068590;11351843;2024;КРАСНОЯРСКИЙ;25.11;12300;52144822
2804020650;11867799;2022;АМУРСКАЯ;71.12.3;12300;46162591
2804020650;11867799;2023;АМУРСКАЯ;71.12.3;12300;48878103
2804020650;11867799;2024;АМУРСКАЯ;71.12.3;12300;50469722
7321006705;10840627;2022;УЛЬЯНОВСКАЯ;71.12;12300;45511193
7321006705;10840627;2023;УЛЬЯНОВСКАЯ;71.12;12300;47636249
7321006705;10840627;2024;УЛЬЯНОВСКАЯ;71.12;12300;51678442
3250527878;50361;2022;БРЯНСКАЯ;86.10;12300;44123491
3250527878;50361;2023;БРЯНСКАЯ;86.10;12300;47310097
3250527878;50361;2024;БРЯНСКАЯ;86.10;12300;50195744
0323825626;3913104;2022;БУРЯТИЯ;43.21;12300;45692847
0323825626;3913104;2023;БУРЯТИЯ;43.21;12300;48764516
0323825626;3913104;2024;БУРЯТИЯ;43.21;12300;51143356
2206004965;11006632;2022;АЛТАЙСКИЙ;08.11;12300;46365537
2206004965;11006632;2023;АЛТАЙСКИЙ;08.11;12300;49571540
2206004965;11006632;2024;АЛТАЙСКИЙ;08.11;12300;51696304
8906008170;5995739;2022;ЯМАЛО-НЕНЕЦКИЙ;85.42.9;12300;44321931
8906008170;5995739;2023;ЯМАЛО-НЕНЕЦКИЙ;71.12.62;12300;49102830
8906008170;5995739;2024;ЯМАЛО-НЕНЕЦКИЙ;71.12.62;12300;51941745
9724008836;11287898;2022;МОСКВА;16.23;12300;46449429
9724008836;11287898;2023;МОСКВА;16.23;12300;49566449
9724008836;11287898;2024;МОСКВА;16.23;12300;52585411
3664251511;11755231;2022;ВОРОНЕЖСКАЯ;46.49;12300;45939784
3664251511;11755231;2023;ВОРОНЕЖСКАЯ;46.49;12300;49412802
3664251511;11755231;2024;ВОРОНЕЖСКАЯ;46.49;12300;52568674
6671012414;9235939;2022;СВЕРДЛОВСКАЯ;62.01;12300;45285959
6671012414;9235939;2023;СВЕРДЛОВСКАЯ;62.01;12300;48091438
6671012414;9235939;2024;СВЕРДЛОВСКАЯ;63.11;12300;51020298
4632178765;7933232;2022;КУРСКАЯ;73.1;12300;44890195
4632178765;7933232;2023;КУРСКАЯ;73.1;12300;47841053
4632178765;7933232;2024;КУРСКАЯ;73.1;12300;51619870
9102261209;11207121;2022;КРЫМ;25.61;12300;45362047
9102261209;11207121;2023;КРЫМ;25.61;12300;48557917
9102261209;11207121;2024;КРЫМ;25.61;12300;50676125
4824041323;1791913;2022;ЛИПЕЦКАЯ;86.23;12300;46205439
4824041323;1791913;2023;ЛИПЕЦКАЯ;86.23;12300;49534249
4824041323;1791913;2024;ЛИПЕЦКАЯ;86.23;12300;52526850
1901088228;415520;2022;ХАКАСИЯ;86;12300;44970202
1901088228;415520;2023;ХАКАСИЯ;86.10;12300;47732349
1901088228;415520;2024;ХАКАСИЯ;86.10;12300;50811541
4348012404;954161;2022;КИРОВСКАЯ;33.12;12300;45233347
4348012404;954161;2023;КИРОВСКАЯ;33.12;12300;47460288
4348012404;954161;2024;КИРОВСКАЯ;33.12;12300;50133719
3702523279;3060206;2022;ИВАНОВСКАЯ;47.52.5;12300;45984012
3702523279;3060206;2023;ИВАНОВСКАЯ;47.52.5;12300;49082434
3702523279;3060206;2024;ИВАНОВСКАЯ;47.52.5;12300;51919782
1400004989;11775716;2022;САХА /ЯКУТИЯ/;41.20;12300;44562001
1400004989;11775716;2023;САХА /ЯКУТИЯ/;41.20;12300;49307776
1400004989;11775716;2024;САХА /ЯКУТИЯ/;41.20;12300;51877712
1101140415;7771793;2022;КОМИ;70.22;12300;46989510
1101140415;7771793;2023;КОМИ;70.22;12300;49085345
1101140415;7771793;2024;КОМИ;70.22;12300;51654957
3123483353;11698676;2022;БЕЛГОРОДСКАЯ;77.11;12300;45288451
3123483353;11698676;2023;БЕЛГОРОДСКАЯ;77.11;12300;49855216
3123483353;11698676;2024;БЕЛГОРОДСКАЯ;77.11;12300;51999924
7714477680;11698730;2022;МОСКВА;59.11;12300;45143362
7714477680;11698730;2023;МОСКВА;59.11;12300;47617080
7714477680;11698730;2024;МОСКВА;59.11;12300;50742619
1660360509;11546041;2022;ТАТАРСТАН;71.11;12300;45664447
1660360509;11546041;2023;ТАТАРСТАН;71.11;12300;49522242
1660360509;11546041;2024;ТАТАРСТАН;71.11;12300;52670860
5753070454;10715415;2022;ОРЛОВСКАЯ;41.20;12300;47072389
5753070454;10715415;2023;ОРЛОВСКАЯ;41.20;12300;49959524
5753070454;10715415;2024;ОРЛОВСКАЯ;41.20;12300;51733490
7728446770;10799130;2022;МОСКВА;46.69;12300;46645278
7728446770;10799130;2023;МОСКВА;46.69;12300;48751944
7728446770;10799130;2024;МОСКВА;46.69;12300;52549052
0901020179;5544302;2022;КАРАЧАЕВО-ЧЕРКЕССКАЯ;23.6;12300;44868263
0901020179;5544302;2023;КАРАЧАЕВО-ЧЕРКЕССКАЯ;23.61;12300;49125713
0901020179;5544302;2024;КАРАЧАЕВО-ЧЕРКЕССКАЯ;23.61;12300;51268677
1303000379;11083142;2022;МОРДОВИЯ;43.39;12300;45854249
1303000379;11083142;2023;МОРДОВИЯ;43.39;12300;49857470
1303000379;11083142;2024;МОРДОВИЯ;43.39;12300;51271317
8904088074;10894970;2022;ЯМАЛО-НЕНЕЦКИЙ;45.20;12300;45553877
8904088074;10894970;2023;ЯМАЛО-НЕНЕЦКИЙ;45.20;12300;48202051
8904088074;10894970;2024;ЯМАЛО-НЕНЕЦКИЙ;45.20;12300;52826316
6312195980;10958761;2022;САМАРСКАЯ;25.61;12300;45922767
6312195980;10958761;2023;САМАРСКАЯ;25.61;12300;48784947
6312195980;10958761;2024;САМАРСКАЯ;25.61;12300;52157114
3625017476;11494339;2022;ВОРОНЕЖСКАЯ;45.20;12300;45071248
3625017476;11494339;2023;ВОРОНЕЖСКАЯ;45.20;12300;48026264
3625017476;11494339;2024;ВОРОНЕЖСКАЯ;45.20;12300;52416511
7813243250;9622434;2022;САНКТ-ПЕТЕРБУРГ;77.39.27;12300;45794527
7813243250;9622434;2023;САНКТ-ПЕТЕРБУРГ;77.39.27;12300;48997976
7813243250;9622434;2024;САНКТ-ПЕТЕРБУРГ;77.39.27;12300;52005888
4826134245;10461707;2022;ЛИПЕЦКАЯ;25.11;12300;44625113
4826134245;10461707;2023;ЛИПЕЦКАЯ;25.11;12300;48650469
4826134245;10461707;2024;ЛИПЕЦКАЯ;25.11;12300;52169873
1105020172;5157095;2022;КОМИ;86.23;12300;45414487
1105020172;5157095;2023;КОМИ;86.23;12300;48339445
1105020172;5157095;2024;КОМИ;86.23;12300;51926475
7702744148;3842198;2022;МОСКВА;41.2;12300;44446200
7702744148;3842198;2023;МОСКВА;41.2;12300;48038547
7702744148;3842198;2024;МОСКВА;41.2;12300;50433313
4401195499;11291204;2022;КОСТРОМСКАЯ;01.63;12300;45929344
4401195499;11291204;2023;КОСТРОМСКАЯ;01.63;12300;48963009
4401195499;11291204;2024;КОСТРОМСКАЯ;01.63;12300;51885986
5903046742;4246241;2022;ПЕРМСКИЙ;70.22;12300;45169907
5903046742;4246241;2023;ПЕРМСКИЙ;70.22;12300;48374438
5903046742;4246241;2024;ПЕРМСКИЙ;70.22;12300;51255950
5717006809;10040949;2022;ОРЛОВСКАЯ;93.11;12300;46358560
5717006809;10040949;2023;ОРЛОВСКАЯ;93.11;12300;49233737
5717006809;10040949;2024;ОРЛОВСКАЯ;93.11;12300;52246379
6621011849;6490870;2022;СВЕРДЛОВСКАЯ;56.1;12300;45286360
6621011849;6490870;2023;СВЕРДЛОВСКАЯ;56.1;12300;48258767
6621011849;6490870;2024;СВЕРДЛОВСКАЯ;56.1;12300;51113441
3661171917;10943112;2022;ВОРОНЕЖСКАЯ;46.33;12300;45284680
3661171917;10943112;2023;ВОРОНЕЖСКАЯ;46.33;12300;47718845
3661171917;10943112;2024;ВОРОНЕЖСКАЯ;46.33;12300;50259032
2536281011;9097267;2022;ПРИМОРСКИЙ;69.10;12300;44694553
2536281011;9097267;2023;ПРИМОРСКИЙ;69.10;12300;47672487
2536281011;9097267;2024;ПРИМОРСКИЙ;69.10;12300;51877333
6440001510;6300793;2022;САРАТОВСКАЯ;68.20.2;12300;46262581
6440001510;6300793;2023;САРАТОВСКАЯ;68.20.2;12300;49126318
6440001510;6300793;2024;САРАТОВСКАЯ;68.20.2;12300;51915263
5258151620;11686984;2022;НИЖЕГОРОДСКАЯ;33.20;12300;45524429
5258151620;11686984;2023;НИЖЕГОРОДСКАЯ;33.20;12300;49783874
5258151620;11686984;2024;НИЖЕГОРОДСКАЯ;33.20;12300;52328663
4909114098;1450907;2022;МАГАДАНСКАЯ;49.41.1;12300;46104291
4909114098;1450907;2023;МАГАДАНСКАЯ;49.41.1;12300;49298551
4909114098;1450907;2024;МАГАДАНСКАЯ;49.41.1;12300;52605427
1434051218;10747044;2022;САХА /ЯКУТИЯ/;33.12;12300;44588378
1434051218;10747044;2023;САХА /ЯКУТИЯ/;33.12;12300;47729083
1434051218;10747044;2024;САХА /ЯКУТИЯ/;33.12;12300;50491293
4826104434;9045783;2022;ЛИПЕЦКАЯ;45.32;12300;45583433
4826104434;9045783;2023;ЛИПЕЦКАЯ;45.32;12300;48281241
4826104434;9045783;2024;ЛИПЕЦКАЯ;45.32;12300;51963842
3664248710;11411004;2022;ВОРОНЕЖСКАЯ;52.23.13;12300;45124314
3664248710;11411004;2023;ВОРОНЕЖСКАЯ;52.23.13;12300;48228160
3664248710;11411004;2024;ВОРОНЕЖСКАЯ;52.23.13;12300;50842920
2636043236;3875001;2022;СТАВРОПОЛЬСКИЙ;73.20.1;12300;46006169
2636043236;3875001;2023;СТАВРОПОЛЬСКИЙ;73.20.1;12300;49180434
2636043236;3875001;2024;СТАВРОПОЛЬСКИЙ;73.20.1;12300;51593974
2503027796;103320;2022;ПРИМОРСКИЙ;42.11;12300;45572179
2503027796;103320;2023;ПРИМОРСКИЙ;42.11;12300;48251174
2503027796;103320;2024;ПРИМОРСКИЙ;42.11;12300;52699636
5903155163;12039076;2022;ПЕРМСКИЙ;23.31;12300;44134621
5903155163;12039076;2023;ПЕРМСКИЙ;23.31;12300;47644577
5903155163;12039076;2024;ПЕРМСКИЙ;23.31;12300;52273794
2130165984;9593711;2022;ЧУВАШСКАЯ РЕСПУБЛИКА -;73.11;12300;45219818
2130165984;9593711;2023;ЧУВАШСКАЯ РЕСПУБЛИКА -;73.11;12300;48391354
2130165984;9593711;2024;ЧУВАШСКАЯ РЕСПУБЛИКА -;73.11;12300;51357558
3702077514;395367;2022;ИВАНОВСКАЯ;71.11.1;12300;45131546
3702077514;395367;2023;ИВАНОВСКАЯ;71.11.1;12300;49442685
3702077514;395367;2024;ИВАНОВСКАЯ;71.11.1;12300;51469620
7719493453;11066303;2022;МОСКВА;47.73;12300;46543367
7719493453;11066303;2023;МОСКВА;47.73;12300;49642070
7719493453;11066303;2024;МОСКВА;47.73;12300;50565611
9204561875;9846114;2022;СЕВАСТОПОЛЬ;46.38;12300;45881462
9204561875;9846114;2023;СЕВАСТОПОЛЬ;46.38;12300;48451159
9204561875;9846114;2024;СЕВАСТОПОЛЬ;46.38;12300;51933093
4909079894;1944307;2022;МАГАДАНСКАЯ;69.10;12300;45110858
4909079894;1944307;2023;МАГАДАНСКАЯ;69.10;12300;48095893
4909079894;1944307;2024;МАГАДАНСКАЯ;69.10;12300;51893488
4632182666;8119676;2022;КУРСКАЯ;62.09;12300;46023615
4632182666;8119676;2023;КУРСКАЯ;62.09;12300;49283194
4632182666;8119676;2024;КУРСКАЯ;62.09;12300;52109780
2223622633;10559543;2022;АЛТАЙСКИЙ;45.32;12300;45178961
2223622633;10559543;2023;АЛТАЙСКИЙ;45.32;12300;49885039
2223622633;10559543;2024;АЛТАЙСКИЙ;45.32;12300;51544063
3906339831;8952552;2022;КАЛИНИНГРАДСКАЯ;46.63;12300;45538226
3906339831;8952552;2023;КАЛИНИНГРАДСКАЯ;46.63;12300;49728411
3906339831;8952552;2024;КАЛИНИНГРАДСКАЯ;46.63;12300;50679030
9718143139;11093242;2022;МОСКВА;79.12;12300;45089286
9718143139;11093242;2023;МОСКВА;79.12;12300;47689170
9718143139;11093242;2024;МОСКВА;79.12;12300;51655239
7104524516;8481941;2022;ТУЛЬСКАЯ;86.10;12300;45429662
7104524516;8481941;2023;ТУЛЬСКАЯ;86.10;12300;48930940
7104524516;8481941;2024;ТУЛЬСКАЯ;86.10;12300;51981294
7820079730;11739646;2022;САНКТ-ПЕТЕРБУРГ;25.12;12300;44943582
7820079730;11739646;2023;САНКТ-ПЕТЕРБУРГ;25.12;12300;48151649
7820079730;11739646;2024;САНКТ-ПЕТЕРБУРГ;25.12;12300;50949478
3848004921;4726609;2022;ИРКУТСКАЯ;25.11;12300;45284460
3848004921;4726609;2023;ИРКУТСКАЯ;25.11;12300;47716106
3848004921;4726609;2024;ИРКУТСКАЯ;25.11;12300;50892472
9103019391;9029627;2022;КРЫМ;86.90.4;12300;47163771
9103019391;9029627;2023;КРЫМ;86.90.4;12300;49950313
9103019391;9029627;2024;КРЫМ;68.20.2;12300;51919984
6659006823;6979610;2022;СВЕРДЛОВСКАЯ;68.20.2;12267;45243026
6659006823;6979610;2023;СВЕРДЛОВСКАЯ;68.20.2;12267;48009034
6659006823;6979610;2024;СВЕРДЛОВСКАЯ;68.20.2;12267;51157212
6829141413;10642030;2022;ТАМБОВСКАЯ;86.23;12300;45332144
6829141413;10642030;2023;ТАМБОВСКАЯ;86.23;12300;48713626
6829141413;10642030;2024;ТАМБОВСКАЯ;86.23;12300;51736364
0105017259;4871858;2022;АДЫГЕЯ;68.20;12300;44670370
0105017259;4871858;2023;АДЫГЕЯ;68.20;12300;47503583
0105017259;4871858;2024;АДЫГЕЯ;68.20;12300;51759872
3459078790;11064746;2022;ВОЛГОГРАДСКАЯ;42.11;12300;45012732
3459078790;11064746;2023;ВОЛГОГРАДСКАЯ;42.11;12300;48802044
3459078790;11064746;2024;ВОЛГОГРАДСКАЯ;42.11;12300;51607274
2222838929;9360376;2022;АЛТАЙСКИЙ;62.09;12300;46079223
2222838929;9360376;2023;АЛТАЙСКИЙ;62.09;12300;49262869
2222838929;9360376;2024;АЛТАЙСКИЙ;62.09;12300;52318072
0548112014;207417;2022;ДАГЕСТАН;81.21;12300;44926046
0548112014;207417;2023;ДАГЕСТАН;81.21;12300;48522858
0548112014;207417;2024;ДАГЕСТАН;81.21;12300;51385420
4632029795;1048997;2022;КУРСКАЯ;70.21;12300;45443521
4632029795;1048997;2023;КУРСКАЯ;70.21;12300;49700788
4632029795;1048997;2024;КУРСКАЯ;70.21;12300;51443387
2130203453;10761315;2022;ЧУВАШСКАЯ РЕСПУБЛИКА -;73.11;12300;46148175
2130203453;10761315;2023;ЧУВАШСКАЯ РЕСПУБЛИКА -;73.11;12300;49720026
2130203453;10761315;2024;ЧУВАШСКАЯ РЕСПУБЛИКА -;73.11;12300;51429742
2130199119;10589304;2022;ЧУВАШСКАЯ РЕСПУБЛИКА -;71.12;12300;45097220
2130199119;10589304;2023;ЧУВАШСКАЯ РЕСПУБЛИКА -;71.12;12300;48339996
2130199119;10589304;2024;ЧУВАШСКАЯ РЕСПУБЛИКА -;71.12;12300;51103660
6375003875;10444054;2022;САМАРСКАЯ;01.11;12300;45200323
6375003875;10444054;2023;САМАРСКАЯ;01.11;12300;48728342
6375003875;10444054;2024;САМАРСКАЯ;01.11;12300;51429695
7710745603;3856683;2022;МОСКВА;05.10.11;12300;44460671
7710745603;3856683;2023;МОСКВА;05.10.11;12300;47815702
7710745603;3856683;2024;МОСКВА;05.10.11;12300;50465946
4101098695;504047;2022;КАМЧАТСКИЙ;49.31.21;12300;45042080
4101098695;504047;2023;КАМЧАТСКИЙ;49.31.21;12300;50024227
4101098695;504047;2024;КАМЧАТСКИЙ;49.31.21;12300;51420341
2303027728;852217;2022;КРАСНОДАРСКИЙ;43.12;12300;45029465
2303027728;852217;2023;КРАСНОДАРСКИЙ;43.12;12300;48337416
2303027728;852217;2024;КРАСНОДАРСКИЙ;43.12;12300;51573919
3904081150;6402979;2022;КАЛИНИНГРАДСКАЯ;69;12300;46085028
3904081150;6402979;2023;КАЛИНИНГРАДСКАЯ;69;12300;49617964
3904081150;6402979;2024;КАЛИНИНГРАДСКАЯ;69;12300;52388597
0245968261;11785850;2022;БАШКОРТОСТАН;73.11;12300;46666025
0245968261;11785850;2023;БАШКОРТОСТАН;73.11;12300;48412014
0245968261;11785850;2024;БАШКОРТОСТАН;73.11;12300;50322704
0917012857;5585525;2022;КАРАЧАЕВО-ЧЕРКЕССКАЯ;47.24.3;12300;45341239
0917012857;5585525;2023;КАРАЧАЕВО-ЧЕРКЕССКАЯ;47.24.3;12300;48337716
0917012857;5585525;2024;КАРАЧАЕВО-ЧЕРКЕССКАЯ;47.24.3;12300;51400911
3127019135;11787216;2022;БЕЛГОРОДСКАЯ;49.41;12300;44529503
3127019135;11787216;2023;БЕЛГОРОДСКАЯ;49.41;12300;48098758
3127019135;11787216;2024;БЕЛГОРОДСКАЯ;49.41;12300;51448279
1101008985;9072775;2022;КОМИ;43.32;12300;45841968
1101008985;9072775;2023;КОМИ;43.32;12300;47491247
1101008985;9072775;2024;КОМИ;43.32;12300;50597465
5503182187;10750389;2022;ОМСКАЯ;43.21;12300;45191623
5503182187;10750389;2023;ОМСКАЯ;43.21;12300;48778732
5503182187;10750389;2024;ОМСКАЯ;43.21;12300;50754347
6234194881;11543891;2022;РЯЗАНСКАЯ;25.73;12300;46268387
6234194881;11543891;2023;РЯЗАНСКАЯ;25.73;12300;49452430
6234194881;11543891;2024;РЯЗАНСКАЯ;25.73;12300;51858765
3444189970;1451340;2022;ВОЛГОГРАДСКАЯ;73.11;12300;47017779
3444189970;1451340;2023;ВОЛГОГРАДСКАЯ;73.11;12300;48103848
3444189970;1451340;2024;ВОЛГОГРАДСКАЯ;73.11;12300;52567246
7733225329;9134064;2022;МОСКВА;71.1;12300;45921018
7733225329;9134064;2023;МОСКВА;71.1;12300;49711070
7733225329;9134064;2024;МОСКВА;71.1;12300;51479940
3523023093;10975599;2022;ВОЛОГОДСКАЯ;01.47;12300;45279686
3523023093;10975599;2023;ВОЛОГОДСКАЯ;01.47;12300;48242912
3523023093;10975599;2024;ВОЛОГОДСКАЯ;01.47;12300;50785330
2130221477;11425758;2022;ЧУВАШСКАЯ РЕСПУБЛИКА -;64.19;12300;44890283
2130221477;11425758;2023;ЧУВАШСКАЯ РЕСПУБЛИКА -;64.92;12300;49099302
2130221477;11425758;2024;ЧУВАШСКАЯ РЕСПУБЛИКА -;64.92;12300;51294371
5753069554;10480017;2022;ОРЛОВСКАЯ;71.12.2;12300;45749452
5753069554;10480017;2023;ОРЛОВСКАЯ;71.12.2;12300;49328284
5753069554;10480017;2024;ОРЛОВСКАЯ;71.12.2;12300;51337356
7604050423;6571550;2022;ЯРОСЛАВСКАЯ;43.99.9;12300;45960387
7604050423;6571550;2023;ЯРОСЛАВСКАЯ;43.99.9;12300;48801514
7604050423;6571550;2024;ЯРОСЛАВСКАЯ;43.99.9;12300;52782945
5443006339;8885953;2022;НОВОСИБИРСКАЯ;42.21;12300;44709937
5443006339;8885953;2023;НОВОСИБИРСКАЯ;42.21;12300;47807518
5443006339;8885953;2024;НОВОСИБИРСКАЯ;42.21;12300;50689293
5029124262;1069998;2022;МОСКВА;71.20.8;12300;47151515
5029124262;1069998;2023;МОСКВА;71.20.8;12300;48896636
5029124262;1069998;2024;МОСКВА;71.20.8;12300;51490457
5249079287;3783345;2022;НИЖЕГОРОДСКАЯ;46.75;12300;45596162
5249079287;3783345;2023;НИЖЕГОРОДСКАЯ;46.75;12300;49724543
5249079287;3783345;2024;НИЖЕГОРОДСКАЯ;46.75;12300;52231565
6315660555;8882744;2022;САМАРСКАЯ;71.12.12;12300;45333292
6315660555;8882744;2023;САМАРСКАЯ;71.12.12;12300;49149079
6315660555;8882744;2024;САМАРСКАЯ;71.12.12;12300;51869927
1435230481;1055373;2022;САХА /ЯКУТИЯ/;71.11;12300;45734693
1435230481;1055373;2023;САХА /ЯКУТИЯ/;71.11;12300;49375907
1435230481;1055373;2024;САХА /ЯКУТИЯ/;71.11;12300;52175892
2460213918;1743707;2022;КРАСНОЯРСКИЙ;45.21.53;12300;47002437
2460213918;1743707;2023;КРАСНОЯРСКИЙ;45.21.53;12300;49832045
2460213918;1743707;2024;КРАСНОЯРСКИЙ;45.21.53;12300;51234709
1901075476;6298815;2022;ХАКАСИЯ;73.11;12300;46297037
1901075476;6298815;2023;ХАКАСИЯ;73.11;12300;48915922
1901075476;6298815;2024;ХАКАСИЯ;73.11;12300;52079770
8602075689;2688500;2022;ХАНТЫ-МАНСИЙСКИЙ АВТОНОМНЫЙ ОКРУГ - ЮГРА;18.13;12300;46198396
8602075689;2688500;2023;ХАНТЫ-МАНСИЙСКИЙ АВТОНОМНЫЙ ОКРУГ - ЮГРА;18.13;12300;49466160
8602075689;2688500;2024;ХАНТЫ-МАНСИЙСКИЙ АВТОНОМНЫЙ ОКРУГ - ЮГРА;18.13;12300;52373142
5908032609;2504431;2022;ПЕРМСКИЙ;47.1;12300;46234974
5908032609;2504431;2023;ПЕРМСКИЙ;47.1;12300;48705858
5908032609;2504431;2024;ПЕРМСКИЙ;47.1;12300;51334364
7017468093;11193986;2022;ТОМСКАЯ;69.10;12300;45120105
7017468093;11193986;2023;ТОМСКАЯ;69.10;12300;47586270
7017468093;11193986;2024;ТОМСКАЯ;69.10;12300;52143930
9728010233;11378750;2022;МОСКОВСКАЯ;56.10;12300;46136226
9728010233;11378750;2023;МОСКОВСКАЯ;56.10;12300;49590576
9728010233;11378750;2024;МОСКОВСКАЯ;56.10;12300;52515066
1435315696;10050405;2022;САХА /ЯКУТИЯ/;56.10;12300;45634450
1435315696;10050405;2023;САХА /ЯКУТИЯ/;56.10;12300;48526232
1435315696;10050405;2024;САХА /ЯКУТИЯ/;56.10;12300;52269421
5022019685;396957;2022;МОСКОВСКАЯ;47.5;12300;45599578
5022019685;396957;2023;МОСКОВСКАЯ;47.5;12300;49744640
5022019685;396957;2024;МОСКОВСКАЯ;47.5;12300;52224796
6454111680;4788477;2022;САРАТОВСКАЯ;45.3;12300;45030431
6454111680;4788477;2023;САРАТОВСКАЯ;45.3;12300;48182686
6454111680;4788477;2024;САРАТОВСКАЯ;45.3;12300;51445735
7017429834;10329180;2022;ТОМСКАЯ;49.41;12300;46605451
7017429834;10329180;2023;ТОМСКАЯ;49.41;12300;49341724
7017429834;10329180;2024;ТОМСКАЯ;49.41;12300;52263493
0107036698;11459739;2022;АДЫГЕЯ;47.30.11;12300;46351863
0107036698;11459739;2023;АДЫГЕЯ;47.30.11;12300;49358372
0107036698;11459739;2024;АДЫГЕЯ;47.30.11;12300;52245813
7202222094;2094181;2022;ТЮМЕНСКАЯ;46.48.2;12300;44774345
7202222094;2094181;2023;ТЮМЕНСКАЯ;46.48.2;12300;48296465
7202222094;2094181;2024;ТЮМЕНСКАЯ;46.48.2;12300;50724884
7328510661;3291297;2022;УЛЬЯНОВСКАЯ;25.12;12300;45748199
7328510661;3291297;2023;УЛЬЯНОВСКАЯ;25.12;12300;49249521
7328510661;3291297;2024;УЛЬЯНОВСКАЯ;25.12;12300;51436658
8905038157;161708;2022;ЯМАЛО-НЕНЕЦКИЙ;47.25.1;12300;45876742
8905038157;161708;2023;ЯМАЛО-НЕНЕЦКИЙ;47.25.1;12300;49415106
8905038157;161708;2024;ЯМАЛО-НЕНЕЦКИЙ;47.25.1;12300;51372159
7310105863;3298426;2022;УЛЬЯНОВСКАЯ;47.11.1;12300;44713949
7310105863;3298426;2023;УЛЬЯНОВСКАЯ;47.11.1;12300;48049091
7310105863;3298426;2024;УЛЬЯНОВСКАЯ;47.11.1;12300;51030169
7451086194;3469417;2022;ЧЕЛЯБИНСКАЯ;01.13.31;12300;46616852
7451086194;3469417;2023;ЧЕЛЯБИНСКАЯ;01.13.31;12300;49494283
7451086194;3469417;2024;ЧЕЛЯБИНСКАЯ;01.13.31;12300;52478688
1513046394;8310002;2022;СЕВЕРНАЯ ОСЕТИЯ - АЛАНИЯ;73.11;12300;44981921
1513046394;8310002;2023;СЕВЕРНАЯ ОСЕТИЯ - АЛАНИЯ;73.11;12300;48365951
1513046394;8310002;2024;СЕВЕРНАЯ ОСЕТИЯ - АЛАНИЯ;73.11;12300;51501393
9724067711;11749910;2022;МОСКВА;25.11;12300;45248335
9724067711;11749910;2023;МОСКВА;25.11;12300;47995667
9724067711;11749910;2024;МОСКВА;25.11;12300;51351982
3019029217;11464868;2022;АСТРАХАНСКАЯ;68.32.1;12300;45852067
3019029217;11464868;2023;АСТРАХАНСКАЯ;68.32.1;12300;49703809
3019029217;11464868;2024;АСТРАХАНСКАЯ;68.32.1;12300;52631676
5752071303;9155587;2022;ОРЛОВСКАЯ;73.11;12300;46281912
5752071303;9155587;2023;ОРЛОВСКАЯ;73.11;12300;49265313
5752071303;9155587;2024;ОРЛОВСКАЯ;73.11;12300;51970647
2221212159;8516832;2022;АЛТАЙСКИЙ;43.21;12300;44170372
2221212159;8516832;2023;АЛТАЙСКИЙ;43.21;12300;47463105
2221212159;8516832;2024;АЛТАЙСКИЙ;43.21;12300;50318355
6324041463;8020371;2022;САМАРСКАЯ;47.43;12300;45219987
6324041463;8020371;2023;САМАРСКАЯ;47.43;12300;48530374
6324041463;8020371;2024;САМАРСКАЯ;47.43;12300;51153990
5835137283;11432755;2022;ПЕНЗЕНСКАЯ;86.23;12300;44052787
5835137283;11432755;2023;ПЕНЗЕНСКАЯ;86.23;12300;47398919
5835137283;11432755;2024;ПЕНЗЕНСКАЯ;86.23;12300;50421012
3662246410;10150317;2022;ВОРОНЕЖСКАЯ;49.41;12300;44355248
3662246410;10150317;2023;ВОРОНЕЖСКАЯ;49.41;12300;47229445
3662246410;10150317;2024;ВОРОНЕЖСКАЯ;49.41;12300;50133877
5260170596;5509738;2022;РОСТОВСКАЯ;71.12.4;12300;46374072
5260170596;5509738;2023;РОСТОВСКАЯ;71.12.4;12300;49404319
5260170596;5509738;2024;РОСТОВСКАЯ;71.12.4;12300;50953474
6671065374;10071897;2022;СВЕРДЛОВСКАЯ;73.11;12300;45690105
6671065374;10071897;2023;СВЕРДЛОВСКАЯ;73.11;12300;48235438
6671065374;10071897;2024;СВЕРДЛОВСКАЯ;73.11;12300;51678285
7203415282;10173663;2022;ТЮМЕНСКАЯ;49.41;12300;45504417
7203415282;10173663;2023;ТЮМЕНСКАЯ;41.20;12300;49856494
7203415282;10173663;2024;ТЮМЕНСКАЯ;41.20;12300;52800321
6500005008;11925668;2022;САХАЛИНСКАЯ;70.22;12300;46242174
6500005008;11925668;2023;САХАЛИНСКАЯ;70.22;12300;49993861
6500005008;11925668;2024;САХАЛИНСКАЯ;70.22;12300;52510605
2920014777;7384832;2022;АРХАНГЕЛЬСКАЯ;02.20;12300;47040178
2920014777;7384832;2023;АРХАНГЕЛЬСКАЯ;02.20;12300;49743498
2920014777;7384832;2024;АРХАНГЕЛЬСКАЯ;02.20;12300;51818290
7604070500;830471;2022;ЯРОСЛАВСКАЯ;86.10;12300;44455620
7604070500;830471;2023;ЯРОСЛАВСКАЯ;86.10;12300;49804012
7604070500;830471;2024;ЯРОСЛАВСКАЯ;86.10;12300;50143621
3652006716;6826399;2022;ВОРОНЕЖСКАЯ;86.23;12300;45243438
3652006716;6826399;2023;ВОРОНЕЖСКАЯ;86.23;12300;48251274
3652006716;6826399;2024;ВОРОНЕЖСКАЯ;86.23;12300;50901913
3525305079;7992716;2022;ВОЛОГОДСКАЯ;45.20;12300;45451226
3525305079;7992716;2023;ВОЛОГОДСКАЯ;45.20;12300;49952093
3525305079;7992716;2024;ВОЛОГОДСКАЯ;45.20;12300;51092617
2013010264;11685306;2022;ЧЕЧЕНСКАЯ;56.10;12300;45330722
2013010264;11685306;2023;ЧЕЧЕНСКАЯ;56.10;12300;49460797
2013010264;11685306;2024;ЧЕЧЕНСКАЯ;56.10;12300;51219637
8603148509;6536434;2022;ХАНТЫ-МАНСИЙСКИЙ АВТОНОМНЫЙ ОКРУГ - ЮГРА;25.11;12300;45191887
8603148509;6536434;2023;ХАНТЫ-МАНСИЙСКИЙ АВТОНОМНЫЙ ОКРУГ - ЮГРА;25.11;12300;47962407
8603148509;6536434;2024;ХАНТЫ-МАНСИЙСКИЙ АВТОНОМНЫЙ ОКРУГ - ЮГРА;25.11;12300;51426398
6164135270;11607776;2022;РОСТОВСКАЯ;62.01;12300;44802523
6164135270;11607776;2023;РОСТОВСКАЯ;62.01;12300;48857211
6164135270;11607776;2024;РОСТОВСКАЯ;62.01;12300;52752461
5507243151;8144884;2022;ОМСКАЯ;47.79;12300;46194408
5507243151;8144884;2023;ОМСКАЯ;47.79;12300;49666565
5507243151;8144884;2024;ОМСКАЯ;47.79;12300;51658787
5753073695;11267979;2022;ОРЛОВСКАЯ;56.30;12300;45218572
5753073695;11267979;2023;ОРЛОВСКАЯ;56.30;12300;48449806
5753073695;11267979;2024;ОРЛОВСКАЯ;56.30;12300;51220944
7447137375;1877568;2022;ЧЕЛЯБИНСКАЯ;73.11;12300;46152574
7447137375;1877568;2023;ЧЕЛЯБИНСКАЯ;73.11;12300;49250296
7447137375;1877568;2024;ЧЕЛЯБИНСКАЯ;73.11;12300;52603593
6319197031;9357788;2022;САМАРСКАЯ;77.32;12300;44549747
6319197031;9357788;2023;САМАРСКАЯ;77.32;12300;48485836
6319197031;9357788;2024;САМАРСКАЯ;77.32;12300;50952698
9102184762;9233387;2022;КРЫМ;01.11;12300;45688262
9102184762;9233387;2023;КРЫМ;01.11;12300;49345305
9102184762;9233387;2024;КРЫМ;01.11;12300;52359880
5040175180;11677396;2022;МОСКОВСКАЯ;73.11;12300;44868857
5040175180;11677396;2023;МОСКОВСКАЯ;73.11;12300;48869930
5040175180;11677396;2024;МОСКОВСКАЯ;73.11;12300;51279332
9728007209;11353070;2022;ЛИПЕЦКАЯ;52.29;12300;44054178
9728007209;11353070;2023;ЛИПЕЦКАЯ;52.29;12300;49522181
9728007209;11353070;2024;ЛИПЕЦКАЯ;52.29;12300;50555542
1101058753;9769053;2022;КОМИ;49.41.1;12300;44228750
1101058753;9769053;2023;КОМИ;49.41.1;12300;49784931
1101058753;9769053;2024;КОМИ;49.41.1;12300;52517410
1020001533;72857;2022;КАРЕЛИЯ;42.11;12300;47152059
1020001533;72857;2023;КАРЕЛИЯ;42.11;12300;50055654
1020001533;72857;2024;КАРЕЛИЯ;42.11;12300;52389280
3906205027;1162634;2022;КАЛИНИНГРАДСКАЯ;86.23;12300;45226833
3906205027;1162634;2023;КАЛИНИНГРАДСКАЯ;86.23;12300;47574379
3906205027;1162634;2024;КАЛИНИНГРАДСКАЯ;86.23;12300;52739898
5905049530;10122582;2022;ПЕРМСКИЙ;62.01;12300;46120175
5905049530;10122582;2023;ПЕРМСКИЙ;62.01;12300;49435646
5905049530;10122582;2024;ПЕРМСКИЙ;62.01;12300;52252490
5609096996;8619355;2022;ОРЕНБУРГСКАЯ;47.59;12300;47066692
5609096996;8619355;2023;ОРЕНБУРГСКАЯ;47.59;12300;48683144
5609096996;8619355;2024;ОРЕНБУРГСКАЯ;47.59;12300;51776789
1655110447;3972407;2022;ТАТАРСТАН;93.2;12300;46051104
1655110447;3972407;2023;ТАТАРСТАН;93.2;12300;49219165
1655110447;3972407;2024;ТАТАРСТАН;93.2;12300;51408561
3808230603;7998552;2022;ИРКУТСКАЯ;86.10;12300;44389339
3808230603;7998552;2023;ИРКУТСКАЯ;86.10;12300;47572908
3808230603;7998552;2024;ИРКУТСКАЯ;86.10;12300;50426681
4325002696;2109671;2022;КИРОВСКАЯ;01.41;12267;46618286
4325002696;2109671;2023;КИРОВСКАЯ;01.41;12267;48911249
4325002696;2109671;2024;КИРОВСКАЯ;01.41;12267;52372575
3409007360;6846181;2022;ВОЛГОГРАДСКАЯ;41.20;12300;46630992
3409007360;6846181;2023;ВОЛГОГРАДСКАЯ;41.20;12300;49286758
3409007360;6846181;2024;ВОЛГОГРАДСКАЯ;49.41;12300;52594878
4726005119;11310980;2022;ЛЕНИНГРАДСКАЯ;25.11;12300;45446678
4726005119;11310980;2023;ЛЕНИНГРАДСКАЯ;25.11;12300;48188154
4726005119;11310980;2024;ЛЕНИНГРАДСКАЯ;25.11;12300;50830556
6827030531;10798994;2022;ТАМБОВСКАЯ;86.23;12300;45092887
6827030531;10798994;2023;ТАМБОВСКАЯ;86.23;12300;48830902
6827030531;10798994;2024;ТАМБОВСКАЯ;86.23;12300;52656220
3666264636;11934306;2022;ВОРОНЕЖСКАЯ;56.10;12300;45847503
3666264636;11934306;2023;ВОРОНЕЖСКАЯ;56.10;12300;49200120
3666264636;11934306;2024;ВОРОНЕЖСКАЯ;56.10;12300;52182155
7751163869;11045257;2022;МОСКВА;45.31;12300;46983632
7751163869;11045257;2023;МОСКВА;45.31;12300;49676730
7751163869;11045257;2024;МОСКВА;45.31;12300;52656283
1701035557;320760;2022;ТЫВА;49.41.2;12300;46458824
1701035557;320760;2023;ТЫВА;49.41.2;12300;49836878
1701035557;320760;2024;ТЫВА;49.41.2;12300;50408795
1435280637;8490213;2022;САХА /ЯКУТИЯ/;42.21;12300;47030951
1435280637;8490213;2023;САХА /ЯКУТИЯ/;42.21;12300;49886686
1435280637;8490213;2024;САХА /ЯКУТИЯ/;42.21;12300;52764056
2623031392;11414818;2022;СТАВРОПОЛЬСКИЙ;66.19;12300;44133084
2623031392;11414818;2023;СТАВРОПОЛЬСКИЙ;66.19;12300;47181328
2623031392;11414818;2024;СТАВРОПОЛЬСКИЙ;66.19;12300;50204100
6501259485;8183517;2022;САХАЛИНСКАЯ;41.20;12300;45505869
6501259485;8183517;2023;САХАЛИНСКАЯ;41.20;12300;47975344
6501259485;8183517;2024;САХАЛИНСКАЯ;41.20;12300;52158651
6727016734;1101688;2022;СМОЛЕНСКАЯ;45.33;12300;44664152
6727016734;1101688;2023;СМОЛЕНСКАЯ;45.33;12300;47742345
6727016734;1101688;2024;СМОЛЕНСКАЯ;45.33;12300;51056324
2315116933;1045249;2022;КРАСНОДАРСКИЙ;41.20;12300;44682964
2315116933;1045249;2023;КРАСНОДАРСКИЙ;41.20;12300;47645452
2315116933;1045249;2024;КРАСНОДАРСКИЙ;41.20;12300;50901948
6670256680;3166606;2022;СВЕРДЛОВСКАЯ;86.23;12300;45628084
6670256680;3166606;2023;СВЕРДЛОВСКАЯ;86.23;12300;48343142
6670256680;3166606;2024;СВЕРДЛОВСКАЯ;86.23;12300;52285586
0265042285;9341127;2022;БАШКОРТОСТАН;45.21;12300;45865741
0265042285;9341127;2023;БАШКОРТОСТАН;41.2;12300;49846755
0265042285;9341127;2024;БАШКОРТОСТАН;41.2;12300;52159726
4826136556;10775145;2022;ЛИПЕЦКАЯ;73.20;12300;45659141
4826136556;10775145;2023;ЛИПЕЦКАЯ;73.20;12300;48654962
4826136556;10775145;2024;ЛИПЕЦКАЯ;73.20;12300;51714853
6454089586;3640708;2022;САНКТ-ПЕТЕРБУРГ;46.69.5;12300;45382762
6454089586;3640708;2023;САНКТ-ПЕТЕРБУРГ;46.69.5;12300;48340426
6454089586;3640708;2024;САНКТ-ПЕТЕРБУРГ;46.69.5;12300;51154201
2635215958;9574893;2022;СТАВРОПОЛЬСКИЙ;31.01;12300;46618784
2635215958;9574893;2023;СТАВРОПОЛЬСКИЙ;31.01;12300;48730671
2635215958;9574893;2024;СТАВРОПОЛЬСКИЙ;31.01;12300;52196549
5118004993;11484714;2022;МУРМАНСКАЯ;43.21;12300;45772869
5118004993;11484714;2023;МУРМАНСКАЯ;43.21;12300;48519332
5118004993;11484714;2024;МУРМАНСКАЯ;43.21;12300;50923057
6950263129;11954851;2022;ТВЕРСКАЯ;46.90;12300;44598385
6950263129;11954851;2023;ТВЕРСКАЯ;46.90;12300;48348339
6950263129;11954851;2024;ТВЕРСКАЯ;46.90;12300;50710085
6234130060;8497875;2022;РЯЗАНСКАЯ;46.21;12300;45768969
6234130060;8497875;2023;РЯЗАНСКАЯ;46.21;12300;47898193
6234130060;8497875;2024;РЯЗАНСКАЯ;46.21;12300;51974666
7603072907;11122979;2022;ЯРОСЛАВСКАЯ;47.91.2;12300;45295125
7603072907;11122979;2023;ЯРОСЛАВСКАЯ;47.91.2;12300;47881077
7603072907;11122979;2024;ЯРОСЛАВСКАЯ;47.91.2;12300;50532213
1624011220;5555677;2022;ТАТАРСТАН;86.23;12300;44697004
1624011220;5555677;2023;ТАТАРСТАН;86.23;12300;47250683
1624011220;5555677;2024;ТАТАРСТАН;86.23;12300;50495180
5752045448;5576468;2022;ОРЛОВСКАЯ;25.62;12300;45079367
5752045448;5576468;2023;ОРЛОВСКАЯ;25.62;12300;47591255
5752045448;5576468;2024;ОРЛОВСКАЯ;25.62;12300;51156247
9723092000;11137122;2022;МОСКВА;86.23;12300;45682778
9723092000;11137122;2023;МОСКВА;86.23;12300;49578837
9723092000;11137122;2024;МОСКВА;86.23;12300;51540701
7751151648;10852105;2022;МОСКВА;13.92.2;12300;44852523
7751151648;10852105;2023;МОСКВА;13.92.2;12300;48796016
7751151648;10852105;2024;МОСКВА;69.20;12300;51313899
4345057728;1088658;2022;МОСКВА;18.1;12300;44847709
4345057728;1088658;2023;МОСКВА;18.1;12300;47950095
4345057728;1088658;2024;МОСКВА;18.1;12300;51951048
2901137847;1634547;2022;НЕНЕЦКИЙ;41.20;12300;44682956
2901137847;1634547;2023;НЕНЕЦКИЙ;41.20;12300;48033291
2901137847;1634547;2024;НЕНЕЦКИЙ;41.20;12300;52958362
1650408977;11743356;2022;ТАТАРСТАН;43.29;12300;46557713
1650408977;11743356;2023;ТАТАРСТАН;43.29;12300;49280074
1650408977;11743356;2024;ТАТАРСТАН;43.29;12300;52536224
0308000540;6693857;2022;БУРЯТИЯ;01.47;12247;45727270
0308000540;6693857;2023;БУРЯТИЯ;01.47;12247;49037921
0308000540;6693857;2024;БУРЯТИЯ;01.47;12247;52251071
7116128651;3019866;2022;ТУЛЬСКАЯ;56.1;12300;44106401
7116128651;3019866;2023;ТУЛЬСКАЯ;56.1;12300;48118392
7116128651;3019866;2024;ТУЛЬСКАЯ;56.1;12300;50084923
4632168943;7415432;2022;КУРСКАЯ;68.32;12300;45311269
4632168943;7415432;2023;КУРСКАЯ;68.32;12300;49029508
4632168943;7415432;2024;КУРСКАЯ;68.32;12300;51101807
2801269448;11866674;2022;АМУРСКАЯ;41.20;12300;45276605
2801269448;11866674;2023;АМУРСКАЯ;41.20;12300;49135807
2801269448;11866674;2024;АМУРСКАЯ;41.20;12300;52059123
7718990068;8627989;2022;МОСКВА;46.66;12300;45349681
7718990068;8627989;2023;МОСКВА;46.66;12300;49751447
7718990068;8627989;2024;МОСКВА;46.66;12300;52022804
7816710985;11437654;2022;САНКТ-ПЕТЕРБУРГ;68.20;12300;45084414
7816710985;11437654;2023;САНКТ-ПЕТЕРБУРГ;68.20;12300;48104075
7816710985;11437654;2024;САНКТ-ПЕТЕРБУРГ;68.20;12300;51716881
1106027741;1422794;2022;КОМИ;49.41.1;12300;46628807
1106027741;1422794;2023;КОМИ;49.41.1;12300;49930338
1106027741;1422794;2024;КОМИ;49.41.1;12300;52693581
2801087832;5654951;2022;АМУРСКАЯ;56.10;12300;45810157
2801087832;5654951;2023;АМУРСКАЯ;56.10;12300;50010318
2801087832;5654951;2024;АМУРСКАЯ;56.10;12300;51901423
1701061860;10839456;2022;ТЫВА;71.12.41;12300;46666193
1701061860;10839456;2023;ТЫВА;71.12.41;12300;49717688
1701061860;10839456;2024;ТЫВА;71.12.41;12300;52620426
7701786360;5602451;2022;МОСКВА;69.2;12300;45656573
7701786360;5602451;2023;МОСКВА;69.2;12300;48534853
7701786360;5602451;2024;МОСКВА;69.20.1;12300;52320421
3906224943;3365099;2022;КАЛИНИНГРАДСКАЯ;25.12;12300;44643011
3906224943;3365099;2023;КАЛИНИНГРАДСКАЯ;25.12;12300;48036874
3906224943;3365099;2024;КАЛИНИНГРАДСКАЯ;25.12;12300;50101258
7720847523;11551845;2022;АРХАНГЕЛЬСКАЯ;42.11;12300;46603162
7720847523;11551845;2023;АРХАНГЕЛЬСКАЯ;42.11;12300;49636759
7720847523;11551845;2024;АРХАНГЕЛЬСКАЯ;42.11;12300;51868909
7105041776;9073862;2022;ТУЛЬСКАЯ;41.20;12300;47001576
7105041776;9073862;2023;ТУЛЬСКАЯ;41.20;12300;48430018
7105041776;9073862;2024;ТУЛЬСКАЯ;41.20;12300;51369380
2225222278;11676952;2022;АЛТАЙСКИЙ;45.32;12300;46073209
2225222278;11676952;2023;АЛТАЙСКИЙ;45.32;12300;49552960
2225222278;11676952;2024;АЛТАЙСКИЙ;45.32;12300;52074790
3528331630;11691036;2022;ВОЛОГОДСКАЯ;42.99;12300;44238254
3528331630;11691036;2023;ВОЛОГОДСКАЯ;42.99;12300;47822108
3528331630;11691036;2024;ВОЛОГОДСКАЯ;42.99;12300;51311077
7804650989;11055437;2022;САНКТ-ПЕТЕРБУРГ;25.62;12300;45863195
7804650989;11055437;2023;САНКТ-ПЕТЕРБУРГ;25.62;12300;49521806
7804650989;11055437;2024;САНКТ-ПЕТЕРБУРГ;25.62;12300;52482094
2130063855;2289779;2022;ЧУВАШСКАЯ РЕСПУБЛИКА -;47.74;12267;47076385
2130063855;2289779;2023;ЧУВАШСКАЯ РЕСПУБЛИКА -;47.78.2;12267;48958758
2130063855;2289779;2024;ЧУВАШСКАЯ РЕСПУБЛИКА -;47.78.2;12267;51803477
7126020520;10956802;2022;ТУЛЬСКАЯ;73.11;12300;44428986
7126020520;10956802;2023;ТУЛЬСКАЯ;73.11;12300;47996635
7126020520;10956802;2024;ТУЛЬСКАЯ;73.11;12300;52509051
7326057421;10664133;2022;УЛЬЯНОВСКАЯ;69.10;12300;44776073
7326057421;10664133;2023;УЛЬЯНОВСКАЯ;69.10;12300;48480579
7326057421;10664133;2024;УЛЬЯНОВСКАЯ;69.10;12300;50835312
4501195580;8634703;2022;КУРГАНСКАЯ;70.22;12300;45714677
4501195580;8634703;2023;КУРГАНСКАЯ;70.22;12300;47894339
4501195580;8634703;2024;КУРГАНСКАЯ;70.22;12300;52794332
6439100274;11816637;2022;САРАТОВСКАЯ;42.21;12300;46143790
6439100274;11816637;2023;САРАТОВСКАЯ;42.21;12300;49264638
6439100274;11816637;2024;САРАТОВСКАЯ;42.21;12300;51675336
8601019730;6282177;2022;ХАНТЫ-МАНСИЙСКИЙ АВТОНОМНЫЙ ОКРУГ - ЮГРА;80.10;12300;46461711
8601019730;6282177;2023;ХАНТЫ-МАНСИЙСКИЙ АВТОНОМНЫЙ ОКРУГ - ЮГРА;80.10;12300;49435278
8601019730;6282177;2024;ХАНТЫ-МАНСИЙСКИЙ АВТОНОМНЫЙ ОКРУГ - ЮГРА;80.10;12300;52047161
9105017093;10001609;2022;КРЫМ;49.39;12300;44667133
9105017093;10001609;2023;КРЫМ;49.39;12300;47460509
9105017093;10001609;2024;КРЫМ;49.39;12300;50393682
5835108638;8853147;2022;ПЕНЗЕНСКАЯ;69.20.2;12300;44604371
5835108638;8853147;2023;ПЕНЗЕНСКАЯ;69.20.2;12300;48085956
5835108638;8853147;2024;ПЕНЗЕНСКАЯ;69.20.2;12300;51183364
7713741237;14574;2022;МОСКВА;01.13.4;12300;45382207
7713741237;14574;2023;МОСКВА;01.13.4;12300;47966049
7713741237;14574;2024;МОСКВА;01.13.4;12300;50815286
7203483356;11075917;2022;ТЮМЕНСКАЯ;45.32;12300;45704633
7203483356;11075917;2023;ТЮМЕНСКАЯ;45.32;12300;48672088
7203483356;11075917;2024;ТЮМЕНСКАЯ;45.32;12300;52457752
9201515623;9756610;2022;СЕВАСТОПОЛЬ;69.10;12300;44716413
9201515623;9756610;2023;СЕВАСТОПОЛЬ;69.10;12300;47681946
9201515623;9756610;2024;СЕВАСТОПОЛЬ;69.10;12300;50831318
5404038873;9826427;2022;НОВОСИБИРСКАЯ;52.21;12300;44654246
5404038873;9826427;2023;НОВОСИБИРСКАЯ;52.21;12300;47591296
5404038873;9826427;2024;НОВОСИБИРСКАЯ;52.21;12300;52803759
6732055680;7777337;2022;СМОЛЕНСКАЯ;93.12;12300;45948817
6732055680;7777337;2023;СМОЛЕНСКАЯ;93.12;12300;48182734
6732055680;7777337;2024;СМОЛЕНСКАЯ;93.12;12300;52244128
3906121546;643168;2022;КАЛИНИНГРАДСКАЯ;62.01;12300;46519518
3906121546;643168;2023;КАЛИНИНГРАДСКАЯ;62.01;12300;49271626
3906121546;643168;2024;КАЛИНИНГРАДСКАЯ;62.01;12300;52323408
3257014755;8380727;2022;БРЯНСКАЯ;80.10;12300;45442766
3257014755;8380727;2023;БРЯНСКАЯ;80.10;12300;48725117
3257014755;8380727;2024;БРЯНСКАЯ;80.10;12300;52438113
1659073725;6149658;2022;ТАТАРСТАН;55.1;12300;45199375
1659073725;6149658;2023;ТАТАРСТАН;55.1;12300;48021920
1659073725;6149658;2024;ТАТАРСТАН;55.1;12300;50625493
6318019290;9952209;2022;САМАРСКАЯ;41.20;12300;45231372
6318019290;9952209;2023;САМАРСКАЯ;41.20;12300;49579304
6318019290;9952209;2024;САМАРСКАЯ;41.20;12300;52422196
3250534201;7448984;2022;БРЯНСКАЯ;25.93;12300;44115399
3250534201;7448984;2023;БРЯНСКАЯ;25.93;12300;47413565
3250534201;7448984;2024;БРЯНСКАЯ;25.93;12300;50187137
3416033227;6846207;2022;ВОЛГОГРАДСКАЯ;01.11.1;12300;45294420
3416033227;6846207;2023;ВОЛГОГРАДСКАЯ;01.11.1;12300;48316903
3416033227;6846207;2024;ВОЛГОГРАДСКАЯ;01.11.1;12300;51785319
2801066261;6796371;2022;АМУРСКАЯ;69.20.2;12300;44564523
2801066261;6796371;2023;АМУРСКАЯ;69.20.2;12300;47694497
2801066261;6796371;2024;АМУРСКАЯ;69.20.2;12300;50482089
3666230806;10802261;2022;ВОРОНЕЖСКАЯ;47.91;12300;45326564
3666230806;10802261;2023;ВОРОНЕЖСКАЯ;46.61;12300;49633734
3666230806;10802261;2024;ВОРОНЕЖСКАЯ;46.61;12300;50837051
7722585094;3154078;2022;МОСКВА;43.39;12300;46152186
7722585094;3154078;2023;МОСКВА;43.39;12300;48230670
7722585094;3154078;2024;МОСКВА;43.39;12300;52360840
1837020170;11439236;2022;УДМУРТСКАЯ;42.99;12300;47103507
1837020170;11439236;2023;УДМУРТСКАЯ;42.99;12300;47457739
1837020170;11439236;2024;УДМУРТСКАЯ;42.99;12300;50932159
9709083885;11905095;2022;КРАСНОДАРСКИЙ;62.01;12300;44135107
9709083885;11905095;2023;КРАСНОДАРСКИЙ;62.01;12300;49554136
9709083885;11905095;2024;КРАСНОДАРСКИЙ;62.01;12300;52728773
5609026653;6924237;2022;ОРЕНБУРГСКАЯ;56.10;12300;44073279
5609026653;6924237;2023;ОРЕНБУРГСКАЯ;56.10;12300;48496661
5609026653;6924237;2024;ОРЕНБУРГСКАЯ;56.10;12300;51485167
6027192445;10779446;2022;ПСКОВСКАЯ;73.11;12300;46976189
6027192445;10779446;2023;ПСКОВСКАЯ;73.11;12300;48773108
6027192445;10779446;2024;ПСКОВСКАЯ;73.11;12300;52588856
7452099534;2613894;2022;ЧЕЛЯБИНСКАЯ;71.11;12300;43949395
7452099534;2613894;2023;ЧЕЛЯБИНСКАЯ;71.11;12300;47170376
7452099534;2613894;2024;ЧЕЛЯБИНСКАЯ;71.11;12300;50365354
1624445041;1644295;2022;ТАТАРСТАН;01.1;12300;44001861
1624445041;1644295;2023;ТАТАРСТАН;01.1;12300;48495859
1624445041;1644295;2024;ТАТАРСТАН;01.1;12300;50206803
9102188372;9286072;2022;КРЫМ;46.34.23;12300;44845988
9102188372;9286072;2023;КРЫМ;46.34.23;12300;48004891
9102188372;9286072;2024;КРЫМ;46.34.23;12300;50335584
5104909382;1479335;2022;МУРМАНСКАЯ;73.1;12300;44452230
5104909382;1479335;2023;МУРМАНСКАЯ;73.1;12300;47613251
5104909382;1479335;2024;МУРМАНСКАЯ;73.1;12300;50428633
6314048100;11712418;2022;САМАРСКАЯ;46.73;12300;45081525
6314048100;11712418;2023;САМАРСКАЯ;46.73;12300;48790920
6314048100;11712418;2024;САМАРСКАЯ;46.73;12300;50968433
0571013710;10884226;2022;ДАГЕСТАН;46.73;12300;45491488
0571013710;10884226;2023;ДАГЕСТАН;46.73;12300;49222773
0571013710;10884226;2024;ДАГЕСТАН;46.73;12300;51004836
1215183187;8797742;2022;МАРИЙ ЭЛ;86.10;12300;45124928
1215183187;8797742;2023;МАРИЙ ЭЛ;86.10;12300;47842482
1215183187;8797742;2024;МАРИЙ ЭЛ;86.10;12300;51181455
7814439551;4061291;2022;САНКТ-ПЕТЕРБУРГ;86.23;12300;46301103
7814439551;4061291;2023;САНКТ-ПЕТЕРБУРГ;86.23;12300;49400477
7814439551;4061291;2024;САНКТ-ПЕТЕРБУРГ;86.23;12300;51535372
7708651531;6180827;2022;МОСКВА;43.2;12300;45395751
7708651531;6180827;2023;МОСКВА;43.2;12300;50031925
7708651531;6180827;2024;МОСКВА;43.2;12300;51303606
5638060708;1216616;2022;ОРЕНБУРГСКАЯ;46.71.2;12300;46110404
5638060708;1216616;2023;ОРЕНБУРГСКАЯ;46.71.2;12300;49043427
5638060708;1216616;2024;ОРЕНБУРГСКАЯ;46.71.2;12300;51844209
2926007430;1433403;2022;НЕНЕЦКИЙ;68.2;12300;45904713
2926007430;1433403;2023;НЕНЕЦКИЙ;68.2;12300;49132902
2926007430;1433403;2024;НЕНЕЦКИЙ;68.2;12300;51814450
7705412550;4550687;2022;МОСКВА;68.2;12300;47049707
7705412550;4550687;2023;МОСКВА;68.2;12300;49744316
7705412550;4550687;2024;МОСКВА;68.2;12300;52836373
2109901906;126578;2022;ЧУВАШСКАЯ РЕСПУБЛИКА -;56.29;12300;45240564
2109901906;126578;2023;ЧУВАШСКАЯ РЕСПУБЛИКА -;56.29;12300;48016077
2109901906;126578;2024;ЧУВАШСКАЯ РЕСПУБЛИКА -;56.29;12300;51327369
9110022243;10667176;2022;КРЫМ;10.71;12300;44052818
9110022243;10667176;2023;КРЫМ;10.71;12300;47307870
9110022243;10667176;2024;КРЫМ;10.71;12300;50306273
3123439509;10721219;2022;САНКТ-ПЕТЕРБУРГ;68.20;12300;44228348
3123439509;10721219;2023;САНКТ-ПЕТЕРБУРГ;68.20;12300;49560751
3123439509;10721219;2024;САНКТ-ПЕТЕРБУРГ;68.20;12300;52343182
2539117891;576262;2022;ПРИМОРСКИЙ;63.40;12300;45555318
2539117891;576262;2023;ПРИМОРСКИЙ;63.40;12300;49463400
2539117891;576262;2024;ПРИМОРСКИЙ;70.22;12300;52085475
7453000724;6627333;2022;ЧЕЛЯБИНСКАЯ;68.20;12300;45750654
7453000724;6627333;2023;ЧЕЛЯБИНСКАЯ;68.20;12300;48056856
7453000724;6627333;2024;ЧЕЛЯБИНСКАЯ;68.20;12300;51736323
5817006778;501172;2022;ПЕНЗЕНСКАЯ;46.72.21;12300;45915428
5817006778;501172;2023;ПЕНЗЕНСКАЯ;46.72.21;12300;49263013
5817006778;501172;2024;ПЕНЗЕНСКАЯ;46.72.21;12300;52552963
7724527620;3642756;2022;МОСКВА;41.20;12300;46293818
7724527620;3642756;2023;МОСКВА;41.20;12300;49397172
7724527620;3642756;2024;МОСКВА;41.20;12300;52077638
2808000661;6797266;2022;АМУРСКАЯ;42.21;12300;44730514
2808000661;6797266;2023;АМУРСКАЯ;42.21;12300;48428159
2808000661;6797266;2024;АМУРСКАЯ;42.21;12300;51605898
3426009671;6837377;2022;ВОЛГОГРАДСКАЯ;20.14;12300;46472477
3426009671;6837377;2023;ВОЛГОГРАДСКАЯ;20.14;12300;49552915
3426009671;6837377;2024;ВОЛГОГРАДСКАЯ;20.14;12300;51995218
7726477999;11600410;2022;МОСКВА;46.61;12300;46676155
7726477999;11600410;2023;МОСКВА;46.61;12300;48463853
7726477999;11600410;2024;МОСКВА;46.61;12300;52775522
2245002560;5201250;2022;АЛТАЙСКИЙ;01.11.1;12300;44303120
2245002560;5201250;2023;АЛТАЙСКИЙ;01.11.1;12300;47969778
2245002560;5201250;2024;АЛТАЙСКИЙ;01.11.1;12300;50899451
8602252000;8962401;2022;ХАНТЫ-МАНСИЙСКИЙ АВТОНОМНЫЙ ОКРУГ - ЮГРА;46.69;12300;46174799
8602252000;8962401;2023;ХАНТЫ-МАНСИЙСКИЙ АВТОНОМНЫЙ ОКРУГ - ЮГРА;46.69;12300;49383284
8602252000;8962401;2024;ХАНТЫ-МАНСИЙСКИЙ АВТОНОМНЫЙ ОКРУГ - ЮГРА;46.69;12300;52238091
4345184620;6167914;2022;КИРОВСКАЯ;62.01;12300;44906187
4345184620;6167914;2023;КИРОВСКАЯ;62.01;12300;48438048
4345184620;6167914;2024;КИРОВСКАЯ;62.01;12300;51238933
9725063558;11696091;2022;МОСКВА;47.73;12300;45262416
9725063558;11696091;2023;МОСКВА;47.73;12300;49295471
9725063558;11696091;2024;МОСКВА;47.73;12300;52243291
7714452220;11133142;2022;МОСКВА;46.38.29;12300;45300233
7714452220;11133142;2023;МОСКВА;46.38.29;12300;49164535
7714452220;11133142;2024;МОСКВА;46.38.29;12300;51383303
6324062294;9284285;2022;САМАРСКАЯ;56.29;12300;45114766
6324062294;9284285;2023;САМАРСКАЯ;56.29;12300;48752426
6324062294;9284285;2024;САМАРСКАЯ;56.29;12300;51290362
6319244500;11230058;2022;САМАРСКАЯ;18.12;12300;46019582
6319244500;11230058;2023;САМАРСКАЯ;18.12;12300;49536692
6319244500;11230058;2024;САМАРСКАЯ;18.12;12300;52338062
7716892072;10535699;2022;МОСКВА;63.91;12300;44440335
7716892072;10535699;2023;МОСКВА;63.91;12300;49128822
7716892072;10535699;2024;МОСКВА;63.91;12300;52635177
5190052807;9440163;2022;МУРМАНСКАЯ;46.90;12300;44750056
5190052807;9440163;2023;МУРМАНСКАЯ;46.90;12300;47700548
5190052807;9440163;2024;МУРМАНСКАЯ;46.90;12300;51340627
5402028213;10086831;2022;НОВОСИБИРСКАЯ;28.29.12;12300;46167345
5402028213;10086831;2023;НОВОСИБИРСКАЯ;28.29.12;12300;49223879
5402028213;10086831;2024;НОВОСИБИРСКАЯ;28.29.12;12300;52100639
3016066073;4967074;2022;АСТРАХАНСКАЯ;71.12;12300;45329266
3016066073;4967074;2023;АСТРАХАНСКАЯ;71.12;12300;49834014
3016066073;4967074;2024;АСТРАХАНСКАЯ;71.12;12300;51496923
8603015690;3899418;2022;ХАНТЫ-МАНСИЙСКИЙ АВТОНОМНЫЙ ОКРУГ - ЮГРА;46.51;12300;46062465
8603015690;3899418;2023;ХАНТЫ-МАНСИЙСКИЙ АВТОНОМНЫЙ ОКРУГ - ЮГРА;46.51;12300;49571132
8603015690;3899418;2024;ХАНТЫ-МАНСИЙСКИЙ АВТОНОМНЫЙ ОКРУГ - ЮГРА;62.02;12300;51524634
4345499130;11234972;2022;КИРОВСКАЯ;73.11;12300;44435585
4345499130;11234972;2023;КИРОВСКАЯ;73.11;12300;48589047
4345499130;11234972;2024;КИРОВСКАЯ;73.11;12300;52762509
0411003505;324552;2022;АЛТАЙ;71.12.2;12300;47008120
0411003505;324552;2023;АЛТАЙ;71.12.2;12300;49684534
0411003505;324552;2024;АЛТАЙ;71.12.2;12300;52173731
7326037136;2993888;2022;УЛЬЯНОВСКАЯ;62.01;12300;46960130
7326037136;2993888;2023;УЛЬЯНОВСКАЯ;62.01;12300;48765482
7326037136;2993888;2024;УЛЬЯНОВСКАЯ;62.01;12300;52040224
4205227384;790679;2022;КЕМЕРОВСКАЯ ОБЛАСТЬ - КУЗБАСС;86.23;12300;44801381
4205227384;790679;2023;КЕМЕРОВСКАЯ ОБЛАСТЬ - КУЗБАСС;86.23;12300;47612946
4205227384;790679;2024;КЕМЕРОВСКАЯ ОБЛАСТЬ - КУЗБАСС;86.23;12300;50456968
2130193420;10395499;2022;ЧУВАШСКАЯ РЕСПУБЛИКА -;68.31;12300;46038456
2130193420;10395499;2023;ЧУВАШСКАЯ РЕСПУБЛИКА -;68.31;12300;47671743
2130193420;10395499;2024;ЧУВАШСКАЯ РЕСПУБЛИКА -;68.31;12300;50528001
4217114184;4788162;2022;КЕМЕРОВСКАЯ ОБЛАСТЬ - КУЗБАСС;62.09;12300;44784905
4217114184;4788162;2023;КЕМЕРОВСКАЯ ОБЛАСТЬ - КУЗБАСС;62.09;12300;48183139
4217114184;4788162;2024;КЕМЕРОВСКАЯ ОБЛАСТЬ - КУЗБАСС;62.09;12300;51144474
6323089649;735399;2022;САМАРСКАЯ;45.3;12300;46421047
6323089649;735399;2023;САМАРСКАЯ;45.3;12300;49884835
6323089649;735399;2024;САМАРСКАЯ;45.3;12300;52585428
5321204647;11434396;2022;НОВГОРОДСКАЯ;86.23;12300;44438511
5321204647;11434396;2023;НОВГОРОДСКАЯ;86.23;12300;48863012
5321204647;11434396;2024;НОВГОРОДСКАЯ;86.23;12300;51371540
1203009360;1087179;2022;МАРИЙ ЭЛ;68.32;12300;44484580
1203009360;1087179;2023;МАРИЙ ЭЛ;68.32;12300;48466847
1203009360;1087179;2024;МАРИЙ ЭЛ;68.32;12300;51120955
4444003353;6852483;2022;КОСТРОМСКАЯ;52.21.24;12300;45910287
4444003353;6852483;2023;КОСТРОМСКАЯ;52.21.24;12300;47448082
4444003353;6852483;2024;КОСТРОМСКАЯ;52.21.24;12300;50365528
2902040975;5616133;2022;АРХАНГЕЛЬСКАЯ;25.30.1;12300;47059015
2902040975;5616133;2023;АРХАНГЕЛЬСКАЯ;25.30.1;12300;49764281
2902040975;5616133;2024;АРХАНГЕЛЬСКАЯ;25.30.1;12300;52541409
7449118258;8411680;2022;ЧЕЛЯБИНСКАЯ;41.20;12300;45608679
7449118258;8411680;2023;ЧЕЛЯБИНСКАЯ;41.20;12300;48884099
7449118258;8411680;2024;ЧЕЛЯБИНСКАЯ;41.20;12300;51718147
6321133194;1904960;2022;САМАРСКАЯ;69.20;12300;46052733
6321133194;1904960;2023;САМАРСКАЯ;69.20;12300;48664198
6321133194;1904960;2024;САМАРСКАЯ;69.20;12300;51517870
1001253246;1682035;2022;КАРЕЛИЯ;68.10.1;12300;45023378
1001253246;1682035;2023;КАРЕЛИЯ;68.10.1;12300;47767716
1001253246;1682035;2024;КАРЕЛИЯ;68.10.1;12300;50800076
7452099608;2200661;2022;ЧЕЛЯБИНСКАЯ;46.51;12300;45706917
7452099608;2200661;2023;ЧЕЛЯБИНСКАЯ;46.51;12300;48401631
7452099608;2200661;2024;ЧЕЛЯБИНСКАЯ;46.51;12300;50136931
1514012006;7805008;2022;СЕВЕРНАЯ ОСЕТИЯ - АЛАНИЯ;86.90;12300;45730168
1514012006;7805008;2023;СЕВЕРНАЯ ОСЕТИЯ - АЛАНИЯ;86.90;12300;49121397
1514012006;7805008;2024;СЕВЕРНАЯ ОСЕТИЯ - АЛАНИЯ;86.90;12300;52015901
6673239210;5159754;2022;СВЕРДЛОВСКАЯ;45.3;12300;46017621
6673239210;5159754;2023;СВЕРДЛОВСКАЯ;45.3;12300;48770712
6673239210;5159754;2024;СВЕРДЛОВСКАЯ;45.3;12300;52031408
4100039217;11627086;2022;КАМЧАТСКИЙ;41.20;12300;45365886
4100039217;11627086;2023;КАМЧАТСКИЙ;41.20;12300;49225028
4100039217;11627086;2024;КАМЧАТСКИЙ;41.20;12300;51878572
2130219157;11346173;2022;ЧУВАШСКАЯ РЕСПУБЛИКА -;86.23;12300;46556071
2130219157;11346173;2023;ЧУВАШСКАЯ РЕСПУБЛИКА -;86.23;12300;49887891
2130219157;11346173;2024;ЧУВАШСКАЯ РЕСПУБЛИКА -;86.23;12300;51914711
0275927939;11855195;2022;БАШКОРТОСТАН;46.69;12300;44847115
0275927939;11855195;2023;БАШКОРТОСТАН;46.69;12300;48215904
0275927939;11855195;2024;БАШКОРТОСТАН;46.69;12300;50866434
6646000824;6987150;2022;СВЕРДЛОВСКАЯ;56.10;12300;46657255
6646000824;6987150;2023;СВЕРДЛОВСКАЯ;56.10;12300;49260691
6646000824;6987150;2024;СВЕРДЛОВСКАЯ;56.10;12300;51396263
7724452283;10779878;2022;МОСКВА;46.41.1;12300;46447610
7724452283;10779878;2023;МОСКВА;46.41.1;12300;48969682
7724452283;10779878;2024;МОСКВА;46.41.1;12300;50619863
6501099295;7002732;2022;САХАЛИНСКАЯ;25.11;12300;44784218
6501099295;7002732;2023;САХАЛИНСКАЯ;25.11;12300;47422200
6501099295;7002732;2024;САХАЛИНСКАЯ;25.11;12300;50587302
2005013134;11673835;2022;ЧЕЧЕНСКАЯ;68.10;12300;44361612
2005013134;11673835;2023;ЧЕЧЕНСКАЯ;68.10;12300;47933426
2005013134;11673835;2024;ЧЕЧЕНСКАЯ;68.10;12300;50654486
1656097559;10097997;2022;ТАТАРСТАН;46.69;12300;44932304
1656097559;10097997;2023;ТАТАРСТАН;46.69;12300;48582157
1656097559;10097997;2024;ТАТАРСТАН;46.69;12300;51182540
6950232480;11111859;2022;ТВЕРСКАЯ;47.11;12300;46094593
6950232480;11111859;2023;ТВЕРСКАЯ;47.11;12300;48155045
6950232480;11111859;2024;ТВЕРСКАЯ;47.11;12300;51931240
7604385973;11873057;2022;ЯРОСЛАВСКАЯ;33.12;12300;45154360
7604385973;11873057;2023;ЯРОСЛАВСКАЯ;33.12;12300;47565697
7604385973;11873057;2024;ЯРОСЛАВСКАЯ;33.12;12300;51469382
6673151702;258637;2022;СВЕРДЛОВСКАЯ;46.73;12300;47077983
6673151702;258637;2023;СВЕРДЛОВСКАЯ;46.73;12300;49313636
6673151702;258637;2024;СВЕРДЛОВСКАЯ;46.73;12300;50772548
0800003547;11863182;2022;КАЛМЫКИЯ;49.42;12300;45695076
0800003547;11863182;2023;КАЛМЫКИЯ;49.42;12300;48520626
0800003547;11863182;2024;КАЛМЫКИЯ;49.42;12300;52549621
1701057350;9650063;2022;ТЫВА;56.10;12300;46328132
1701057350;9650063;2023;ТЫВА;56.10;12300;49456791
1701057350;9650063;2024;ТЫВА;56.10;12300;52090773
2635094654;5652894;2022;СТАВРОПОЛЬСКИЙ;73.11;12300;46347357
2635094654;5652894;2023;СТАВРОПОЛЬСКИЙ;73.11;12300;49354781
2635094654;5652894;2024;СТАВРОПОЛЬСКИЙ;73.11;12300;51299251
7726660585;583329;2022;МОСКВА;46.69.9;12300;44441369
7726660585;583329;2023;МОСКВА;46.69.9;12300;47740434
7726660585;583329;2024;МОСКВА;46.69.9;12300;50674961
6164132896;11410824;2022;РОСТОВСКАЯ;41.20;12300;44402045
6164132896;11410824;2023;РОСТОВСКАЯ;41.20;12300;47435476
6164132896;11410824;2024;РОСТОВСКАЯ;41.20;12300;51123617
5404522146;8876402;2022;НОВОСИБИРСКАЯ;45.20.1;12300;45702721
5404522146;8876402;2023;НОВОСИБИРСКАЯ;45.20.1;12300;47405667
5404522146;8876402;2024;НОВОСИБИРСКАЯ;45.20.1;12300;52426520
6319106860;1762233;2022;САМАРСКАЯ;73.11;12300;45038280
6319106860;1762233;2023;САМАРСКАЯ;73.11;12300;48794561
6319106860;1762233;2024;САМАРСКАЯ;73.11;12300;50947241
3664250980;11702546;2022;ВОРОНЕЖСКАЯ;43.11;12300;46648868
3664250980;11702546;2023;ВОРОНЕЖСКАЯ;43.11;12300;47552801
3664250980;11702546;2024;ВОРОНЕЖСКАЯ;43.11;12300;52772020
3334021686;8638973;2022;ВЛАДИМИРСКАЯ;42.21;12300;47009562
3334021686;8638973;2023;ВЛАДИМИРСКАЯ;42.21;12300;47374175
3334021686;8638973;2024;ВЛАДИМИРСКАЯ;42.21;12300;51397703
3808152786;6015862;2022;ИРКУТСКАЯ;43.99.7;12300;46354434
3808152786;6015862;2023;ИРКУТСКАЯ;43.99.7;12300;49490799
3808152786;6015862;2024;ИРКУТСКАЯ;73.11;12300;52434153
7017359231;8733891;2022;ТОМСКАЯ;46.34;12300;44627805
7017359231;8733891;2023;ТОМСКАЯ;46.34;12300;48010804
7017359231;8733891;2024;ТОМСКАЯ;46.34;12300;51701102
3817049591;10826375;2022;ИРКУТСКАЯ;86.23;12300;45427559
3817049591;10826375;2023;ИРКУТСКАЯ;86.23;12300;47556309
3817049591;10826375;2024;ИРКУТСКАЯ;86.23;12300;52403849
7736214614;4379656;2022;МОСКВА;77.39.1;12300;44139925
7736214614;4379656;2023;МОСКВА;77.39.1;12300;49501113
7736214614;4379656;2024;МОСКВА;77.39.1;12300;51077789
7602148208;10979854;2022;ЛЕНИНГРАДСКАЯ;46.76;12300;45296009
7602148208;10979854;2023;ЛЕНИНГРАДСКАЯ;46.76;12300;48554585
7602148208;10979854;2024;ЛЕНИНГРАДСКАЯ;46.76;12300;52303793
5406707512;1817643;2022;НОВОСИБИРСКАЯ;43.21;12300;44564141
5406707512;1817643;2023;НОВОСИБИРСКАЯ;43.21;12300;48112853
5406707512;1817643;2024;НОВОСИБИРСКАЯ;43.21;12300;51217815
7802929103;11923264;2022;САНКТ-ПЕТЕРБУРГ;49.41;12300;46095108
7802929103;11923264;2023;САНКТ-ПЕТЕРБУРГ;49.41;12300;49532306
7802929103;11923264;2024;САНКТ-ПЕТЕРБУРГ;49.41;12300;51675274
7720336977;9699906;2022;МОСКОВСКАЯ;52.29;12300;45566909
7720336977;9699906;2023;МОСКОВСКАЯ;52.29;12300;48191977
7720336977;9699906;2024;МОСКОВСКАЯ;52.29;12300;51468363
7534016754;6572441;2022;ЗАБАЙКАЛЬСКИЙ;85.42.9;12300;45366697
7534016754;6572441;2023;ЗАБАЙКАЛЬСКИЙ;62.09;12300;48505297
7534016754;6572441;2024;ЗАБАЙКАЛЬСКИЙ;62.09;12300;52372580
7447185146;2976656;2022;ЧЕЛЯБИНСКАЯ;46.49.49;12300;44985513
7447185146;2976656;2023;ЧЕЛЯБИНСКАЯ;46.49.49;12300;48421479
7447185146;2976656;2024;ЧЕЛЯБИНСКАЯ;46.49.49;12300;50438888
3907031172;5831629;2022;КАЛИНИНГРАДСКАЯ;68.20.2;12300;44421955
3907031172;5831629;2023;КАЛИНИНГРАДСКАЯ;68.20;12300;47755822
3907031172;5831629;2024;КАЛИНИНГРАДСКАЯ;68.20;12300;50694336
6312129392;8003644;2022;САМАРСКАЯ;25.11;12300;47090929
6312129392;8003644;2023;САМАРСКАЯ;25.11;12300;49887819
6312129392;8003644;2024;САМАРСКАЯ;25.11;12300;51832127
5321119991;671523;2022;НОВГОРОДСКАЯ;70.22;12267;44874462
5321119991;671523;2023;НОВГОРОДСКАЯ;70.22;12267;47834953
5321119991;671523;2024;НОВГОРОДСКАЯ;70.22;12267;51462203
2921127251;9026268;2022;АРХАНГЕЛЬСКАЯ;69.10;12300;44978661
2921127251;9026268;2023;АРХАНГЕЛЬСКАЯ;69.10;12300;48093788
2921127251;9026268;2024;АРХАНГЕЛЬСКАЯ;69.10;12300;51018541
4018008833;4191053;2022;КАЛУЖСКАЯ;43.12;12300;46606805
4018008833;4191053;2023;КАЛУЖСКАЯ;43.12;12300;49662250
4018008833;4191053;2024;КАЛУЖСКАЯ;43.12;12300;52530626
7714423332;10560277;2022;МОСКВА;42.11;12300;44260913
7714423332;10560277;2023;МОСКВА;42.11;12300;48737576
7714423332;10560277;2024;МОСКВА;42.11;12300;50976554
6116007983;7256269;2022;РОСТОВСКАЯ;01.11.1;12300;44879985
6116007983;7256269;2023;РОСТОВСКАЯ;01.11.1;12300;48319916
6116007983;7256269;2024;РОСТОВСКАЯ;01.11.1;12300;51365782
5258121418;9134386;2022;НИЖЕГОРОДСКАЯ;46.90;12300;45946429
5258121418;9134386;2023;НИЖЕГОРОДСКАЯ;46.90;12300;48716894
5258121418;9134386;2024;НИЖЕГОРОДСКАЯ;46.90;12300;52397853
6168118042;11932102;2022;РОСТОВСКАЯ;62.03;12300;44166118
6168118042;11932102;2023;РОСТОВСКАЯ;62.03;12300;48008978
6168118042;11932102;2024;РОСТОВСКАЯ;62.03;12300;51160721
6684009730;7983460;2022;СВЕРДЛОВСКАЯ;86.23;12300;45849298
6684009730;7983460;2023;СВЕРДЛОВСКАЯ;86.23;12300;49179506
6684009730;7983460;2024;СВЕРДЛОВСКАЯ;86.23;12300;51615296
8611007251;319157;2022;Ханты-Мансийский Автономный округ - Югра;47.25.11;12300;45841315
8611007251;319157;2023;Ханты-Мансийский Автономный округ - Югра;47.25.11;12300;47884496
8611007251;319157;2024;Ханты-Мансийский Автономный округ - Югра;47.25.11;12300;51585123
6629026406;2482705;2022;СВЕРДЛОВСКАЯ;79.11;12300;44306310
6629026406;2482705;2023;СВЕРДЛОВСКАЯ;79.1;12300;47337216
6629026406;2482705;2024;СВЕРДЛОВСКАЯ;79.1;12300;50536610
3702004509;1760616;2022;ИВАНОВСКАЯ;52.29;12300;44930670
3702004509;1760616;2023;ИВАНОВСКАЯ;52.29;12300;47552182
3702004509;1760616;2024;ИВАНОВСКАЯ;52.29;12300;52003284
5105012789;10827154;2022;МУРМАНСКАЯ;25.99;12300;47064937
5105012789;10827154;2023;МУРМАНСКАЯ;25.99;12300;49340182
5105012789;10827154;2024;МУРМАНСКАЯ;25.99;12300;50243334
7603057828;8179745;2022;ЯРОСЛАВСКАЯ;46.73;12300;44901781
7603057828;8179745;2023;ЯРОСЛАВСКАЯ;46.73;12300;48741092
7603057828;8179745;2024;ЯРОСЛАВСКАЯ;46.90;12300;51532937
3316020070;11796235;2022;ВЛАДИМИРСКАЯ;42.11;12300;45010976
3316020070;11796235;2023;ВЛАДИМИРСКАЯ;42.11;12300;49368182
3316020070;11796235;2024;ВЛАДИМИРСКАЯ;42.11;12300;52487222
7608039491;11233803;2022;ЯРОСЛАВСКАЯ;49.32;12300;45444664
7608039491;11233803;2023;ЯРОСЛАВСКАЯ;49.32;12300;49461247
7608039491;11233803;2024;ЯРОСЛАВСКАЯ;49.32;12300;51762860
1500000152;11702591;2022;СЕВЕРНАЯ ОСЕТИЯ - АЛАНИЯ;45.20;12300;46346958
1500000152;11702591;2023;СЕВЕРНАЯ ОСЕТИЯ - АЛАНИЯ;45.20;12300;49283895
1500000152;11702591;2024;СЕВЕРНАЯ ОСЕТИЯ - АЛАНИЯ;45.20;12300;52128678
1102033511;5065170;2022;КОМИ;68.20.2;12300;44598335
1102033511;5065170;2023;КОМИ;68.20.2;12300;50065792
1102033511;5065170;2024;КОМИ;68.20.2;12300;50335148
1831191290;10760347;2022;УДМУРТСКАЯ;71.12.2;12300;45603936
1831191290;10760347;2023;УДМУРТСКАЯ;71.12.2;12300;48794781
1831191290;10760347;2024;УДМУРТСКАЯ;71.12.2;12300;51824687
7734460942;11953404;2022;МОСКВА;49.42;12300;44026423
7734460942;11953404;2023;МОСКВА;49.42;12300;47360640
7734460942;11953404;2024;МОСКВА;49.42;12300;50148185
0608019742;1943946;2022;ИНГУШЕТИЯ;86;12300;46226535
0608019742;1943946;2023;ИНГУШЕТИЯ;86;12300;47189489
0608019742;1943946;2024;ИНГУШЕТИЯ;86;12300;51689459
0571018429;11610551;2022;ДАГЕСТАН;41.20;12300;44255848
0571018429;11610551;2023;ДАГЕСТАН;41.20;12300;47295819
0571018429;11610551;2024;ДАГЕСТАН;41.20;12300;50222547
7536122483;1532863;2022;ЗАБАЙКАЛЬСКИЙ;45.31.1;12300;46969289
7536122483;1532863;2023;ЗАБАЙКАЛЬСКИЙ;45.31.1;12300;47381710
7536122483;1532863;2024;ЗАБАЙКАЛЬСКИЙ;45.31.1;12300;52160878
3818019790;6022927;2022;ИРКУТСКАЯ;47.52.5;12300;45751167
3818019790;6022927;2023;ИРКУТСКАЯ;71.20.4;12300;48821447
3818019790;6022927;2024;ИРКУТСКАЯ;71.20.4;12300;51816769
7725790648;7917641;2022;МОСКВА;68.31.5;12300;44412073
7725790648;7917641;2023;МОСКВА;68.31.5;12300;47900443
7725790648;7917641;2024;МОСКВА;68.31.5;12300;52921102
3103000230;1229517;2022;БЕЛГОРОДСКАЯ;01.11.1;12300;44366515
3103000230;1229517;2023;БЕЛГОРОДСКАЯ;01.11.1;12300;47587581
3103000230;1229517;2024;БЕЛГОРОДСКАЯ;01.11.1;12300;51581397
6165188725;8467195;2022;РОСТОВСКАЯ;68.31;12300;46570840
6165188725;8467195;2023;РОСТОВСКАЯ;68.31;12300;48874475
6165188725;8467195;2024;РОСТОВСКАЯ;68.31;12300;52127377
7602159619;11684046;2022;ЯРОСЛАВСКАЯ;42.12;12300;46031591
7602159619;11684046;2023;ЯРОСЛАВСКАЯ;42.12;12300;49839328
7602159619;11684046;2024;ЯРОСЛАВСКАЯ;42.12;12300;51062252
9701206285;11851958;2022;МОСКВА;69.10;12300;44504670
9701206285;11851958;2023;МОСКВА;69.10;12300;47687486
9701206285;11851958;2024;МОСКВА;69.10;12300;50916982
2463108260;10207205;2022;КРАСНОЯРСКИЙ;46.90;12300;44619120
2463108260;10207205;2023;КРАСНОЯРСКИЙ;46.90;12300;47666242
2463108260;10207205;2024;КРАСНОЯРСКИЙ;46.90;12300;51210943
4632263900;11255972;2022;КУРСКАЯ;46.21;12300;45250277
4632263900;11255972;2023;КУРСКАЯ;46.21;12300;47980999
4632263900;11255972;2024;КУРСКАЯ;46.21;12300;51052017
0323412280;11228222;2022;БУРЯТИЯ;49.41;12300;46465502
0323412280;11228222;2023;БУРЯТИЯ;49.41;12300;47960245
0323412280;11228222;2024;БУРЯТИЯ;49.41;12300;51717440
6686009710;539938;2022;СВЕРДЛОВСКАЯ;25.62;12300;44713255
6686009710;539938;2023;СВЕРДЛОВСКАЯ;25.62;12300;48046275
6686009710;539938;2024;СВЕРДЛОВСКАЯ;25.62;12300;51153368
2130071020;2267908;2022;ЧУВАШСКАЯ РЕСПУБЛИКА -;93.21;12300;46506909
2130071020;2267908;2023;ЧУВАШСКАЯ РЕСПУБЛИКА -;93.2;12300;48548682
2130071020;2267908;2024;ЧУВАШСКАЯ РЕСПУБЛИКА -;93.2;12300;52430924
7104073207;9954950;2022;ТУЛЬСКАЯ;25.50;12300;46160237
7104073207;9954950;2023;ТУЛЬСКАЯ;25.50;12300;49077682
7104073207;9954950;2024;ТУЛЬСКАЯ;25.50;12300;52369724
1659192024;10737204;2022;ТАТАРСТАН;43.29;12300;45085900
1659192024;10737204;2023;ТАТАРСТАН;43.29;12300;48444780
1659192024;10737204;2024;ТАТАРСТАН;43.29;12300;51338687
7806287425;10346122;2022;ЛЕНИНГРАДСКАЯ;70.22;12300;45395230
7806287425;10346122;2023;ЛЕНИНГРАДСКАЯ;70.22;12300;48194799
7806287425;10346122;2024;ЛЕНИНГРАДСКАЯ;70.22;12300;50974756
1215207864;9617076;2022;МАРИЙ ЭЛ;69.10;12300;45678746
1215207864;9617076;2023;МАРИЙ ЭЛ;69.10;12300;48900802
1215207864;9617076;2024;МАРИЙ ЭЛ;69.10;12300;52512026
2723138798;2837974;2022;ХАБАРОВСКИЙ;71.12.3;12300;44742502
2723138798;2837974;2023;ХАБАРОВСКИЙ;71.12.3;12300;48925013
2723138798;2837974;2024;ХАБАРОВСКИЙ;71.12.3;12300;52038886
9103010617;8954889;2022;КРЫМ;68.20;12300;46481810
9103010617;8954889;2023;КРЫМ;68.20;12300;49425067
9103010617;8954889;2024;КРЫМ;68.20;12300;52591601
3817042892;8078846;2022;ИРКУТСКАЯ;41.20;12300;45043210
3817042892;8078846;2023;ИРКУТСКАЯ;41.20;12300;48398869
3817042892;8078846;2024;ИРКУТСКАЯ;41.20;12300;51419588
7536143892;8536310;2022;Забайкальский;69.20;12300;46992400
7536143892;8536310;2023;Забайкальский;69.20;12300;49018997
7536143892;8536310;2024;Забайкальский;69.20;12300;51367075
7733322403;10322584;2022;МОСКВА;86.23;12300;46538738
7733322403;10322584;2023;МОСКВА;86.23;12300;49829186
7733322403;10322584;2024;МОСКВА;86.23;12300;51848633
8904052159;3712242;2022;ЯМАЛО-НЕНЕЦКИЙ;86.10;12300;45718979
8904052159;3712242;2023;ЯМАЛО-НЕНЕЦКИЙ;86.10;12300;48780369
8904052159;3712242;2024;ЯМАЛО-НЕНЕЦКИЙ;86.10;12300;51723085
2801075562;6792974;2022;АМУРСКАЯ;49.41.2;12300;45279157
2801075562;6792974;2023;АМУРСКАЯ;49.41.2;12300;49061043
2801075562;6792974;2024;АМУРСКАЯ;49.41.2;12300;52190088
1901042079;469179;2022;ХАКАСИЯ;68.20;12300;44572734
1901042079;469179;2023;ХАКАСИЯ;68.20;12300;48571320
1901042079;469179;2024;ХАКАСИЯ;68.20;12300;51808841
6671079169;10395731;2022;СВЕРДЛОВСКАЯ;56.10.1;12300;44969669
6671079169;10395731;2023;СВЕРДЛОВСКАЯ;56.10.1;12300;48624934
6671079169;10395731;2024;СВЕРДЛОВСКАЯ;56.10.1;12300;52859536
4501150928;4231632;2022;КУРГАНСКАЯ;43.21;12300;45420280
4501150928;4231632;2023;КУРГАНСКАЯ;43.21;12300;48777765
4501150928;4231632;2024;КУРГАНСКАЯ;43.21;12300;51820768
2709016251;10537005;2022;ХАБАРОВСКИЙ;52.22;12300;44363061
2709016251;10537005;2023;ХАБАРОВСКИЙ;52.22;12300;47365655
2709016251;10537005;2024;ХАБАРОВСКИЙ;52.22;12300;50624055
4632290044;11797099;2022;КУРСКАЯ;62.01;12300;44293870
4632290044;11797099;2023;КУРСКАЯ;62.01;12300;47470936
4632290044;11797099;2024;КУРСКАЯ;62.01;12300;51135077
1435283525;8600220;2022;САХА /ЯКУТИЯ/;41.20;12300;44246836
1435283525;8600220;2023;САХА /ЯКУТИЯ/;41.20;12300;49212252
1435283525;8600220;2024;САХА /ЯКУТИЯ/;41.20;12300;50422625
4823081757;11958569;2022;ЛИПЕЦКАЯ;41.20;12300;45643637
4823081757;11958569;2023;ЛИПЕЦКАЯ;41.20;12300;48825334
4823081757;11958569;2024;ЛИПЕЦКАЯ;41.20;12300;51604784
5836695675;11552207;2022;ПЕНЗЕНСКАЯ;41.20;12300;45971486
5836695675;11552207;2023;ПЕНЗЕНСКАЯ;41.20;12300;49077056
5836695675;11552207;2024;ПЕНЗЕНСКАЯ;41.20;12300;51718763
7017344549;8232048;2022;ТОМСКАЯ;72.19;12300;44111835
7017344549;8232048;2023;ТОМСКАЯ;72.19;12300;47308455
7017344549;8232048;2024;ТОМСКАЯ;72.19;12300;50191568
3111006275;10214656;2022;БЕЛГОРОДСКАЯ;56.10;12300;46204076
3111006275;10214656;2023;БЕЛГОРОДСКАЯ;56.10;12300;49258785
3111006275;10214656;2024;БЕЛГОРОДСКАЯ;56.10;12300;52316424
2124048369;11606470;2022;ТАТАРСТАН;62.01;12300;45822748
2124048369;11606470;2023;ТАТАРСТАН;62.01;12300;49284608
2124048369;11606470;2024;ТАТАРСТАН;62.01;12300;52117776
1900008325;11986330;2022;ХАКАСИЯ;42.99;12300;46969205
1900008325;11986330;2023;ХАКАСИЯ;42.99;12300;49549774
1900008325;11986330;2024;ХАКАСИЯ;42.99;12300;52146275
6168093655;10309115;2022;РОСТОВСКАЯ;43.21;12300;45636237
6168093655;10309115;2023;РОСТОВСКАЯ;43.21;12300;48118586
6168093655;10309115;2024;РОСТОВСКАЯ;43.21;12300;52494120
6027027152;6143409;2022;ПСКОВСКАЯ;56.29;12300;45292676
6027027152;6143409;2023;ПСКОВСКАЯ;56.29;12300;48602780
6027027152;6143409;2024;ПСКОВСКАЯ;56.29;12300;51602830
7203491607;11166634;2022;ТЮМЕНСКАЯ;49.42;12300;45984345
7203491607;11166634;2023;ТЮМЕНСКАЯ;49.42;12300;48922794
7203491607;11166634;2024;ТЮМЕНСКАЯ;49.42;12300;52616170
5257034836;9127884;2022;НИЖЕГОРОДСКАЯ;25.11;12300;45689181
5257034836;9127884;2023;НИЖЕГОРОДСКАЯ;25.11;12300;48615200
5257034836;9127884;2024;НИЖЕГОРОДСКАЯ;25.11;12300;51091533
4346054208;7083214;2022;КИРОВСКАЯ;56.10;12300;45743252
4346054208;7083214;2023;КИРОВСКАЯ;56.10;12300;49025333
4346054208;7083214;2024;КИРОВСКАЯ;10.71;12300;51905195
6950124566;3983729;2022;ТВЕРСКАЯ;46.74.3;12300;46486724
6950124566;3983729;2023;ТВЕРСКАЯ;46.74.3;12300;48558602
6950124566;3983729;2024;ТВЕРСКАЯ;46.74.3;12300;52389494
5009077039;4991548;2022;МОСКОВСКАЯ;52.29;12300;45089253
5009077039;4991548;2023;МОСКОВСКАЯ;52.29;12300;49086840
5009077039;4991548;2024;МОСКОВСКАЯ;52.29;12300;52626911
2121001820;5350944;2022;ЧУВАШСКАЯ РЕСПУБЛИКА -;01.13.3;12300;46249934
2121001820;5350944;2023;ЧУВАШСКАЯ РЕСПУБЛИКА -;01.13.3;12300;47820875
2121001820;5350944;2024;ЧУВАШСКАЯ РЕСПУБЛИКА -;01.13.3;12300;51384566
5410040969;4369283;2022;НОВОСИБИРСКАЯ;71.11.1;12300;45065904
5410040969;4369283;2023;НОВОСИБИРСКАЯ;71.11.1;12300;48123925
5410040969;4369283;2024;НОВОСИБИРСКАЯ;71.11.1;12300;50821065
1901057639;242563;2022;ХАКАСИЯ;73.11;12300;46271945
1901057639;242563;2023;ХАКАСИЯ;73.11;12300;49389417
1901057639;242563;2024;ХАКАСИЯ;73.11;12300;52164926
5609199832;11891233;2022;ОРЕНБУРГСКАЯ;71.12;12300;46121724
5609199832;11891233;2023;ОРЕНБУРГСКАЯ;71.12;12300;49459252
5609199832;11891233;2024;ОРЕНБУРГСКАЯ;71.12;12300;52290084
6829162251;11784055;2022;ТАМБОВСКАЯ;46.69.5;12300;46388161
6829162251;11784055;2023;ТАМБОВСКАЯ;46.69.5;12300;49537779
6829162251;11784055;2024;ТАМБОВСКАЯ;46.69.5;12300;52403808
3303036629;11037821;2022;ВЛАДИМИРСКАЯ;01.11;12300;46676502
3303036629;11037821;2023;ВЛАДИМИРСКАЯ;01.11;12300;48460884
3303036629;11037821;2024;ВЛАДИМИРСКАЯ;01.11;12300;51344414
6731035000;4617339;2022;СМОЛЕНСКАЯ;25.73;12300;44526872
6731035000;4617339;2023;СМОЛЕНСКАЯ;25.73;12300;47793649
6731035000;4617339;2024;СМОЛЕНСКАЯ;25.73;12300;51696268
3023019726;10391791;2022;АСТРАХАНСКАЯ;42.11;12300;45929192
3023019726;10391791;2023;АСТРАХАНСКАЯ;42.11;12300;47703254
3023019726;10391791;2024;АСТРАХАНСКАЯ;42.11;12300;51796202
4202052841;10643124;2022;КЕМЕРОВСКАЯ ОБЛАСТЬ - КУЗБАСС;49.42;12300;46259558
4202052841;10643124;2023;КЕМЕРОВСКАЯ ОБЛАСТЬ - КУЗБАСС;49.42;12300;49499093
4202052841;10643124;2024;КЕМЕРОВСКАЯ ОБЛАСТЬ - КУЗБАСС;49.42;12300;51295923
8911019064;6597627;2022;ЯМАЛО-НЕНЕЦКИЙ;52.24.2;12300;46123403
8911019064;6597627;2023;ЯМАЛО-НЕНЕЦКИЙ;52.24.2;12300;49030751
8911019064;6597627;2024;ЯМАЛО-НЕНЕЦКИЙ;52.24.2;12300;51982095
6731065371;103699;2022;СМОЛЕНСКАЯ;68.32.1;12247;45974366
6731065371;103699;2023;СМОЛЕНСКАЯ;68.32.1;12247;49122215
6731065371;103699;2024;СМОЛЕНСКАЯ;68.32.1;12247;51449870
6950232032;11101860;2022;ТВЕРСКАЯ;93.13;12300;45856346
6950232032;11101860;2023;ТВЕРСКАЯ;93.13;12300;49066328
6950232032;11101860;2024;ТВЕРСКАЯ;93.13;12300;51639907
0725024802;10693348;2022;КАБАРДИНО-БАЛКАРСКАЯ;47.73;12300;44022678
0725024802;10693348;2023;КАБАРДИНО-БАЛКАРСКАЯ;47.73;12300;48483984
0725024802;10693348;2024;КАБАРДИНО-БАЛКАРСКАЯ;47.73;12300;51372073
3701048045;7709357;2022;ИВАНОВСКАЯ;86.23;12300;44347414
3701048045;7709357;2023;ИВАНОВСКАЯ;86.23;12300;47293714
3701048045;7709357;2024;ИВАНОВСКАЯ;86.23;12300;50225201
2630004745;9154642;2022;СТАВРОПОЛЬСКИЙ;47.91.2;12300;44053954
2630004745;9154642;2023;СТАВРОПОЛЬСКИЙ;47.91.2;12300;47304124
2630004745;9154642;2024;СТАВРОПОЛЬСКИЙ;82.99;12300;50252381
3459074108;10310955;2022;ВОЛГОГРАДСКАЯ;25.62;12300;45593489
3459074108;10310955;2023;ВОЛГОГРАДСКАЯ;25.62;12300;49705850
3459074108;10310955;2024;ВОЛГОГРАДСКАЯ;25.62;12300;51305238
2724220156;10161716;2022;ХАБАРОВСКИЙ;56.10;12300;47066343
2724220156;10161716;2023;ХАБАРОВСКИЙ;56.10;12300;49337505
2724220156;10161716;2024;ХАБАРОВСКИЙ;56.10;12300;51449469
7751232706;11944137;2022;МОСКВА;46.69.5;12267;44244560
7751232706;11944137;2023;МОСКВА;46.69.5;12267;48027970
7751232706;11944137;2024;МОСКВА;46.69.5;12267;51860859
3444253496;9288525;2022;ЧЕЧЕНСКАЯ;46.71;12300;47131813
3444253496;9288525;2023;ЧЕЧЕНСКАЯ;46.71;12300;49322559
3444253496;9288525;2024;ЧЕЧЕНСКАЯ;46.71;12300;52854396
4027131061;10019485;2022;КАЛУЖСКАЯ;68.20.2;12300;46021582
4027131061;10019485;2023;КАЛУЖСКАЯ;68.20.2;12300;48194812
4027131061;10019485;2024;КАЛУЖСКАЯ;68.20.2;12300;51798583
2511113819;11409042;2022;ПРИМОРСКИЙ;52.29;12300;44876716
2511113819;11409042;2023;ПРИМОРСКИЙ;52.29;12300;49321621
2511113819;11409042;2024;ПРИМОРСКИЙ;52.29;12300;51564343
6450606579;2590156;2022;САРАТОВСКАЯ;69.10;12300;44292011
6450606579;2590156;2023;САРАТОВСКАЯ;69.10;12300;47494482
6450606579;2590156;2024;САРАТОВСКАЯ;69.10;12300;50501416
7721580600;2458722;2022;МОСКВА;46.74;12300;47047292
7721580600;2458722;2023;МОСКВА;46.74;12300;47434963
7721580600;2458722;2024;МОСКВА;46.74;12300;50582901
3257068180;10995739;2022;БРЯНСКАЯ;45.40;12300;46044303
3257068180;10995739;2023;БРЯНСКАЯ;45.40;12300;49369403
3257068180;10995739;2024;БРЯНСКАЯ;45.40;12300;51456613
6501290485;10175159;2022;САХАЛИНСКАЯ;47.73;12300;46466017
6501290485;10175159;2023;САХАЛИНСКАЯ;47.73;12300;48694974
6501290485;10175159;2024;САХАЛИНСКАЯ;47.73;12300;51783080
7719853145;8086796;2022;МОСКВА;46.42;12300;44727597
7719853145;8086796;2023;МОСКВА;46.42;12300;48941302
7719853145;8086796;2024;МОСКВА;46.42;12300;51207436
6439098890;11551337;2022;САРАТОВСКАЯ;42.11;12300;46566342
6439098890;11551337;2023;САРАТОВСКАЯ;42.11;12300;49220046
6439098890;11551337;2024;САРАТОВСКАЯ;42.11;12300;52357206
3313028426;9484368;2022;ВЛАДИМИРСКАЯ;52.24;12300;44539608
3313028426;9484368;2023;ВЛАДИМИРСКАЯ;52.24;12300;48326967
3313028426;9484368;2024;ВЛАДИМИРСКАЯ;52.24;12300;50496893
7734627863;3373298;2022;МОСКВА;72.19;12300;46237046
7734627863;3373298;2023;МОСКВА;72.19;12300;47484151
7734627863;3373298;2024;МОСКВА;72.19;12300;51506573
2457079518;9501716;2022;КРАСНОЯРСКИЙ;68.32;12300;44184335
2457079518;9501716;2023;КРАСНОЯРСКИЙ;68.32;12300;47605654
2457079518;9501716;2024;КРАСНОЯРСКИЙ;68.32;12300;51483730
3015106936;9528116;2022;АСТРАХАНСКАЯ;41.20;12300;46244390
3015106936;9528116;2023;АСТРАХАНСКАЯ;41.20;12300;47794532
3015106936;9528116;2024;АСТРАХАНСКАЯ;41.20;12300;51605243
1655464291;11688159;2022;ТАТАРСТАН;49.42;12300;45245912
1655464291;11688159;2023;ТАТАРСТАН;49.42;12300;49504334
1655464291;11688159;2024;ТАТАРСТАН;49.42;12300;52279024
3663093340;7427582;2022;ВОРОНЕЖСКАЯ;86.23;12300;46416312
3663093340;7427582;2023;ВОРОНЕЖСКАЯ;86.23;12300;49601907
3663093340;7427582;2024;ВОРОНЕЖСКАЯ;86.23;12300;52434584
6330037610;169103;2022;САМАРСКАЯ;46.73;12300;44864954
6330037610;169103;2023;САМАРСКАЯ;46.73;12300;48319338
6330037610;169103;2024;САМАРСКАЯ;46.73;12300;51356012
1215042965;5100991;2022;МАРИЙ ЭЛ;68.20;12300;46121812
1215042965;5100991;2023;МАРИЙ ЭЛ;68.20;12300;48956239
1215042965;5100991;2024;МАРИЙ ЭЛ;68.20;12300;50786587
2130222417;11456632;2022;МОСКВА;42.11;12300;46213486
2130222417;11456632;2023;МОСКВА;42.11;12300;49359000
2130222417;11456632;2024;МОСКВА;42.11;12300;52967895
3917034630;6076295;2022;КАЛИНИНГРАДСКАЯ;41.20;12300;46542428
3917034630;6076295;2023;КАЛИНИНГРАДСКАЯ;41.20;12300;47472330
3917034630;6076295;2024;КАЛИНИНГРАДСКАЯ;41.20;12300;50921957
7017303729;690283;2022;ТОМСКАЯ;47.43;12300;46060655
7017303729;690283;2023;ТОМСКАЯ;47.43;12300;49110739
7017303729;690283;2024;ТОМСКАЯ;47.43;12300;51362396
3123155377;2847042;2022;БЕЛГОРОДСКАЯ;64.91;12300;44481183
3123155377;2847042;2023;БЕЛГОРОДСКАЯ;64.91;12300;47625364
3123155377;2847042;2024;БЕЛГОРОДСКАЯ;68.20.2;12300;50520887
6658424507;7696975;2022;СВЕРДЛОВСКАЯ;45.1;12300;45106229
6658424507;7696975;2023;СВЕРДЛОВСКАЯ;45.1;12300;48216010
6658424507;7696975;2024;СВЕРДЛОВСКАЯ;45.1;12300;51429347
1102067736;224645;2022;КОМИ;68.2;12300;46436169
1102067736;224645;2023;КОМИ;68.2;12300;48276494
1102067736;224645;2024;КОМИ;68.2;12300;51743946
6658138249;6978097;2022;СВЕРДЛОВСКАЯ;68.20;12300;44345520
6658138249;6978097;2023;СВЕРДЛОВСКАЯ;68.20;12300;47790465
6658138249;6978097;2024;СВЕРДЛОВСКАЯ;68.20;12300;50795491
7204031360;4150191;2022;ТЮМЕНСКАЯ;71.20.9;12300;45404072
7204031360;4150191;2023;ТЮМЕНСКАЯ;71.20.9;12300;49043785
7204031360;4150191;2024;ТЮМЕНСКАЯ;71.20.9;12300;51778955
6155079766;10800960;2022;РОСТОВСКАЯ;86.90.9;12300;46090700
6155079766;10800960;2023;РОСТОВСКАЯ;86.90.9;12300;49833034
6155079766;10800960;2024;РОСТОВСКАЯ;86.90.9;12300;52216343
7327040100;1955510;2022;УЛЬЯНОВСКАЯ;73.11;12300;45249226
7327040100;1955510;2023;УЛЬЯНОВСКАЯ;73.11;12300;48018604
7327040100;1955510;2024;УЛЬЯНОВСКАЯ;73.11;12300;51370721
6027149873;7934085;2022;ПСКОВСКАЯ;25.1;12300;44484516
6027149873;7934085;2023;ПСКОВСКАЯ;25.1;12300;47575178
6027149873;7934085;2024;ПСКОВСКАЯ;25.1;12300;50370151
6321347439;8534422;2022;САМАРСКАЯ;43.39;12300;43995257
6321347439;8534422;2023;САМАРСКАЯ;43.39;12300;47177553
6321347439;8534422;2024;САМАРСКАЯ;43.39;12300;50098138
2801237044;10469203;2022;АМУРСКАЯ;42.12;12300;47013055
2801237044;10469203;2023;АМУРСКАЯ;42.12;12300;48776148
2801237044;10469203;2024;АМУРСКАЯ;42.12;12300;51778436
4205050673;5803738;2022;КЕМЕРОВСКАЯ ОБЛАСТЬ - КУЗБАСС;43.21;12300;44927048
4205050673;5803738;2023;КЕМЕРОВСКАЯ ОБЛАСТЬ - КУЗБАСС;43.21;12300;48119907
4205050673;5803738;2024;КЕМЕРОВСКАЯ ОБЛАСТЬ - КУЗБАСС;43.21;12300;51419254
9709034648;10747448;2022;МОСКВА;73.11;12300;45798747
9709034648;10747448;2023;МОСКВА;73.11;12300;49884836
9709034648;10747448;2024;МОСКВА;73.11;12300;52611266
9102217760;9918366;2022;КРЫМ;49.41;12300;45554765
9102217760;9918366;2023;КРЫМ;49.41;12300;48176966
9102217760;9918366;2024;КРЫМ;49.41;12300;51470314
1001312607;9833989;2022;КАРЕЛИЯ;30.11;12300;46367716
1001312607;9833989;2023;КАРЕЛИЯ;30.11;12300;49935680
1001312607;9833989;2024;КАРЕЛИЯ;30.11;12300;52049868
7728464272;10966700;2022;МОСКВА;47.11;12300;45998159
7728464272;10966700;2023;МОСКВА;47.11;12300;48897008
7728464272;10966700;2024;МОСКВА;47.11;12300;52303493
4813026813;9293617;2022;ЛИПЕЦКАЯ;49.4;12300;44619979
4813026813;9293617;2023;ЛИПЕЦКАЯ;49.4;12300;49716991
4813026813;9293617;2024;ЛИПЕЦКАЯ;49.4;12300;50341572
3849067610;10490952;2022;ИРКУТСКАЯ;71.12.2;12300;45837365
3849067610;10490952;2023;ИРКУТСКАЯ;71.12.2;12300;49011432
3849067610;10490952;2024;ИРКУТСКАЯ;71.12.2;12300;52649530
2130226203;11613806;2022;ЧУВАШСКАЯ РЕСПУБЛИКА -;42.11;12300;45755288
2130226203;11613806;2023;ЧУВАШСКАЯ РЕСПУБЛИКА -;42.11;12300;48055768
2130226203;11613806;2024;ЧУВАШСКАЯ РЕСПУБЛИКА -;42.11;12300;51657153
7451436603;10805254;2022;ЧЕЛЯБИНСКАЯ;68.32;12300;46302885
7451436603;10805254;2023;ЧЕЛЯБИНСКАЯ;68.32;12300;49118597
7451436603;10805254;2024;ЧЕЛЯБИНСКАЯ;68.32;12300;52208225
6454118413;10913298;2022;САРАТОВСКАЯ;41.20;12300;45097034
6454118413;10913298;2023;САРАТОВСКАЯ;41.20;12300;48457373
6454118413;10913298;2024;САРАТОВСКАЯ;41.20;12300;50951482
5440115442;10151162;2022;НОВОСИБИРСКАЯ;41.20;12300;44976759
5440115442;10151162;2023;НОВОСИБИРСКАЯ;41.20;12300;49349072
5440115442;10151162;2024;НОВОСИБИРСКАЯ;41.20;12300;52177333
0105039911;3362340;2022;АДЫГЕЯ;80.20;12300;44844836
0105039911;3362340;2023;АДЫГЕЯ;80.20;12300;47738209
0105039911;3362340;2024;АДЫГЕЯ;43.21;12300;50157815
9201505544;9091576;2022;СЕВАСТОПОЛЬ;70.22;12300;44337933
9201505544;9091576;2023;СЕВАСТОПОЛЬ;70.22;12300;47909378
9201505544;9091576;2024;СЕВАСТОПОЛЬ;70.22;12300;50473921
5300004774;11886565;2022;НОВГОРОДСКАЯ;56.10;12300;46494094
5300004774;11886565;2023;НОВГОРОДСКАЯ;56.10;12300;48681744
5300004774;11886565;2024;НОВГОРОДСКАЯ;56.10;12300;51652161
3019013827;9058481;2022;АСТРАХАНСКАЯ;43.29;12300;45685700
3019013827;9058481;2023;АСТРАХАНСКАЯ;43.29;12300;49129391
3019013827;9058481;2024;АСТРАХАНСКАЯ;43.29;12300;50210830
4909112051;2354089;2022;МАГАДАНСКАЯ;43.12;12300;45805694
4909112051;2354089;2023;МАГАДАНСКАЯ;43.12;12300;49303972
4909112051;2354089;2024;МАГАДАНСКАЯ;43.12;12300;52142890
0572013688;9733654;2022;ДАГЕСТАН;46.71.2;12300;46288294
0572013688;9733654;2023;ДАГЕСТАН;46.71.2;12300;48506133
0572013688;9733654;2024;ДАГЕСТАН;47.30.1;12300;52081622
7819318896;8208625;2022;САНКТ-ПЕТЕРБУРГ;46.90;12300;45800113
7819318896;8208625;2023;САНКТ-ПЕТЕРБУРГ;46.90;12300;49174437
7819318896;8208625;2024;САНКТ-ПЕТЕРБУРГ;46.90;12300;51601275
2503027098;2245726;2022;ПРИМОРСКИЙ;49.4;12300;46144459
2503027098;2245726;2023;ПРИМОРСКИЙ;49.4;12300;48571529
2503027098;2245726;2024;ПРИМОРСКИЙ;49.4;12300;51772845
8603096434;3792821;2022;Ханты-Мансийский Автономный округ - Югра;86.2;12300;44036046
8603096434;3792821;2023;Ханты-Мансийский Автономный округ - Югра;86.2;12300;47209694
8603096434;3792821;2024;Ханты-Мансийский Автономный округ - Югра;86.2;12300;50151191
6671036944;9666409;2022;СВЕРДЛОВСКАЯ;70.22;12300;44644292
6671036944;9666409;2023;СВЕРДЛОВСКАЯ;70.22;12300;47487217
6671036944;9666409;2024;СВЕРДЛОВСКАЯ;70.22;12300;50342931
4703171536;11199375;2022;ЛЕНИНГРАДСКАЯ;62.01;12300;46546494
4703171536;11199375;2023;ЛЕНИНГРАДСКАЯ;62.01;12300;48758371
4703171536;11199375;2024;ЛЕНИНГРАДСКАЯ;62.01;12300;51885914
6501239496;1841846;2022;САХАЛИНСКАЯ;71.12.45;12300;45923107
6501239496;1841846;2023;САХАЛИНСКАЯ;71.12.45;12300;49290223
6501239496;1841846;2024;САХАЛИНСКАЯ;71.12.45;12300;52148414
7806577131;11422679;2022;САНКТ-ПЕТЕРБУРГ;46.32;12300;44443056
7806577131;11422679;2023;САНКТ-ПЕТЕРБУРГ;10.13;12300;47519421
7806577131;11422679;2024;САНКТ-ПЕТЕРБУРГ;10.13;12300;51308020
7704756847;208223;2022;МОСКВА;69.20;12267;45968608
7704756847;208223;2023;МОСКВА;69.20;12267;48376004
7704756847;208223;2024;МОСКВА;69.20;12267;51063555
3447027449;4619573;2022;ВОЛГОГРАДСКАЯ;47.64;12300;45010794
3447027449;4619573;2023;ВОЛГОГРАДСКАЯ;47.64;12300;48501415
3447027449;4619573;2024;ВОЛГОГРАДСКАЯ;47.64;12300;51233219
5751053661;7480884;2022;ОРЛОВСКАЯ;68.32;12300;45403627
5751053661;7480884;2023;ОРЛОВСКАЯ;68.32;12300;47978047
5751053661;7480884;2024;ОРЛОВСКАЯ;68.32;12300;50561149
3243000576;3864126;2022;БРЯНСКАЯ;01.11;12300;44825871
3243000576;3864126;2023;БРЯНСКАЯ;01.11;12300;48051374
3243000576;3864126;2024;БРЯНСКАЯ;01.11;12300;51090106
0573007119;9772190;2022;ДАГЕСТАН;86.21;12300;44765181
0573007119;9772190;2023;ДАГЕСТАН;86.21;12300;47615828
0573007119;9772190;2024;ДАГЕСТАН;86.21;12300;50478329
3025032088;10456192;2022;АСТРАХАНСКАЯ;68.32;12300;45226587
3025032088;10456192;2023;АСТРАХАНСКАЯ;68.32;12300;49647532
3025032088;10456192;2024;АСТРАХАНСКАЯ;68.32;12300;52172039
7805642300;8355092;2022;САНКТ-ПЕТЕРБУРГ;46.69;12300;46352876
7805642300;8355092;2023;САНКТ-ПЕТЕРБУРГ;46.69;12300;49039256
7805642300;8355092;2024;САНКТ-ПЕТЕРБУРГ;46.69;12300;52313173
2223577620;3674256;2022;АЛТАЙСКИЙ;68.32;12300;45973880
2223577620;3674256;2023;АЛТАЙСКИЙ;68.32;12300;48504348
2223577620;3674256;2024;АЛТАЙСКИЙ;68.32;12300;51494699
7203341270;9190945;2022;ТЮМЕНСКАЯ;43.11;12300;44523515
7203341270;9190945;2023;ТЮМЕНСКАЯ;43.11;12300;47473012
7203341270;9190945;2024;ТЮМЕНСКАЯ;43.11;12300;50672425
3257033892;9383180;2022;БРЯНСКАЯ;41.20;12300;45124736
3257033892;9383180;2023;БРЯНСКАЯ;41.20;12300;48324298
3257033892;9383180;2024;БРЯНСКАЯ;41.20;12300;50890648
6452145193;11390901;2022;САРАТОВСКАЯ;47.91.2;12300;44312966
6452145193;11390901;2023;САРАТОВСКАЯ;47.91.2;12300;49097144
6452145193;11390901;2024;САРАТОВСКАЯ;47.91.2;12300;51664424
8604072500;11915139;2022;МОСКВА;46.63;12300;44433260
8604072500;11915139;2023;МОСКВА;46.63;12300;47504009
8604072500;11915139;2024;МОСКВА;46.63;12300;51078263
7804153225;1910137;2022;САНКТ-ПЕТЕРБУРГ;73.11;12300;43992421
7804153225;1910137;2023;САНКТ-ПЕТЕРБУРГ;73.11;12300;47186910
7804153225;1910137;2024;САНКТ-ПЕТЕРБУРГ;73.11;12300;50106733
3123217577;1363408;2022;БЕЛГОРОДСКАЯ;31.0;12300;44733936
3123217577;1363408;2023;БЕЛГОРОДСКАЯ;31.0;12300;48009656
3123217577;1363408;2024;БЕЛГОРОДСКАЯ;31.0;12300;52719607
1101122896;1350354;2022;КОМИ;93.11;12300;46206555
1101122896;1350354;2023;КОМИ;93.11;12300;47641041
1101122896;1350354;2024;КОМИ;93.11;12300;50695694
5501271716;11603183;2022;ОМСКАЯ;62.01;12300;44485604
5501271716;11603183;2023;ОМСКАЯ;62.01;12300;47676619
5501271716;11603183;2024;ОМСКАЯ;62.01;12300;51080601
6454075174;2945501;2022;САРАТОВСКАЯ;42.21;12300;46393756
6454075174;2945501;2023;САРАТОВСКАЯ;42.21;12300;49097698
6454075174;2945501;2024;САРАТОВСКАЯ;42.21;12300;51203375
6226011904;8091370;2022;РЯЗАНСКАЯ;01.50;12300;44138664
6226011904;8091370;2023;РЯЗАНСКАЯ;01.50;12300;47249284
6226011904;8091370;2024;РЯЗАНСКАЯ;01.50;12300;50205996
2103005290;11422582;2022;ЧУВАШСКАЯ РЕСПУБЛИКА -;47.25;12300;45281054
2103005290;11422582;2023;ЧУВАШСКАЯ РЕСПУБЛИКА -;47.25;12300;48173387
2103005290;11422582;2024;ЧУВАШСКАЯ РЕСПУБЛИКА -;47.25;12300;51469597
7103522266;8945219;2022;ТУЛЬСКАЯ;68.20.2;12300;44675405
7103522266;8945219;2023;ТУЛЬСКАЯ;68.20.29;12300;48038928
7103522266;8945219;2024;ТУЛЬСКАЯ;68.20.29;12300;50705217
1001134471;57875;2022;КАРЕЛИЯ;41.20;12300;44813628
1001134471;57875;2023;КАРЕЛИЯ;41.20;12300;47648580
1001134471;57875;2024;КАРЕЛИЯ;69.10;12300;50953920
2920017182;11641700;2022;АРХАНГЕЛЬСКАЯ;52.21;12300;46049272
2920017182;11641700;2023;АРХАНГЕЛЬСКАЯ;52.21;12300;49280149
2920017182;11641700;2024;АРХАНГЕЛЬСКАЯ;52.21;12300;52291387
3664242563;11079203;2022;ВОРОНЕЖСКАЯ;71.11;12300;45431590
3664242563;11079203;2023;ВОРОНЕЖСКАЯ;71.11;12300;49872987
3664242563;11079203;2024;ВОРОНЕЖСКАЯ;71.11;12300;51190865
3906266767;503941;2022;КАЛИНИНГРАДСКАЯ;68.10;12300;46582512
3906266767;503941;2023;КАЛИНИНГРАДСКАЯ;68.10;12300;48076074
3906266767;503941;2024;КАЛИНИНГРАДСКАЯ;68.10;12300;52209333
7327035244;3550919;2022;УЛЬЯНОВСКАЯ;86.23;12300;44663958
7327035244;3550919;2023;УЛЬЯНОВСКАЯ;86.23;12300;47788998
7327035244;3550919;2024;УЛЬЯНОВСКАЯ;86.23;12300;50647845
8603199101;7894611;2022;ХАНТЫ-МАНСИЙСКИЙ АВТОНОМНЫЙ ОКРУГ - ЮГРА;43.12.3;12300;44560226
8603199101;7894611;2023;ХАНТЫ-МАНСИЙСКИЙ АВТОНОМНЫЙ ОКРУГ - ЮГРА;43.12.3;12300;48012894
8603199101;7894611;2024;ХАНТЫ-МАНСИЙСКИЙ АВТОНОМНЫЙ ОКРУГ - ЮГРА;43.12.3;12300;52729746
4632110238;1222571;2022;КУРСКАЯ;47.19;12300;45830550
4632110238;1222571;2023;КУРСКАЯ;47.19;12300;48826501
4632110238;1222571;2024;КУРСКАЯ;47.19;12300;51785989
7616011482;10888878;2022;ЯРОСЛАВСКАЯ;13.20;12300;46260091
7616011482;10888878;2023;ЯРОСЛАВСКАЯ;13.20;12300;49562130
7616011482;10888878;2024;ЯРОСЛАВСКАЯ;13.20;12300;51380812
1901073944;6281553;2022;ХАКАСИЯ;49.31.21;12300;45051194
1901073944;6281553;2023;ХАКАСИЯ;49.31.21;12300;48173692
1901073944;6281553;2024;ХАКАСИЯ;49.31.21;12300;51085833
4028064393;10224894;2022;КАЛУЖСКАЯ;43.29;12300;44841730
4028064393;10224894;2023;КАЛУЖСКАЯ;43.29;12300;49152465
4028064393;10224894;2024;КАЛУЖСКАЯ;43.29;12300;52858439
3702247558;11384354;2022;ИВАНОВСКАЯ;69.20;12300;45016647
3702247558;11384354;2023;ИВАНОВСКАЯ;69.20;12300;47533510
3702247558;11384354;2024;ИВАНОВСКАЯ;69.20;12300;51610742
3257038058;9594029;2022;БРЯНСКАЯ;73.11;12300;44693043
3257038058;9594029;2023;БРЯНСКАЯ;73.11;12300;48164050
3257038058;9594029;2024;БРЯНСКАЯ;73.11;12300;52089541
0107024068;7839836;2022;АДЫГЕЯ;42.11;12300;45976055
0107024068;7839836;2023;АДЫГЕЯ;42.11;12300;48373843
0107024068;7839836;2024;АДЫГЕЯ;42.11;12300;52706614
6732159992;10581369;2022;СМОЛЕНСКАЯ;25.61;12300;45157637
6732159992;10581369;2023;СМОЛЕНСКАЯ;25.61;12300;48366275
6732159992;10581369;2024;СМОЛЕНСКАЯ;25.61;12300;51252940
7017476305;11360116;2022;ТОМСКАЯ;49.31.21;12300;45507957
7017476305;11360116;2023;ТОМСКАЯ;49.31.21;12300;48577194
7017476305;11360116;2024;ТОМСКАЯ;49.31.21;12300;51450085
3702594537;3164757;2022;ИВАНОВСКАЯ;69;12300;45556026
3702594537;3164757;2023;ИВАНОВСКАЯ;69;12300;49163012
3702594537;3164757;2024;ИВАНОВСКАЯ;69;12300;51492284
6314010674;3092457;2022;САМАРСКАЯ;71.11;12300;45736468
6314010674;3092457;2023;САМАРСКАЯ;71.11;12300;48829630
6314010674;3092457;2024;САМАРСКАЯ;71.11;12300;51841127
7111020982;9778745;2022;ТУЛЬСКАЯ;86.10;12300;46351578
7111020982;9778745;2023;ТУЛЬСКАЯ;86.10;12300;49688390
7111020982;9778745;2024;ТУЛЬСКАЯ;86.10;12300;52267100
6623041207;5883009;2022;СВЕРДЛОВСКАЯ;68.20;12267;45975288
6623041207;5883009;2023;СВЕРДЛОВСКАЯ;68.20;12267;48099547
6623041207;5883009;2024;СВЕРДЛОВСКАЯ;68.20;12267;52075598
7804499061;7629326;2022;САНКТ-ПЕТЕРБУРГ;70.22;12300;44867784
7804499061;7629326;2023;САНКТ-ПЕТЕРБУРГ;70.22;12300;48629343
7804499061;7629326;2024;САНКТ-ПЕТЕРБУРГ;70.22;12300;51540534
6155048510;660107;2022;РОСТОВСКАЯ;46.43;12300;44772239
6155048510;660107;2023;РОСТОВСКАЯ;46.43;12300;48468425
6155048510;660107;2024;РОСТОВСКАЯ;46.43;12300;51105152
6950205536;10177486;2022;ТВЕРСКАЯ;62.02;12300;44742721
6950205536;10177486;2023;ТВЕРСКАЯ;62.02;12300;47508285
6950205536;10177486;2024;ТВЕРСКАЯ;62.02;12300;50477164
2311332059;11814798;2022;КРАСНОДАРСКИЙ;42.11;12300;45006977
2311332059;11814798;2023;КРАСНОДАРСКИЙ;42.11;12300;48633705
2311332059;11814798;2024;КРАСНОДАРСКИЙ;42.11;12300;51013702
1901019320;504540;2022;ХАКАСИЯ;71.11;12300;44829811
1901019320;504540;2023;ХАКАСИЯ;71.11;12300;47919663
1901019320;504540;2024;ХАКАСИЯ;71.11;12300;50453118
3662300450;11867751;2022;ВОРОНЕЖСКАЯ;68.31;12300;44739098
3662300450;11867751;2023;ВОРОНЕЖСКАЯ;68.31;12300;47781135
3662300450;11867751;2024;ВОРОНЕЖСКАЯ;68.31;12300;50959229
0326570454;11084882;2022;БУРЯТИЯ;43.22;12300;45709864
0326570454;11084882;2023;БУРЯТИЯ;43.22;12300;47927690
0326570454;11084882;2024;БУРЯТИЯ;43.22;12300;51575184
1315488104;6534444;2022;МОРДОВИЯ;49.4;12300;44831909
1315488104;6534444;2023;МОРДОВИЯ;49.4;12300;49170732
1315488104;6534444;2024;МОРДОВИЯ;49.4;12300;52449763
7309904237;5373778;2022;УЛЬЯНОВСКАЯ;01.1;12300;44502650
7309904237;5373778;2023;УЛЬЯНОВСКАЯ;01.11.1;12300;47893112
7309904237;5373778;2024;УЛЬЯНОВСКАЯ;01.1;12300;51012471
3327310670;646980;2022;ВЛАДИМИРСКАЯ;70.22;12300;44548138
3327310670;646980;2023;ВЛАДИМИРСКАЯ;70.22;12300;47368322
3327310670;646980;2024;ВЛАДИМИРСКАЯ;70.22;12300;50249163
0601025627;8871907;2022;ИНГУШЕТИЯ;41.20;12300;44723918
0601025627;8871907;2023;ИНГУШЕТИЯ;41.20;12300;48893779
0601025627;8871907;2024;ИНГУШЕТИЯ;41.20;12300;50351655
5029268232;11789361;2022;МОСКОВСКАЯ;43.22;12300;44208338
5029268232;11789361;2023;МОСКОВСКАЯ;43.22;12300;47690553
5029268232;11789361;2024;МОСКОВСКАЯ;43.22;12300;50990801
6226011260;803060;2022;РЯЗАНСКАЯ;71.11.1;12300;45678920
6226011260;803060;2023;РЯЗАНСКАЯ;71.11.1;12300;49206895
6226011260;803060;2024;РЯЗАНСКАЯ;71.11.1;12300;52063284
3662300474;11867753;2022;ВОРОНЕЖСКАЯ;62.01;12300;45072859
3662300474;11867753;2023;ВОРОНЕЖСКАЯ;62.01;12300;48248996
3662300474;11867753;2024;ВОРОНЕЖСКАЯ;62.01;12300;51339339
8602302003;11552152;2022;ХАНТЫ-МАНСИЙСКИЙ АВТОНОМНЫЙ ОКРУГ - ЮГРА;46.73;12300;44117151
8602302003;11552152;2023;ХАНТЫ-МАНСИЙСКИЙ АВТОНОМНЫЙ ОКРУГ - ЮГРА;46.73;12300;47251931
8602302003;11552152;2024;ХАНТЫ-МАНСИЙСКИЙ АВТОНОМНЫЙ ОКРУГ - ЮГРА;46.73;12300;50587166
2464149702;11089481;2022;ТЫВА;71.12.3;12300;46974200
2464149702;11089481;2023;ТЫВА;71.12.3;12300;48764158
2464149702;11089481;2024;ТЫВА;71.12.3;12300;52717306
5321075247;2346066;2022;НОВГОРОДСКАЯ;25.11;12300;44609446
5321075247;2346066;2023;НОВГОРОДСКАЯ;25.11;12300;47744684
5321075247;2346066;2024;НОВГОРОДСКАЯ;25.11;12300;50716630
6679061290;8972859;2022;СВЕРДЛОВСКАЯ;25.99;12300;45812425
6679061290;8972859;2023;СВЕРДЛОВСКАЯ;25.99;12300;48936575
6679061290;8972859;2024;СВЕРДЛОВСКАЯ;25.99;12300;52324708
5300002992;11795008;2022;НОВГОРОДСКАЯ;45.20;12300;46298824
5300002992;11795008;2023;НОВГОРОДСКАЯ;45.20;12300;49348888
5300002992;11795008;2024;НОВГОРОДСКАЯ;45.20;12300;52513709
4703144701;9725920;2022;ЛЕНИНГРАДСКАЯ;43.29;12300;45162753
4703144701;9725920;2023;ЛЕНИНГРАДСКАЯ;43.29;12300;48611234
4703144701;9725920;2024;ЛЕНИНГРАДСКАЯ;43.29;12300;51511752
4101025993;5769543;2022;КАМЧАТСКИЙ;68.20.2;12300;44523450
4101025993;5769543;2023;КАМЧАТСКИЙ;68.20.2;12300;47874184
4101025993;5769543;2024;КАМЧАТСКИЙ;68.20.2;12300;50419167
1650126764;1818264;2022;ТАТАРСТАН;43.21;12300;46271755
1650126764;1818264;2023;ТАТАРСТАН;43.21;12300;49092354
1650126764;1818264;2024;ТАТАРСТАН;43.21;12300;51546567
1324133500;3745683;2022;МОРДОВИЯ;08.12;12300;46135271
1324133500;3745683;2023;МОРДОВИЯ;08.12;12300;49500614
1324133500;3745683;2024;МОРДОВИЯ;08.12;12300;51803884
6316237230;10346266;2022;САМАРСКАЯ;52.29;12300;46672429
6316237230;10346266;2023;САМАРСКАЯ;52.29;12300;49394649
6316237230;10346266;2024;САМАРСКАЯ;52.29;12300;52100924
2317059504;4480215;2022;КРАСНОДАРСКИЙ;47.52;12300;46367647
2317059504;4480215;2023;КРАСНОДАРСКИЙ;47.52;12300;49107814
2317059504;4480215;2024;КРАСНОДАРСКИЙ;47.52;12300;52845159
7814127136;4905810;2022;ЛЕНИНГРАДСКАЯ;45.20;12300;46382158
7814127136;4905810;2023;ЛЕНИНГРАДСКАЯ;45.20;12300;47347669
7814127136;4905810;2024;ЛЕНИНГРАДСКАЯ;45.20;12300;51418536
3666159582;2229756;2022;ВОРОНЕЖСКАЯ;69.10;12300;44613946
3666159582;2229756;2023;ВОРОНЕЖСКАЯ;69.10;12300;47743894
3666159582;2229756;2024;ВОРОНЕЖСКАЯ;69.10;12300;50527160
7815013766;4097637;2022;САНКТ-ПЕТЕРБУРГ;56.10;12300;45462968
7815013766;4097637;2023;САНКТ-ПЕТЕРБУРГ;56.10;12300;47472397
7815013766;4097637;2024;САНКТ-ПЕТЕРБУРГ;56.10;12300;52028551
1328010555;9107100;2022;МОРДОВИЯ;56.10;12300;46024935
1328010555;9107100;2023;МОРДОВИЯ;56.10;12300;49190581
1328010555;9107100;2024;МОРДОВИЯ;56.10;12300;52430754
5404343718;139816;2022;НОВОСИБИРСКАЯ;71.1;12300;44291121
5404343718;139816;2023;НОВОСИБИРСКАЯ;71.1;12300;47882173
5404343718;139816;2024;НОВОСИБИРСКАЯ;71.1;12300;50681963
3528297323;10876106;2022;ВОЛОГОДСКАЯ;70.22;12300;45015073
3528297323;10876106;2023;ВОЛОГОДСКАЯ;70.22;12300;48769776
3528297323;10876106;2024;ВОЛОГОДСКАЯ;70.22;12300;51023907
6949115905;11800803;2022;ТВЕРСКАЯ;71.12.44;12300;45528726
6949115905;11800803;2023;ТВЕРСКАЯ;71.12.44;12300;49193271
6949115905;11800803;2024;ТВЕРСКАЯ;71.12.44;12300;52053181
7103502809;977653;2022;ТУЛЬСКАЯ;86.23;12300;45396486
7103502809;977653;2023;ТУЛЬСКАЯ;86.23;12300;48076447
7103502809;977653;2024;ТУЛЬСКАЯ;86.23;12300;50308884
6950082309;645310;2022;ТВЕРСКАЯ;22.23;12300;46473503
6950082309;645310;2023;ТВЕРСКАЯ;22.23;12300;47938821
6950082309;645310;2024;ТВЕРСКАЯ;22.23;12300;51151383
0725013720;8428305;2022;КАБАРДИНО-БАЛКАРСКАЯ;86.21;12300;45479853
0725013720;8428305;2023;КАБАРДИНО-БАЛКАРСКАЯ;86.21;12300;48277857
0725013720;8428305;2024;КАБАРДИНО-БАЛКАРСКАЯ;86.21;12300;52222051
6312208750;11650239;2022;САМАРСКАЯ;71.12;12300;45075808
6312208750;11650239;2023;САМАРСКАЯ;71.12;12300;48556903
6312208750;11650239;2024;САМАРСКАЯ;71.12;12300;51517423
7813443298;2272359;2022;САНКТ-ПЕТЕРБУРГ;82.99;12300;46021231
7813443298;2272359;2023;САНКТ-ПЕТЕРБУРГ;82.99;12300;48968728
7813443298;2272359;2024;САНКТ-ПЕТЕРБУРГ;82.99;12300;51230359
8608058930;9795226;2022;МОСКВА;41.20;12300;45640603
8608058930;9795226;2023;МОСКВА;41.20;12300;49998319
8608058930;9795226;2024;МОСКВА;41.20;12300;52578604
5313015357;11070907;2022;НОВГОРОДСКАЯ;16.23;12300;44901748
5313015357;11070907;2023;НОВГОРОДСКАЯ;16.23;12300;48821682
5313015357;11070907;2024;НОВГОРОДСКАЯ;41.20;12300;50933950
0411171108;9072016;2022;АЛТАЙ;52.21.22;12300;44825927
0411171108;9072016;2023;АЛТАЙ;52.21.22;12300;47882493
0411171108;9072016;2024;АЛТАЙ;52.21.22;12300;50760044
5321098237;3262363;2022;НОВГОРОДСКАЯ;73.20.1;12300;44212721
5321098237;3262363;2023;НОВГОРОДСКАЯ;73.20.1;12300;47600686
5321098237;3262363;2024;НОВГОРОДСКАЯ;73.20.1;12300;50129600
6820039292;10691604;2022;ТАМБОВСКАЯ;42.11;12300;44859955
6820039292;10691604;2023;ТАМБОВСКАЯ;42.11;12300;49859668
6820039292;10691604;2024;ТАМБОВСКАЯ;42.11;12300;51767909
5321100140;3582546;2022;НОВГОРОДСКАЯ;52.29;12300;44883352
5321100140;3582546;2023;НОВГОРОДСКАЯ;52.29;12300;47987116
5321100140;3582546;2024;НОВГОРОДСКАЯ;52.29;12300;50719316
9204022922;9008330;2022;СЕВАСТОПОЛЬ;52.21.24;12300;45489511
9204022922;9008330;2023;СЕВАСТОПОЛЬ;52.21.24;12300;48860527
9204022922;9008330;2024;СЕВАСТОПОЛЬ;52.21.24;12300;50784995
4821035794;7867362;2022;ЛИПЕЦКАЯ;69.10;12300;46599922
4821035794;7867362;2023;ЛИПЕЦКАЯ;69.10;12300;49714115
4821035794;7867362;2024;ЛИПЕЦКАЯ;69.10;12300;52117758
7024036200;7542456;2022;ТОМСКАЯ;93.11;12300;45706517
7024036200;7542456;2023;ТОМСКАЯ;93.11;12300;48592289
7024036200;7542456;2024;ТОМСКАЯ;93.11;12300;51111939
4909074631;1927915;2022;МАГАДАНСКАЯ;45.1;12300;47072611
4909074631;1927915;2023;МАГАДАНСКАЯ;45.1;12300;49002117
4909074631;1927915;2024;МАГАДАНСКАЯ;45.1;12300;51772706
1216025666;9733857;2022;МАРИЙ ЭЛ;85.13;12300;47119298
1216025666;9733857;2023;МАРИЙ ЭЛ;86.23;12300;47185906
1216025666;9733857;2024;МАРИЙ ЭЛ;86.23;12300;50670900
7726566649;2288011;2022;МОСКВА;01.62;12300;44034235
7726566649;2288011;2023;МОСКВА;01.62;12300;47251194
7726566649;2288011;2024;МОСКВА;01.62;12300;50276064
8602285037;10601781;2022;ХАНТЫ-МАНСИЙСКИЙ АВТОНОМНЫЙ ОКРУГ - ЮГРА;25.61;12300;45340749
8602285037;10601781;2023;ХАНТЫ-МАНСИЙСКИЙ АВТОНОМНЫЙ ОКРУГ - ЮГРА;25.61;12300;48672613
8602285037;10601781;2024;ХАНТЫ-МАНСИЙСКИЙ АВТОНОМНЫЙ ОКРУГ - ЮГРА;25.61;12300;50838606
8602254825;9104635;2022;ХАНТЫ-МАНСИЙСКИЙ АВТОНОМНЫЙ ОКРУГ - ЮГРА;45.20;12300;45535030
8602254825;9104635;2023;ХАНТЫ-МАНСИЙСКИЙ АВТОНОМНЫЙ ОКРУГ - ЮГРА;45.20;12300;49599595
8602254825;9104635;2024;ХАНТЫ-МАНСИЙСКИЙ АВТОНОМНЫЙ ОКРУГ - ЮГРА;45.20;12300;52160466
0317007333;3801692;2022;БУРЯТИЯ;47.11;12300;44775749
0317007333;3801692;2023;БУРЯТИЯ;47.11;12300;48097561
0317007333;3801692;2024;БУРЯТИЯ;47.11;12300;50835155
1513058350;9615214;2022;СЕВЕРНАЯ ОСЕТИЯ - АЛАНИЯ;62.09;12300;44829924
1513058350;9615214;2023;СЕВЕРНАЯ ОСЕТИЯ - АЛАНИЯ;62.09;12300;48402253
1513058350;9615214;2024;СЕВЕРНАЯ ОСЕТИЯ - АЛАНИЯ;62.09;12300;50446811
2223036533;5253932;2022;АЛТАЙСКИЙ;86.90.1;12300;45650323
2223036533;5253932;2023;АЛТАЙСКИЙ;86.90.1;12300;47962779
2223036533;5253932;2024;АЛТАЙСКИЙ;86.90.1;12300;52751842
9102281406;11839342;2022;КРЫМ;95.11;12300;47132307
9102281406;11839342;2023;КРЫМ;95.11;12300;49846519
9102281406;11839342;2024;КРЫМ;95.11;12300;52794648
7729732566;7751212;2022;МОСКВА;43.3;12300;46272110
7729732566;7751212;2023;МОСКВА;43.3;12300;49946407
7729732566;7751212;2024;МОСКВА;43.2;12300;51122221
5404209945;11598789;2022;НОВОСИБИРСКАЯ;46.90;12300;45569810
5404209945;11598789;2023;НОВОСИБИРСКАЯ;46.90;12300;49684208
5404209945;11598789;2024;НОВОСИБИРСКАЯ;46.90;12300;52206238
7604228755;7446443;2022;ЯРОСЛАВСКАЯ;69.20;12300;45665904
7604228755;7446443;2023;ЯРОСЛАВСКАЯ;69.20;12300;48661778
7604228755;7446443;2024;ЯРОСЛАВСКАЯ;45.31;12300;51659605
6510010938;1583177;2022;САХАЛИНСКАЯ;47.11;12300;47011093
6510010938;1583177;2023;САХАЛИНСКАЯ;47.11;12300;48069974
6510010938;1583177;2024;САХАЛИНСКАЯ;47.11;12300;50779737
2626039872;5694783;2022;СТАВРОПОЛЬСКИЙ;41.2;12300;45432816
2626039872;5694783;2023;СТАВРОПОЛЬСКИЙ;41.2;12300;49377844
2626039872;5694783;2024;СТАВРОПОЛЬСКИЙ;41.2;12300;51237234
4807056827;11396970;2022;ЛИПЕЦКАЯ;62.01;12300;44439886
4807056827;11396970;2023;ЛИПЕЦКАЯ;62.01;12300;47230626
4807056827;11396970;2024;ЛИПЕЦКАЯ;62.01;12300;50170368
5227003301;6883484;2022;НИЖЕГОРОДСКАЯ;52.10;12300;44831277
5227003301;6883484;2023;НИЖЕГОРОДСКАЯ;49.41;12300;49492678
5227003301;6883484;2024;НИЖЕГОРОДСКАЯ;49.41.1;12300;52652551
4205274810;8112130;2022;КЕМЕРОВСКАЯ ОБЛАСТЬ - КУЗБАСС;02.30.11;12300;44045070
4205274810;8112130;2023;КЕМЕРОВСКАЯ ОБЛАСТЬ - КУЗБАСС;02.30.11;12300;47367080
4205274810;8112130;2024;КЕМЕРОВСКАЯ ОБЛАСТЬ - КУЗБАСС;02.30.11;12300;50116240
1659196043;10888919;2022;ТАТАРСТАН;46.73.6;12300;45248355
1659196043;10888919;2023;ТАТАРСТАН;46.73.6;12300;48035281
1659196043;10888919;2024;ТАТАРСТАН;46.73.6;12300;51063364
3257078283;11537664;2022;БРЯНСКАЯ;43.21;12300;46446541
3257078283;11537664;2023;БРЯНСКАЯ;43.21;12300;48310266
3257078283;11537664;2024;БРЯНСКАЯ;43.21;12300;51587626
3664074340;5935390;2022;ВОРОНЕЖСКАЯ;73.11;12300;46528161
3664074340;5935390;2023;ВОРОНЕЖСКАЯ;73.11;12300;49891095
3664074340;5935390;2024;ВОРОНЕЖСКАЯ;73.11;12300;52555475
5905049643;10131897;2022;ПЕРМСКИЙ;43.22;12300;46425545
5905049643;10131897;2023;ПЕРМСКИЙ;43.22;12300;49387209
5905049643;10131897;2024;ПЕРМСКИЙ;43.22;12300;52496353
1102079072;10120568;2022;КОМИ;46.73;12300;44848169
1102079072;10120568;2023;КОМИ;46.73;12300;48133466
1102079072;10120568;2024;КОМИ;46.73;12300;50430352
6829042081;3914032;2022;ТАМБОВСКАЯ;25.9;12300;44720002
6829042081;3914032;2023;ТАМБОВСКАЯ;25.9;12300;47905818
6829042081;3914032;2024;ТАМБОВСКАЯ;25.9;12300;50930610
3702087199;6034645;2022;ИВАНОВСКАЯ;78.10;12300;46021474
3702087199;6034645;2023;ИВАНОВСКАЯ;78.10;12300;48064631
3702087199;6034645;2024;ИВАНОВСКАЯ;69.20;12300;51200742
7710864590;4325915;2022;ТАТАРСТАН;52.29;12300;44687799
7710864590;4325915;2023;ТАТАРСТАН;52.29;12300;47451582
7710864590;4325915;2024;ТАТАРСТАН;52.29;12300;50334291
3018317156;3700226;2022;АСТРАХАНСКАЯ;33.15;12300;45036038
3018317156;3700226;2023;АСТРАХАНСКАЯ;33.15;12300;47629561
3018317156;3700226;2024;АСТРАХАНСКАЯ;33.15;12300;50342511
5754020953;191602;2022;ОРЛОВСКАЯ;86.23;12300;47103167
5754020953;191602;2023;ОРЛОВСКАЯ;86.23;12300;48773099
5754020953;191602;2024;ОРЛОВСКАЯ;86.23;12300;52115737
4400009693;11915228;2022;КОСТРОМСКАЯ;49.39.1;12300;45963807
4400009693;11915228;2023;КОСТРОМСКАЯ;49.31;12300;49708389
4400009693;11915228;2024;КОСТРОМСКАЯ;49.31;12300;51357381
3906991927;9826322;2022;КАЛИНИНГРАДСКАЯ;46.46.1;12300;46387743
3906991927;9826322;2023;КАЛИНИНГРАДСКАЯ;46.46.1;12300;49121224
3906991927;9826322;2024;КАЛИНИНГРАДСКАЯ;46.46.1;12300;52616040
1659143980;8450837;2022;ТАТАРСТАН;69.20;12300;45028465
1659143980;8450837;2023;ТАТАРСТАН;69.20;12300;49430303
1659143980;8450837;2024;ТАТАРСТАН;69.20;12300;50090319
1117005740;23217;2022;КОМИ;42.11;12300;44901546
1117005740;23217;2023;КОМИ;42.11;12300;47818744
1117005740;23217;2024;КОМИ;42.11;12300;50817679
7702386647;9312460;2022;МОСКВА;46.73.3;12300;47107010
7702386647;9312460;2023;МОСКВА;46.73.3;12300;49328819
7702386647;9312460;2024;МОСКВА;46.73.3;12300;51607879
3525341895;9090510;2022;ВОЛОГОДСКАЯ;42.21;12300;46667761
3525341895;9090510;2023;ВОЛОГОДСКАЯ;42.21;12300;49588446
3525341895;9090510;2024;ВОЛОГОДСКАЯ;42.21;12300;51939242
2722091716;109652;2022;ХАБАРОВСКИЙ;46.69.5;12300;44433000
2722091716;109652;2023;ХАБАРОВСКИЙ;46.69.5;12300;49394673
2722091716;109652;2024;ХАБАРОВСКИЙ;46.69.5;12300;51934698
7731377365;10314377;2022;МОСКВА;71.12;12300;45038201
7731377365;10314377;2023;МОСКВА;71.12;12300;47989482
7731377365;10314377;2024;МОСКВА;71.12;12300;50801113
5012096031;10476826;2022;МОСКОВСКАЯ;28.92;12300;44038383
5012096031;10476826;2023;МОСКОВСКАЯ;28.92;12300;47261814
5012096031;10476826;2024;МОСКОВСКАЯ;28.92;12300;50159852
9110029915;11791376;2022;КРЫМ;71.12.1;12300;44680735
9110029915;11791376;2023;КРЫМ;71.12.1;12300;50061881
9110029915;11791376;2024;КРЫМ;71.12.1;12300;52363764
0572011916;9482205;2022;ДАГЕСТАН;86.21;12300;46181178
0572011916;9482205;2023;ДАГЕСТАН;86.21;12300;48579616
0572011916;9482205;2024;ДАГЕСТАН;86.21;12300;52574753
2450035399;11072568;2022;КРАСНОЯРСКИЙ;52.24.1;12300;46209634
2450035399;11072568;2023;КРАСНОЯРСКИЙ;52.24.1;12300;48450174
2450035399;11072568;2024;КРАСНОЯРСКИЙ;52.24.1;12300;51889741
0326538394;9172901;2022;БУРЯТИЯ;68.32.1;12300;45705496
0326538394;9172901;2023;БУРЯТИЯ;68.32.1;12300;49019215
0326538394;9172901;2024;БУРЯТИЯ;68.32.1;12300;51786654
0725005535;2709783;2022;КАБАРДИНО-БАЛКАРСКАЯ;56.10;12300;45001234
0725005535;2709783;2023;КАБАРДИНО-БАЛКАРСКАЯ;56.10;12300;47864122
0725005535;2709783;2024;КАБАРДИНО-БАЛКАРСКАЯ;46.17;12300;51184159
4025445746;9640107;2022;КАЛУЖСКАЯ;28.29.1;12300;47117462
4025445746;9640107;2023;КАЛУЖСКАЯ;28.29.1;12300;48282875
4025445746;9640107;2024;КАЛУЖСКАЯ;28.29.1;12300;50978945
4345422586;9361203;2022;КИРОВСКАЯ;73.11;12300;45007691
4345422586;9361203;2023;КИРОВСКАЯ;73.11;12300;48079555
4345422586;9361203;2024;КИРОВСКАЯ;73.11;12300;50591036
9715388740;11388857;2022;МОСКВА;43.34;12300;45678298
9715388740;11388857;2023;МОСКВА;43.34;12300;48275996
9715388740;11388857;2024;МОСКВА;43.34;12300;50732296
5321097272;3261401;2022;НОВГОРОДСКАЯ;70.22;12300;46145836
5321097272;3261401;2023;НОВГОРОДСКАЯ;74.13.1;12300;49840665
5321097272;3261401;2024;НОВГОРОДСКАЯ;74.13.1;12300;50618469
2462226133;7902100;2022;КРАСНОЯРСКИЙ;41.2;12300;47037760
2462226133;7902100;2023;КРАСНОЯРСКИЙ;41.2;12300;49473355
2462226133;7902100;2024;КРАСНОЯРСКИЙ;41.2;12300;51573324
1200003836;11738690;2022;МАРИЙ ЭЛ;01.13.1;12300;45823673
1200003836;11738690;2023;МАРИЙ ЭЛ;01.13.1;12300;48810130
1200003836;11738690;2024;МАРИЙ ЭЛ;01.13.1;12300;50794155
1001343482;11101013;2022;КАРЕЛИЯ;46.65;12300;47064144
1001343482;11101013;2023;КАРЕЛИЯ;46.65;12300;49646081
1001343482;11101013;2024;КАРЕЛИЯ;46.65;12300;52144217
5407021660;2089554;2022;НОВОСИБИРСКАЯ;52.29;12300;44449705
5407021660;2089554;2023;НОВОСИБИРСКАЯ;52.29;12300;48063736
5407021660;2089554;2024;НОВОСИБИРСКАЯ;52.29;12300;50505776
5032274109;8217102;2022;МОСКОВСКАЯ;85.42.1;12300;47025851
5032274109;8217102;2023;МОСКОВСКАЯ;85.42.1;12300;47614712
5032274109;8217102;2024;МОСКОВСКАЯ;85.42.1;12300;51484198
6234196568;11643634;2022;РЯЗАНСКАЯ;69.20;12300;47042215
6234196568;11643634;2023;РЯЗАНСКАЯ;69.20;12300;48174153
6234196568;11643634;2024;РЯЗАНСКАЯ;69.20;12300;51265900
6150098331;10998374;2022;РОСТОВСКАЯ;66.19.6;12300;46336853
6150098331;10998374;2023;РОСТОВСКАЯ;66.19.62;12300;48889265
6150098331;10998374;2024;РОСТОВСКАЯ;66.19.6;12300;52259749
5321188032;10155570;2022;НОВГОРОДСКАЯ;69.10;12300;46338872
5321188032;10155570;2023;НОВГОРОДСКАЯ;69.10;12300;48530510
5321188032;10155570;2024;НОВГОРОДСКАЯ;69.10;12300;51876643
5407478199;7590836;2022;НОВОСИБИРСКАЯ;62.01;12300;46962119
5407478199;7590836;2023;НОВОСИБИРСКАЯ;62.0;12300;49075630
5407478199;7590836;2024;НОВОСИБИРСКАЯ;62.01;12300;51698023
4024010245;3505014;2022;КАЛУЖСКАЯ;69.20.2;12300;44881223
4024010245;3505014;2023;КАЛУЖСКАЯ;69.20.2;12300;47629228
4024010245;3505014;2024;КАЛУЖСКАЯ;69.20.2;12300;50830540
6318227036;7501871;2022;САМАРСКАЯ;68.31.1;12300;44920572
6318227036;7501871;2023;САМАРСКАЯ;68.31.1;12300;47834317
6318227036;7501871;2024;САМАРСКАЯ;68.31.1;12300;50967528
6234186337;11144511;2022;РЯЗАНСКАЯ;71.12.2;12300;46570240
6234186337;11144511;2023;РЯЗАНСКАЯ;71.12.2;12300;48748890
6234186337;11144511;2024;РЯЗАНСКАЯ;71.12.2;12300;52715803
0572021047;10665883;2022;ДАГЕСТАН;52.10;12300;46620253
0572021047;10665883;2023;ДАГЕСТАН;52.10;12300;49867280
0572021047;10665883;2024;ДАГЕСТАН;52.10;12300;51173805
7404067290;9727809;2022;ЧЕЛЯБИНСКАЯ;86.23;12300;44300261
7404067290;9727809;2023;ЧЕЛЯБИНСКАЯ;86.23;12300;48090775
7404067290;9727809;2024;ЧЕЛЯБИНСКАЯ;86.23;12300;50540060
1326221769;975794;2022;МОРДОВИЯ;56.10;12300;46389571
1326221769;975794;2023;МОРДОВИЯ;56.10;12300;49208600
1326221769;975794;2024;МОРДОВИЯ;56.10;12300;52364452
5527008004;10640970;2022;ОМСКАЯ;86.23;12300;45896653
5527008004;10640970;2023;ОМСКАЯ;86.23;12300;49707941
5527008004;10640970;2024;ОМСКАЯ;86.23;12300;52481924
7810903518;11406011;2022;САНКТ-ПЕТЕРБУРГ;41.20;12300;44670659
7810903518;11406011;2023;САНКТ-ПЕТЕРБУРГ;41.20;12300;48956214
7810903518;11406011;2024;САНКТ-ПЕТЕРБУРГ;41.20;12300;51171652
2511077825;2309648;2022;ПРИМОРСКИЙ;75.0;12300;44823135
2511077825;2309648;2023;ПРИМОРСКИЙ;75.0;12300;47511037
2511077825;2309648;2024;ПРИМОРСКИЙ;75.0;12300;50328104
5837081325;11713641;2022;ПЕНЗЕНСКАЯ;41.20;12300;44953974
5837081325;11713641;2023;ПЕНЗЕНСКАЯ;41.20;12300;47516222
5837081325;11713641;2024;ПЕНЗЕНСКАЯ;41.20;12300;50343616
6432005776;1262050;2022;САРАТОВСКАЯ;25.99;12300;47084520
6432005776;1262050;2023;САРАТОВСКАЯ;25.99;12300;48850639
6432005776;1262050;2024;САРАТОВСКАЯ;25.99;12300;51978782
7715942933;7619273;2022;МОСКВА;43.2;12300;44769095
7715942933;7619273;2023;МОСКВА;43.2;12300;49168782
7715942933;7619273;2024;МОСКВА;43.2;12300;50839595
2801266285;11704002;2022;АМУРСКАЯ;73.11;12300;44137211
2801266285;11704002;2023;АМУРСКАЯ;73.11;12300;49717364
2801266285;11704002;2024;АМУРСКАЯ;73.11;12300;50579706
4230025977;5390528;2022;КЕМЕРОВСКАЯ ОБЛАСТЬ - КУЗБАСС;45.20.1;12300;46108380
4230025977;5390528;2023;КЕМЕРОВСКАЯ ОБЛАСТЬ - КУЗБАСС;45.20.1;12300;48911267
4230025977;5390528;2024;КЕМЕРОВСКАЯ ОБЛАСТЬ - КУЗБАСС;45.20.1;12300;51882118
7536062185;3078485;2022;ЗАБАЙКАЛЬСКИЙ;46.47.3;12300;44870309
7536062185;3078485;2023;ЗАБАЙКАЛЬСКИЙ;46.47.3;12300;47622685
7536062185;3078485;2024;ЗАБАЙКАЛЬСКИЙ;46.47.3;12300;51451193
0267014999;2787440;2022;БАШКОРТОСТАН;86.21;12300;44441597
0267014999;2787440;2023;БАШКОРТОСТАН;86.21;12300;47460123
0267014999;2787440;2024;БАШКОРТОСТАН;86.21;12300;50262802
4217127401;3028667;2022;КЕМЕРОВСКАЯ ОБЛАСТЬ - КУЗБАСС;45.32;12300;44406433
4217127401;3028667;2023;КЕМЕРОВСКАЯ ОБЛАСТЬ - КУЗБАСС;45.32;12300;47517751
4217127401;3028667;2024;КЕМЕРОВСКАЯ ОБЛАСТЬ - КУЗБАСС;45.32;12300;50798519
9108123519;11084734;2022;КРЫМ;86.23;12300;44844679
9108123519;11084734;2023;КРЫМ;86.23;12300;48389553
9108123519;11084734;2024;КРЫМ;86.23;12300;50989814
7716939362;11082039;2022;МОСКВА;47.11;12300;46330475
7716939362;11082039;2023;МОСКВА;86.23;12300;49656509
7716939362;11082039;2024;МОСКВА;86.23;12300;51134055
4401138571;7595308;2022;КОСТРОМСКАЯ;45.20;12300;45383507
4401138571;7595308;2023;КОСТРОМСКАЯ;45.20;12300;47970467
4401138571;7595308;2024;КОСТРОМСКАЯ;45.20;12300;50921569
0323001724;9038315;2022;БУРЯТИЯ;69.10;12300;44540591
0323001724;9038315;2023;БУРЯТИЯ;69.10;12300;48337380
0323001724;9038315;2024;БУРЯТИЯ;69.10;12300;51432474
4501164014;3228254;2022;КУРГАНСКАЯ;71.20;12300;44895201
4501164014;3228254;2023;КУРГАНСКАЯ;71.20;12300;48132382
4501164014;3228254;2024;КУРГАНСКАЯ;71.20;12300;50642506
0400000492;9813630;2022;АЛТАЙ;49.41;12300;46249631
0400000492;9813630;2023;АЛТАЙ;49.41;12300;49422739
0400000492;9813630;2024;АЛТАЙ;49.41;12300;52392064
5410007062;2262624;2022;НОВОСИБИРСКАЯ;46.75.2;12267;46432723
5410007062;2262624;2023;НОВОСИБИРСКАЯ;46.75.2;12267;49327370
5410007062;2262624;2024;НОВОСИБИРСКАЯ;46.75.2;12267;51919176
3849035023;8460239;2022;ИРКУТСКАЯ;69.20.2;12300;45672161
3849035023;8460239;2023;ИРКУТСКАЯ;69.20.2;12300;48574024
3849035023;8460239;2024;ИРКУТСКАЯ;69.20.2;12300;51513662
7709400587;2746666;2022;МОСКОВСКАЯ;49.41;12300;44741559
7709400587;2746666;2023;МОСКОВСКАЯ;49.41;12300;47926462
7709400587;2746666;2024;МОСКОВСКАЯ;49.41;12300;50699421
5320021721;4236377;2022;НОВГОРОДСКАЯ;01.41.1;12300;44929138
5320021721;4236377;2023;НОВГОРОДСКАЯ;01.41.1;12300;48143790
5320021721;4236377;2024;НОВГОРОДСКАЯ;01.41.1;12300;50825831
1001092775;67557;2022;КАРЕЛИЯ;42.91.5;12300;44225963
1001092775;67557;2023;КАРЕЛИЯ;42.91.5;12300;48126617
1001092775;67557;2024;КАРЕЛИЯ;42.91.5;12300;51723895
3702723158;8376045;2022;ИВАНОВСКАЯ;46.73;12300;45721981
3702723158;8376045;2023;ИВАНОВСКАЯ;46.73;12300;49069673
3702723158;8376045;2024;ИВАНОВСКАЯ;43.99;12300;51793906
4826112146;8941614;2022;ЛИПЕЦКАЯ;68.31.1;12300;45498719
4826112146;8941614;2023;ЛИПЕЦКАЯ;68.31.1;12300;48986461
4826112146;8941614;2024;ЛИПЕЦКАЯ;68.31.1;12300;51826466
2536258397;7620205;2022;ПРИМОРСКИЙ;86.23;12300;45086630
2536258397;7620205;2023;ПРИМОРСКИЙ;86.23;12300;48001295
2536258397;7620205;2024;ПРИМОРСКИЙ;86.23;12300;51167455
0278200644;7992221;2022;БАШКОРТОСТАН;46.90;12300;45046147
0278200644;7992221;2023;БАШКОРТОСТАН;46.90;12300;48780647
0278200644;7992221;2024;БАШКОРТОСТАН;46.90;12300;51087285
3507312235;9758256;2022;ВОЛОГОДСКАЯ;49.4;12300;46451174
3507312235;9758256;2023;ВОЛОГОДСКАЯ;49.4;12300;49566318
3507312235;9758256;2024;ВОЛОГОДСКАЯ;49.4;12300;52559291
1001262642;7465491;2022;КАРЕЛИЯ;46.43.1;12300;43994115
1001262642;7465491;2023;КАРЕЛИЯ;46.43.1;12300;47194999
1001262642;7465491;2024;КАРЕЛИЯ;46.43.1;12300;50079942
7802592298;9897772;2022;САНКТ-ПЕТЕРБУРГ;45.31;12300;45321952
7802592298;9897772;2023;САНКТ-ПЕТЕРБУРГ;45.31;12300;48759899
7802592298;9897772;2024;САНКТ-ПЕТЕРБУРГ;45.31.1;12300;51354954
5024226454;11958479;2022;МОСКОВСКАЯ;62.02;12300;44081936
5024226454;11958479;2023;МОСКОВСКАЯ;62.02;12300;47182563
5024226454;11958479;2024;МОСКОВСКАЯ;62.02;12300;50099708
6453107680;67545;2022;САРАТОВСКАЯ;46.17.1;12300;45377941
6453107680;67545;2023;САРАТОВСКАЯ;46.17.1;12300;48655434
6453107680;67545;2024;САРАТОВСКАЯ;46.17.1;12300;51847959
7206054002;9546631;2022;ТЮМЕНСКАЯ;73.11;12300;45753894
7206054002;9546631;2023;ТЮМЕНСКАЯ;73.11;12300;48716476
7206054002;9546631;2024;ТЮМЕНСКАЯ;73.11;12300;51833810
2801194150;8434458;2022;АМУРСКАЯ;45.3;12300;46168913
2801194150;8434458;2023;АМУРСКАЯ;45.3;12300;49367947
2801194150;8434458;2024;АМУРСКАЯ;45.3;12300;51116931
3328472930;3227748;2022;ВЛАДИМИРСКАЯ;49.31.21;12300;44794817
3328472930;3227748;2023;ВЛАДИМИРСКАЯ;49.31.21;12300;49254347
3328472930;3227748;2024;ВЛАДИМИРСКАЯ;49.31.21;12300;51658781
5040037662;5867704;2022;МОСКОВСКАЯ;96.02;12300;44596698
5040037662;5867704;2023;МОСКОВСКАЯ;96.02;12300;47764748
5040037662;5867704;2024;МОСКОВСКАЯ;96.02;12300;50889888
7813302138;1017450;2022;САНКТ-ПЕТЕРБУРГ;45.1;12300;45355600
7813302138;1017450;2023;САНКТ-ПЕТЕРБУРГ;45.1;12300;47985034
7813302138;1017450;2024;САНКТ-ПЕТЕРБУРГ;45.1;12300;50877818
3525373833;9705947;2022;ВОЛОГОДСКАЯ;43.11;12300;45054278
3525373833;9705947;2023;ВОЛОГОДСКАЯ;43.11;12300;48124674
3525373833;9705947;2024;ВОЛОГОДСКАЯ;43.11;12300;50321458
3329050240;2021781;2022;ВЛАДИМИРСКАЯ;42.21;12300;47098202
3329050240;2021781;2023;ВЛАДИМИРСКАЯ;42.21;12300;50047650
3329050240;2021781;2024;ВЛАДИМИРСКАЯ;42.21;12300;52851714
3525422872;10641562;2022;ВОЛОГОДСКАЯ;47.59.1;12300;46048916
3525422872;10641562;2023;ВОЛОГОДСКАЯ;47.59.1;12300;49634805
3525422872;10641562;2024;ВОЛОГОДСКАЯ;47.59.1;12300;51767570
1650281512;8404957;2022;ТАТАРСТАН;45.3;12300;44289334
1650281512;8404957;2023;ТАТАРСТАН;45.3;12300;47492262
1650281512;8404957;2024;ТАТАРСТАН;45.3;12300;50457656
3305794360;9423963;2022;ВЛАДИМИРСКАЯ;56.10;12300;45908547
3305794360;9423963;2023;ВЛАДИМИРСКАЯ;56.10;12300;49278640
3305794360;9423963;2024;ВЛАДИМИРСКАЯ;56.10;12300;50759251
7802805362;7498748;2022;САНКТ-ПЕТЕРБУРГ;47.52.7;12300;45966760
7802805362;7498748;2023;САНКТ-ПЕТЕРБУРГ;47.52.7;12300;49057195
7802805362;7498748;2024;САНКТ-ПЕТЕРБУРГ;47.52.7;12300;51819974
4909073405;5943339;2022;МАГАДАНСКАЯ;52.2;12300;45517005
4909073405;5943339;2023;МАГАДАНСКАЯ;52.2;12300;47498110
4909073405;5943339;2024;МАГАДАНСКАЯ;52.2;12300;50586519
5836602504;2563716;2022;ПЕНЗЕНСКАЯ;69.20.1;12300;46501974
5836602504;2563716;2023;ПЕНЗЕНСКАЯ;69.20.1;12300;49724040
5836602504;2563716;2024;ПЕНЗЕНСКАЯ;69.20.1;12300;51771224
3906248550;609823;2022;КАЛИНИНГРАДСКАЯ;45.20;12300;45241200
3906248550;609823;2023;КАЛИНИНГРАДСКАЯ;45.20;12300;49805950
3906248550;609823;2024;КАЛИНИНГРАДСКАЯ;45.20;12300;51485434
7717143414;2319455;2022;МОСКВА;58.11;12300;44690560
7717143414;2319455;2023;МОСКВА;58.11;12300;48969598
7717143414;2319455;2024;МОСКВА;58.11;12300;50821267
7448199110;10044570;2022;ЧЕЛЯБИНСКАЯ;52.10;12300;45906730
7448199110;10044570;2023;ЧЕЛЯБИНСКАЯ;52.10;12300;48555383
7448199110;10044570;2024;ЧЕЛЯБИНСКАЯ;52.10;12300;51328528
4704008973;799321;2022;ЛЕНИНГРАДСКАЯ;25.11;12300;46239625
4704008973;799321;2023;ЛЕНИНГРАДСКАЯ;25.11;12300;47686965
4704008973;799321;2024;ЛЕНИНГРАДСКАЯ;25.11;12300;51664911
3702505463;5904405;2022;ИВАНОВСКАЯ;86.23;12300;44743585
3702505463;5904405;2023;ИВАНОВСКАЯ;86.23;12300;48060090
3702505463;5904405;2024;ИВАНОВСКАЯ;86.23;12300;50433295
2013004038;8211141;2022;ЧЕЧЕНСКАЯ;46.71;12300;45889938
2013004038;8211141;2023;ЧЕЧЕНСКАЯ;46.71;12300;49120878
2013004038;8211141;2024;ЧЕЧЕНСКАЯ;46.71;12300;51198276
5053031146;3426559;2022;МОСКОВСКАЯ;43.32;12300;46479451
5053031146;3426559;2023;МОСКОВСКАЯ;43.32;12300;48107297
5053031146;3426559;2024;МОСКОВСКАЯ;43.32;12300;51547967
1639057443;9906275;2022;ТАТАРСТАН;23.61;12300;45655394
1639057443;9906275;2023;ТАТАРСТАН;45.19;12300;49419731
1639057443;9906275;2024;ТАТАРСТАН;45.19;12300;52299656
4101144493;5142422;2022;КАМЧАТСКИЙ;62.09;12300;44635937
4101144493;5142422;2023;КАМЧАТСКИЙ;62.09;12300;49001950
4101144493;5142422;2024;КАМЧАТСКИЙ;62.09;12300;51361453
5753050754;402771;2022;ОРЛОВСКАЯ;86.21;12300;45912829
5753050754;402771;2023;ОРЛОВСКАЯ;86.21;12300;48997653
5753050754;402771;2024;ОРЛОВСКАЯ;86.21;12300;51019892
7017085830;6209770;2022;ТОМСКАЯ;86.23;12300;45075215
7017085830;6209770;2023;ТОМСКАЯ;86.23;12300;48121572
7017085830;6209770;2024;ТОМСКАЯ;86.23;12300;50364777
7202231363;428322;2022;ТЮМЕНСКАЯ;41.20;12300;44547220
7202231363;428322;2023;ТЮМЕНСКАЯ;41.20;12300;47813344
7202231363;428322;2024;ТЮМЕНСКАЯ;41.20;12300;51397161
1326229447;8921809;2022;МОРДОВИЯ;27.90;12300;45332091
1326229447;8921809;2023;МОРДОВИЯ;27.90;12300;48142476
1326229447;8921809;2024;МОРДОВИЯ;27.90;12300;51099668
5401995183;11122816;2022;НОВОСИБИРСКАЯ;10.71;12300;45960612
5401995183;11122816;2023;НОВОСИБИРСКАЯ;10.71;12300;48272784
5401995183;11122816;2024;НОВОСИБИРСКАЯ;10.71;12300;52141455
2130226002;11607390;2022;ЧУВАШСКАЯ РЕСПУБЛИКА -;69.10;12300;45641670
2130226002;11607390;2023;ЧУВАШСКАЯ РЕСПУБЛИКА -;69.10;12300;49112056
2130226002;11607390;2024;ЧУВАШСКАЯ РЕСПУБЛИКА -;69.10;12300;51122131
5902239780;8050720;2022;ПЕРМСКИЙ;56.10;12300;45427883
5902239780;8050720;2023;ПЕРМСКИЙ;56.10;12300;48078414
5902239780;8050720;2024;ПЕРМСКИЙ;56.10;12300;51465296
4301002320;10650932;2022;КИРОВСКАЯ;46.73.3;12300;46544662
4301002320;10650932;2023;КИРОВСКАЯ;46.73.3;12300;49656545
4301002320;10650932;2024;КИРОВСКАЯ;46.73.3;12300;52787142
2628057588;9884527;2022;КАЛМЫКИЯ;68.20.2;12300;46126636
2628057588;9884527;2023;КАЛМЫКИЯ;68.20.2;12300;48489958
2628057588;9884527;2024;КАЛМЫКИЯ;68.20.2;12300;51786355
5501109953;5951147;2022;ОМСКАЯ;43.29;12300;45812877
5501109953;5951147;2023;ОМСКАЯ;43.29;12300;49334737
5501109953;5951147;2024;ОМСКАЯ;43.29;12300;51953022
9101007753;9061989;2022;КРЫМ;56.10;12300;45511379
9101007753;9061989;2023;КРЫМ;56.10;12300;49198236
9101007753;9061989;2024;КРЫМ;56.10;12300;52516185
2204062721;7693424;2022;АЛТАЙСКИЙ;49.20;12300;45808355
2204062721;7693424;2023;АЛТАЙСКИЙ;49.20;12300;48249810
2204062721;7693424;2024;АЛТАЙСКИЙ;49.20;12300;51371865
6671153422;1448428;2022;СВЕРДЛОВСКАЯ;68.20.2;12300;47053495
6671153422;1448428;2023;СВЕРДЛОВСКАЯ;68.20.2;12300;49500677
6671153422;1448428;2024;СВЕРДЛОВСКАЯ;68.20.2;12300;52350038
6027141546;2497019;2022;ПСКОВСКАЯ;62.0;12300;44292673
6027141546;2497019;2023;ПСКОВСКАЯ;62.0;12300;47569887
6027141546;2497019;2024;ПСКОВСКАЯ;62.0;12300;50894822
0917001894;935883;2022;КАРАЧАЕВО-ЧЕРКЕССКАЯ;47.19.1;12300;45185298
0917001894;935883;2023;КАРАЧАЕВО-ЧЕРКЕССКАЯ;47.19.1;12300;47619816
0917001894;935883;2024;КАРАЧАЕВО-ЧЕРКЕССКАЯ;47.19.1;12300;50718188
3123092871;757141;2022;БЕЛГОРОДСКАЯ;33.12;12300;44926204
3123092871;757141;2023;БЕЛГОРОДСКАЯ;33.12;12300;49875597
3123092871;757141;2024;БЕЛГОРОДСКАЯ;33.12;12300;51456820
5040150107;10304307;2022;МОСКОВСКАЯ;47.73;12300;46517018
5040150107;10304307;2023;МОСКОВСКАЯ;47.73;12300;49379992
5040150107;10304307;2024;МОСКОВСКАЯ;47.73;12300;52238487
5834121731;10754178;2022;ПЕНЗЕНСКАЯ;42.11;12300;44921906
5834121731;10754178;2023;ПЕНЗЕНСКАЯ;42.11;12300;48138308
5834121731;10754178;2024;ПЕНЗЕНСКАЯ;42.11;12300;51091856
3661179271;11853156;2022;ВОРОНЕЖСКАЯ;01.61;12300;44484289
3661179271;11853156;2023;ВОРОНЕЖСКАЯ;01.61;12300;49427638
3661179271;11853156;2024;ВОРОНЕЖСКАЯ;01.61;12300;52378814
6167195485;11062953;2022;РОСТОВСКАЯ;69.10;12300;45371367
6167195485;11062953;2023;РОСТОВСКАЯ;69.10;12300;47554791
6167195485;11062953;2024;РОСТОВСКАЯ;69.10;12300;50604044
6320031714;10843371;2022;САМАРСКАЯ;43.21;12300;44463093
6320031714;10843371;2023;САМАРСКАЯ;43.21;12300;48068371
6320031714;10843371;2024;САМАРСКАЯ;43.21;12300;52096427
7449068896;2134303;2022;ЧЕЛЯБИНСКАЯ;68.20.2;12300;45554254
7449068896;2134303;2023;ЧЕЛЯБИНСКАЯ;68.20.2;12300;48781246
7449068896;2134303;2024;ЧЕЛЯБИНСКАЯ;68.20.2;12300;51478490
3025017594;9565227;2022;АСТРАХАНСКАЯ;43.22;12300;44850445
3025017594;9565227;2023;АСТРАХАНСКАЯ;43.22;12300;48447743
3025017594;9565227;2024;АСТРАХАНСКАЯ;43.22;12300;51712319
7801705968;11706532;2022;САНКТ-ПЕТЕРБУРГ;49.41;12300;44520728
7801705968;11706532;2023;САНКТ-ПЕТЕРБУРГ;49.41;12300;47580741
7801705968;11706532;2024;САНКТ-ПЕТЕРБУРГ;49.41;12300;50976719
3018016712;1338859;2022;АСТРАХАНСКАЯ;25.99.29;12300;45024836
3018016712;1338859;2023;АСТРАХАНСКАЯ;25.99.29;12300;48074150
3018016712;1338859;2024;АСТРАХАНСКАЯ;25.99.29;12300;51172400
9718148641;11178954;2022;МОСКВА;64.20;12267;46307853
9718148641;11178954;2023;МОСКВА;64.20;12267;49125259
9718148641;11178954;2024;МОСКВА;64.20;12267;51854307
2801191093;8200492;2022;АМУРСКАЯ;71.11.1;12300;45987120
2801191093;8200492;2023;АМУРСКАЯ;71.11.1;12300;49150173
2801191093;8200492;2024;АМУРСКАЯ;71.11.1;12300;51064124
7610117281;9628101;2022;ЯРОСЛАВСКАЯ;72.19;12300;44433730
7610117281;9628101;2023;ЯРОСЛАВСКАЯ;72.19;12300;48327603
7610117281;9628101;2024;ЯРОСЛАВСКАЯ;72.19;12300;50864794
6670103235;2553807;2022;СВЕРДЛОВСКАЯ;70.22;12300;45306722
6670103235;2553807;2023;СВЕРДЛОВСКАЯ;70.22;12300;48617431
6670103235;2553807;2024;СВЕРДЛОВСКАЯ;70.22;12300;51016082
6316115785;684601;2022;САМАРСКАЯ;68.10;12300;45305089
6316115785;684601;2023;САМАРСКАЯ;68.10;12300;48699800
6316115785;684601;2024;САМАРСКАЯ;68.10;12300;51200353
9105006341;9008071;2022;КРЫМ;52.24;12267;46570971
9105006341;9008071;2023;КРЫМ;52.24;12267;47833908
9105006341;9008071;2024;КРЫМ;52.24;12267;51048984
1326191458;183438;2022;МОРДОВИЯ;93.29;12300;44630732
1326191458;183438;2023;МОРДОВИЯ;93.29;12300;48647670
1326191458;183438;2024;МОРДОВИЯ;93.29;12300;52637379
6678063129;9394255;2022;СВЕРДЛОВСКАЯ;45.31.1;12300;46535077
6678063129;9394255;2023;СВЕРДЛОВСКАЯ;45.31.1;12300;49331171
6678063129;9394255;2024;СВЕРДЛОВСКАЯ;45.31.1;12300;51633411
4824029608;881205;2022;ЛИПЕЦКАЯ;46.21;12300;45567013
4824029608;881205;2023;ЛИПЕЦКАЯ;46.21;12300;49847029
4824029608;881205;2024;ЛИПЕЦКАЯ;49.20;12300;52773880
6321344822;8487701;2022;САМАРСКАЯ;46.45;12300;45118419
6321344822;8487701;2023;САМАРСКАЯ;46.45;12300;47315369
6321344822;8487701;2024;САМАРСКАЯ;46.45;12300;50211835
2630020377;5418761;2022;СТАВРОПОЛЬСКИЙ;47.2;12300;44957662
2630020377;5418761;2023;СТАВРОПОЛЬСКИЙ;47.2;12300;48504910
2630020377;5418761;2024;СТАВРОПОЛЬСКИЙ;47.2;12300;51759914
0241006200;8283101;2022;БАШКОРТОСТАН;86.23;12300;44777009
0241006200;8283101;2023;БАШКОРТОСТАН;86.23;12300;47692476
0241006200;8283101;2024;БАШКОРТОСТАН;86.23;12300;50967057
2311263101;10751518;2022;КРАСНОДАРСКИЙ;86.90;12300;46474292
2311263101;10751518;2023;КРАСНОДАРСКИЙ;86.90;12300;49539551
2311263101;10751518;2024;КРАСНОДАРСКИЙ;86.90;12300;52485253
6501264647;8550028;2022;САХАЛИНСКАЯ;46.73.6;12300;46102315
6501264647;8550028;2023;САХАЛИНСКАЯ;46.73.6;12300;47571661
6501264647;8550028;2024;САХАЛИНСКАЯ;46.73.6;12300;51879562
5638079480;11837981;2022;ОРЕНБУРГСКАЯ;62.01;12300;44338314
5638079480;11837981;2023;ОРЕНБУРГСКАЯ;62.01;12300;49465485
5638079480;11837981;2024;ОРЕНБУРГСКАЯ;62.01;12300;52634141
5906102297;4021909;2022;Пермский;73.11;12300;46478314
5906102297;4021909;2023;Пермский;73.11;12300;48401714
5906102297;4021909;2024;Пермский;73.11;12300;51538420
2221140419;183611;2022;АЛТАЙСКИЙ;49.32;12300;44847395
2221140419;183611;2023;АЛТАЙСКИЙ;49.32;12300;48328646
2221140419;183611;2024;АЛТАЙСКИЙ;49.32;12300;50676403
4523004825;10701384;2022;КУРГАНСКАЯ;86.23;12300;46304789
4523004825;10701384;2023;КУРГАНСКАЯ;86.23;12300;48004141
4523004825;10701384;2024;КУРГАНСКАЯ;86.23;12300;52226235
3711020465;4458595;2022;ИВАНОВСКАЯ;93.29.9;12300;46609211
3711020465;4458595;2023;ИВАНОВСКАЯ;93.29.9;12300;47544712
3711020465;4458595;2024;ИВАНОВСКАЯ;93.29.9;12300;50470237
7014037109;6433683;2022;ТОМСКАЯ;68.20.2;12267;45586369
7014037109;6433683;2023;ТОМСКАЯ;68.20.2;12267;48116090
7014037109;6433683;2024;ТОМСКАЯ;68.20.2;12267;51144892
3123473588;11402956;2022;БЕЛГОРОДСКАЯ;46.73.6;12300;44458314
3123473588;11402956;2023;БЕЛГОРОДСКАЯ;46.73.6;12300;47722444
3123473588;11402956;2024;БЕЛГОРОДСКАЯ;38.32.3;12300;52609786
5249169580;11149303;2022;НИЖЕГОРОДСКАЯ;49.41;12300;45986461
5249169580;11149303;2023;НИЖЕГОРОДСКАЯ;49.41;12300;49528257
5249169580;11149303;2024;НИЖЕГОРОДСКАЯ;49.41;12300;52404263
6684029817;10438901;2022;СВЕРДЛОВСКАЯ;46.12.22;12300;46991614
6684029817;10438901;2023;СВЕРДЛОВСКАЯ;46.12.22;12300;49791245
6684029817;10438901;2024;СВЕРДЛОВСКАЯ;46.12.22;12300;52779110
7448204017;10262957;2022;ЧЕЛЯБИНСКАЯ;43.21;12300;45044400
7448204017;10262957;2023;ЧЕЛЯБИНСКАЯ;43.21;12300;48115217
7448204017;10262957;2024;ЧЕЛЯБИНСКАЯ;43.21;12300;51113020
4706046572;11795299;2022;ЛЕНИНГРАДСКАЯ;56.10;12300;45039349
4706046572;11795299;2023;ЛЕНИНГРАДСКАЯ;56.10;12300;48534034
4706046572;11795299;2024;ЛЕНИНГРАДСКАЯ;56.10;12300;51439041
5404078001;10750921;2022;НОВОСИБИРСКАЯ;46.69;12300;44872417
5404078001;10750921;2023;НОВОСИБИРСКАЯ;43.99;12300;47448306
5404078001;10750921;2024;НОВОСИБИРСКАЯ;43.99;12300;51107176
5507142876;9669421;2022;МОСКВА;46.71.2;12300;44891217
5507142876;9669421;2023;МОСКВА;46.71.2;12300;48988776
5507142876;9669421;2024;МОСКВА;46.71.2;12300;50911512
5406826816;11979270;2022;НОВОСИБИРСКАЯ;46.73;12300;45321491
5406826816;11979270;2023;НОВОСИБИРСКАЯ;46.73;12300;50030261
5406826816;11979270;2024;НОВОСИБИРСКАЯ;46.73;12300;52101237
5032295525;10663280;2022;САНКТ-ПЕТЕРБУРГ;25.11;12300;46174135
5032295525;10663280;2023;САНКТ-ПЕТЕРБУРГ;25.11;12300;48407726
5032295525;10663280;2024;САНКТ-ПЕТЕРБУРГ;25.11;12300;51224737
6685084715;9099422;2022;СВЕРДЛОВСКАЯ;52.10;12300;44871704
6685084715;9099422;2023;СВЕРДЛОВСКАЯ;52.10;12300;48173248
6685084715;9099422;2024;СВЕРДЛОВСКАЯ;52.10;12300;50588687
2127001680;450989;2022;ЧУВАШСКАЯ РЕСПУБЛИКА -;47.19.1;12300;46637457
2127001680;450989;2023;ЧУВАШСКАЯ РЕСПУБЛИКА -;47.19.1;12300;48838445
2127001680;450989;2024;ЧУВАШСКАЯ РЕСПУБЛИКА -;47.19.1;12300;51611723
7536122109;147328;2022;ЗАБАЙКАЛЬСКИЙ;47.1;12300;45460643
7536122109;147328;2023;ЗАБАЙКАЛЬСКИЙ;47.1;12300;48566919
7536122109;147328;2024;ЗАБАЙКАЛЬСКИЙ;47.1;12300;50586794
4025078140;491196;2022;КАЛУЖСКАЯ;26.51;12300;44308141
4025078140;491196;2023;КАЛУЖСКАЯ;26.51;12300;47554064
4025078140;491196;2024;КАЛУЖСКАЯ;28.29.31;12300;50476807
3808198798;10146203;2022;ИРКУТСКАЯ;42.11;12300;46375212
3808198798;10146203;2023;ИРКУТСКАЯ;42.11;12300;49493476
3808198798;10146203;2024;ИРКУТСКАЯ;42.11;12300;52409518
5836661860;8550298;2022;ПЕНЗЕНСКАЯ;69.10;12300;44688296
5836661860;8550298;2023;ПЕНЗЕНСКАЯ;69.10;12300;47392251
5836661860;8550298;2024;ПЕНЗЕНСКАЯ;69.10;12300;50433897
3702725540;8435466;2022;ИВАНОВСКАЯ;41.20;12300;45535915
3702725540;8435466;2023;ИВАНОВСКАЯ;41.20;12300;48522299
3702725540;8435466;2024;ИВАНОВСКАЯ;25.11;12300;51997286
4246023862;11854775;2022;КЕМЕРОВСКАЯ ОБЛАСТЬ - КУЗБАСС;62.01;12300;46448072
4246023862;11854775;2023;КЕМЕРОВСКАЯ ОБЛАСТЬ - КУЗБАСС;62.01;12300;49399884
4246023862;11854775;2024;КЕМЕРОВСКАЯ ОБЛАСТЬ - КУЗБАСС;62.01;12300;52535108
3613006529;62469;2022;ВОРОНЕЖСКАЯ;01.24;12300;46481425
3613006529;62469;2023;ВОРОНЕЖСКАЯ;01.24;12300;49544454
3613006529;62469;2024;ВОРОНЕЖСКАЯ;01.24;12300;52471866
2460062627;2913736;2022;КРАСНОЯРСКИЙ;71.11.1;12300;46223164
2460062627;2913736;2023;КРАСНОЯРСКИЙ;71.11.1;12300;49449233
2460062627;2913736;2024;КРАСНОЯРСКИЙ;71.11.1;12300;51565749
7205031517;11174777;2022;ТЮМЕНСКАЯ;45.20;12300;45027977
7205031517;11174777;2023;ТЮМЕНСКАЯ;45.20;12300;49017216
7205031517;11174777;2024;ТЮМЕНСКАЯ;45.20;12300;50677126
6729031826;2272990;2022;СМОЛЕНСКАЯ;41.20;12300;45833725
6729031826;2272990;2023;СМОЛЕНСКАЯ;41.20;12300;49132689
6729031826;2272990;2024;СМОЛЕНСКАЯ;41.20;12300;52325413
3025010246;8362226;2022;АСТРАХАНСКАЯ;69.10;12300;46392850
3025010246;8362226;2023;АСТРАХАНСКАЯ;69.10;12300;49412641
3025010246;8362226;2024;АСТРАХАНСКАЯ;69.10;12300;51815802
5607041737;952828;2022;ОРЕНБУРГСКАЯ;43.32;12300;45319759
5607041737;952828;2023;ОРЕНБУРГСКАЯ;43.32;12300;47942479
5607041737;952828;2024;ОРЕНБУРГСКАЯ;43.32;12300;50368110
5751060605;10261288;2022;МОРДОВИЯ;47.19;12300;45970105
5751060605;10261288;2023;МОРДОВИЯ;70.22;12300;49658435
5751060605;10261288;2024;МОРДОВИЯ;70.22;12300;52124588
7731570947;2060673;2022;МОСКВА;73.20;12300;44062392
7731570947;2060673;2023;МОСКВА;73.20;12300;47770827
7731570947;2060673;2024;МОСКВА;73.20;12300;52159427
3702246346;11364922;2022;ИВАНОВСКАЯ;46.77;12300;45584372
3702246346;11364922;2023;ИВАНОВСКАЯ;46.77;12300;49580386
3702246346;11364922;2024;ИВАНОВСКАЯ;46.77;12300;50313360
3303036227;10429797;2022;ВЛАДИМИРСКАЯ;49.41;12300;45268795
3303036227;10429797;2023;ВЛАДИМИРСКАЯ;49.41;12300;47457371
3303036227;10429797;2024;ВЛАДИМИРСКАЯ;49.41;12300;50293739
5018005425;5931301;2022;МОСКОВСКАЯ;68.20.2;12267;45074803
5018005425;5931301;2023;МОСКОВСКАЯ;68.20.2;12267;48482030
5018005425;5931301;2024;МОСКОВСКАЯ;68.20.2;12267;51349652
7448139720;3889512;2022;ЧЕЛЯБИНСКАЯ;49.4;12300;44805649
7448139720;3889512;2023;ЧЕЛЯБИНСКАЯ;49.4;12300;48122592
7448139720;3889512;2024;ЧЕЛЯБИНСКАЯ;49.4;12300;51173362
5405308963;2731508;2022;НОВОСИБИРСКАЯ;68.20.2;12300;46499093
5405308963;2731508;2023;НОВОСИБИРСКАЯ;68.20.2;12300;49431444
5405308963;2731508;2024;НОВОСИБИРСКАЯ;68.20.2;12300;52245987
2543102746;9923260;2022;ПРИМОРСКИЙ;68.20;12300;47084181
2543102746;9923260;2023;ПРИМОРСКИЙ;68.20;12300;48112393
2543102746;9923260;2024;ПРИМОРСКИЙ;68.20;12300;51029457
2464156805;11665816;2022;КРАСНОЯРСКИЙ;46.73.6;12300;44976055
2464156805;11665816;2023;КРАСНОЯРСКИЙ;46.73.6;12300;48339875
2464156805;11665816;2024;КРАСНОЯРСКИЙ;46.73.6;12300;52444475
4632242837;10697575;2022;КУРСКАЯ;73.11;12300;46435055
4632242837;10697575;2023;КУРСКАЯ;73.11;12300;49379352
4632242837;10697575;2024;КУРСКАЯ;73.11;12300;52532053
5048012363;4326909;2022;МОСКОВСКАЯ;47.25;12300;44010588
5048012363;4326909;2023;МОСКОВСКАЯ;47.25;12300;48228096
5048012363;4326909;2024;МОСКОВСКАЯ;47.25;12300;51271443
6950234390;11161898;2022;ТВЕРСКАЯ;52.29;12300;45625218
6950234390;11161898;2023;ТВЕРСКАЯ;52.29;12300;47759013
6950234390;11161898;2024;ТВЕРСКАЯ;52.29;12300;50919342
4825024105;1892592;2022;ЛИПЕЦКАЯ;68.20.2;12300;45639501
4825024105;1892592;2023;ЛИПЕЦКАЯ;68.2;12300;48608736
4825024105;1892592;2024;ЛИПЕЦКАЯ;68.2;12300;51658131
3257040392;9678756;2022;БРЯНСКАЯ;16.10;12300;44818273
3257040392;9678756;2023;БРЯНСКАЯ;16.10;12300;49171904
3257040392;9678756;2024;БРЯНСКАЯ;16.10;12300;52520828
2801168471;333040;2022;АМУРСКАЯ;43.99;12300;46246311
2801168471;333040;2023;АМУРСКАЯ;43.99;12300;48879006
2801168471;333040;2024;АМУРСКАЯ;43.99;12300;51235778
7123004128;7022859;2022;ТУЛЬСКАЯ;01.11;12247;44809529
7123004128;7022859;2023;ТУЛЬСКАЯ;01.11;12247;47856515
7123004128;7022859;2024;ТУЛЬСКАЯ;01.11;12247;50959027
1435343164;11050141;2022;САХА /ЯКУТИЯ/;56.10;12300;46384067
1435343164;11050141;2023;САХА /ЯКУТИЯ/;56.10;12300;49746248
1435343164;11050141;2024;САХА /ЯКУТИЯ/;56.10;12300;52265418
7729063650;4770279;2022;МОСКВА;68.20.2;12267;45818049
7729063650;4770279;2023;МОСКВА;68.20.2;12267;48370399
7729063650;4770279;2024;МОСКВА;68.20.2;12267;51051206
5401292416;6240570;2022;НОВОСИБИРСКАЯ;45.3;12300;45153827
5401292416;6240570;2023;НОВОСИБИРСКАЯ;45.3;12300;49062657
5401292416;6240570;2024;НОВОСИБИРСКАЯ;45.3;12300;51427179
2221209170;8208877;2022;АЛТАЙСКИЙ;93.29.9;12300;44701316
2221209170;8208877;2023;АЛТАЙСКИЙ;93.29.9;12300;47586407
2221209170;8208877;2024;АЛТАЙСКИЙ;93.29.9;12300;52500876
3127005559;1153249;2022;Белгородская;25.61;12300;45600688
3127005559;1153249;2023;Белгородская;25.61;12300;49355687
3127005559;1153249;2024;Белгородская;25.61;12300;52016573
3702066223;111052;2022;ИВАНОВСКАЯ;86;12300;45440020
3702066223;111052;2023;ИВАНОВСКАЯ;86;12300;47740235
3702066223;111052;2024;ИВАНОВСКАЯ;86;12300;51059968
2204064528;8119971;2022;АЛТАЙСКИЙ;45.20.1;12300;45014509
2204064528;8119971;2023;АЛТАЙСКИЙ;45.20.1;12300;49738802
2204064528;8119971;2024;АЛТАЙСКИЙ;45.20.1;12300;51016347
5507243232;8148954;2022;ОМСКАЯ;47.43;12300;45051872
5507243232;8148954;2023;ОМСКАЯ;47.43;12300;48578583
5507243232;8148954;2024;ОМСКАЯ;47.43;12300;51436280
0256015119;207138;2022;БАШКОРТОСТАН;77.11;12300;44498593
0256015119;207138;2023;БАШКОРТОСТАН;77.11;12300;48052356
0256015119;207138;2024;БАШКОРТОСТАН;77.11;12300;52167217
6686013058;7626314;2022;САНКТ-ПЕТЕРБУРГ;46.73;12300;44008715
6686013058;7626314;2023;САНКТ-ПЕТЕРБУРГ;46.73;12300;47458771
6686013058;7626314;2024;САНКТ-ПЕТЕРБУРГ;46.73;12300;51386502
1900002549;11608811;2022;ХАКАСИЯ;43.91;12300;46622048
1900002549;11608811;2023;ХАКАСИЯ;43.91;12300;49841422
1900002549;11608811;2024;ХАКАСИЯ;43.91;12300;52757285
2446007335;9054147;2022;КРАСНОЯРСКИЙ;68.10.22;12300;45212144
2446007335;9054147;2023;КРАСНОЯРСКИЙ;68.10.22;12300;48567378
2446007335;9054147;2024;КРАСНОЯРСКИЙ;68.10.22;12300;50809645
5911065178;4632928;2022;ПЕРМСКИЙ;49.41.2;12300;45327317
5911065178;4632928;2023;ПЕРМСКИЙ;49.41.2;12300;48198751
5911065178;4632928;2024;ПЕРМСКИЙ;49.41.2;12300;51083768
2310093295;2855775;2022;КРАСНОДАРСКИЙ;46.90;12300;46674860
2310093295;2855775;2023;КРАСНОДАРСКИЙ;46.90;12300;47702665
2310093295;2855775;2024;КРАСНОДАРСКИЙ;46.90;12300;51184073
4501056442;997886;2022;КУРГАНСКАЯ;73.11;12300;45375198
4501056442;997886;2023;КУРГАНСКАЯ;73.11;12300;48471293
4501056442;997886;2024;КУРГАНСКАЯ;73.11;12300;51699021
4501208790;9786291;2022;КУРГАНСКАЯ;45.19.1;12300;47028464
4501208790;9786291;2023;КУРГАНСКАЯ;45.19.1;12300;49933252
4501208790;9786291;2024;КУРГАНСКАЯ;45.19.1;12300;52790883
6829158150;11523288;2022;ТАМБОВСКАЯ;42.11;12300;46569532
6829158150;11523288;2023;ТАМБОВСКАЯ;42.11;12300;48710909
6829158150;11523288;2024;ТАМБОВСКАЯ;42.11;12300;51296302
7726647023;4929470;2022;МОСКВА;72.1;12300;45463114
7726647023;4929470;2023;МОСКВА;72.1;12300;48089742
7726647023;4929470;2024;МОСКВА;26.60.1;12300;50298118
1012002300;8980722;2022;КАРЕЛИЯ;41.20;12300;45172382
1012002300;8980722;2023;КАРЕЛИЯ;41.20;12300;49571524
1012002300;8980722;2024;КАРЕЛИЯ;68.20;12300;50531557
8913007385;323086;2022;ЯМАЛО-НЕНЕЦКИЙ;43.21;12300;44291346
8913007385;323086;2023;ЯМАЛО-НЕНЕЦКИЙ;43.21;12300;48489049
8913007385;323086;2024;ЯМАЛО-НЕНЕЦКИЙ;43.21;12300;52548198
2904017442;5760270;2022;АРХАНГЕЛЬСКАЯ;73.11;12300;46416978
2904017442;5760270;2023;АРХАНГЕЛЬСКАЯ;73.11;12300;49576106
2904017442;5760270;2024;АРХАНГЕЛЬСКАЯ;73.11;12300;52460484
4826085774;7866579;2022;ЛИПЕЦКАЯ;46.61;12300;44943437
4826085774;7866579;2023;ЛИПЕЦКАЯ;62.01;12300;47722296
4826085774;7866579;2024;ЛИПЕЦКАЯ;62.01;12300;50331954
1660296839;10296433;2022;ТАТАРСТАН;46.46.1;12300;45336789
1660296839;10296433;2023;ТАТАРСТАН;46.46.1;12300;49524685
1660296839;10296433;2024;ТАТАРСТАН;46.46.1;12300;51216885
9102033435;8903040;2022;КРЫМ;46.73;12300;45316750
9102033435;8903040;2023;КРЫМ;46.73;12300;48601667
9102033435;8903040;2024;КРЫМ;46.73;12300;51737102
5834115960;9909415;2022;ПЕНЗЕНСКАЯ;47.30;12300;44942947
5834115960;9909415;2023;ПЕНЗЕНСКАЯ;47.30;12300;48333994
5834115960;9909415;2024;ПЕНЗЕНСКАЯ;47.30;12300;51107462
6432006988;4153106;2022;САРАТОВСКАЯ;01.1;12300;44204581
6432006988;4153106;2023;САРАТОВСКАЯ;01.1;12300;47413458
6432006988;4153106;2024;САРАТОВСКАЯ;01.1;12300;50459638
3017045615;5618276;2022;АСТРАХАНСКАЯ;45.20;12300;44862841
3017045615;5618276;2023;АСТРАХАНСКАЯ;47.25;12300;49722285
3017045615;5618276;2024;АСТРАХАНСКАЯ;47.25;12300;52807840
3015037961;1338869;2022;АСТРАХАНСКАЯ;42.21;12300;46589603
3015037961;1338869;2023;АСТРАХАНСКАЯ;42.21;12300;49751473
3015037961;1338869;2024;АСТРАХАНСКАЯ;42.21;12300;52227129
7017424191;10207301;2022;ТОМСКАЯ;01.13;12300;44118282
7017424191;10207301;2023;ТОМСКАЯ;01.13;12300;47523250
7017424191;10207301;2024;ТОМСКАЯ;01.13;12300;50087321
2124047894;11490338;2022;ЧУВАШСКАЯ РЕСПУБЛИКА -;52.29;12300;45644489
2124047894;11490338;2023;ЧУВАШСКАЯ РЕСПУБЛИКА -;52.29;12300;48196653
2124047894;11490338;2024;ЧУВАШСКАЯ РЕСПУБЛИКА -;52.29;12300;52683973
2536330340;11690655;2022;ПРИМОРСКИЙ;43.11;12300;45598634
2536330340;11690655;2023;ПРИМОРСКИЙ;43.11;12300;49227360
2536330340;11690655;2024;ПРИМОРСКИЙ;43.11;12300;52687442
7719736956;4654010;2022;МОСКВА;56.10;12300;44964646
7719736956;4654010;2023;МОСКВА;56.10;12300;49242149
7719736956;4654010;2024;МОСКВА;56.10;12300;51386815
3525281011;816581;2022;ВОЛОГОДСКАЯ;71.12.45;12300;44900057
3525281011;816581;2023;ВОЛОГОДСКАЯ;71.12.45;12300;48321284
3525281011;816581;2024;ВОЛОГОДСКАЯ;71.12.45;12300;51264326
1215129535;3708089;2022;МАРИЙ ЭЛ;71.1;12300;45474163
1215129535;3708089;2023;МАРИЙ ЭЛ;71.1;12300;49673462
1215129535;3708089;2024;МАРИЙ ЭЛ;71.1;12300;52132574
5753067973;10170035;2022;ОРЛОВСКАЯ;86.21;12300;46251544
5753067973;10170035;2023;ОРЛОВСКАЯ;86.21;12300;49563955
5753067973;10170035;2024;ОРЛОВСКАЯ;86.21;12300;52457940
4401131939;984299;2022;КОСТРОМСКАЯ;62.01;12300;46563174
4401131939;984299;2023;КОСТРОМСКАЯ;62.01;12300;49511049
4401131939;984299;2024;КОСТРОМСКАЯ;62.01;12300;52819010
3662146744;2299383;2022;ВОРОНЕЖСКАЯ;43.29;12300;44260879
3662146744;2299383;2023;ВОРОНЕЖСКАЯ;43.29;12300;47597354
3662146744;2299383;2024;ВОРОНЕЖСКАЯ;43.29;12300;51414871
6229069243;7976386;2022;РЯЗАНСКАЯ;49.4;12300;46043335
6229069243;7976386;2023;РЯЗАНСКАЯ;56.10;12300;49677474
6229069243;7976386;2024;РЯЗАНСКАЯ;56.10;12300;52212910
8602307280;11907475;2022;ХАНТЫ-МАНСИЙСКИЙ АВТОНОМНЫЙ ОКРУГ - ЮГРА;46.90;12300;44600612
8602307280;11907475;2023;ХАНТЫ-МАНСИЙСКИЙ АВТОНОМНЫЙ ОКРУГ - ЮГРА;46.90;12300;47875872
8602307280;11907475;2024;ХАНТЫ-МАНСИЙСКИЙ АВТОНОМНЫЙ ОКРУГ - ЮГРА;46.90;12300;51626038
6670343220;4821997;2022;СВЕРДЛОВСКАЯ;82.99;12300;45666589
6670343220;4821997;2023;СВЕРДЛОВСКАЯ;82.99;12300;48601068
6670343220;4821997;2024;СВЕРДЛОВСКАЯ;82.99;12300;50849509
1215093832;199538;2022;МАРИЙ ЭЛ;71.11;12300;46540998
1215093832;199538;2023;МАРИЙ ЭЛ;71.11;12300;49661274
1215093832;199538;2024;МАРИЙ ЭЛ;71.11;12300;52434486
2441000054;809528;2022;КРАСНОЯРСКИЙ;01.11.1;12267;45212880
2441000054;809528;2023;КРАСНОЯРСКИЙ;01.11.1;12267;49437987
2441000054;809528;2024;КРАСНОЯРСКИЙ;01.11.1;12267;52268150
2465345594;11796637;2022;КРАСНОЯРСКИЙ;25.62;12300;45519546
2465345594;11796637;2023;КРАСНОЯРСКИЙ;25.62;12300;49463601
2465345594;11796637;2024;КРАСНОЯРСКИЙ;25.62;12300;52654296
1001357728;11787936;2022;КАРЕЛИЯ;45.31;12300;46544179
1001357728;11787936;2023;КАРЕЛИЯ;45.31;12300;49888164
1001357728;11787936;2024;КАРЕЛИЯ;45.31;12300;52599146
1658181904;9373737;2022;ТАТАРСТАН;23.99.3;12300;46976593
1658181904;9373737;2023;ТАТАРСТАН;23.99.3;12300;49800464
1658181904;9373737;2024;ТАТАРСТАН;41.20;12300;52752119
7536141207;8349425;2022;ЗАБАЙКАЛЬСКИЙ;62.09;12300;45231418
7536141207;8349425;2023;ЗАБАЙКАЛЬСКИЙ;62.09;12300;48255087
7536141207;8349425;2024;ЗАБАЙКАЛЬСКИЙ;62.09;12300;50428591
3443068067;524170;2022;ВОЛГОГРАДСКАЯ;46.6;12300;45899377
3443068067;524170;2023;ВОЛГОГРАДСКАЯ;46.6;12300;49724563
3443068067;524170;2024;ВОЛГОГРАДСКАЯ;46.6;12300;50393260
9715334047;10875198;2022;МОСКВА;62.02;12300;45752443
9715334047;10875198;2023;МОСКВА;62.02;12300;47423407
9715334047;10875198;2024;МОСКВА;62.02;12300;50544833
0105048426;4094956;2022;АДЫГЕЯ;68.32.1;12300;45657148
0105048426;4094956;2023;АДЫГЕЯ;68.32.1;12300;49453153
0105048426;4094956;2024;АДЫГЕЯ;68.32.1;12300;51962265
9703099960;11905533;2022;МОСКВА;47.25.1;12300;45344915
9703099960;11905533;2023;МОСКВА;47.25.1;12300;47721191
9703099960;11905533;2024;МОСКВА;47.25.1;12300;50877073
4105040350;1093541;2022;КАМЧАТСКИЙ;71.12.3;12300;46960740
4105040350;1093541;2023;КАМЧАТСКИЙ;71.12.3;12300;47979013
4105040350;1093541;2024;КАМЧАТСКИЙ;71.12.3;12300;52740923
1903026724;10207347;2022;ХАКАСИЯ;46.31;12300;44279284
1903026724;10207347;2023;ХАКАСИЯ;46.31;12300;48814720
1903026724;10207347;2024;ХАКАСИЯ;46.31;12300;50821793
9715372780;11215630;2022;МОСКВА;46.73.3;12300;45436845
9715372780;11215630;2023;МОСКВА;46.73.3;12300;47360650
9715372780;11215630;2024;МОСКВА;46.73.3;12300;50262851
7017486656;11650776;2022;ТОМСКАЯ;82.99;12300;45297922
7017486656;11650776;2023;ТОМСКАЯ;62.01;12300;48259133
7017486656;11650776;2024;ТОМСКАЯ;62.01;12300;50506384
6942009714;2696085;2022;ТВЕРСКАЯ;25.61;12300;45769352
6942009714;2696085;2023;ТВЕРСКАЯ;25.61;12300;48840732
6942009714;2696085;2024;ТВЕРСКАЯ;25.61;12300;51967071
4501134355;158868;2022;КУРГАНСКАЯ;41.20;12300;45555162
4501134355;158868;2023;КУРГАНСКАЯ;41.20;12300;48571863
4501134355;158868;2024;КУРГАНСКАЯ;41.20;12300;52165009
7743375651;11779783;2022;ПЕРМСКИЙ;70.22;12300;47032823
7743375651;11779783;2023;ПЕРМСКИЙ;70.22;12300;48501393
7743375651;11779783;2024;ПЕРМСКИЙ;70.22;12300;51831802
9200009134;11795768;2022;СЕВАСТОПОЛЬ;25.11;12300;46624152
9200009134;11795768;2023;СЕВАСТОПОЛЬ;25.11;12300;47879520
9200009134;11795768;2024;СЕВАСТОПОЛЬ;25.11;12300;52358510
7725131123;4666571;2022;МОСКВА;62.01;12300;44022405
7725131123;4666571;2023;МОСКВА;62.01;12300;47322420
7725131123;4666571;2024;МОСКВА;62.01;12300;50090334
4205066828;4394657;2022;КЕМЕРОВСКАЯ ОБЛАСТЬ - КУЗБАСС;68.32;12300;44430770
4205066828;4394657;2023;КЕМЕРОВСКАЯ ОБЛАСТЬ - КУЗБАСС;68.32;12300;48346439
4205066828;4394657;2024;КЕМЕРОВСКАЯ ОБЛАСТЬ - КУЗБАСС;68.32;12300;51699261
9201507076;9126080;2022;КАМЧАТСКИЙ;68.20;12300;44123401
9201507076;9126080;2023;КАМЧАТСКИЙ;68.20;12300;49247334
9201507076;9126080;2024;КАМЧАТСКИЙ;68.20;12300;51758215
6501118607;6255849;2022;САХАЛИНСКАЯ;70.22;12300;45552495
6501118607;6255849;2023;САХАЛИНСКАЯ;70.22;12300;48324307
6501118607;6255849;2024;САХАЛИНСКАЯ;70.22;12300;51698441
7703465965;10811716;2022;МОСКВА;25.11;12300;45305712
7703465965;10811716;2023;МОСКВА;25.11;12300;48613662
7703465965;10811716;2024;МОСКВА;25.11;12300;52201538
3906328558;8605968;2022;КАЛИНИНГРАДСКАЯ;73.20.2;12300;45009634
3906328558;8605968;2023;КАЛИНИНГРАДСКАЯ;73.20.2;12300;48078276
3906328558;8605968;2024;КАЛИНИНГРАДСКАЯ;73.20.2;12300;50590942
2722131581;11250061;2022;ХАБАРОВСКИЙ;25.11;12300;46963957
2722131581;11250061;2023;ХАБАРОВСКИЙ;25.11;12300;47514002
2722131581;11250061;2024;ХАБАРОВСКИЙ;25.11;12300;52125625
7810907544;11448306;2022;САНКТ-ПЕТЕРБУРГ;41.20;12300;47097522
7810907544;11448306;2023;САНКТ-ПЕТЕРБУРГ;71.12;12300;49261635
7810907544;11448306;2024;САНКТ-ПЕТЕРБУРГ;71.12;12300;52324409
4501230860;11639462;2022;КУРГАНСКАЯ;42.21;12300;46547956
4501230860;11639462;2023;КУРГАНСКАЯ;42.21;12300;49239946
4501230860;11639462;2024;КУРГАНСКАЯ;42.21;12300;52413556
2703043770;438536;2022;ХАБАРОВСКИЙ;73.11;12300;45469751
2703043770;438536;2023;ХАБАРОВСКИЙ;73.11;12300;48022374
2703043770;438536;2024;ХАБАРОВСКИЙ;73.11;12300;50772593
3458002534;10542503;2022;ВОЛГОГРАДСКАЯ;01.11;12267;46308379
3458002534;10542503;2023;ВОЛГОГРАДСКАЯ;01.11;12267;49484585
3458002534;10542503;2024;ВОЛГОГРАДСКАЯ;01.11;12267;51951311
4345367350;8137717;2022;КИРОВСКАЯ;70.22;12300;44568155
4345367350;8137717;2023;КИРОВСКАЯ;70.22;12300;47763259
4345367350;8137717;2024;КИРОВСКАЯ;70.22;12300;50313493
2014005901;968685;2022;ЧЕЧЕНСКАЯ;41.2;12300;44427550
2014005901;968685;2023;ЧЕЧЕНСКАЯ;41.2;12300;48389053
2014005901;968685;2024;ЧЕЧЕНСКАЯ;41.2;12300;50875920
0326542055;9454583;2022;БУРЯТИЯ;73.12;12300;44782825
0326542055;9454583;2023;БУРЯТИЯ;73.12;12300;47695580
0326542055;9454583;2024;БУРЯТИЯ;93.11;12300;50482534
5406154113;6047889;2022;НОВОСИБИРСКАЯ;70.22;12267;44183993
5406154113;6047889;2023;НОВОСИБИРСКАЯ;70.22;12267;47277604
5406154113;6047889;2024;НОВОСИБИРСКАЯ;70.22;12267;50232104
7448111718;4917636;2022;ЧЕЛЯБИНСКАЯ;46.46.2;12300;46375502
7448111718;4917636;2023;ЧЕЛЯБИНСКАЯ;46.46.2;12300;49502843
7448111718;4917636;2024;ЧЕЛЯБИНСКАЯ;46.46.2;12300;52746889
3123385733;9711446;2022;БЕЛГОРОДСКАЯ;43.22;12300;46573760
3123385733;9711446;2023;БЕЛГОРОДСКАЯ;43.22;12300;48641760
3123385733;9711446;2024;БЕЛГОРОДСКАЯ;43.22;12300;51664231
5190082600;11241642;2022;МУРМАНСКАЯ;52.22;12300;45150714
5190082600;11241642;2023;МУРМАНСКАЯ;52.22;12300;49744996
5190082600;11241642;2024;МУРМАНСКАЯ;52.22;12300;51372880
6671092882;10920446;2022;СВЕРДЛОВСКАЯ;68.31;12267;44214458
6671092882;10920446;2023;СВЕРДЛОВСКАЯ;41.20;12267;48419585
6671092882;10920446;2024;СВЕРДЛОВСКАЯ;41.20;12267;50672364
7327094916;11329539;2022;УЛЬЯНОВСКАЯ;68.20;12300;45928823
7327094916;11329539;2023;УЛЬЯНОВСКАЯ;68.20;12300;48327801
7327094916;11329539;2024;УЛЬЯНОВСКАЯ;68.20;12300;51252020
7805260029;7067754;2022;САНКТ-ПЕТЕРБУРГ;43.29;12300;44049391
7805260029;7067754;2023;САНКТ-ПЕТЕРБУРГ;43.29;12300;47216331
7805260029;7067754;2024;САНКТ-ПЕТЕРБУРГ;43.29;12300;50273041
8901025252;5255298;2022;ЯМАЛО-НЕНЕЦКИЙ;68.20.1;12300;45786263
8901025252;5255298;2023;ЯМАЛО-НЕНЕЦКИЙ;68.20.1;12300;48383544
8901025252;5255298;2024;ЯМАЛО-НЕНЕЦКИЙ;52.10;12300;52821208
3911016699;9767297;2022;КАЛИНИНГРАДСКАЯ;49.4;12300;44485298
3911016699;9767297;2023;КАЛИНИНГРАДСКАЯ;49.4;12300;47593884
3911016699;9767297;2024;КАЛИНИНГРАДСКАЯ;49.4;12300;50772253
5112000738;7372892;2022;МУРМАНСКАЯ;46.90;12300;44304137
5112000738;7372892;2023;МУРМАНСКАЯ;46.90;12300;47486964
5112000738;7372892;2024;МУРМАНСКАЯ;46.90;12300;50117628
7448097580;541372;2022;ЧЕЛЯБИНСКАЯ;86.23;12300;44967185
7448097580;541372;2023;ЧЕЛЯБИНСКАЯ;86.23;12300;47756012
7448097580;541372;2024;ЧЕЛЯБИНСКАЯ;86.23;12300;51186419
5404052050;10090704;2022;НОВОСИБИРСКАЯ;33.12;12300;44731632
5404052050;10090704;2023;НОВОСИБИРСКАЯ;33.12;12300;49304598
5404052050;10090704;2024;НОВОСИБИРСКАЯ;33.12;12300;50673030
1901054740;493560;2022;ХАКАСИЯ;47.71;12300;45714882
1901054740;493560;2023;ХАКАСИЯ;47.71;12300;49303949
1901054740;493560;2024;ХАКАСИЯ;47.71;12300;50786555
4414016933;11214845;2022;КОСТРОМСКАЯ;68.32.1;12300;46427999
4414016933;11214845;2023;КОСТРОМСКАЯ;68.32.1;12300;49618913
4414016933;11214845;2024;КОСТРОМСКАЯ;68.32.1;12300;52530406
7017355389;8543389;2022;ТОМСКАЯ;25.61;12300;46364477
7017355389;8543389;2023;ТОМСКАЯ;25.61;12300;49367042
7017355389;8543389;2024;ТОМСКАЯ;25.61;12300;52353503
4345388783;8558791;2022;КИРОВСКАЯ;42.21;12300;45796024
4345388783;8558791;2023;КИРОВСКАЯ;42.21;12300;49241690
4345388783;8558791;2024;КИРОВСКАЯ;42.21;12300;52504534
5406607437;9718912;2022;НОВОСИБИРСКАЯ;56.10;12300;46357175
5406607437;9718912;2023;НОВОСИБИРСКАЯ;56.10;12300;49319309
5406607437;9718912;2024;НОВОСИБИРСКАЯ;56.10;12300;52374115
5403045652;10842371;2022;НОВОСИБИРСКАЯ;70.22;12300;44138659
5403045652;10842371;2023;НОВОСИБИРСКАЯ;70.22;12300;47636799
5403045652;10842371;2024;НОВОСИБИРСКАЯ;70.22;12300;51129808
1901072517;6265472;2022;ХАКАСИЯ;45.3;12300;46039750
1901072517;6265472;2023;ХАКАСИЯ;45.3;12300;48576413
1901072517;6265472;2024;ХАКАСИЯ;45.3;12300;51202921
2902036947;1414388;2022;АРХАНГЕЛЬСКАЯ;86.23;12300;44220379
2902036947;1414388;2023;АРХАНГЕЛЬСКАЯ;86.23;12300;48923057
2902036947;1414388;2024;АРХАНГЕЛЬСКАЯ;86.23;12300;50935765
7811604493;9683626;2022;САНКТ-ПЕТЕРБУРГ;46.76.1;12300;45665087
7811604493;9683626;2023;САНКТ-ПЕТЕРБУРГ;46.76.1;12300;47569702
7811604493;9683626;2024;САНКТ-ПЕТЕРБУРГ;46.76.1;12300;50951781
6673241642;4399158;2022;СВЕРДЛОВСКАЯ;71.1;12300;46005338
6673241642;4399158;2023;СВЕРДЛОВСКАЯ;71.1;12300;48682303
6673241642;4399158;2024;СВЕРДЛОВСКАЯ;71.1;12300;52143039
2312107659;3569243;2022;КРАСНОДАРСКИЙ;47.11;12300;44033768
2312107659;3569243;2023;КРАСНОДАРСКИЙ;47.11;12300;48127364
2312107659;3569243;2024;КРАСНОДАРСКИЙ;47.11;12300;50290630
1900008082;11968468;2022;ХАКАСИЯ;69.10;12300;45297766
1900008082;11968468;2023;ХАКАСИЯ;69.10;12300;49751546
1900008082;11968468;2024;ХАКАСИЯ;69.10;12300;50097416
3123227670;3276860;2022;БЕЛГОРОДСКАЯ;01.13.1;12300;46175502
3123227670;3276860;2023;БЕЛГОРОДСКАЯ;01.13.1;12300;49803323
3123227670;3276860;2024;БЕЛГОРОДСКАЯ;01.13.1;12300;52484121
7707715574;2388165;2022;МОСКВА;52.29;12267;45384951
7707715574;2388165;2023;МОСКВА;52.29;12267;48789661
7707715574;2388165;2024;МОСКВА;52.29;12267;51494772
7610119730;9799358;2022;ЯРОСЛАВСКАЯ;69.10;12300;44257746
7610119730;9799358;2023;ЯРОСЛАВСКАЯ;69.10;12300;47935561
7610119730;9799358;2024;ЯРОСЛАВСКАЯ;69.10;12300;51108004
9111016355;9159672;2022;КРЫМ;86.21;12300;45824912
9111016355;9159672;2023;КРЫМ;86.21;12300;49028639
9111016355;9159672;2024;КРЫМ;86.21;12300;52166572
3016036544;1303242;2022;АСТРАХАНСКАЯ;46.51;12300;45158373
3016036544;1303242;2023;АСТРАХАНСКАЯ;46.51;12300;48294577
3016036544;1303242;2024;АСТРАХАНСКАЯ;46.51;12300;52000242
3460069751;10288676;2022;ВОЛГОГРАДСКАЯ;56.10.1;12300;46385667
3460069751;10288676;2023;ВОЛГОГРАДСКАЯ;56.10.1;12300;48813473
3460069751;10288676;2024;ВОЛГОГРАДСКАЯ;56.10.1;12300;50256338
5032224468;9559362;2022;МОСКОВСКАЯ;93.29;12300;46508708
5032224468;9559362;2023;МОСКОВСКАЯ;93.29;12300;48096293
5032224468;9559362;2024;МОСКОВСКАЯ;93.29;12300;52546536
2703027970;4012714;2022;ХАБАРОВСКИЙ;86.23;12300;46349952
2703027970;4012714;2023;ХАБАРОВСКИЙ;86.23;12300;49239195
2703027970;4012714;2024;ХАБАРОВСКИЙ;86.23;12300;52096614
7840063601;10131204;2022;ЛЕНИНГРАДСКАЯ;86.23;12300;46544451
7840063601;10131204;2023;ЛЕНИНГРАДСКАЯ;86.23;12300;49360834
7840063601;10131204;2024;ЛЕНИНГРАДСКАЯ;86.23;12300;52436539
3606006983;927976;2022;ВОРОНЕЖСКАЯ;86;12300;44889782
3606006983;927976;2023;ВОРОНЕЖСКАЯ;86;12300;47589329
3606006983;927976;2024;ВОРОНЕЖСКАЯ;86;12300;50615779
6165124418;5070806;2022;РОСТОВСКАЯ;46.90;12300;44266379
6165124418;5070806;2023;РОСТОВСКАЯ;46.90;12300;47302980
6165124418;5070806;2024;РОСТОВСКАЯ;46.90;12300;50321849
5406722119;7613013;2022;НОВОСИБИРСКАЯ;73.11;12300;45598227
5406722119;7613013;2023;НОВОСИБИРСКАЯ;73.11;12300;47961709
5406722119;7613013;2024;НОВОСИБИРСКАЯ;73.11;12300;52921952
5609035680;6923505;2022;ОРЕНБУРГСКАЯ;85.42.9;12300;45850772
5609035680;6923505;2023;ОРЕНБУРГСКАЯ;70.22;12300;49551563
5609035680;6923505;2024;ОРЕНБУРГСКАЯ;70.22;12300;52375065
7606124053;11492767;2022;ЯРОСЛАВСКАЯ;42.22.2;12300;44855060
7606124053;11492767;2023;ЯРОСЛАВСКАЯ;42.22.2;12300;47970991
7606124053;11492767;2024;ЯРОСЛАВСКАЯ;42.22.2;12300;51062810
0400017697;11648985;2022;АЛТАЙ;62.09;12300;45505181
0400017697;11648985;2023;АЛТАЙ;86.9;12300;49425173
0400017697;11648985;2024;АЛТАЙ;86.90;12300;50933178
0105073091;8935606;2022;АДЫГЕЯ;62.09;12300;44957057
0105073091;8935606;2023;АДЫГЕЯ;62.09;12300;48084678
0105073091;8935606;2024;АДЫГЕЯ;62.09;12300;51013363
1001334142;10677679;2022;КАРЕЛИЯ;46.90;12300;44131855
1001334142;10677679;2023;КАРЕЛИЯ;46.90;12300;47360680
1001334142;10677679;2024;КАРЕЛИЯ;46.90;12300;50274469
2014011239;9340482;2022;ЧЕЧЕНСКАЯ;49.32;12300;46437017
2014011239;9340482;2023;ЧЕЧЕНСКАЯ;49.32;12300;47977719
2014011239;9340482;2024;ЧЕЧЕНСКАЯ;49.32;12300;52721851
4401171032;9727927;2022;КОСТРОМСКАЯ;49.41;12300;45617386
4401171032;9727927;2023;КОСТРОМСКАЯ;49.41;12300;48341863
4401171032;9727927;2024;КОСТРОМСКАЯ;49.41;12300;50771655
1102045563;43741;2022;КОМИ;86.23;12300;45232762
1102045563;43741;2023;КОМИ;86.23;12300;48460424
1102045563;43741;2024;КОМИ;86.23;12300;51630281
0277907656;9508932;2022;БАШКОРТОСТАН;43.99;12300;44431904
0277907656;9508932;2023;БАШКОРТОСТАН;43.99;12300;47490261
0277907656;9508932;2024;БАШКОРТОСТАН;43.99;12300;50587392
1901099340;5104681;2022;ХАКАСИЯ;56.10;12300;43918990
1901099340;5104681;2023;ХАКАСИЯ;56.10;12300;47171929
1901099340;5104681;2024;ХАКАСИЯ;56.10;12300;50132438
2353019391;3506377;2022;КРАСНОДАРСКИЙ;49.4;12300;46539185
2353019391;3506377;2023;КРАСНОДАРСКИЙ;49.4;12300;49692746
2353019391;3506377;2024;КРАСНОДАРСКИЙ;49.4;12300;51824941
2311283517;10917150;2022;КРАСНОДАРСКИЙ;25.11;12300;46585934
2311283517;10917150;2023;КРАСНОДАРСКИЙ;25.11;12300;49262434
2311283517;10917150;2024;КРАСНОДАРСКИЙ;25.11;12300;52535064
3906400814;11556329;2022;КАЛИНИНГРАДСКАЯ;49.41;12300;44237216
3906400814;11556329;2023;КАЛИНИНГРАДСКАЯ;49.41;12300;47600325
3906400814;11556329;2024;КАЛИНИНГРАДСКАЯ;49.41;12300;52662189
6501029548;6249973;2022;САХАЛИНСКАЯ;43.22;12300;44323782
6501029548;6249973;2023;САХАЛИНСКАЯ;43.22;12300;48028814
6501029548;6249973;2024;САХАЛИНСКАЯ;43.22;12300;50837335
3023003959;7551502;2022;АСТРАХАНСКАЯ;68.32;12300;46063676
3023003959;7551502;2023;АСТРАХАНСКАЯ;68.32;12300;49356226
3023003959;7551502;2024;АСТРАХАНСКАЯ;68.32;12300;52224058
6027097368;2116251;2022;ПСКОВСКАЯ;62.01;12300;45601772
6027097368;2116251;2023;ПСКОВСКАЯ;62.01;12300;48261953
6027097368;2116251;2024;ПСКОВСКАЯ;62.01;12300;51215471
3525157938;104151;2022;ВОЛОГОДСКАЯ;71.12.12;12300;46074480
3525157938;104151;2023;ВОЛОГОДСКАЯ;71.12.12;12300;49035330
3525157938;104151;2024;ВОЛОГОДСКАЯ;71.12.12;12300;51514325
7113012360;10140229;2022;ТУЛЬСКАЯ;01.11;12300;45341467
7113012360;10140229;2023;ТУЛЬСКАЯ;01.11;12300;48925111
7113012360;10140229;2024;ТУЛЬСКАЯ;01.11;12300;51719064
6027149658;7916567;2022;ПСКОВСКАЯ;86.23;12300;45979273
6027149658;7916567;2023;ПСКОВСКАЯ;86.23;12300;49236769
6027149658;7916567;2024;ПСКОВСКАЯ;86.23;12300;52089949
5254491954;10143257;2022;НИЖЕГОРОДСКАЯ;95.22;12300;44744417
5254491954;10143257;2023;НИЖЕГОРОДСКАЯ;95.22;12300;47923830
5254491954;10143257;2024;НИЖЕГОРОДСКАЯ;95.22;12300;52290950
4401195330;11282766;2022;КОСТРОМСКАЯ;41.20;12300;44898817
4401195330;11282766;2023;КОСТРОМСКАЯ;41.20;12300;47651065
4401195330;11282766;2024;КОСТРОМСКАЯ;41.20;12300;50600605
2536217369;1427244;2022;ПРИМОРСКИЙ;49.39;12300;44239674
2536217369;1427244;2023;ПРИМОРСКИЙ;49.39;12300;47527522
2536217369;1427244;2024;ПРИМОРСКИЙ;49.39;12300;50502932
6161071067;8521456;2022;РОСТОВСКАЯ;56.10;12300;45365684
6161071067;8521456;2023;РОСТОВСКАЯ;56.10;12300;49803829
6161071067;8521456;2024;РОСТОВСКАЯ;56.10;12300;50598530
2801205123;9090805;2022;АМУРСКАЯ;70.22;12300;46542854
2801205123;9090805;2023;АМУРСКАЯ;70.22;12300;49876420
2801205123;9090805;2024;АМУРСКАЯ;70.22;12300;52561384
4223009452;8877475;2022;КЕМЕРОВСКАЯ ОБЛАСТЬ - КУЗБАСС;43.99;12300;45696554
4223009452;8877475;2023;КЕМЕРОВСКАЯ ОБЛАСТЬ - КУЗБАСС;43.99;12300;49071255
4223009452;8877475;2024;КЕМЕРОВСКАЯ ОБЛАСТЬ - КУЗБАСС;43.99;12300;51307114
4401091010;2299392;2022;ВЛАДИМИРСКАЯ;68.20;12300;46339056
4401091010;2299392;2023;ВЛАДИМИРСКАЯ;68.20;12300;48965956
4401091010;2299392;2024;ВЛАДИМИРСКАЯ;68.20;12300;52365846
5834038106;6238667;2022;ПЕНЗЕНСКАЯ;71.12.63;12300;45740238
5834038106;6238667;2023;ПЕНЗЕНСКАЯ;71.12.63;12300;48941573
5834038106;6238667;2024;ПЕНЗЕНСКАЯ;71.12.63;12300;51764047
1004016437;781140;2022;КАРЕЛИЯ;74.2;12300;45707370
1004016437;781140;2023;КАРЕЛИЯ;71.11;12300;49838733
1004016437;781140;2024;КАРЕЛИЯ;71.1;12300;52722841
7802915358;11681879;2022;САНКТ-ПЕТЕРБУРГ;41.20;12300;44998861
7802915358;11681879;2023;САНКТ-ПЕТЕРБУРГ;41.20;12300;49830111
7802915358;11681879;2024;САНКТ-ПЕТЕРБУРГ;41.20;12300;50876433
5262299235;8445391;2022;НИЖЕГОРОДСКАЯ;86.21;12300;44289589
5262299235;8445391;2023;НИЖЕГОРОДСКАЯ;86.21;12300;47374690
5262299235;8445391;2024;НИЖЕГОРОДСКАЯ;86.21;12300;50479266
3123379909;9594464;2022;БЕЛГОРОДСКАЯ;42.99;12300;46439779
3123379909;9594464;2023;БЕЛГОРОДСКАЯ;42.99;12300;48973738
3123379909;9594464;2024;БЕЛГОРОДСКАЯ;42.99;12300;52322018
0326524105;8651882;2022;БУРЯТИЯ;86.90.4;12300;45367596
0326524105;8651882;2023;БУРЯТИЯ;86.90.4;12300;49453783
0326524105;8651882;2024;БУРЯТИЯ;86.90.4;12300;52245652
1224007861;11456687;2022;МАРИЙ ЭЛ;43.34;12300;46972769
1224007861;11456687;2023;МАРИЙ ЭЛ;43.31;12300;49704624
1224007861;11456687;2024;МАРИЙ ЭЛ;43.34;12300;51957862
5007079577;7256540;2022;МОСКОВСКАЯ;25.93;12300;45909070
5007079577;7256540;2023;МОСКОВСКАЯ;25.93;12300;48069460
5007079577;7256540;2024;МОСКОВСКАЯ;25.93;12300;50985773
6670282721;9059214;2022;СВЕРДЛОВСКАЯ;43.22;12300;45695152
6670282721;9059214;2023;СВЕРДЛОВСКАЯ;43.22;12300;48940695
6670282721;9059214;2024;СВЕРДЛОВСКАЯ;43.22;12300;51536066
5107913362;1828467;2022;МУРМАНСКАЯ;47.59;12300;46330086
5107913362;1828467;2023;МУРМАНСКАЯ;47.59;12300;49347566
5107913362;1828467;2024;МУРМАНСКАЯ;47.59;12300;52125725
5190004592;1232053;2022;МУРМАНСКАЯ;41.2;12300;46231387
5190004592;1232053;2023;МУРМАНСКАЯ;41.2;12300;49628538
5190004592;1232053;2024;МУРМАНСКАЯ;41.2;12300;51387299
0916001958;3810052;2022;КАРАЧАЕВО-ЧЕРКЕССКАЯ;56.10;12300;45542417
0916001958;3810052;2023;КАРАЧАЕВО-ЧЕРКЕССКАЯ;56.10;12300;47428873
0916001958;3810052;2024;КАРАЧАЕВО-ЧЕРКЕССКАЯ;56.10;12300;50362913
3906982908;9653702;2022;КАЛИНИНГРАДСКАЯ;49.4;12300;45009296
3906982908;9653702;2023;КАЛИНИНГРАДСКАЯ;49.4;12300;48387211
3906982908;9653702;2024;КАЛИНИНГРАДСКАЯ;49.4;12300;51139330
6150006130;6964454;2022;РОСТОВСКАЯ;47.2;12300;46323021
6150006130;6964454;2023;РОСТОВСКАЯ;47.2;12300;47744272
6150006130;6964454;2024;РОСТОВСКАЯ;47.2;12300;50685142
7106086191;11079306;2022;ТУЛЬСКАЯ;46.90;12300;45337712
7106086191;11079306;2023;ТУЛЬСКАЯ;46.90;12300;48351186
7106086191;11079306;2024;ТУЛЬСКАЯ;46.90;12300;51603376
2404013295;3897516;2022;КРАСНОЯРСКИЙ;43.21;12300;45925049
2404013295;3897516;2023;КРАСНОЯРСКИЙ;43.21;12300;49300907
2404013295;3897516;2024;КРАСНОЯРСКИЙ;43.21;12300;51879094
6732202278;11427302;2022;СМОЛЕНСКАЯ;49.41;12300;44827365
6732202278;11427302;2023;СМОЛЕНСКАЯ;49.41;12300;48296989
6732202278;11427302;2024;СМОЛЕНСКАЯ;49.41;12300;50577796
4027125318;9383287;2022;КАЛУЖСКАЯ;62.02;12300;46051206
4027125318;9383287;2023;КАЛУЖСКАЯ;62.02;12300;49321442
4027125318;9383287;2024;КАЛУЖСКАЯ;62.02;12300;52455886
4101193564;11419903;2022;КАМЧАТСКИЙ;47.29.35;12300;44303309
4101193564;11419903;2023;КАМЧАТСКИЙ;47.29.35;12300;47200731
4101193564;11419903;2024;КАМЧАТСКИЙ;47.29.35;12300;50333231
2221211540;8467110;2022;АЛТАЙСКИЙ;46.38.24;12300;46633560
2221211540;8467110;2023;АЛТАЙСКИЙ;46.38.24;12300;49433135
2221211540;8467110;2024;АЛТАЙСКИЙ;46.38.24;12300;52187138
7720450380;10893516;2022;МОСКВА;72.19.9;12300;45647637
7720450380;10893516;2023;МОСКВА;72.19.9;12300;48362010
7720450380;10893516;2024;МОСКВА;72.19.9;12300;52659627
7810918560;11583239;2022;САНКТ-ПЕТЕРБУРГ;49.41;12300;44554058
7810918560;11583239;2023;САНКТ-ПЕТЕРБУРГ;49.41;12300;47403125
7810918560;11583239;2024;САНКТ-ПЕТЕРБУРГ;49.41;12300;50859516
5751058170;9673104;2022;КОМИ;73.11;12300;45911006
5751058170;9673104;2023;КОМИ;73.11;12300;49285731
5751058170;9673104;2024;КОМИ;73.11;12300;52588512
1101153453;8973229;2022;КОМИ;45.20;12300;46003735
1101153453;8973229;2023;КОМИ;45.20;12300;49481085
1101153453;8973229;2024;КОМИ;45.20;12300;52064906
3019015849;9325811;2022;АСТРАХАНСКАЯ;56.10;12300;46025202
3019015849;9325811;2023;АСТРАХАНСКАЯ;56.10;12300;48946455
3019015849;9325811;2024;АСТРАХАНСКАЯ;56.10;12300;52440389
8701005040;1064620;2022;ЧУКОТСКИЙ;47.1;12300;45908650
8701005040;1064620;2023;ЧУКОТСКИЙ;47.1;12300;48674632
8701005040;1064620;2024;ЧУКОТСКИЙ;47.1;12300;51681080
2723173993;8793707;2022;ХАБАРОВСКИЙ;86.23;12300;45815375
2723173993;8793707;2023;ХАБАРОВСКИЙ;86.23;12300;49368863
2723173993;8793707;2024;ХАБАРОВСКИЙ;86.23;12300;51886240
0326496786;5136405;2022;БУРЯТИЯ;42.11;12300;46372371
0326496786;5136405;2023;БУРЯТИЯ;41.20;12300;49353255
0326496786;5136405;2024;БУРЯТИЯ;41.20;12300;52177472
6829158738;11555424;2022;ТАМБОВСКАЯ;45.31.1;12300;44428904
6829158738;11555424;2023;ТАМБОВСКАЯ;45.31.1;12300;47620066
6829158738;11555424;2024;ТАМБОВСКАЯ;45.31.1;12300;50577640
7203513949;11486235;2022;ТЮМЕНСКАЯ;69.10;12300;45388317
7203513949;11486235;2023;ТЮМЕНСКАЯ;69.10;12300;48657957
7203513949;11486235;2024;ТЮМЕНСКАЯ;69.10;12300;52051940
2626047760;10771483;2022;СТАВРОПОЛЬСКИЙ;93.12;12300;46212405
2626047760;10771483;2023;СТАВРОПОЛЬСКИЙ;93.12;12300;49124852
2626047760;10771483;2024;СТАВРОПОЛЬСКИЙ;93.12;12300;52470849
7113016406;7023229;2022;ТУЛЬСКАЯ;47.73;12300;44347837
7113016406;7023229;2023;ТУЛЬСКАЯ;47.73;12300;47496966
7113016406;7023229;2024;ТУЛЬСКАЯ;47.73;12300;50358193
2130034540;86966;2022;ЧУВАШСКАЯ РЕСПУБЛИКА -;27.32;12300;45427835
2130034540;86966;2023;ЧУВАШСКАЯ РЕСПУБЛИКА -;27.32;12300;48512457
2130034540;86966;2024;ЧУВАШСКАЯ РЕСПУБЛИКА -;27.32;12300;51218673
2540268013;11824036;2022;ПРИМОРСКИЙ;49.41;12300;45366496
2540268013;11824036;2023;ПРИМОРСКИЙ;49.41;12300;48776745
2540268013;11824036;2024;ПРИМОРСКИЙ;49.41;12300;52136395
2904028571;9887558;2022;АРХАНГЕЛЬСКАЯ;86.21;12300;45095141
2904028571;9887558;2023;АРХАНГЕЛЬСКАЯ;86.21;12300;48103969
2904028571;9887558;2024;АРХАНГЕЛЬСКАЯ;86.21;12300;52435261
1831142214;737693;2022;УДМУРТСКАЯ;42.21;12300;45395708
1831142214;737693;2023;УДМУРТСКАЯ;42.21;12300;47834002
1831142214;737693;2024;УДМУРТСКАЯ;42.21;12300;51545726
6670429614;8906340;2022;СВЕРДЛОВСКАЯ;45.31.1;12300;46470476
6670429614;8906340;2023;СВЕРДЛОВСКАЯ;45.31.1;12300;47695538
6670429614;8906340;2024;СВЕРДЛОВСКАЯ;41.20;12300;50311305
1215080671;5110471;2022;МАРИЙ ЭЛ;56.10;12300;45200807
1215080671;5110471;2023;МАРИЙ ЭЛ;56.10;12300;49091020
1215080671;5110471;2024;МАРИЙ ЭЛ;56.10;12300;51231411
6168086930;9733034;2022;РОСТОВСКАЯ;86.10;12300;46042847
6168086930;9733034;2023;РОСТОВСКАЯ;86.10;12300;48084939
6168086930;9733034;2024;РОСТОВСКАЯ;86.10;12300;52834068
7701381773;8239699;2022;КАЛМЫКИЯ;70.22;12300;44082679
7701381773;8239699;2023;КАЛМЫКИЯ;70.22;12300;47289948
7701381773;8239699;2024;КАЛМЫКИЯ;70.22;12300;51052672
7129500595;8314165;2022;ТУЛЬСКАЯ;52.10.3;12300;44161386
7129500595;8314165;2023;ТУЛЬСКАЯ;52.10.3;12300;47390312
7129500595;8314165;2024;ТУЛЬСКАЯ;52.10.3;12300;50325582
1001345761;11210067;2022;КАРЕЛИЯ;42.11;12300;44431864
1001345761;11210067;2023;КАРЕЛИЯ;42.11;12300;48506090
1001345761;11210067;2024;КАРЕЛИЯ;42.11;12300;50625832
7604252540;8211842;2022;ЯРОСЛАВСКАЯ;70.22;12300;44729027
7604252540;8211842;2023;ЯРОСЛАВСКАЯ;70.22;12300;47620368
7604252540;8211842;2024;ЯРОСЛАВСКАЯ;70.22;12300;50565834
3808224783;7534531;2022;ИРКУТСКАЯ;73.11;12300;45549205
3808224783;7534531;2023;ИРКУТСКАЯ;73.11;12300;49333381
3808224783;7534531;2024;ИРКУТСКАЯ;73.11;12300;52171666
4345459995;10070329;2022;КИРОВСКАЯ;71.20;12300;47144068
4345459995;10070329;2023;КИРОВСКАЯ;71.20;12300;48669466
4345459995;10070329;2024;КИРОВСКАЯ;71.20;12300;51695953
7726458072;11144693;2022;МОСКВА;64.20;12300;44414402
7726458072;11144693;2023;МОСКВА;64.20;12300;47269940
7726458072;11144693;2024;МОСКВА;46.69;12300;51309880
0326537707;9116114;2022;БУРЯТИЯ;71.12.3;12300;45370931
0326537707;9116114;2023;БУРЯТИЯ;71.12.3;12300;48903435
0326537707;9116114;2024;БУРЯТИЯ;08.99.35;12300;51932551
4706044906;11741687;2022;ЛЕНИНГРАДСКАЯ;56.10;12300;44273777
4706044906;11741687;2023;ЛЕНИНГРАДСКАЯ;56.10;12300;47468836
4706044906;11741687;2024;ЛЕНИНГРАДСКАЯ;56.10;12300;52001835
7453305691;10110296;2022;ЧЕЛЯБИНСКАЯ;25.11;12300;45106511
7453305691;10110296;2023;ЧЕЛЯБИНСКАЯ;25.11;12300;47700122
7453305691;10110296;2024;ЧЕЛЯБИНСКАЯ;25.11;12300;50833982
2536067473;6675286;2022;ПРИМОРСКИЙ;62.01;12300;46293076
2536067473;6675286;2023;ПРИМОРСКИЙ;62.01;12300;49319666
2536067473;6675286;2024;ПРИМОРСКИЙ;62.01;12300;52149553
5907054230;7824083;2022;ПЕРМСКИЙ;52.29;12300;45202286
5907054230;7824083;2023;ПЕРМСКИЙ;52.29;12300;47965231
5907054230;7824083;2024;ПЕРМСКИЙ;52.29;12300;51799295
7536103924;165099;2022;ЗАБАЙКАЛЬСКИЙ;46.90;12300;44109905
7536103924;165099;2023;ЗАБАЙКАЛЬСКИЙ;46.90;12300;47313837
7536103924;165099;2024;ЗАБАЙКАЛЬСКИЙ;46.90;12300;50171708
4025071723;5800666;2022;КАЛУЖСКАЯ;86.21;12300;46391159
4025071723;5800666;2023;КАЛУЖСКАЯ;86.21;12300;48538562
4025071723;5800666;2024;КАЛУЖСКАЯ;86.21;12300;51591261
3731032860;1773980;2022;ИВАНОВСКАЯ;13.30;12300;45031347
3731032860;1773980;2023;ИВАНОВСКАЯ;13.30;12300;48803229
3731032860;1773980;2024;ИВАНОВСКАЯ;13.30;12300;50322749
2636219352;11658019;2022;СТАВРОПОЛЬСКИЙ;41.20;12300;44034111
2636219352;11658019;2023;СТАВРОПОЛЬСКИЙ;41.20;12300;47243995
2636219352;11658019;2024;СТАВРОПОЛЬСКИЙ;41.20;12300;50594744
6732183730;11106457;2022;СМОЛЕНСКАЯ;70.22;12300;45708266
6732183730;11106457;2023;СМОЛЕНСКАЯ;70.22;12300;49057122
6732183730;11106457;2024;СМОЛЕНСКАЯ;70.22;12300;52392654
4330007361;2159576;2022;КИРОВСКАЯ;69.10;12300;44031993
4330007361;2159576;2023;КИРОВСКАЯ;69.10;12300;47179239
4330007361;2159576;2024;КИРОВСКАЯ;69;12300;50085092
3457010518;11747953;2022;ВОЛГОГРАДСКАЯ;41.20;12300;46534821
3457010518;11747953;2023;ВОЛГОГРАДСКАЯ;41.20;12300;49640896
3457010518;11747953;2024;ВОЛГОГРАДСКАЯ;41.20;12300;52489732
7456029489;9502418;2022;ЧЕЛЯБИНСКАЯ;52.29;12300;45824226
7456029489;9502418;2023;ЧЕЛЯБИНСКАЯ;52.29;12300;49183473
7456029489;9502418;2024;ЧЕЛЯБИНСКАЯ;52.29;12300;52044668
7811721648;10946087;2022;САНКТ-ПЕТЕРБУРГ;41.10;12300;44641218
7811721648;10946087;2023;САНКТ-ПЕТЕРБУРГ;41.10;12300;47524071
7811721648;10946087;2024;САНКТ-ПЕТЕРБУРГ;41.10;12300;50801776
2901280082;9908586;2022;АРХАНГЕЛЬСКАЯ;69.10;12300;44078228
2901280082;9908586;2023;АРХАНГЕЛЬСКАЯ;71.20;12300;47233527
2901280082;9908586;2024;АРХАНГЕЛЬСКАЯ;71.20;12300;50112856
0105075525;9403565;2022;АДЫГЕЯ;62.01;12300;47138236
0105075525;9403565;2023;АДЫГЕЯ;62.01;12300;48458052
0105075525;9403565;2024;АДЫГЕЯ;62.01;12300;51842851
6950176483;8317450;2022;ТВЕРСКАЯ;41.20;12300;45750193
6950176483;8317450;2023;ТВЕРСКАЯ;41.20;12300;48927078
6950176483;8317450;2024;ТВЕРСКАЯ;41.20;12300;51751576
6829120759;9714172;2022;ТАМБОВСКАЯ;49.31.2;12300;45227638
6829120759;9714172;2023;ТАМБОВСКАЯ;49.31.2;12300;48462724
6829120759;9714172;2024;ТАМБОВСКАЯ;49.31.2;12300;51318881
2636805340;7765005;2022;СТАВРОПОЛЬСКИЙ;33.12;12300;46088817
2636805340;7765005;2023;СТАВРОПОЛЬСКИЙ;33.12;12300;48953269
2636805340;7765005;2024;СТАВРОПОЛЬСКИЙ;43.29;12300;51542244
4823073139;9897598;2022;ЛИПЕЦКАЯ;46.41;12300;44505539
4823073139;9897598;2023;ЛИПЕЦКАЯ;46.41;12300;47676077
4823073139;9897598;2024;ЛИПЕЦКАЯ;46.41;12300;50253601
5830003529;2799584;2022;ПЕНЗЕНСКАЯ;52.10.3;12267;45623813
5830003529;2799584;2023;ПЕНЗЕНСКАЯ;52.10.3;12267;47815491
5830003529;2799584;2024;ПЕНЗЕНСКАЯ;52.10.3;12267;51482558
0608059833;11285565;2022;ИНГУШЕТИЯ;42.11;12300;46518868
0608059833;11285565;2023;ИНГУШЕТИЯ;42.11;12300;48566628
0608059833;11285565;2024;ИНГУШЕТИЯ;42.11;12300;50930482
5610096165;2146449;2022;ОРЕНБУРГСКАЯ;86.90.9;12300;45924545
5610096165;2146449;2023;ОРЕНБУРГСКАЯ;86.90.9;12300;49950090
5610096165;2146449;2024;ОРЕНБУРГСКАЯ;86.90.9;12300;51960808
5249145765;9605442;2022;НИЖЕГОРОДСКАЯ;41.20;12300;45232245
5249145765;9605442;2023;НИЖЕГОРОДСКАЯ;41.20;12300;48436892
5249145765;9605442;2024;НИЖЕГОРОДСКАЯ;41.20;12300;51655616
5834116097;9918395;2022;ПЕНЗЕНСКАЯ;46.90;12300;47016917
5834116097;9918395;2023;ПЕНЗЕНСКАЯ;46.90;12300;49760062
5834116097;9918395;2024;ПЕНЗЕНСКАЯ;45.31;12300;52664619
6453063000;6233718;2022;САРАТОВСКАЯ;68.10.12;12300;44075167
6453063000;6233718;2023;САРАТОВСКАЯ;68.10.12;12300;49414186
6453063000;6233718;2024;САРАТОВСКАЯ;68.10.12;12300;52014911
7810919638;11595058;2022;САНКТ-ПЕТЕРБУРГ;46.38;12300;47040206
7810919638;11595058;2023;САНКТ-ПЕТЕРБУРГ;46.38;12300;49368088
7810919638;11595058;2024;САНКТ-ПЕТЕРБУРГ;46.38;12300;51794049
2511029959;5429638;2022;ПРИМОРСКИЙ;47.30.11;12300;44348357
2511029959;5429638;2023;ПРИМОРСКИЙ;47.30.11;12300;50044217
2511029959;5429638;2024;ПРИМОРСКИЙ;68.20.2;12300;50453592
6382071435;9529771;2022;САМАРСКАЯ;38.11;12300;46126128
6382071435;9529771;2023;САМАРСКАЯ;38.11;12300;48955474
6382071435;9529771;2024;САМАРСКАЯ;38.11;12300;51339552
2826005824;1663087;2022;АМУРСКАЯ;52.10;12300;45113999
2826005824;1663087;2023;АМУРСКАЯ;52.10;12300;49298267
2826005824;1663087;2024;АМУРСКАЯ;52.10;12300;50467718
0400001841;9990619;2022;АЛТАЙ;56.10;12300;47042716
0400001841;9990619;2023;АЛТАЙ;56.10;12300;47798738
0400001841;9990619;2024;АЛТАЙ;56.10;12300;50427194
6215022566;5600476;2022;РЯЗАНСКАЯ;56.10;12300;45660953
6215022566;5600476;2023;РЯЗАНСКАЯ;56.10;12300;48868340
6215022566;5600476;2024;РЯЗАНСКАЯ;56.10;12300;51868143
3808116202;206850;2022;ИРКУТСКАЯ;71.11;12300;44923302
3808116202;206850;2023;ИРКУТСКАЯ;71.11;12300;48098523
3808116202;206850;2024;ИРКУТСКАЯ;71.11;12300;51035325
3123027992;1093250;2022;БЕЛГОРОДСКАЯ;73.11;12300;45734097
3123027992;1093250;2023;БЕЛГОРОДСКАЯ;73.11;12300;49199595
3123027992;1093250;2024;БЕЛГОРОДСКАЯ;73.11;12300;52118933
6452007860;6227645;2022;САРАТОВСКАЯ;52.21.24;12300;45597476
6452007860;6227645;2023;САРАТОВСКАЯ;52.21.24;12300;48456120
6452007860;6227645;2024;САРАТОВСКАЯ;68.20;12300;51785507
5404480873;7818927;2022;НОВОСИБИРСКАЯ;25.1;12300;46246105
5404480873;7818927;2023;НОВОСИБИРСКАЯ;25.1;12300;49400010
5404480873;7818927;2024;НОВОСИБИРСКАЯ;25.1;12300;51914807
2353018101;995252;2022;КРАСНОДАРСКИЙ;71.20.4;12300;45883772
2353018101;995252;2023;КРАСНОДАРСКИЙ;71.20.4;12300;47779865
2353018101;995252;2024;КРАСНОДАРСКИЙ;71.20.4;12300;50876824
7709056711;4379156;2022;МОСКВА;68.31;12300;45419457
7709056711;4379156;2023;МОСКВА;68.31;12300;48767295
7709056711;4379156;2024;МОСКВА;68.31;12300;52103272
5321154361;1691118;2022;НОВГОРОДСКАЯ;71.20;12300;45465641
5321154361;1691118;2023;НОВГОРОДСКАЯ;71.20;12300;47379167
5321154361;1691118;2024;НОВГОРОДСКАЯ;71.20;12300;51559264
1101167424;11230506;2022;КОМИ;69.20;12300;45301072
1101167424;11230506;2023;КОМИ;69.20;12300;48407848
1101167424;11230506;2024;КОМИ;69.20;12300;51381608
3811153405;2344474;2022;ИРКУТСКАЯ;73.11;12300;45422005
3811153405;2344474;2023;ИРКУТСКАЯ;73.11;12300;49808623
3811153405;2344474;2024;ИРКУТСКАЯ;73.11;12300;51562533
9201528446;11052917;2022;СЕВАСТОПОЛЬ;42.91;12300;46529262
9201528446;11052917;2023;СЕВАСТОПОЛЬ;42.91;12300;49640055
9201528446;11052917;2024;СЕВАСТОПОЛЬ;42.91;12300;52536475
7813212004;9040952;2022;САНКТ-ПЕТЕРБУРГ;68.32;12300;44746809
7813212004;9040952;2023;САНКТ-ПЕТЕРБУРГ;68.32;12300;48020700
7813212004;9040952;2024;САНКТ-ПЕТЕРБУРГ;68.32;12300;50866499
5501229070;3748118;2022;ТЮМЕНСКАЯ;68.20.2;12300;45881351
5501229070;3748118;2023;ТЮМЕНСКАЯ;68.20.2;12300;49258235
5501229070;3748118;2024;ТЮМЕНСКАЯ;68.20.2;12300;51449416
6443023167;11080208;2022;САРАТОВСКАЯ;46.14;12300;46633282
6443023167;11080208;2023;САРАТОВСКАЯ;25.62;12300;48886400
6443023167;11080208;2024;САРАТОВСКАЯ;25.62;12300;51811683
1515922375;1118756;2022;СЕВЕРНАЯ ОСЕТИЯ - АЛАНИЯ;69.20;12300;45780099
1515922375;1118756;2023;СЕВЕРНАЯ ОСЕТИЯ - АЛАНИЯ;69.20;12300;48948625
1515922375;1118756;2024;СЕВЕРНАЯ ОСЕТИЯ - АЛАНИЯ;69.20;12300;51897038
3122508703;4912594;2022;БЕЛГОРОДСКАЯ;43.99;12300;45058901
3122508703;4912594;2023;БЕЛГОРОДСКАЯ;43.99;12300;47482677
3122508703;4912594;2024;БЕЛГОРОДСКАЯ;43.99;12300;49999152
5612072829;2190894;2022;ОРЕНБУРГСКАЯ;68.20;12300;46209130
5612072829;2190894;2023;ОРЕНБУРГСКАЯ;68.20;12300;49345773
5612072829;2190894;2024;ОРЕНБУРГСКАЯ;68.20;12300;52238507
4632079179;2605283;2022;КУРСКАЯ;41.2;12300;45497211
4632079179;2605283;2023;КУРСКАЯ;41.2;12300;48590123
4632079179;2605283;2024;КУРСКАЯ;41.20;12300;51440046
4205384690;11147336;2022;КЕМЕРОВСКАЯ ОБЛАСТЬ - КУЗБАСС;86.90;12300;46170189
4205384690;11147336;2023;КЕМЕРОВСКАЯ ОБЛАСТЬ - КУЗБАСС;86.90;12300;47871750
4205384690;11147336;2024;КЕМЕРОВСКАЯ ОБЛАСТЬ - КУЗБАСС;86.90;12300;50966034
1212006359;9609763;2022;МАРИЙ ЭЛ;42.22;12300;45801323
1212006359;9609763;2023;МАРИЙ ЭЛ;42.22;12300;49234319
1212006359;9609763;2024;МАРИЙ ЭЛ;42.22;12300;51410618
7730695340;8246254;2022;МОСКВА;59.11;12300;44842373
7730695340;8246254;2023;МОСКВА;59.11;12300;48285376
7730695340;8246254;2024;МОСКВА;59.11;12300;51254923
7708793487;8036152;2022;МОСКВА;90.01;12300;46029795
7708793487;8036152;2023;МОСКВА;90.01;12300;49424780
7708793487;8036152;2024;МОСКВА;90.01;12300;51413245
7702404053;9845583;2022;МОСКВА;56.10;12300;44582649
7702404053;9845583;2023;МОСКВА;56.10;12300;48534413
7702404053;9845583;2024;МОСКВА;56.10;12300;51042480
7124500577;765040;2022;ТУЛЬСКАЯ;68.20.2;12300;46962162
7124500577;765040;2023;ТУЛЬСКАЯ;68.20.2;12300;49394999
7124500577;765040;2024;ТУЛЬСКАЯ;68.20.2;12300;52657740
4501224880;11111824;2022;КУРГАНСКАЯ;46.90;12300;44050707
4501224880;11111824;2023;КУРГАНСКАЯ;46.90;12300;47513292
4501224880;11111824;2024;КУРГАНСКАЯ;46.90;12300;50165811
7536069215;1882923;2022;ЗАБАЙКАЛЬСКИЙ;56.10;12300;45691001
7536069215;1882923;2023;ЗАБАЙКАЛЬСКИЙ;56.10;12300;49305613
7536069215;1882923;2024;ЗАБАЙКАЛЬСКИЙ;56.10;12300;50551077
7107547462;8342914;2022;ТУЛЬСКАЯ;45.11.2;12300;45901988
7107547462;8342914;2023;ТУЛЬСКАЯ;45.11.2;12300;48869046
7107547462;8342914;2024;ТУЛЬСКАЯ;45.11.2;12300;51709677
1660353340;11447566;2022;ТАТАРСТАН;42.21;12300;46308331
1660353340;11447566;2023;ТАТАРСТАН;42.21;12300;49128633
1660353340;11447566;2024;ТАТАРСТАН;42.21;12300;51377519
7714916151;8096298;2022;МОСКВА;46.73.6;12300;45885720
7714916151;8096298;2023;МОСКВА;46.73.6;12300;48340089
7714916151;8096298;2024;МОСКВА;46.73.6;12300;51920822
1513071908;10761130;2022;СЕВЕРНАЯ ОСЕТИЯ - АЛАНИЯ;45.32;12300;45151197
1513071908;10761130;2023;СЕВЕРНАЯ ОСЕТИЯ - АЛАНИЯ;45.32;12300;49719066
1513071908;10761130;2024;СЕВЕРНАЯ ОСЕТИЯ - АЛАНИЯ;45.32;12300;52626601
7717783213;8506612;2022;МОСКВА;62.01;12300;46272875
7717783213;8506612;2023;МОСКВА;62.01;12300;49307335
7717783213;8506612;2024;МОСКВА;62.01;12300;51883967
7804640395;10976609;2022;САНКТ-ПЕТЕРБУРГ;47.25.1;12300;45492991
7804640395;10976609;2023;САНКТ-ПЕТЕРБУРГ;47.25.1;12300;49141972
7804640395;10976609;2024;САНКТ-ПЕТЕРБУРГ;47.25.1;12300;52058010
6027093638;2683323;2022;ПСКОВСКАЯ;69.20.2;12300;45495927
6027093638;2683323;2023;ПСКОВСКАЯ;69.20.2;12300;48475252
6027093638;2683323;2024;ПСКОВСКАЯ;69.20.2;12300;50773345
3123462258;11173308;2022;БЕЛГОРОДСКАЯ;46.74.3;12300;46053579
3123462258;11173308;2023;БЕЛГОРОДСКАЯ;46.74.3;12300;48934536
3123462258;11173308;2024;БЕЛГОРОДСКАЯ;46.74.3;12300;51749128
3328458894;3034343;2022;ВЛАДИМИРСКАЯ;69.20;12300;44409002
3328458894;3034343;2023;ВЛАДИМИРСКАЯ;69.20;12300;47460171
3328458894;3034343;2024;ВЛАДИМИРСКАЯ;69.20;12300;50196878
5040086290;5559104;2022;МОСКОВСКАЯ;73.20;12300;46266140
5040086290;5559104;2023;МОСКОВСКАЯ;73.20;12300;49139538
5040086290;5559104;2024;МОСКОВСКАЯ;73.20;12300;52495704
7724933452;8800125;2022;МОСКВА;46.69;12300;46342722
7724933452;8800125;2023;МОСКВА;46.69;12300;49452872
7724933452;8800125;2024;МОСКВА;46.69;12300;51241973
1200002889;11697715;2022;МАРИЙ ЭЛ;43.21;12300;44397021
1200002889;11697715;2023;МАРИЙ ЭЛ;43.21;12300;48149884
1200002889;11697715;2024;МАРИЙ ЭЛ;43.21;12300;50951445
1831156986;7594673;2022;УДМУРТСКАЯ;43.21;12300;46099853
1831156986;7594673;2023;УДМУРТСКАЯ;43.21;12300;48799669
1831156986;7594673;2024;УДМУРТСКАЯ;43.21;12300;52337830
6612042992;8052584;2022;СВЕРДЛОВСКАЯ;56.10;12300;44004892
6612042992;8052584;2023;СВЕРДЛОВСКАЯ;56.10;12300;47182636
6612042992;8052584;2024;СВЕРДЛОВСКАЯ;56.10;12300;50099155
4633015481;475710;2022;КУРСКАЯ;71.20;12300;44494282
4633015481;475710;2023;КУРСКАЯ;71.20;12300;47758527
4633015481;475710;2024;КУРСКАЯ;71.20;12300;52628128
3906349149;10104164;2022;КАЛИНИНГРАДСКАЯ;49.41;12300;44582254
3906349149;10104164;2023;КАЛИНИНГРАДСКАЯ;49.41;12300;47347053
3906349149;10104164;2024;КАЛИНИНГРАДСКАЯ;49.41;12300;50530779
8901022646;4162497;2022;ЯМАЛО-НЕНЕЦКИЙ;47.11;12300;45124379
8901022646;4162497;2023;ЯМАЛО-НЕНЕЦКИЙ;47.11;12300;48347145
8901022646;4162497;2024;ЯМАЛО-НЕНЕЦКИЙ;47.11;12300;52323522
7604143340;4700093;2022;ЯРОСЛАВСКАЯ;86;12300;46082144
7604143340;4700093;2023;ЯРОСЛАВСКАЯ;86;12300;48686413
7604143340;4700093;2024;ЯРОСЛАВСКАЯ;86;12300;51613416
6670512157;11988492;2022;СВЕРДЛОВСКАЯ;62.01;12300;45773886
6670512157;11988492;2023;СВЕРДЛОВСКАЯ;62.01;12300;47890575
6670512157;11988492;2024;СВЕРДЛОВСКАЯ;62.01;12300;50155987
6027206810;11738605;2022;ПСКОВСКАЯ;68.10;12300;43998647
6027206810;11738605;2023;ПСКОВСКАЯ;68.10;12300;47725908
6027206810;11738605;2024;ПСКОВСКАЯ;68.10;12300;52125698
0411170249;8919513;2022;АЛТАЙ;47.52.3;12300;44935022
0411170249;8919513;2023;АЛТАЙ;47.52.3;12300;48398182
0411170249;8919513;2024;АЛТАЙ;47.52.3;12300;51598181
4102009120;6449029;2022;КАМЧАТСКИЙ;43.21;12300;45362231
4102009120;6449029;2023;КАМЧАТСКИЙ;43.21;12300;47334187
4102009120;6449029;2024;КАМЧАТСКИЙ;43.21;12300;51029439
3250507159;2758034;2022;БРЯНСКАЯ;56.10;12300;46224462
3250507159;2758034;2023;БРЯНСКАЯ;56.10;12300;48374528
3250507159;2758034;2024;БРЯНСКАЯ;56.10;12300;52252119
3706012846;6068584;2022;ИВАНОВСКАЯ;47.19;12300;45835745
3706012846;6068584;2023;ИВАНОВСКАЯ;47.19;12300;49193750
3706012846;6068584;2024;ИВАНОВСКАЯ;47.19;12300;51592089
8904088853;11070996;2022;ЯМАЛО-НЕНЕЦКИЙ;45.20;12300;46460874
8904088853;11070996;2023;ЯМАЛО-НЕНЕЦКИЙ;45.20;12300;49593970
8904088853;11070996;2024;ЯМАЛО-НЕНЕЦКИЙ;45.20;12300;52413975
2315164422;2791405;2022;КРАСНОДАРСКИЙ;23.63;12300;45779149
2315164422;2791405;2023;КРАСНОДАРСКИЙ;23.63;12300;48145492
2315164422;2791405;2024;КРАСНОДАРСКИЙ;23.63;12300;51941152
4253048547;11386592;2022;КЕМЕРОВСКАЯ ОБЛАСТЬ - КУЗБАСС;25.62;12300;46205488
4253048547;11386592;2023;КЕМЕРОВСКАЯ ОБЛАСТЬ - КУЗБАСС;25.62;12300;49350831
4253048547;11386592;2024;КЕМЕРОВСКАЯ ОБЛАСТЬ - КУЗБАСС;25.62;12300;51703021
9110014147;9234828;2022;КРЫМ;93.29.9;12300;45528594
9110014147;9234828;2023;КРЫМ;93.29.9;12300;48517681
9110014147;9234828;2024;КРЫМ;93.29.9;12300;51127676
7017197693;5527462;2022;ТОМСКАЯ;86.23;12300;46113311
7017197693;5527462;2023;ТОМСКАЯ;86.23;12300;48790654
7017197693;5527462;2024;ТОМСКАЯ;86.23;12300;51598815
6646013277;3159210;2022;СВЕРДЛОВСКАЯ;08.12.2;12300;45263603
6646013277;3159210;2023;СВЕРДЛОВСКАЯ;08.12.2;12300;49201623
6646013277;3159210;2024;СВЕРДЛОВСКАЯ;08.12.2;12300;52662693
2312137117;6463357;2022;КРАСНОДАРСКИЙ;46.90;12300;47055426
2312137117;6463357;2023;КРАСНОДАРСКИЙ;46.90;12300;48326324
2312137117;6463357;2024;КРАСНОДАРСКИЙ;46.90;12300;50831626
2014022865;11449817;2022;ЧЕЧЕНСКАЯ;71.20;12300;45650750
2014022865;11449817;2023;ЧЕЧЕНСКАЯ;71.20;12300;49693293
2014022865;11449817;2024;ЧЕЧЕНСКАЯ;71.20;12300;51854684
2721095771;6787930;2022;ХАБАРОВСКИЙ;86.23;12300;46183649
2721095771;6787930;2023;ХАБАРОВСКИЙ;86.23;12300;48798103
2721095771;6787930;2024;ХАБАРОВСКИЙ;86.23;12300;52267385
6949013981;8911255;2022;ТВЕРСКАЯ;10.51;12300;47166499
6949013981;8911255;2023;ТВЕРСКАЯ;10.51;12300;48024987
6949013981;8911255;2024;ТВЕРСКАЯ;10.51;12300;51262416
0601030240;11371822;2022;ИНГУШЕТИЯ;49.41;12300;45976598
0601030240;11371822;2023;ИНГУШЕТИЯ;49.41;12300;49508141
0601030240;11371822;2024;ИНГУШЕТИЯ;49.41;12300;50140020
5903143009;11127174;2022;ПЕРМСКИЙ;64.92;12300;46394027
5903143009;11127174;2023;ПЕРМСКИЙ;64.92;12300;48789334
5903143009;11127174;2024;ПЕРМСКИЙ;64.92;12300;52049843
3528287928;10681750;2022;ВОЛОГОДСКАЯ;46.74.1;12300;46269568
3528287928;10681750;2023;ВОЛОГОДСКАЯ;46.74.1;12300;47754285
3528287928;10681750;2024;ВОЛОГОДСКАЯ;46.74.1;12300;52257733
5262354278;10516119;2022;НИЖЕГОРОДСКАЯ;86.22;12300;45106446
5262354278;10516119;2023;НИЖЕГОРОДСКАЯ;86.22;12300;48227008
5262354278;10516119;2024;НИЖЕГОРОДСКАЯ;86.22;12300;50700013
5504214089;3701893;2022;ОМСКАЯ;56.10;12300;46522291
5504214089;3701893;2023;ОМСКАЯ;56.10;12300;49584814
5504214089;3701893;2024;ОМСКАЯ;56.10;12300;52585046
6321454504;10872485;2022;САМАРСКАЯ;46.74;12300;44635874
6321454504;10872485;2023;САМАРСКАЯ;46.74;12300;48039265
6321454504;10872485;2024;САМАРСКАЯ;46.74;12300;50727125
1656101702;10541196;2022;ТАТАРСТАН;49.41;12300;44411382
1656101702;10541196;2023;ТАТАРСТАН;49.41;12300;47445827
1656101702;10541196;2024;ТАТАРСТАН;49.41;12300;50341754
5045066498;11545329;2022;МОСКОВСКАЯ;69.10;12300;45879004
5045066498;11545329;2023;МОСКОВСКАЯ;69.10;12300;49134229
5045066498;11545329;2024;МОСКОВСКАЯ;69.10;12300;52534351
2222888060;11421843;2022;АЛТАЙСКИЙ;25.11;12300;45370952
2222888060;11421843;2023;АЛТАЙСКИЙ;25.11;12300;48202813
2222888060;11421843;2024;АЛТАЙСКИЙ;25.11;12300;51867789
3714084080;6036455;2022;ИВАНОВСКАЯ;86.23;12300;44759225
3714084080;6036455;2023;ИВАНОВСКАЯ;86.23;12300;48231967
3714084080;6036455;2024;ИВАНОВСКАЯ;86.23;12300;50880631
3257081913;11756681;2022;БРЯНСКАЯ;41.20;12300;45099142
3257081913;11756681;2023;БРЯНСКАЯ;41.20;12300;48533111
3257081913;11756681;2024;БРЯНСКАЯ;41.20;12300;51468436
4345282949;1747637;2022;КИРОВСКАЯ;68.20.2;12300;46565522
4345282949;1747637;2023;КИРОВСКАЯ;68.20.2;12300;49630996
4345282949;1747637;2024;КИРОВСКАЯ;68.20.2;12300;52111653
2450014720;776796;2022;КРАСНОЯРСКИЙ;25.11;12300;46557885
2450014720;776796;2023;КРАСНОЯРСКИЙ;25.11;12300;48755294
2450014720;776796;2024;КРАСНОЯРСКИЙ;25.11;12300;52328653
2543163555;11782786;2022;ПРИМОРСКИЙ;47.11;12300;45940668
2543163555;11782786;2023;ПРИМОРСКИЙ;47.11;12300;47365351
2543163555;11782786;2024;ПРИМОРСКИЙ;47.11;12300;51556470
7604255445;8333014;2022;ЯРОСЛАВСКАЯ;43.22;12300;44707246
7604255445;8333014;2023;ЯРОСЛАВСКАЯ;43.22;12300;47682399
7604255445;8333014;2024;ЯРОСЛАВСКАЯ;43.22;12300;50954345
3923002806;5777773;2022;КАЛИНИНГРАДСКАЯ;10.13;12300;44759654
3923002806;5777773;2023;КАЛИНИНГРАДСКАЯ;10.13.4;12300;47933256
3923002806;5777773;2024;КАЛИНИНГРАДСКАЯ;10.13.4;12300;50799216
7813271930;10113876;2022;САНКТ-ПЕТЕРБУРГ;55.10;12300;46531113
7813271930;10113876;2023;САНКТ-ПЕТЕРБУРГ;55.10;12300;49211128
7813271930;10113876;2024;САНКТ-ПЕТЕРБУРГ;55.10;12300;52409812
2634058290;5691505;2022;СТАВРОПОЛЬСКИЙ;95.11;12300;45948283
2634058290;5691505;2023;СТАВРОПОЛЬСКИЙ;62.01;12300;48297376
2634058290;5691505;2024;СТАВРОПОЛЬСКИЙ;62.01;12300;51757541
1326210809;1915997;2022;МОРДОВИЯ;62.02;12300;44954363
1326210809;1915997;2023;МОРДОВИЯ;62.02;12300;48306775
1326210809;1915997;2024;МОРДОВИЯ;62.02;12300;50963526
9702019922;11360493;2022;МОСКОВСКАЯ;41.20;12300;44518675
9702019922;11360493;2023;МОСКОВСКАЯ;41.20;12300;48130029
9702019922;11360493;2024;МОСКОВСКАЯ;41.20;12300;51307239
2207009412;7768653;2022;АЛТАЙСКИЙ;49.31.21;12267;47015818
2207009412;7768653;2023;АЛТАЙСКИЙ;49.31.21;12267;49818472
2207009412;7768653;2024;АЛТАЙСКИЙ;49.31.21;12267;52720977
1834046974;740805;2022;УДМУРТСКАЯ;86.90;12300;46585834
1834046974;740805;2023;УДМУРТСКАЯ;86.90;12300;49562963
1834046974;740805;2024;УДМУРТСКАЯ;86.90;12300;51783962
6164096623;6946123;2022;РОСТОВСКАЯ;69.20.1;12300;44323836
6164096623;6946123;2023;РОСТОВСКАЯ;69.20.1;12300;47345576
6164096623;6946123;2024;РОСТОВСКАЯ;69.20.1;12300;50347398
4501183391;7760103;2022;КУРГАНСКАЯ;43.34;12300;44843458
4501183391;7760103;2023;КУРГАНСКАЯ;43.34;12300;48201737
4501183391;7760103;2024;КУРГАНСКАЯ;43.34;12300;51938462
6658405720;291925;2022;СВЕРДЛОВСКАЯ;43.2;12300;44841787
6658405720;291925;2023;СВЕРДЛОВСКАЯ;43.2;12300;49099161
6658405720;291925;2024;СВЕРДЛОВСКАЯ;43.2;12300;51834809
2428004349;6372911;2022;КРАСНОЯРСКИЙ;47.11.1;12300;45134184
2428004349;6372911;2023;КРАСНОЯРСКИЙ;47.11.1;12300;48270726
2428004349;6372911;2024;КРАСНОЯРСКИЙ;47.11.1;12300;51391024
6817003899;931332;2022;ТАМБОВСКАЯ;47.25;12300;45538435
6817003899;931332;2023;ТАМБОВСКАЯ;47.25;12300;48600019
6817003899;931332;2024;ТАМБОВСКАЯ;47.25;12300;52728893
3460074737;10845996;2022;ВОЛГОГРАДСКАЯ;56.10;12300;46505415
3460074737;10845996;2023;ВОЛГОГРАДСКАЯ;56.10;12300;49751798
3460074737;10845996;2024;ВОЛГОГРАДСКАЯ;56.10;12300;52734452
3663130190;10372683;2022;ВОРОНЕЖСКАЯ;52.29;12300;47033286
3663130190;10372683;2023;ВОРОНЕЖСКАЯ;52.29;12300;47424825
3663130190;10372683;2024;ВОРОНЕЖСКАЯ;52.29;12300;50356506
0411174660;9552312;2022;АЛТАЙ;86.90.4;12300;46054260
0411174660;9552312;2023;АЛТАЙ;86.90.4;12300;49330423
0411174660;9552312;2024;АЛТАЙ;86.90.4;12300;52000544
9200008148;11753865;2022;СЕВАСТОПОЛЬ;46.73;12300;44189331
9200008148;11753865;2023;СЕВАСТОПОЛЬ;46.73;12300;47223002
9200008148;11753865;2024;СЕВАСТОПОЛЬ;46.73;12300;50936837
2457087942;11540483;2022;КРАСНОЯРСКИЙ;49.41;12300;45906110
2457087942;11540483;2023;КРАСНОЯРСКИЙ;49.41;12300;48781962
2457087942;11540483;2024;КРАСНОЯРСКИЙ;49.41;12300;52656742
3224005850;5671532;2022;БРЯНСКАЯ;25.62;12300;45240126
3224005850;5671532;2023;БРЯНСКАЯ;25.62;12300;47658088
3224005850;5671532;2024;БРЯНСКАЯ;25.62;12300;51961457
5038167819;11967913;2022;МОСКОВСКАЯ;46.41;12300;44751737
5038167819;11967913;2023;МОСКОВСКАЯ;46.41;12300;48869419
5038167819;11967913;2024;МОСКОВСКАЯ;46.41;12300;51290968
5401379586;8531993;2022;НОВОСИБИРСКАЯ;35.30.4;12300;45555417
5401379586;8531993;2023;НОВОСИБИРСКАЯ;35.30.4;12300;48612740
5401379586;8531993;2024;НОВОСИБИРСКАЯ;35.30;12300;51466636
5504167760;11547691;2022;ОМСКАЯ;56.10;12300;46386448
5504167760;11547691;2023;ОМСКАЯ;56.10;12300;49090721
5504167760;11547691;2024;ОМСКАЯ;56.10;12300;51646213
7715894060;1614820;2022;МОСКВА;45.32;12300;45897194
7715894060;1614820;2023;МОСКВА;45.32;12300;47818701
7715894060;1614820;2024;МОСКВА;45.32;12300;52585233
7530010328;1074195;2022;ЗАБАЙКАЛЬСКИЙ;68.20.2;12300;44532554
7530010328;1074195;2023;ЗАБАЙКАЛЬСКИЙ;68.20.2;12300;47968325
7530010328;1074195;2024;ЗАБАЙКАЛЬСКИЙ;68.20.2;12300;50231758
4205398020;11601172;2022;КЕМЕРОВСКАЯ ОБЛАСТЬ - КУЗБАСС;47.54;12300;45190396
4205398020;11601172;2023;КЕМЕРОВСКАЯ ОБЛАСТЬ - КУЗБАСС;47.54;12300;49016250
4205398020;11601172;2024;КЕМЕРОВСКАЯ ОБЛАСТЬ - КУЗБАСС;47.54;12300;51421738
7204101955;1994000;2022;ТЮМЕНСКАЯ;42.21;12300;46339201
7204101955;1994000;2023;ТЮМЕНСКАЯ;42.21;12300;49434902
7204101955;1994000;2024;ТЮМЕНСКАЯ;42.21;12300;51917262
2723031808;6800432;2022;ХАБАРОВСКИЙ;62.01;12300;44867232
2723031808;6800432;2023;ХАБАРОВСКИЙ;62.01;12300;48172801
2723031808;6800432;2024;ХАБАРОВСКИЙ;62.01;12300;50969084
3108007487;3596649;2022;БЕЛГОРОДСКАЯ;28.13;12300;46617749
3108007487;3596649;2023;БЕЛГОРОДСКАЯ;28.13;12300;49495107
3108007487;3596649;2024;БЕЛГОРОДСКАЯ;28.13;12300;52399181
6027087828;4996467;2022;ПСКОВСКАЯ;46.47;12300;45996740
6027087828;4996467;2023;ПСКОВСКАЯ;46.47;12300;48761439
6027087828;4996467;2024;ПСКОВСКАЯ;46.47;12300;51019599
6137004214;6960296;2022;РОСТОВСКАЯ;46.66;12300;45247050
6137004214;6960296;2023;РОСТОВСКАЯ;46.66;12300;47625575
6137004214;6960296;2024;РОСТОВСКАЯ;46.49.3;12300;51418280
7841440891;5357280;2022;САНКТ-ПЕТЕРБУРГ;56.10;12300;45832619
7841440891;5357280;2023;САНКТ-ПЕТЕРБУРГ;56.10;12300;48794255
7841440891;5357280;2024;САНКТ-ПЕТЕРБУРГ;56.10;12300;51178705
5504167632;11537580;2022;ОМСКАЯ;93.29;12300;47016862
5504167632;11537580;2023;ОМСКАЯ;93.29;12300;48607764
5504167632;11537580;2024;ОМСКАЯ;93.29;12300;50788440
2903011938;9771544;2022;АРХАНГЕЛЬСКАЯ;43.22;12300;45002527
2903011938;9771544;2023;АРХАНГЕЛЬСКАЯ;43.22;12300;48816813
2903011938;9771544;2024;АРХАНГЕЛЬСКАЯ;43.22;12300;52242102
3812140511;658988;2022;ИРКУТСКАЯ;42.11;12300;45506196
3812140511;658988;2023;ИРКУТСКАЯ;42.11;12300;47411654
3812140511;658988;2024;ИРКУТСКАЯ;42.11;12300;52414546
6612053225;10716959;2022;СВЕРДЛОВСКАЯ;41.20;12300;44415587
6612053225;10716959;2023;СВЕРДЛОВСКАЯ;41.20;12300;47485844
6612053225;10716959;2024;СВЕРДЛОВСКАЯ;41.20;12300;50181583
9723102829;11376657;2022;МОСКВА;56.10;12300;44358758
9723102829;11376657;2023;МОСКВА;56.10;12300;47182325
9723102829;11376657;2024;МОСКВА;56.10;12300;50132912
8901029779;9179299;2022;ЯМАЛО-НЕНЕЦКИЙ;82.99;12300;45958811
8901029779;9179299;2023;ЯМАЛО-НЕНЕЦКИЙ;82.99;12300;48465504
8901029779;9179299;2024;ЯМАЛО-НЕНЕЦКИЙ;82.99;12300;51498086
2511106843;10797598;2022;ПРИМОРСКИЙ;10.11;12300;44151115
2511106843;10797598;2023;ПРИМОРСКИЙ;10.11;12300;47239573
2511106843;10797598;2024;ПРИМОРСКИЙ;10.11;12300;50213076
6453140381;9201222;2022;САРАТОВСКАЯ;45.3;12300;46589931
6453140381;9201222;2023;САРАТОВСКАЯ;45.3;12300;48576205
6453140381;9201222;2024;САРАТОВСКАЯ;45.3;12300;51005521
7455011062;7656787;2022;ЧЕЛЯБИНСКАЯ;68.20.2;12300;46117887
7455011062;7656787;2023;ЧЕЛЯБИНСКАЯ;68.20.2;12300;49324365
7455011062;7656787;2024;ЧЕЛЯБИНСКАЯ;68.20.2;12300;51315357
4704111272;11864790;2022;ЛЕНИНГРАДСКАЯ;46.18;12300;47086719
4704111272;11864790;2023;ЛЕНИНГРАДСКАЯ;46.18;12300;49343357
4704111272;11864790;2024;ЛЕНИНГРАДСКАЯ;46.18;12300;52184908
1903027365;10458754;2022;ХАКАСИЯ;47.89.1;12300;46095124
1903027365;10458754;2023;ХАКАСИЯ;47.89.1;12300;48062942
1903027365;10458754;2024;ХАКАСИЯ;47.89.1;12300;51697718
7456018617;8130433;2022;ЧЕЛЯБИНСКАЯ;86.21;12300;45419990
7456018617;8130433;2023;ЧЕЛЯБИНСКАЯ;86.21;12300;47487159
7456018617;8130433;2024;ЧЕЛЯБИНСКАЯ;86.21;12300;51063753
2225167242;9592948;2022;АЛТАЙСКИЙ;28.30.8;12300;46621969
2225167242;9592948;2023;АЛТАЙСКИЙ;45.20;12300;49265894
2225167242;9592948;2024;АЛТАЙСКИЙ;45.20;12300;52446771
4401149291;8356206;2022;КОСТРОМСКАЯ;25.50;12300;45939259
4401149291;8356206;2023;КОСТРОМСКАЯ;25.50;12300;49373248
4401149291;8356206;2024;КОСТРОМСКАЯ;25.50;12300;50123678
6952040939;8463271;2022;ТВЕРСКАЯ;71.20;12300;47025560
6952040939;8463271;2023;ТВЕРСКАЯ;71.20;12300;49208270
6952040939;8463271;2024;ТВЕРСКАЯ;71.20;12300;52230007
3906997414;9928591;2022;КАЛИНИНГРАДСКАЯ;49.42;12300;45241505
3906997414;9928591;2023;КАЛИНИНГРАДСКАЯ;49.42;12300;48722695
3906997414;9928591;2024;КАЛИНИНГРАДСКАЯ;49.42;12300;50977018
3305797435;10320684;2022;ВЛАДИМИРСКАЯ;08.12;12300;45815431
3305797435;10320684;2023;ВЛАДИМИРСКАЯ;08.12;12300;48066080
3305797435;10320684;2024;ВЛАДИМИРСКАЯ;08.12;12300;50929345
6905077762;6461094;2022;ТВЕРСКАЯ;58.11;12300;45943317
6905077762;6461094;2023;ТВЕРСКАЯ;58.11;12300;48737962
6905077762;6461094;2024;ТВЕРСКАЯ;58.11;12300;51993183
6450106833;11046748;2022;САРАТОВСКАЯ;42.11;12300;46369331
6450106833;11046748;2023;САРАТОВСКАЯ;42.11;12300;49369794
6450106833;11046748;2024;САРАТОВСКАЯ;42.11;12300;52182492
4501139314;838026;2022;КУРГАНСКАЯ;56.10;12300;46587302
4501139314;838026;2023;КУРГАНСКАЯ;56.10;12300;49509385
4501139314;838026;2024;КУРГАНСКАЯ;56.10;12300;52201257
2305022034;3116562;2022;КРАСНОДАРСКИЙ;82.92;12300;45563932
2305022034;3116562;2023;КРАСНОДАРСКИЙ;82.92;12300;49505481
2305022034;3116562;2024;КРАСНОДАРСКИЙ;82.92;12300;52294079
2130112622;7658313;2022;ЧУВАШСКАЯ РЕСПУБЛИКА -;25.62;12300;45445294
2130112622;7658313;2023;ЧУВАШСКАЯ РЕСПУБЛИКА -;25.62;12300;47990679
2130112622;7658313;2024;ЧУВАШСКАЯ РЕСПУБЛИКА -;25.62;12300;51121010
3447030579;879902;2022;ВОЛГОГРАДСКАЯ;62.0;12300;46527818
3447030579;879902;2023;ВОЛГОГРАДСКАЯ;62.0;12300;49344312
3447030579;879902;2024;ВОЛГОГРАДСКАЯ;62.0;12300;52546974
4101121513;4189994;2022;КАМЧАТСКИЙ;42.11;12300;45692154
4101121513;4189994;2023;КАМЧАТСКИЙ;42.11;12300;49759042
4101121513;4189994;2024;КАМЧАТСКИЙ;42.11;12300;52723108
7704332622;9460766;2022;МОСКВА;60.10;12300;45771188
7704332622;9460766;2023;МОСКВА;60.10;12300;49490753
7704332622;9460766;2024;МОСКВА;60.10;12300;50651955
5320025035;8331152;2022;НОВГОРОДСКАЯ;86.10;12300;45182672
5320025035;8331152;2023;НОВГОРОДСКАЯ;86.10;12300;48522246
5320025035;8331152;2024;НОВГОРОДСКАЯ;86.10;12300;51415624
7728452816;10849187;2022;МОСКВА;68.20.2;12300;45654576
7728452816;10849187;2023;МОСКВА;46.90;12300;48041298
7728452816;10849187;2024;МОСКВА;46.90;12300;52379162
3525187989;6295048;2022;ВОЛОГОДСКАЯ;45.31;12300;46964993
3525187989;6295048;2023;ВОЛОГОДСКАЯ;45.31;12300;49343191
3525187989;6295048;2024;ВОЛОГОДСКАЯ;45.31;12300;52247487
6516007924;3920443;2022;САХАЛИНСКАЯ;41.2;12300;45809205
6516007924;3920443;2023;САХАЛИНСКАЯ;41.2;12300;48884094
6516007924;3920443;2024;САХАЛИНСКАЯ;41.20;12300;52623283
4414001743;7394533;2022;КОСТРОМСКАЯ;86.23;12300;45803199
4414001743;7394533;2023;КОСТРОМСКАЯ;86.23;12300;48865849
4414001743;7394533;2024;КОСТРОМСКАЯ;86.23;12300;52045419
3123421928;10368975;2022;БЕЛГОРОДСКАЯ;47.73;12300;44051250
3123421928;10368975;2023;БЕЛГОРОДСКАЯ;47.73;12300;47646508
3123421928;10368975;2024;БЕЛГОРОДСКАЯ;47.73;12300;50187717
7204033342;7027406;2022;ТЮМЕНСКАЯ;71.11.1;12300;45556871
7204033342;7027406;2023;ТЮМЕНСКАЯ;68.20.1;12300;48361181
7204033342;7027406;2024;ТЮМЕНСКАЯ;68.20.1;12300;50674168
5720020715;7995033;2022;ОРЛОВСКАЯ;01.50;12300;46197069
5720020715;7995033;2023;ОРЛОВСКАЯ;01.50;12300;49577203
5720020715;7995033;2024;ОРЛОВСКАЯ;01.50;12300;52361533
9718151877;11231736;2022;МОСКВА;41.20;12300;45087588
9718151877;11231736;2023;МОСКВА;41.20;12300;48347607
9718151877;11231736;2024;МОСКВА;41.20;12300;51965586
6901012394;3247723;2022;ТВЕРСКАЯ;86.90.9;12300;45890957
6901012394;3247723;2023;ТВЕРСКАЯ;86.90.9;12300;49161132
6901012394;3247723;2024;ТВЕРСКАЯ;86.90.9;12300;51947383
7326025155;3507296;2022;УЛЬЯНОВСКАЯ;73.1;12300;45770579
7326025155;3507296;2023;УЛЬЯНОВСКАЯ;73.1;12300;48022382
7326025155;3507296;2024;УЛЬЯНОВСКАЯ;73.1;12300;51621390
0400019687;11840714;2022;АЛТАЙ;46.71;12300;45715060
0400019687;11840714;2023;АЛТАЙ;69.10;12300;49357247
0400019687;11840714;2024;АЛТАЙ;69.10;12300;52263022
8904091912;11709418;2022;ЯМАЛО-НЕНЕЦКИЙ;49.39;12300;44495199
8904091912;11709418;2023;ЯМАЛО-НЕНЕЦКИЙ;49.39;12300;48141642
8904091912;11709418;2024;ЯМАЛО-НЕНЕЦКИЙ;49.39;12300;52372296
2502066841;11737790;2022;ПРИМОРСКИЙ;68.32.1;12300;46632624
2502066841;11737790;2023;ПРИМОРСКИЙ;68.32.1;12300;48703020
2502066841;11737790;2024;ПРИМОРСКИЙ;68.32.1;12300;52921631
5022001840;4117957;2022;МОСКОВСКАЯ;42.22;12300;45215220
5022001840;4117957;2023;МОСКОВСКАЯ;42.22;12300;48811779
5022001840;4117957;2024;МОСКОВСКАЯ;42.22;12300;51229050
2901246290;8435416;2022;АРХАНГЕЛЬСКАЯ;49.31.2;12300;46544273
2901246290;8435416;2023;АРХАНГЕЛЬСКАЯ;49.31.2;12300;49210076
2901246290;8435416;2024;АРХАНГЕЛЬСКАЯ;49.31.2;12300;52584835
0800000360;11642127;2022;КАЛМЫКИЯ;62.01;12300;44306827
0800000360;11642127;2023;КАЛМЫКИЯ;62.01;12300;47427752
0800000360;11642127;2024;КАЛМЫКИЯ;62.01;12300;50776244
6829124619;9872084;2022;ТАМБОВСКАЯ;46.73;12300;46961129
6829124619;9872084;2023;ТАМБОВСКАЯ;42.11;12300;49698129
6829124619;9872084;2024;ТАМБОВСКАЯ;42.11;12300;52572150
6623091455;7870519;2022;СВЕРДЛОВСКАЯ;73.11;12300;46026980
6623091455;7870519;2023;СВЕРДЛОВСКАЯ;73.11;12300;48758820
6623091455;7870519;2024;СВЕРДЛОВСКАЯ;73.11;12300;51727390
7017455721;10916648;2022;ТОМСКАЯ;42.11;12300;45738295
7017455721;10916648;2023;ТОМСКАЯ;42.11;12300;49991394
7017455721;10916648;2024;ТОМСКАЯ;42.11;12300;52754916
9729273309;10737612;2022;МОСКВА;46.45;12300;46964973
9729273309;10737612;2023;МОСКВА;46.45;12300;48653831
9729273309;10737612;2024;МОСКВА;46.45;12300;52753575
0261019599;7371551;2022;БАШКОРТОСТАН;22.23;12300;45308286
0261019599;7371551;2023;БАШКОРТОСТАН;22.23;12300;48400422
0261019599;7371551;2024;БАШКОРТОСТАН;22.23;12300;51339664
3102037710;9792860;2022;БЕЛГОРОДСКАЯ;52.29;12300;45525122
3102037710;9792860;2023;БЕЛГОРОДСКАЯ;27.12;12300;49277041
3102037710;9792860;2024;БЕЛГОРОДСКАЯ;27.12;12300;52730085
6234078638;4739972;2022;РЯЗАНСКАЯ;42.21;12300;45777965
6234078638;4739972;2023;РЯЗАНСКАЯ;42.21;12300;48473499
6234078638;4739972;2024;РЯЗАНСКАЯ;42.21;12300;50420409
2466169990;9660649;2022;КРАСНОЯРСКИЙ;86.21;12300;44381238
2466169990;9660649;2023;КРАСНОЯРСКИЙ;86.21;12300;48338095
2466169990;9660649;2024;КРАСНОЯРСКИЙ;86.21;12300;51499858
1901140453;10910215;2022;ХАКАСИЯ;73.12;12300;44348474
1901140453;10910215;2023;ХАКАСИЯ;73.12;12300;48086055
1901140453;10910215;2024;ХАКАСИЯ;71.12;12300;51270255
2721192503;1363512;2022;ХАБАРОВСКИЙ;25.11;12300;44003669
2721192503;1363512;2023;ХАБАРОВСКИЙ;25.11;12300;47673236
2721192503;1363512;2024;ХАБАРОВСКИЙ;25.11;12300;50473981
2401000587;1524874;2022;КРАСНОЯРСКИЙ;01.11.1;12300;44917927
2401000587;1524874;2023;КРАСНОЯРСКИЙ;01.11.1;12300;48791309
2401000587;1524874;2024;КРАСНОЯРСКИЙ;01.11.1;12300;50681499
3250064644;5621299;2022;БРЯНСКАЯ;41.20;12300;45318504
3250064644;5621299;2023;БРЯНСКАЯ;41.20;12300;48541270
3250064644;5621299;2024;БРЯНСКАЯ;41.20;12300;50436995
4704086058;5251945;2022;ЛЕНИНГРАДСКАЯ;49.41.2;12300;45822999
4704086058;5251945;2023;ЛЕНИНГРАДСКАЯ;49.41.2;12300;49226932
4704086058;5251945;2024;ЛЕНИНГРАДСКАЯ;49.41.2;12300;51838599
3301036567;11071984;2022;ВЛАДИМИРСКАЯ;49.41;12300;45122034
3301036567;11071984;2023;ВЛАДИМИРСКАЯ;49.41;12300;49095828
3301036567;11071984;2024;ВЛАДИМИРСКАЯ;49.41;12300;50831873
3663144443;11127522;2022;ВОРОНЕЖСКАЯ;46.73;12300;46363644
3663144443;11127522;2023;ВОРОНЕЖСКАЯ;46.73;12300;49386490
3663144443;11127522;2024;ВОРОНЕЖСКАЯ;46.73;12300;51943179
5406816991;11709158;2022;НОВОСИБИРСКАЯ;56.10;12300;44062921
5406816991;11709158;2023;НОВОСИБИРСКАЯ;56.10;12300;48129584
5406816991;11709158;2024;НОВОСИБИРСКАЯ;56.10;12300;50608337
3102635478;8626478;2022;БЕЛГОРОДСКАЯ;86.23;12300;44417247
3102635478;8626478;2023;БЕЛГОРОДСКАЯ;86.23;12300;48256179
3102635478;8626478;2024;БЕЛГОРОДСКАЯ;86.23;12300;50255566
1718002581;10029113;2022;ТЫВА;47.30;12300;45607689
1718002581;10029113;2023;ТЫВА;47.30;12300;48638017
1718002581;10029113;2024;ТЫВА;47.30;12300;51623197
3849089283;11869763;2022;ИРКУТСКАЯ;72.19;12300;45370453
3849089283;11869763;2023;ИРКУТСКАЯ;72.19;12300;47605201
3849089283;11869763;2024;ИРКУТСКАЯ;71.20;12300;51560582
5612174718;11295793;2022;ОРЕНБУРГСКАЯ;86.90.9;12300;45541593
5612174718;11295793;2023;ОРЕНБУРГСКАЯ;86.90.9;12300;49546696
5612174718;11295793;2024;ОРЕНБУРГСКАЯ;86.90.9;12300;52247934
0510011105;8404915;2022;ДАГЕСТАН;69.20.2;12300;44836572
0510011105;8404915;2023;ДАГЕСТАН;69.20.2;12300;48026190
0510011105;8404915;2024;ДАГЕСТАН;69.20.2;12300;51061903
4217140882;942760;2022;КЕМЕРОВСКАЯ ОБЛАСТЬ - КУЗБАСС;42.21;12300;46194984
4217140882;942760;2023;КЕМЕРОВСКАЯ ОБЛАСТЬ - КУЗБАСС;42.21;12300;49512710
4217140882;942760;2024;КЕМЕРОВСКАЯ ОБЛАСТЬ - КУЗБАСС;42.21;12300;52072628
7203412676;10137342;2022;ТЮМЕНСКАЯ;56.10;12300;46533455
7203412676;10137342;2023;ТЮМЕНСКАЯ;56.10;12300;49649665
7203412676;10137342;2024;ТЮМЕНСКАЯ;56.10;12300;51582840
4715000849;1950345;2022;ЛЕНИНГРАДСКАЯ;42.21;12300;46131195
4715000849;1950345;2023;ЛЕНИНГРАДСКАЯ;42.21;12300;49524519
4715000849;1950345;2024;ЛЕНИНГРАДСКАЯ;42.21;12300;52226145
1004004865;9248995;2022;КАРЕЛИЯ;56.10;12300;45078375
1004004865;9248995;2023;КАРЕЛИЯ;56.10;12300;49559129
1004004865;9248995;2024;КАРЕЛИЯ;56.10;12300;52447757
5249131956;8342330;2022;НИЖЕГОРОДСКАЯ;46.38.21;12300;44052290
5249131956;8342330;2023;НИЖЕГОРОДСКАЯ;46.38.21;12300;47987065
5249131956;8342330;2024;НИЖЕГОРОДСКАЯ;46.38.21;12300;52217783
6827022516;2022404;2022;ТАМБОВСКАЯ;69.10;12300;44756310
6827022516;2022404;2023;ТАМБОВСКАЯ;69;12300;48545532
6827022516;2022404;2024;ТАМБОВСКАЯ;69.10;12300;51415964
7903528355;1854102;2022;ЕВРЕЙСКАЯ;47.25.1;12300;45806884
7903528355;1854102;2023;ЕВРЕЙСКАЯ;47.25.1;12300;49012295
7903528355;1854102;2024;ЕВРЕЙСКАЯ;47.25.1;12300;52142695
0411131056;24809;2022;АЛТАЙ;47.1;12300;45377566
0411131056;24809;2023;АЛТАЙ;47.1;12300;48908243
0411131056;24809;2024;АЛТАЙ;47.1;12300;52289422
1657239975;10353866;2022;ТАТАРСТАН;93.19;12300;45982449
1657239975;10353866;2023;ТАТАРСТАН;93.19;12300;49101663
1657239975;10353866;2024;ТАТАРСТАН;93.19;12300;52325496
7904001233;3992039;2022;ЕВРЕЙСКАЯ;68.20.2;12300;44767106
7904001233;3992039;2023;ЕВРЕЙСКАЯ;68.20.2;12300;48842266
7904001233;3992039;2024;ЕВРЕЙСКАЯ;68.20.2;12300;52669044
7814293711;9482558;2022;САНКТ-ПЕТЕРБУРГ;46.90;12300;44140093
7814293711;9482558;2023;САНКТ-ПЕТЕРБУРГ;46.90;12300;47331884
7814293711;9482558;2024;САНКТ-ПЕТЕРБУРГ;46.90;12300;51351404
7721713850;3316484;2022;МОСКВА;86;12300;45878363
7721713850;3316484;2023;МОСКВА;86;12300;48453089
7721713850;3316484;2024;МОСКВА;86;12300;51637059
7604377130;11615874;2022;ЯРОСЛАВСКАЯ;68.32;12300;43998656
7604377130;11615874;2023;ЯРОСЛАВСКАЯ;68.32;12300;47743881
7604377130;11615874;2024;ЯРОСЛАВСКАЯ;68.32;12300;50648227
5918215810;9976155;2022;ПЕРМСКИЙ;86.23;12300;44437129
5918215810;9976155;2023;ПЕРМСКИЙ;86.23;12300;47868118
5918215810;9976155;2024;ПЕРМСКИЙ;86.23;12300;50711863
5257212253;12050295;2022;НИЖЕГОРОДСКАЯ;47.91.2;12300;44357225
5257212253;12050295;2023;НИЖЕГОРОДСКАЯ;47.91.2;12300;49718177
5257212253;12050295;2024;НИЖЕГОРОДСКАЯ;47.91.2;12300;52402428
7718192654;6671229;2022;МОСКВА;41.20;12300;44487507
7718192654;6671229;2023;МОСКВА;41.20;12300;49565408
7718192654;6671229;2024;МОСКВА;41.20;12300;51169686
7701989917;7770372;2022;МОСКВА;47.71.1;12300;45732914
7701989917;7770372;2023;МОСКВА;47.71.1;12300;48905291
7701989917;7770372;2024;МОСКВА;47.71.1;12300;51484711
0300003644;11797540;2022;БУРЯТИЯ;49.31.21;12300;44353346
0300003644;11797540;2023;БУРЯТИЯ;49.31.21;12300;48295279
0300003644;11797540;2024;БУРЯТИЯ;49.31.21;12300;52787366
3662112760;5588706;2022;ВОРОНЕЖСКАЯ;41.20;12300;46596925
3662112760;5588706;2023;ВОРОНЕЖСКАЯ;41.20;12300;48744531
3662112760;5588706;2024;ВОРОНЕЖСКАЯ;41.20;12300;52407664
3666120151;622133;2022;ВОРОНЕЖСКАЯ;73.20;12300;45972846
3666120151;622133;2023;ВОРОНЕЖСКАЯ;73.20.2;12300;48383584
3666120151;622133;2024;ВОРОНЕЖСКАЯ;73.20.2;12300;50561866
7329033411;11308046;2022;УЛЬЯНОВСКАЯ;93.29;12300;44093464
7329033411;11308046;2023;УЛЬЯНОВСКАЯ;68.20;12300;47387348
7329033411;11308046;2024;УЛЬЯНОВСКАЯ;68.20;12300;50156636
6166049001;6122147;2022;РОСТОВСКАЯ;43.99;12300;46135803
6166049001;6122147;2023;РОСТОВСКАЯ;43.99;12300;49092669
6166049001;6122147;2024;РОСТОВСКАЯ;43.99;12300;51175011
4202054951;11618640;2022;КЕМЕРОВСКАЯ ОБЛАСТЬ - КУЗБАСС;49.41;12300;45003334
4202054951;11618640;2023;КЕМЕРОВСКАЯ ОБЛАСТЬ - КУЗБАСС;49.41;12300;47198367
4202054951;11618640;2024;КЕМЕРОВСКАЯ ОБЛАСТЬ - КУЗБАСС;49.41;12300;50231769
3123194954;4493014;2022;БЕЛГОРОДСКАЯ;25.11;12300;45573975
3123194954;4493014;2023;БЕЛГОРОДСКАЯ;25.11;12300;48751541
3123194954;4493014;2024;БЕЛГОРОДСКАЯ;25.11;12300;51477909
2223040314;5241261;2022;АЛТАЙСКИЙ;43.3;12300;45827303
2223040314;5241261;2023;АЛТАЙСКИЙ;43.3;12300;50021292
2223040314;5241261;2024;АЛТАЙСКИЙ;43.3;12300;52658726
2302060987;813230;2022;КРАСНОДАРСКИЙ;70.22;12300;45101802
2302060987;813230;2023;КРАСНОДАРСКИЙ;70.22;12300;48847103
2302060987;813230;2024;КРАСНОДАРСКИЙ;70.22;12300;51981056
2322022965;7125975;2022;КРАСНОДАРСКИЙ;43.11;12300;44031035
2322022965;7125975;2023;КРАСНОДАРСКИЙ;43.11;12300;47172158
2322022965;7125975;2024;КРАСНОДАРСКИЙ;43.11;12300;50105093
2727010044;6812440;2022;ХАБАРОВСКИЙ;43.22;12300;44239292
2727010044;6812440;2023;ХАБАРОВСКИЙ;43.22;12300;47498787
2727010044;6812440;2024;ХАБАРОВСКИЙ;43.22;12300;50732983
7604368583;11371093;2022;ЯРОСЛАВСКАЯ;49.41;12300;44449378
7604368583;11371093;2023;ЯРОСЛАВСКАЯ;49.41;12300;47619176
7604368583;11371093;2024;ЯРОСЛАВСКАЯ;49.41;12300;50349016
2308238521;9965395;2022;КРАСНОДАРСКИЙ;93.19;12300;44253113
2308238521;9965395;2023;КРАСНОДАРСКИЙ;93.19;12300;47470505
2308238521;9965395;2024;КРАСНОДАРСКИЙ;93.19;12300;50560146
6439047944;6295846;2022;САРАТОВСКАЯ;49.10;12300;45374622
6439047944;6295846;2023;САРАТОВСКАЯ;49.10;12300;48069705
6439047944;6295846;2024;САРАТОВСКАЯ;49.10;12300;50743722
1319110722;5061395;2022;МОРДОВИЯ;01.50;12300;46321489
1319110722;5061395;2023;МОРДОВИЯ;01.50;12300;49316883
1319110722;5061395;2024;МОРДОВИЯ;01.50;12300;52419010
6727034807;11262917;2022;СМОЛЕНСКАЯ;72.19;12300;45525765
6727034807;11262917;2023;СМОЛЕНСКАЯ;72.19;12300;47147343
6727034807;11262917;2024;СМОЛЕНСКАЯ;72.19;12300;52720325
7713429243;10113830;2022;МОСКВА;46.47.2;12300;45599746
7713429243;10113830;2023;МОСКВА;46.47.2;12300;49048731
7713429243;10113830;2024;МОСКВА;46.47.2;12300;51974352
2015006062;10231958;2022;ЧЕЧЕНСКАЯ;86.90;12300;44131872
2015006062;10231958;2023;ЧЕЧЕНСКАЯ;86.90;12300;47793505
2015006062;10231958;2024;ЧЕЧЕНСКАЯ;86.90;12300;51611943
7203187903;6391317;2022;ТЮМЕНСКАЯ;80.10;12300;45947858
7203187903;6391317;2023;ТЮМЕНСКАЯ;80.10;12300;48813758
7203187903;6391317;2024;ТЮМЕНСКАЯ;80.10;12300;52240350
6452133889;10707145;2022;САРАТОВСКАЯ;71.12.7;12300;43994125
6452133889;10707145;2023;САРАТОВСКАЯ;71.12.7;12300;47224155
6452133889;10707145;2024;САРАТОВСКАЯ;71.12.7;12300;50617013
4501156687;1597909;2022;КУРГАНСКАЯ;86.10;12300;44402451
4501156687;1597909;2023;КУРГАНСКАЯ;86.10;12300;48323703
4501156687;1597909;2024;КУРГАНСКАЯ;86.10;12300;51850563
1841021265;1624677;2022;УДМУРТСКАЯ;69.20.2;12300;45198668
1841021265;1624677;2023;УДМУРТСКАЯ;69.20.2;12300;48217581
1841021265;1624677;2024;УДМУРТСКАЯ;69.20.2;12300;51547754
2225196268;10807268;2022;АЛТАЙСКИЙ;41.20;12300;44529150
2225196268;10807268;2023;АЛТАЙСКИЙ;41.20;12300;47356621
2225196268;10807268;2024;АЛТАЙСКИЙ;41.20;12300;50283589
3666262043;11707760;2022;ВОРОНЕЖСКАЯ;42.11;12300;45608624
3666262043;11707760;2023;ВОРОНЕЖСКАЯ;42.11;12300;48382106
3666262043;11707760;2024;ВОРОНЕЖСКАЯ;42.11;12300;50563045
3827062697;11272330;2022;ИРКУТСКАЯ;43.99;12300;45053823
3827062697;11272330;2023;ИРКУТСКАЯ;43.99;12300;48109535
3827062697;11272330;2024;ИРКУТСКАЯ;43.99;12300;51037750
0400012709;11173361;2022;АЛТАЙ;86.21;12300;44225443
0400012709;11173361;2023;АЛТАЙ;86.21;12300;47419405
0400012709;11173361;2024;АЛТАЙ;86.21;12300;50320002
9204573422;11121740;2022;БЕЛГОРОДСКАЯ;69.10;12300;45524018
9204573422;11121740;2023;БЕЛГОРОДСКАЯ;69.10;12300;48258329
9204573422;11121740;2024;БЕЛГОРОДСКАЯ;69.10;12300;51497833
6501151347;1537710;2022;САХАЛИНСКАЯ;81.29.2;12300;47023685
6501151347;1537710;2023;САХАЛИНСКАЯ;41.20;12300;49295789
6501151347;1537710;2024;САХАЛИНСКАЯ;41.20;12300;51210433
7708322953;10315391;2022;МОСКВА;68.20;12300;44737886
7708322953;10315391;2023;МОСКВА;68.20;12300;47813539
7708322953;10315391;2024;МОСКВА;68.20;12300;50435547
6730003943;3276705;2022;СМОЛЕНСКАЯ;71.12;12300;45243974
6730003943;3276705;2023;СМОЛЕНСКАЯ;71.12;12300;48057763
6730003943;3276705;2024;СМОЛЕНСКАЯ;71.12;12300;52396849
4401052109;226083;2022;КОСТРОМСКАЯ;42.21;12300;46259043
4401052109;226083;2023;КОСТРОМСКАЯ;42.21;12300;49676363
4401052109;226083;2024;КОСТРОМСКАЯ;42.21;12300;51542288
1701059854;10321605;2022;ТЫВА;73.11;12300;45394065
1701059854;10321605;2023;ТЫВА;73.11;12300;48136876
1701059854;10321605;2024;ТЫВА;41.20;12300;52273958
8604035177;2221621;2022;ХАНТЫ-МАНСИЙСКИЙ АВТОНОМНЫЙ ОКРУГ - ЮГРА;42.99;12300;44806214
8604035177;2221621;2023;ХАНТЫ-МАНСИЙСКИЙ АВТОНОМНЫЙ ОКРУГ - ЮГРА;42.99;12300;48731775
8604035177;2221621;2024;ХАНТЫ-МАНСИЙСКИЙ АВТОНОМНЫЙ ОКРУГ - ЮГРА;42.99;12300;50891408
3019028559;11360547;2022;АСТРАХАНСКАЯ;62.09;12300;44057301
3019028559;11360547;2023;АСТРАХАНСКАЯ;62.09;12300;48656404
3019028559;11360547;2024;АСТРАХАНСКАЯ;62.09;12300;52201333
1513039894;7765386;2022;СЕВЕРНАЯ ОСЕТИЯ - АЛАНИЯ;62.01;12300;44054817
1513039894;7765386;2023;СЕВЕРНАЯ ОСЕТИЯ - АЛАНИЯ;62.01;12300;47346017
1513039894;7765386;2024;СЕВЕРНАЯ ОСЕТИЯ - АЛАНИЯ;62.01;12300;51074133
6102040211;2319393;2022;РОСТОВСКАЯ;41.20;12300;45205111
6102040211;2319393;2023;РОСТОВСКАЯ;41.20;12300;48019869
6102040211;2319393;2024;РОСТОВСКАЯ;41.20;12300;50373573
7731367889;10235358;2022;МОСКВА;71.12;12300;46198528
7731367889;10235358;2023;МОСКВА;71.12;12300;49412330
7731367889;10235358;2024;МОСКВА;71.12;12300;52425882
1841104680;11848687;2022;УДМУРТСКАЯ;73.11;12300;44127670
1841104680;11848687;2023;УДМУРТСКАЯ;73.11;12300;48285012
1841104680;11848687;2024;УДМУРТСКАЯ;73.11;12300;51345250
5262107455;2484830;2022;НИЖЕГОРОДСКАЯ;71.1;12300;44568986
5262107455;2484830;2023;НИЖЕГОРОДСКАЯ;71.1;12300;48042390
5262107455;2484830;2024;НИЖЕГОРОДСКАЯ;71.1;12300;50841658
5905292091;638610;2022;ПЕРМСКИЙ;41.20;12300;45567219
5905292091;638610;2023;ПЕРМСКИЙ;41.20;12300;47623586
5905292091;638610;2024;ПЕРМСКИЙ;41.20;12300;51553569
5017090146;5115711;2022;МОСКОВСКАЯ;68.32;12300;44702890
5017090146;5115711;2023;МОСКОВСКАЯ;68.32;12300;47320925
5017090146;5115711;2024;МОСКОВСКАЯ;68.32;12300;50490708
3123134264;5860352;2022;БЕЛГОРОДСКАЯ;41.20;12300;46602002
3123134264;5860352;2023;БЕЛГОРОДСКАЯ;41.20;12300;49712755
3123134264;5860352;2024;БЕЛГОРОДСКАЯ;41.20;12300;52687407
8602304385;11700416;2022;ХАНТЫ-МАНСИЙСКИЙ АВТОНОМНЫЙ ОКРУГ - ЮГРА;43.29;12300;45233910
8602304385;11700416;2023;ХАНТЫ-МАНСИЙСКИЙ АВТОНОМНЫЙ ОКРУГ - ЮГРА;43.29;12300;49871114
8602304385;11700416;2024;ХАНТЫ-МАНСИЙСКИЙ АВТОНОМНЫЙ ОКРУГ - ЮГРА;43.29;12300;51508466
7123009976;7022750;2022;ТУЛЬСКАЯ;13.92;12300;44629208
7123009976;7022750;2023;ТУЛЬСКАЯ;13.92;12300;48382738
7123009976;7022750;2024;ТУЛЬСКАЯ;13.92;12300;51191532
4823058370;8318884;2022;ЛИПЕЦКАЯ;33.20;12300;44422902
4823058370;8318884;2023;ЛИПЕЦКАЯ;62.03;12300;47483887
4823058370;8318884;2024;ЛИПЕЦКАЯ;62.03;12300;50994480
3602011615;2336628;2022;ВОРОНЕЖСКАЯ;56.10;12300;46132545
3602011615;2336628;2023;ВОРОНЕЖСКАЯ;56.10;12300;48189881
3602011615;2336628;2024;ВОРОНЕЖСКАЯ;56.10;12300;51224236
2461204264;2620213;2022;КРАСНОЯРСКИЙ;62.01;12300;45645476
2461204264;2620213;2023;КРАСНОЯРСКИЙ;62.01;12300;49598174
2461204264;2620213;2024;КРАСНОЯРСКИЙ;62.01;12300;52361536
9705035030;9166884;2022;МОСКВА;68.20;12300;46208046
9705035030;9166884;2023;МОСКВА;68.20;12300;48818424
9705035030;9166884;2024;МОСКВА;68.20;12300;51812610
7153000339;11379708;2022;ТУЛЬСКАЯ;56.10;12300;44300459
7153000339;11379708;2023;ТУЛЬСКАЯ;56.10;12300;47184302
7153000339;11379708;2024;ТУЛЬСКАЯ;56.10;12300;50777306
7727479653;11732347;2022;МОСКВА;86.21;12300;45350663
7727479653;11732347;2023;МОСКВА;47.75;12300;48604335
7727479653;11732347;2024;МОСКВА;47.75;12300;52461995
7447237066;8384528;2022;ЧЕЛЯБИНСКАЯ;68.31.2;12300;44643796
7447237066;8384528;2023;ЧЕЛЯБИНСКАЯ;68.31.2;12300;47669979
7447237066;8384528;2024;ЧЕЛЯБИНСКАЯ;68.31.2;12300;50583506
4101100150;4375518;2022;КАМЧАТСКИЙ;42.11;12300;45110681
4101100150;4375518;2023;КАМЧАТСКИЙ;42.11;12300;49729059
4101100150;4375518;2024;КАМЧАТСКИЙ;42.11;12300;52132245
2508066904;1150002;2022;ПРИМОРСКИЙ;56.10;12300;47002369
2508066904;1150002;2023;ПРИМОРСКИЙ;56.10;12300;47262459
2508066904;1150002;2024;ПРИМОРСКИЙ;56.10;12300;50149143
4825051677;6119932;2022;ЛИПЕЦКАЯ;56.10;12300;44829917
4825051677;6119932;2023;ЛИПЕЦКАЯ;56.10;12300;47476032
4825051677;6119932;2024;ЛИПЕЦКАЯ;56.10;12300;50332828
8606009119;1274675;2022;ХАНТЫ-МАНСИЙСКИЙ АВТОНОМНЫЙ ОКРУГ - ЮГРА;42.21;12300;45767356
8606009119;1274675;2023;ХАНТЫ-МАНСИЙСКИЙ АВТОНОМНЫЙ ОКРУГ - ЮГРА;43.99;12300;48349812
8606009119;1274675;2024;ХАНТЫ-МАНСИЙСКИЙ АВТОНОМНЫЙ ОКРУГ - ЮГРА;43.99;12300;52175223
6165211452;10514166;2022;РОСТОВСКАЯ;27.90;12300;46999351
6165211452;10514166;2023;РОСТОВСКАЯ;27.90;12300;49864369
6165211452;10514166;2024;РОСТОВСКАЯ;27.90;12300;50918430
1516622141;1120214;2022;СЕВЕРНАЯ ОСЕТИЯ - АЛАНИЯ;42.11;12300;44818581
1516622141;1120214;2023;СЕВЕРНАЯ ОСЕТИЯ - АЛАНИЯ;42.11;12300;48225631
1516622141;1120214;2024;СЕВЕРНАЯ ОСЕТИЯ - АЛАНИЯ;42.11;12300;50697260
2703099396;11053695;2022;ХАБАРОВСКИЙ;52.29;12300;44783462
2703099396;11053695;2023;ХАБАРОВСКИЙ;52.29;12300;47273996
2703099396;11053695;2024;ХАБАРОВСКИЙ;52.29;12300;50467243
5917003509;9937480;2022;ПЕРМСКИЙ;69.20;12300;46077894
5917003509;9937480;2023;ПЕРМСКИЙ;69.20;12300;48888279
5917003509;9937480;2024;ПЕРМСКИЙ;69.20;12300;52412628
5110005434;9348425;2022;МУРМАНСКАЯ;11.07;12300;45502634
5110005434;9348425;2023;МУРМАНСКАЯ;11.07;12300;48494466
5110005434;9348425;2024;МУРМАНСКАЯ;11.07;12300;50725965
1831207285;11955100;2022;УДМУРТСКАЯ;41.20;12300;44596407
1831207285;11955100;2023;УДМУРТСКАЯ;41.20;12300;47564188
1831207285;11955100;2024;УДМУРТСКАЯ;41.20;12300;50518020
2715006533;11185396;2022;ХАБАРОВСКИЙ;70.22;12300;44823180
2715006533;11185396;2023;ХАБАРОВСКИЙ;70.22;12300;48888932
2715006533;11185396;2024;ХАБАРОВСКИЙ;70.22;12300;51878684
5032075054;4070533;2022;МОСКОВСКАЯ;68.20;12300;44850652
5032075054;4070533;2023;МОСКОВСКАЯ;68.20;12300;47951716
5032075054;4070533;2024;МОСКОВСКАЯ;68.20;12300;51648781
5050135789;10485610;2022;МОСКОВСКАЯ;93.11;12300;44856546
5050135789;10485610;2023;МОСКОВСКАЯ;93.11;12300;48755004
5050135789;10485610;2024;МОСКОВСКАЯ;93.11;12300;50851585
7017407870;9881186;2022;ТОМСКАЯ;68.20;12300;45692600
7017407870;9881186;2023;ТОМСКАЯ;68.20;12300;48110887
7017407870;9881186;2024;ТОМСКАЯ;93.29;12300;50926467
7203475370;10972466;2022;ТЮМЕНСКАЯ;73.11;12300;44524562
7203475370;10972466;2023;ТЮМЕНСКАЯ;73.11;12300;48536524
7203475370;10972466;2024;ТЮМЕНСКАЯ;73.11;12300;50498367
7811610401;9758780;2022;САНКТ-ПЕТЕРБУРГ;96.01;12300;46156087
7811610401;9758780;2023;САНКТ-ПЕТЕРБУРГ;96.01;12300;49270137
7811610401;9758780;2024;САНКТ-ПЕТЕРБУРГ;96.01;12300;52524443
7716763599;8253826;2022;МОСКВА;46.47;12300;46131952
7716763599;8253826;2023;МОСКВА;46.47;12300;49389079
7716763599;8253826;2024;МОСКВА;46.47;12300;51982710
0253020008;11571370;2022;БАШКОРТОСТАН;62.09;12300;44234260
0253020008;11571370;2023;БАШКОРТОСТАН;62.09;12300;48356025
0253020008;11571370;2024;БАШКОРТОСТАН;62.09;12300;50893600
3459060948;9091229;2022;ВОЛГОГРАДСКАЯ;56.10;12300;44082860
3459060948;9091229;2023;ВОЛГОГРАДСКАЯ;56.10;12300;47239109
3459060948;9091229;2024;ВОЛГОГРАДСКАЯ;56.10;12300;50148607
2635234012;10595991;2022;СТАВРОПОЛЬСКИЙ;49.41;12300;45336553
2635234012;10595991;2023;СТАВРОПОЛЬСКИЙ;49.41;12300;47550503
2635234012;10595991;2024;СТАВРОПОЛЬСКИЙ;49.41;12300;52344553
6501207582;2757379;2022;САХАЛИНСКАЯ;25.11;12300;45598106
6501207582;2757379;2023;САХАЛИНСКАЯ;25.11;12300;48002187
6501207582;2757379;2024;САХАЛИНСКАЯ;25.11;12300;51320249
1901078893;2546315;2022;ХАКАСИЯ;69.10;12300;45137551
1901078893;2546315;2023;ХАКАСИЯ;69.10;12300;48430711
1901078893;2546315;2024;ХАКАСИЯ;69.10;12300;51211194
2901115219;5610262;2022;АРХАНГЕЛЬСКАЯ;68.20;12300;46595868
2901115219;5610262;2023;АРХАНГЕЛЬСКАЯ;68.20;12300;48597380
2901115219;5610262;2024;АРХАНГЕЛЬСКАЯ;68.20.2;12300;51647512
6234085610;2858269;2022;РЯЗАНСКАЯ;49.41;12300;45408767
6234085610;2858269;2023;РЯЗАНСКАЯ;49.4;12300;49706089
6234085610;2858269;2024;РЯЗАНСКАЯ;49.4;12300;51912519
2130105079;7476814;2022;ЧУВАШСКАЯ РЕСПУБЛИКА -;25.61;12300;47044569
2130105079;7476814;2023;ЧУВАШСКАЯ РЕСПУБЛИКА -;25.61;12300;48703159
2130105079;7476814;2024;ЧУВАШСКАЯ РЕСПУБЛИКА -;25.61;12300;51416212
0275027906;6703847;2022;БАШКОРТОСТАН;62.09;12300;45155680
0275027906;6703847;2023;БАШКОРТОСТАН;62.09;12300;48378823
0275027906;6703847;2024;БАШКОРТОСТАН;62.09;12300;51459642
7328090329;9863915;2022;УЛЬЯНОВСКАЯ;47.11;12300;46504372
7328090329;9863915;2023;УЛЬЯНОВСКАЯ;47.91;12300;48632422
7328090329;9863915;2024;УЛЬЯНОВСКАЯ;47.91;12300;52284028
7720447691;10839700;2022;МОСКВА;46.90;12300;44986408
7720447691;10839700;2023;МОСКВА;46.90;12300;47558744
7720447691;10839700;2024;МОСКВА;46.90;12300;50621785
4501172600;1579208;2022;КУРГАНСКАЯ;47.1;12300;45324440
4501172600;1579208;2023;КУРГАНСКАЯ;47.1;12300;48471059
4501172600;1579208;2024;КУРГАНСКАЯ;47.1;12300;51293300
2460233833;1580474;2022;КРАСНОЯРСКИЙ;46.32.2;12300;44301657
2460233833;1580474;2023;КРАСНОЯРСКИЙ;46.32.2;12300;47291024
2460233833;1580474;2024;КРАСНОЯРСКИЙ;46.32.2;12300;50399673
5615013645;7204934;2022;ОРЕНБУРГСКАЯ;75.00;12300;47000206
5615013645;7204934;2023;ОРЕНБУРГСКАЯ;75.00;12300;47572051
5615013645;7204934;2024;ОРЕНБУРГСКАЯ;75.00;12300;50501444
6660139384;6981652;2022;СВЕРДЛОВСКАЯ;49.41.3;12300;45105480
6660139384;6981652;2023;СВЕРДЛОВСКАЯ;49.41.3;12300;49526990
6660139384;6981652;2024;СВЕРДЛОВСКАЯ;49.41.3;12300;52139567
3662275500;11024772;2022;ВОРОНЕЖСКАЯ;69.10;12300;44876126
3662275500;11024772;2023;ВОРОНЕЖСКАЯ;69.10;12300;47729347
3662275500;11024772;2024;ВОРОНЕЖСКАЯ;69.10;12300;50835152
6453079313;2812029;2022;САРАТОВСКАЯ;43.91;12300;45373529
6453079313;2812029;2023;САРАТОВСКАЯ;43.91;12300;48643158
6453079313;2812029;2024;САРАТОВСКАЯ;43.91;12300;50591791
7724618147;2437881;2022;МОСКВА;52.29;12300;45095522
7724618147;2437881;2023;МОСКВА;52.29;12300;48216097
7724618147;2437881;2024;МОСКВА;52.29;12300;51049274
2222886859;11385572;2022;АЛТАЙСКИЙ;45.31.1;12300;44204501
2222886859;11385572;2023;АЛТАЙСКИЙ;45.31.1;12300;47520739
2222886859;11385572;2024;АЛТАЙСКИЙ;45.31.1;12300;50358784
6102058402;7836515;2022;РОСТОВСКАЯ;45.20;12300;46519116
6102058402;7836515;2023;РОСТОВСКАЯ;45.20;12300;48379985
6102058402;7836515;2024;РОСТОВСКАЯ;45.20;12300;52506401
1435325648;10403606;2022;САХА /ЯКУТИЯ/;71.12.9;12300;45930143
1435325648;10403606;2023;САХА /ЯКУТИЯ/;71.12.9;12300;49014700
1435325648;10403606;2024;САХА /ЯКУТИЯ/;71.12.9;12300;52742001
5300002181;11753891;2022;НОВГОРОДСКАЯ;49.41.2;12300;44256513
5300002181;11753891;2023;НОВГОРОДСКАЯ;49.41.2;12300;47424521
5300002181;11753891;2024;НОВГОРОДСКАЯ;49.41.2;12300;50226899
1001207183;4123197;2022;КАРЕЛИЯ;01.24;12300;45059058
1001207183;4123197;2023;КАРЕЛИЯ;01.24;12300;48499190
1001207183;4123197;2024;КАРЕЛИЯ;59.11;12300;51685443
1020014613;10064020;2022;КАРЕЛИЯ;62.01;12300;45616431
1020014613;10064020;2023;КАРЕЛИЯ;62.01;12300;48475402
1020014613;10064020;2024;КАРЕЛИЯ;62.01;12300;51124199
3252002690;5723532;2022;БРЯНСКАЯ;56.10;12300;46151576
3252002690;5723532;2023;БРЯНСКАЯ;56.10;12300;49361830
3252002690;5723532;2024;БРЯНСКАЯ;56.10;12300;52008942
7804422661;2668143;2022;САНКТ-ПЕТЕРБУРГ;46.42.14;12300;46379961
7804422661;2668143;2023;САНКТ-ПЕТЕРБУРГ;46.42.14;12300;49287172
7804422661;2668143;2024;САНКТ-ПЕТЕРБУРГ;46.42.14;12300;52471369
4407007960;6031437;2022;КОСТРОМСКАЯ;56.10;12300;45331519
4407007960;6031437;2023;КОСТРОМСКАЯ;56.10;12300;48294528
4407007960;6031437;2024;КОСТРОМСКАЯ;56.10;12300;50885401
4025458209;11564534;2022;КАЛУЖСКАЯ;47.25.11;12300;45711477
4025458209;11564534;2023;КАЛУЖСКАЯ;47.25.11;12300;48682725
4025458209;11564534;2024;КАЛУЖСКАЯ;47.25.11;12300;51675390
5614022573;3849630;2022;ОРЕНБУРГСКАЯ;43.11;12300;44553024
5614022573;3849630;2023;ОРЕНБУРГСКАЯ;43.11;12300;48306814
5614022573;3849630;2024;ОРЕНБУРГСКАЯ;43.11;12300;51374230
1900003454;11660486;2022;ХАКАСИЯ;49.41;12300;45650623
1900003454;11660486;2023;ХАКАСИЯ;49.41;12300;47419286
1900003454;11660486;2024;ХАКАСИЯ;49.41;12300;52248926
1215215015;10031762;2022;МАРИЙ ЭЛ;68.20;12300;45255061
1215215015;10031762;2023;МАРИЙ ЭЛ;68.20;12300;48376780
1215215015;10031762;2024;МАРИЙ ЭЛ;68.20;12300;50915432
1901087785;5438938;2022;ХАКАСИЯ;86.10;12300;46226440
1901087785;5438938;2023;ХАКАСИЯ;86.10;12300;48568229
1901087785;5438938;2024;ХАКАСИЯ;86.10;12300;51213901
1215021193;5101075;2022;МАРИЙ ЭЛ;49.41.2;12300;44041646
1215021193;5101075;2023;МАРИЙ ЭЛ;42.11;12300;47204358
1215021193;5101075;2024;МАРИЙ ЭЛ;42.11;12300;50124994
3120104984;11782593;2022;БЕЛГОРОДСКАЯ;69.10;12300;45902065
3120104984;11782593;2023;БЕЛГОРОДСКАЯ;69.10;12300;48005367
3120104984;11782593;2024;БЕЛГОРОДСКАЯ;69.10;12300;51032853
0323363330;7556914;2022;БУРЯТИЯ;85.42.1;12300;44705293
0323363330;7556914;2023;БУРЯТИЯ;85.42.1;12300;47585898
0323363330;7556914;2024;БУРЯТИЯ;85.42.1;12300;50890543
5050112608;8784285;2022;МОСКОВСКАЯ;46.47.1;12300;45270847
5050112608;8784285;2023;МОСКОВСКАЯ;46.47.1;12300;48941286
5050112608;8784285;2024;МОСКОВСКАЯ;46.47.1;12300;51163568
6670114251;376967;2022;СВЕРДЛОВСКАЯ;73.11;12300;44819849
6670114251;376967;2023;СВЕРДЛОВСКАЯ;73.11;12300;47540601
6670114251;376967;2024;СВЕРДЛОВСКАЯ;73.11;12300;50474176
4025047590;5814970;2022;КАЛУЖСКАЯ;68.20.2;12300;44440409
4025047590;5814970;2023;КАЛУЖСКАЯ;68.20.2;12300;47642591
4025047590;5814970;2024;КАЛУЖСКАЯ;68.20.2;12300;50572666
1215217943;10198705;2022;МАРИЙ ЭЛ;93.29;12300;44667419
1215217943;10198705;2023;МАРИЙ ЭЛ;93.29;12300;47992998
1215217943;10198705;2024;МАРИЙ ЭЛ;93.29;12300;51345444
7536120197;1971103;2022;ЧЕЧЕНСКАЯ;43.12;12300;44100060
7536120197;1971103;2023;ЧЕЧЕНСКАЯ;45.1;12300;47524812
7536120197;1971103;2024;ЧЕЧЕНСКАЯ;43.12;12300;50578025
5503231331;968279;2022;ОМСКАЯ;43.22;12300;45994107
5503231331;968279;2023;ОМСКАЯ;43.22;12300;49560078
5503231331;968279;2024;ОМСКАЯ;43.22;12300;52490201
4909068148;5951862;2022;МАГАДАНСКАЯ;68.20.2;12300;45920057
4909068148;5951862;2023;МАГАДАНСКАЯ;68.20.2;12300;49311629
4909068148;5951862;2024;МАГАДАНСКАЯ;68.20.2;12300;52624284
2628057108;9572638;2022;СТАВРОПОЛЬСКИЙ;47.30;12300;43991170
2628057108;9572638;2023;СТАВРОПОЛЬСКИЙ;47.30;12300;48616026
2628057108;9572638;2024;СТАВРОПОЛЬСКИЙ;47.30;12300;52165780
5703009479;2820972;2022;ОРЛОВСКАЯ;56.10.1;12300;45569627
5703009479;2820972;2023;ОРЛОВСКАЯ;56.10.1;12300;49397755
5703009479;2820972;2024;ОРЛОВСКАЯ;56.10.1;12300;52178454
2349031808;4874858;2022;КРАСНОДАРСКИЙ;70.22;12300;45825712
2349031808;4874858;2023;КРАСНОДАРСКИЙ;70.22;12300;48296274
2349031808;4874858;2024;КРАСНОДАРСКИЙ;70.22;12300;51442817
5603049020;11751805;2022;ОРЕНБУРГСКАЯ;73.11;12300;44075498
5603049020;11751805;2023;ОРЕНБУРГСКАЯ;73.11;12300;48556561
5603049020;11751805;2024;ОРЕНБУРГСКАЯ;73.11;12300;51637144
6319166530;7520457;2022;САМАРСКАЯ;52.29;12300;45995257
6319166530;7520457;2023;САМАРСКАЯ;52.29;12300;48518873
6319166530;7520457;2024;САМАРСКАЯ;52.29;12300;51474525
0400000189;9780153;2022;АЛТАЙ;93.29.9;12300;45732232
0400000189;9780153;2023;АЛТАЙ;93.29.9;12300;49887753
0400000189;9780153;2024;АЛТАЙ;93.29.9;12300;51968877
0265046593;10578702;2022;БАШКОРТОСТАН;72.19;12300;44678951
0265046593;10578702;2023;БАШКОРТОСТАН;72.19;12300;47512866
0265046593;10578702;2024;БАШКОРТОСТАН;72.19;12300;50966772
7743947605;8961979;2022;МОСКОВСКАЯ;46.73;12300;44130228
7743947605;8961979;2023;МОСКОВСКАЯ;46.73;12300;47308840
7743947605;8961979;2024;МОСКОВСКАЯ;46.73;12300;50313424
7105028038;6380815;2022;ТУЛЬСКАЯ;68.20.2;12300;44440831
7105028038;6380815;2023;ТУЛЬСКАЯ;68.20.2;12300;47738110
7105028038;6380815;2024;ТУЛЬСКАЯ;68.20.2;12300;51127522
1204003330;1813953;2022;МАРИЙ ЭЛ;68.32.1;12300;44496489
1204003330;1813953;2023;МАРИЙ ЭЛ;68.32.1;12300;48150497
1204003330;1813953;2024;МАРИЙ ЭЛ;68.32.1;12300;51520606
9715213652;9392974;2022;МОСКВА;46.73;12300;45899389
9715213652;9392974;2023;МОСКВА;46.73;12300;49120638
9715213652;9392974;2024;МОСКВА;46.73;12300;52234606
3461006987;7970630;2022;ВОЛГОГРАДСКАЯ;42.21;12300;44835907
3461006987;7970630;2023;ВОЛГОГРАДСКАЯ;42.21;12300;47596047
3461006987;7970630;2024;ВОЛГОГРАДСКАЯ;42.21;12300;50522492
2310042332;3664012;2022;КРАСНОДАРСКИЙ;25.1;12300;44422298
2310042332;3664012;2023;КРАСНОДАРСКИЙ;25.1;12300;48055002
2310042332;3664012;2024;КРАСНОДАРСКИЙ;25.1;12300;51480005
6829151468;11153312;2022;ТАМБОВСКАЯ;56.10;12300;46525640
6829151468;11153312;2023;ТАМБОВСКАЯ;56.10;12300;49519603
6829151468;11153312;2024;ТАМБОВСКАЯ;56.10;12300;52572280
5835102178;7950649;2022;ПЕНЗЕНСКАЯ;47.73;12300;44809189
5835102178;7950649;2023;ПЕНЗЕНСКАЯ;47.73;12300;47974659
5835102178;7950649;2024;ПЕНЗЕНСКАЯ;47.73;12300;50976278
2464131007;9956024;2022;КРАСНОЯРСКИЙ;56.10;12300;46101461
2464131007;9956024;2023;КРАСНОЯРСКИЙ;56.10;12300;48262541
2464131007;9956024;2024;КРАСНОЯРСКИЙ;47.91.2;12300;51319506
2628058207;10148075;2022;СТАВРОПОЛЬСКИЙ;62.09;12300;46340646
2628058207;10148075;2023;СТАВРОПОЛЬСКИЙ;62.09;12300;49586618
2628058207;10148075;2024;СТАВРОПОЛЬСКИЙ;62.09;12300;51635802
7714783631;4379653;2022;МОСКВА;68.32;12300;45100808
7714783631;4379653;2023;МОСКВА;68.32;12300;49427562
7714783631;4379653;2024;МОСКВА;68.32;12300;51132733
5401311490;659063;2022;НОВОСИБИРСКАЯ;47.72;12300;44926257
5401311490;659063;2023;НОВОСИБИРСКАЯ;47.72;12300;48003901
5401311490;659063;2024;НОВОСИБИРСКАЯ;47.72;12300;51164933
5258143683;10849166;2022;НИЖЕГОРОДСКАЯ;52.29;12300;44996073
5258143683;10849166;2023;НИЖЕГОРОДСКАЯ;52.29;12300;49017483
5258143683;10849166;2024;НИЖЕГОРОДСКАЯ;52.29;12300;51180123
1326227760;8488193;2022;МОРДОВИЯ;69.20;12300;46050898
1326227760;8488193;2023;МОРДОВИЯ;69.20;12300;49170386
1326227760;8488193;2024;МОРДОВИЯ;69.20;12300;52063934
2508119056;8503446;2022;ПРИМОРСКИЙ;46.49;12300;45190238
2508119056;8503446;2023;ПРИМОРСКИЙ;46.49;12300;47512409
2508119056;8503446;2024;ПРИМОРСКИЙ;46.49;12300;51913548
3460073035;10645370;2022;ВОЛГОГРАДСКАЯ;86.10;12300;46160166
3460073035;10645370;2023;ВОЛГОГРАДСКАЯ;86.10;12300;48649288
3460073035;10645370;2024;ВОЛГОГРАДСКАЯ;86.10;12300;51378748
7804676850;11434018;2022;САНКТ-ПЕТЕРБУРГ;73.11;12300;44885132
7804676850;11434018;2023;САНКТ-ПЕТЕРБУРГ;73.11;12300;49897149
7804676850;11434018;2024;САНКТ-ПЕТЕРБУРГ;73.11;12300;51175583
3257001890;7885261;2022;БРЯНСКАЯ;46.90;12300;45298682
3257001890;7885261;2023;БРЯНСКАЯ;46.9;12300;48818330
3257001890;7885261;2024;БРЯНСКАЯ;46.9;12300;51330806
3601011605;10044708;2022;ВОРОНЕЖСКАЯ;01.13;12300;45847900
3601011605;10044708;2023;ВОРОНЕЖСКАЯ;01.13;12300;48981897
3601011605;10044708;2024;ВОРОНЕЖСКАЯ;01.13;12300;51992355
8901023417;3663440;2022;ЯМАЛО-НЕНЕЦКИЙ;56.29;12300;46021390
8901023417;3663440;2023;ЯМАЛО-НЕНЕЦКИЙ;56.29;12300;49238092
8901023417;3663440;2024;ЯМАЛО-НЕНЕЦКИЙ;56.29;12300;52338965
4703160816;10896824;2022;ЛЕНИНГРАДСКАЯ;62.01;12300;44223230
4703160816;10896824;2023;ЛЕНИНГРАДСКАЯ;62.01;12300;49597474
4703160816;10896824;2024;ЛЕНИНГРАДСКАЯ;62.01;12300;51671850
7814773884;11284161;2022;САНКТ-ПЕТЕРБУРГ;93.29.9;12300;45963265
7814773884;11284161;2023;САНКТ-ПЕТЕРБУРГ;93.29.9;12300;48384475
7814773884;11284161;2024;САНКТ-ПЕТЕРБУРГ;93.29.9;12300;51935570
8609015706;3858075;2022;ХАНТЫ-МАНСИЙСКИЙ АВТОНОМНЫЙ ОКРУГ - ЮГРА;47.54;12300;47113391
8609015706;3858075;2023;ХАНТЫ-МАНСИЙСКИЙ АВТОНОМНЫЙ ОКРУГ - ЮГРА;47.54;12300;48499636
8609015706;3858075;2024;ХАНТЫ-МАНСИЙСКИЙ АВТОНОМНЫЙ ОКРУГ - ЮГРА;47.54;12300;51697843
9704112853;11755098;2022;МОСКВА;41.20;12300;44519053
9704112853;11755098;2023;МОСКВА;41.20;12300;48074664
9704112853;11755098;2024;МОСКВА;41.20;12300;50540952
5256181066;11013522;2022;НИЖЕГОРОДСКАЯ;49.32;12300;46327757
5256181066;11013522;2023;НИЖЕГОРОДСКАЯ;49.32;12300;49243400
5256181066;11013522;2024;НИЖЕГОРОДСКАЯ;62.09;12300;52296504
7017208049;4410806;2022;ТОМСКАЯ;01.19.2;12300;46096376
7017208049;4410806;2023;ТОМСКАЯ;01.19.2;12300;48513713
7017208049;4410806;2024;ТОМСКАЯ;01.19.2;12300;51120544
4632095237;2773936;2022;КУРСКАЯ;42.11;12300;46142492
4632095237;2773936;2023;КУРСКАЯ;42.11;12300;49280128
4632095237;2773936;2024;КУРСКАЯ;42.11;12300;51022579
1001237050;19297;2022;КАРЕЛИЯ;45.31.1;12300;45766480
1001237050;19297;2023;КАРЕЛИЯ;45.31.1;12300;48853512
1001237050;19297;2024;КАРЕЛИЯ;45.31.1;12300;50995367
2722065321;9828147;2022;ХАБАРОВСКИЙ;41.20;12300;44186455
2722065321;9828147;2023;ХАБАРОВСКИЙ;41.20;12300;47463169
2722065321;9828147;2024;ХАБАРОВСКИЙ;41.20;12300;50643613
5611035454;3715829;2022;ОРЕНБУРГСКАЯ;71.11;12300;45947344
5611035454;3715829;2023;ОРЕНБУРГСКАЯ;71.11;12300;49389877
5611035454;3715829;2024;ОРЕНБУРГСКАЯ;71.11;12300;52206400
4501161239;1569993;2022;КУРГАНСКАЯ;73.11;12300;45578287
4501161239;1569993;2023;КУРГАНСКАЯ;73.11;12300;48654270
4501161239;1569993;2024;КУРГАНСКАЯ;73.11;12300;52448318
6726026627;11633623;2022;СМОЛЕНСКАЯ;46.52;12300;44005049
6726026627;11633623;2023;СМОЛЕНСКАЯ;70.22;12300;47272075
6726026627;11633623;2024;СМОЛЕНСКАЯ;70.22;12300;50160061
0277958940;11853002;2022;БАШКОРТОСТАН;25.11;12300;44090695
0277958940;11853002;2023;БАШКОРТОСТАН;25.11;12300;47279478
0277958940;11853002;2024;БАШКОРТОСТАН;25.11;12300;50314793
1828034160;11964777;2022;УДМУРТСКАЯ;62.02;12300;44468142
1828034160;11964777;2023;УДМУРТСКАЯ;62.02;12300;47867563
1828034160;11964777;2024;УДМУРТСКАЯ;62.02;12300;51139303
6450099343;10375337;2022;САРАТОВСКАЯ;71.12.3;12300;44867375
6450099343;10375337;2023;САРАТОВСКАЯ;71.12.3;12300;47990604
6450099343;10375337;2024;САРАТОВСКАЯ;71.12.3;12300;50958511
2537143060;11253167;2022;ПРИМОРСКИЙ;46.49;12300;45535704
2537143060;11253167;2023;ПРИМОРСКИЙ;46.49;12300;48998190
2537143060;11253167;2024;ПРИМОРСКИЙ;46.49;12300;51915446
3702184393;10352910;2022;ИВАНОВСКАЯ;46.41;12300;44157971
3702184393;10352910;2023;ИВАНОВСКАЯ;46.41;12300;48526492
3702184393;10352910;2024;ИВАНОВСКАЯ;46.41;12300;50949734
0326508181;7553393;2022;БУРЯТИЯ;41.20;12300;44198741
0326508181;7553393;2023;БУРЯТИЯ;41.20;12300;47412951
0326508181;7553393;2024;БУРЯТИЯ;41.20;12300;50438145
7722708268;4839507;2022;МОСКВА;71.11;12300;45528210
7722708268;4839507;2023;МОСКВА;71.11;12300;48870353
7722708268;4839507;2024;МОСКВА;71.11;12300;51456903
5611056849;5369735;2022;ОРЕНБУРГСКАЯ;69.10;12300;44647941
5611056849;5369735;2023;ОРЕНБУРГСКАЯ;69.10;12300;48193102
5611056849;5369735;2024;ОРЕНБУРГСКАЯ;69.10;12300;52267583
5001070715;3340513;2022;МОСКОВСКАЯ;69.20;12300;46456502
5001070715;3340513;2023;МОСКОВСКАЯ;69.20;12300;47792985
5001070715;3340513;2024;МОСКОВСКАЯ;69.20;12300;51831860
4909125903;10189166;2022;МАГАДАНСКАЯ;41.20;12300;46326861
4909125903;10189166;2023;МАГАДАНСКАЯ;41.20;12300;49307873
4909125903;10189166;2024;МАГАДАНСКАЯ;41.20;12300;52160328
1110004264;789735;2022;КОМИ;47.2;12300;44292567
1110004264;789735;2023;КОМИ;47.2;12300;47828562
1110004264;789735;2024;КОМИ;47.2;12300;50538278
7713229974;7077822;2022;МОСКВА;86.23;12300;46387271
7713229974;7077822;2023;МОСКВА;86.23;12300;49652453
7713229974;7077822;2024;МОСКВА;86.23;12300;52124913
7842508944;8201962;2022;САНКТ-ПЕТЕРБУРГ;70.22;12300;45389163
7842508944;8201962;2023;САНКТ-ПЕТЕРБУРГ;70.22;12300;48017200
7842508944;8201962;2024;САНКТ-ПЕТЕРБУРГ;70.22;12300;51917189
6925011103;11637713;2022;ТВЕРСКАЯ;86.23;12300;45058509
6925011103;11637713;2023;ТВЕРСКАЯ;86.23;12300;49605198
6925011103;11637713;2024;ТВЕРСКАЯ;86.23;12300;52133930
2308197113;7774397;2022;ИНГУШЕТИЯ;46.73.6;12300;44755360
2308197113;7774397;2023;ИНГУШЕТИЯ;46.73.6;12300;47373673
2308197113;7774397;2024;ИНГУШЕТИЯ;41.20;12300;52792613
2536308305;10535424;2022;ПРИМОРСКИЙ;69.10;12300;45932376
2536308305;10535424;2023;ПРИМОРСКИЙ;69.10;12300;48045248
2536308305;10535424;2024;ПРИМОРСКИЙ;69.10;12300;52966594
6452146197;11467690;2022;САРАТОВСКАЯ;45.31;12300;44422849
6452146197;11467690;2023;САРАТОВСКАЯ;45.31;12300;48173219
6452146197;11467690;2024;САРАТОВСКАЯ;45.31;12300;50867987
7706434933;9662675;2022;МОСКВА;71.11;12300;45742089
7706434933;9662675;2023;МОСКВА;71.11;12300;48986911
7706434933;9662675;2024;МОСКВА;71.11;12300;51982491
7224083969;11655558;2022;ТЮМЕНСКАЯ;45.11;12300;45483334
7224083969;11655558;2023;ТЮМЕНСКАЯ;45.11;12300;47850837
7224083969;11655558;2024;ТЮМЕНСКАЯ;45.11;12300;52110972
3702193944;10549370;2022;ИВАНОВСКАЯ;43.32;12300;44890726
3702193944;10549370;2023;ИВАНОВСКАЯ;43.32;12300;48543978
3702193944;10549370;2024;ИВАНОВСКАЯ;43.32;12300;52789141
1104009673;5440695;2022;КОМИ;69.10;12300;45226094
1104009673;5440695;2023;КОМИ;69.10;12300;48327017
1104009673;5440695;2024;КОМИ;69.10;12300;51802709
0323403617;10570863;2022;БУРЯТИЯ;49.10;12300;45879902
0323403617;10570863;2023;БУРЯТИЯ;49.10;12300;48509158
0323403617;10570863;2024;БУРЯТИЯ;49.10;12300;52201909
7811597817;8988940;2022;САНКТ-ПЕТЕРБУРГ;52.21;12300;44758172
7811597817;8988940;2023;САНКТ-ПЕТЕРБУРГ;52.21;12300;48489257
7811597817;8988940;2024;САНКТ-ПЕТЕРБУРГ;52.21;12300;52201433
3257500000;8433217;2022;БРЯНСКАЯ;41.20;12300;46226151
3257500000;8433217;2023;БРЯНСКАЯ;41.20;12300;49058285
3257500000;8433217;2024;БРЯНСКАЯ;41.20;12300;52329447
6324054409;8891546;2022;САМАРСКАЯ;63.11.1;12300;44099942
6324054409;8891546;2023;САМАРСКАЯ;62.01;12300;47868338
6324054409;8891546;2024;САМАРСКАЯ;62.01;12300;51012171
7404074804;11743334;2022;ЧЕЛЯБИНСКАЯ;56.10.1;12300;45489650
7404074804;11743334;2023;ЧЕЛЯБИНСКАЯ;56.10.1;12300;49491818
7404074804;11743334;2024;ЧЕЛЯБИНСКАЯ;56.10.1;12300;52343114
2460117001;11355001;2022;КРАСНОЯРСКИЙ;25.11;12300;44462983
2460117001;11355001;2023;КРАСНОЯРСКИЙ;25.11;12300;48096239
2460117001;11355001;2024;КРАСНОЯРСКИЙ;25.11;12300;51001723
1511011597;6738322;2022;СЕВЕРНАЯ ОСЕТИЯ - АЛАНИЯ;52.10.3;12300;45844128
1511011597;6738322;2023;СЕВЕРНАЯ ОСЕТИЯ - АЛАНИЯ;52.10.3;12300;48709767
1511011597;6738322;2024;СЕВЕРНАЯ ОСЕТИЯ - АЛАНИЯ;52.10.3;12300;51037235
6449035592;2397376;2022;САРАТОВСКАЯ;73.11;12300;44174756
6449035592;2397376;2023;САРАТОВСКАЯ;73.11;12300;47777592
6449035592;2397376;2024;САРАТОВСКАЯ;73.11;12300;50977819
6829155350;11356018;2022;ТАМБОВСКАЯ;71.20.3;12300;46223000
6829155350;11356018;2023;ТАМБОВСКАЯ;71.20.3;12300;48751441
6829155350;11356018;2024;ТАМБОВСКАЯ;71.20.3;12300;51112867
2234016391;11994954;2022;АЛТАЙСКИЙ;25.94;12300;45306482
2234016391;11994954;2023;АЛТАЙСКИЙ;25.94;12300;49412274
2234016391;11994954;2024;АЛТАЙСКИЙ;25.94;12300;51884089
3255510910;4351845;2022;БРЯНСКАЯ;01.50;12300;46344922
3255510910;4351845;2023;БРЯНСКАЯ;01.50;12300;49554923
3255510910;4351845;2024;БРЯНСКАЯ;01.42;12300;52459197
9729304532;11510251;2022;МОСКВА;69.10;12300;45527665
9729304532;11510251;2023;МОСКВА;69.10;12300;49159093
9729304532;11510251;2024;МОСКВА;69.10;12300;52274515
1434027215;5479466;2022;САХА /ЯКУТИЯ/;43.22;12300;45967096
1434027215;5479466;2023;САХА /ЯКУТИЯ/;43.22;12300;49330502
1434027215;5479466;2024;САХА /ЯКУТИЯ/;43.22;12300;52687733
7411013182;3721891;2022;ЧЕЛЯБИНСКАЯ;10.89;12300;45551987
7411013182;3721891;2023;ЧЕЛЯБИНСКАЯ;10.89;12300;47714483
7411013182;3721891;2024;ЧЕЛЯБИНСКАЯ;10.89;12300;51054768
7728480549;11076076;2022;МОСКВА;47.52.5;12300;45918402
7728480549;11076076;2023;МОСКВА;47.52.5;12300;49658263
7728480549;11076076;2024;МОСКВА;47.52.5;12300;52475666
8001017812;8200445;2022;ЗАБАЙКАЛЬСКИЙ;47.25.1;12300;45620417
8001017812;8200445;2023;ЗАБАЙКАЛЬСКИЙ;47.25.1;12300;48571145
8001017812;8200445;2024;ЗАБАЙКАЛЬСКИЙ;47.25.1;12300;51142844
0269034292;7432941;2022;БАШКОРТОСТАН;45.20;12300;46606132
0269034292;7432941;2023;БАШКОРТОСТАН;45.20;12300;49375511
0269034292;7432941;2024;БАШКОРТОСТАН;45.20;12300;51580146
1831171208;9090036;2022;УДМУРТСКАЯ;47.52;12300;46218201
1831171208;9090036;2023;УДМУРТСКАЯ;47.52;12300;49686491
1831171208;9090036;2024;УДМУРТСКАЯ;47.52;12300;52243687
0546026786;11630178;2022;ДАГЕСТАН;86.23;12300;47160639
0546026786;11630178;2023;ДАГЕСТАН;86.23;12300;47376654
0546026786;11630178;2024;ДАГЕСТАН;86.23;12300;52829788
7017284265;4195052;2022;ТОМСКАЯ;73.1;12300;44072896
7017284265;4195052;2023;ТОМСКАЯ;73.1;12300;47412889
7017284265;4195052;2024;ТОМСКАЯ;73.11;12300;50266923
4401099668;1100042;2022;КОСТРОМСКАЯ;73.11;12300;46413499
4401099668;1100042;2023;КОСТРОМСКАЯ;73.11;12300;49471552
4401099668;1100042;2024;КОСТРОМСКАЯ;73.11;12300;51717494
7901541671;7773402;2022;ЕВРЕЙСКАЯ;46.61;12300;45808397
7901541671;7773402;2023;ЕВРЕЙСКАЯ;46.61;12300;49179003
7901541671;7773402;2024;ЕВРЕЙСКАЯ;46.61;12300;51440646
8905063361;10097595;2022;ЯМАЛО-НЕНЕЦКИЙ;43.11;12300;46184674
8905063361;10097595;2023;ЯМАЛО-НЕНЕЦКИЙ;43.11;12300;48942368
8905063361;10097595;2024;ЯМАЛО-НЕНЕЦКИЙ;43.11;12300;52345035
3019007453;7870223;2022;АСТРАХАНСКАЯ;43.12;12300;46210117
3019007453;7870223;2023;АСТРАХАНСКАЯ;43.12;12300;48830291
3019007453;7870223;2024;АСТРАХАНСКАЯ;43.12;12300;51742090
8905049416;5171024;2022;ЯМАЛО-НЕНЕЦКИЙ;56.10;12300;47051969
8905049416;5171024;2023;ЯМАЛО-НЕНЕЦКИЙ;56.10;12300;48985265
8905049416;5171024;2024;ЯМАЛО-НЕНЕЦКИЙ;56.10;12300;51023098
3702052534;717974;2022;ИВАНОВСКАЯ;47.19;12300;45884582
3702052534;717974;2023;ИВАНОВСКАЯ;47.19;12300;48811893
3702052534;717974;2024;ИВАНОВСКАЯ;47.19;12300;51228033
3257000752;7708491;2022;БРЯНСКАЯ;46.73.4;12300;44768503
3257000752;7708491;2023;БРЯНСКАЯ;46.73.4;12300;48107390
3257000752;7708491;2024;БРЯНСКАЯ;46.73.4;12300;50803491
2317050029;1264171;2022;КРАСНОДАРСКИЙ;86.23;12300;44408769
2317050029;1264171;2023;КРАСНОДАРСКИЙ;86.23;12300;48609454
2317050029;1264171;2024;КРАСНОДАРСКИЙ;86.23;12300;51458188
6713015233;9876694;2022;СМОЛЕНСКАЯ;71.12.53;12300;46160933
6713015233;9876694;2023;СМОЛЕНСКАЯ;71.12.53;12300;49204703
6713015233;9876694;2024;СМОЛЕНСКАЯ;71.12.53;12300;52098333
7325098383;3923289;2022;УЛЬЯНОВСКАЯ;70.22;12300;46018510
7325098383;3923289;2023;УЛЬЯНОВСКАЯ;70.22;12300;48165909
7325098383;3923289;2024;УЛЬЯНОВСКАЯ;70.22;12300;52567561
6003006530;7620447;2022;ПСКОВСКАЯ;43.21;12300;44645230
6003006530;7620447;2023;ПСКОВСКАЯ;43.21;12300;47873507
6003006530;7620447;2024;ПСКОВСКАЯ;43.21;12300;51693031
3228004054;5628441;2022;БРЯНСКАЯ;71.1;12300;46993903
3228004054;5628441;2023;БРЯНСКАЯ;71.1;12300;49399150
3228004054;5628441;2024;БРЯНСКАЯ;71.1;12300;50919811
3702545723;184878;2022;ИВАНОВСКАЯ;73.1;12300;44408814
3702545723;184878;2023;ИВАНОВСКАЯ;73.1;12300;47657169
3702545723;184878;2024;ИВАНОВСКАЯ;73.1;12300;51185765
3317016679;8164669;2022;ВЛАДИМИРСКАЯ;43.34.2;12300;46356059
3317016679;8164669;2023;ВЛАДИМИРСКАЯ;43.34.2;12300;49668375
3317016679;8164669;2024;ВЛАДИМИРСКАЯ;43.34.2;12300;52528579
1840081536;10747068;2022;УДМУРТСКАЯ;28.15.2;12300;45963007
1840081536;10747068;2023;УДМУРТСКАЯ;28.15.2;12300;49097374
1840081536;10747068;2024;УДМУРТСКАЯ;28.15.2;12300;52330270
1837000400;6313657;2022;УДМУРТСКАЯ;45.11.2;12300;45283961
1837000400;6313657;2023;УДМУРТСКАЯ;45.11.2;12300;48405741
1837000400;6313657;2024;УДМУРТСКАЯ;45.11.2;12300;51332539
7604320327;10103918;2022;ЯРОСЛАВСКАЯ;52.29;12300;45648987
7604320327;10103918;2023;ЯРОСЛАВСКАЯ;52.29;12300;48288385
7604320327;10103918;2024;ЯРОСЛАВСКАЯ;52.29;12300;51477447
5404443536;3511730;2022;НОВОСИБИРСКАЯ;69;12300;45726986
5404443536;3511730;2023;НОВОСИБИРСКАЯ;70.22;12300;50043331
5404443536;3511730;2024;НОВОСИБИРСКАЯ;70.22;12300;51802243
4401105537;36661;2022;КОСТРОМСКАЯ;43.32;12300;46614854
4401105537;36661;2023;КОСТРОМСКАЯ;43.32;12300;48436836
4401105537;36661;2024;КОСТРОМСКАЯ;43.32;12300;51110582
1327014652;3699965;2022;МОРДОВИЯ;43.31;12300;44943608
1327014652;3699965;2023;МОРДОВИЯ;43.31;12300;47938162
1327014652;3699965;2024;МОРДОВИЯ;43.31;12300;51110875
5406648761;3996475;2022;НОВОСИБИРСКАЯ;46.71;12300;44829668
5406648761;3996475;2023;НОВОСИБИРСКАЯ;46.71;12300;47314083
5406648761;3996475;2024;НОВОСИБИРСКАЯ;46.71;12300;51371302
7505008660;10354439;2022;ЗАБАЙКАЛЬСКИЙ;70.22;12300;45619128
7505008660;10354439;2023;ЗАБАЙКАЛЬСКИЙ;70.22;12300;49487281
7505008660;10354439;2024;ЗАБАЙКАЛЬСКИЙ;70.22;12300;52281715
7203394314;9893194;2022;ТЮМЕНСКАЯ;71.12.4;12300;45630027
7203394314;9893194;2023;ТЮМЕНСКАЯ;71.12.4;12300;47286777
7203394314;9893194;2024;ТЮМЕНСКАЯ;71.12.4;12300;52955387
7727461737;11546221;2022;МОСКВА;46.19;12300;46362910
7727461737;11546221;2023;МОСКВА;46.19;12300;49251181
7727461737;11546221;2024;МОСКВА;46.19;12300;52689080
2540085490;5736569;2022;ПРИМОРСКИЙ;43.31;12300;46573686
2540085490;5736569;2023;ПРИМОРСКИЙ;43.31;12300;48101395
2540085490;5736569;2024;ПРИМОРСКИЙ;43.31;12300;51363816
5321098406;3262577;2022;НОВГОРОДСКАЯ;52.21.24;12300;46339107
5321098406;3262577;2023;НОВГОРОДСКАЯ;52.21.24;12300;49500666
5321098406;3262577;2024;НОВГОРОДСКАЯ;52.21.24;12300;51325340
6227006632;3150712;2022;РЯЗАНСКАЯ;71.20;12300;45683261
6227006632;3150712;2023;РЯЗАНСКАЯ;71.20;12300;50021917
6227006632;3150712;2024;РЯЗАНСКАЯ;71.20;12300;52732159
3906349269;10107200;2022;КАЛИНИНГРАДСКАЯ;73.11;12300;44864075
3906349269;10107200;2023;КАЛИНИНГРАДСКАЯ;73.11;12300;48492071
3906349269;10107200;2024;КАЛИНИНГРАДСКАЯ;73.11;12300;51694052
4807012682;3945116;2022;ЛИПЕЦКАЯ;45.20.1;12300;44609873
4807012682;3945116;2023;ЛИПЕЦКАЯ;45.20.1;12300;48049716
4807012682;3945116;2024;ЛИПЕЦКАЯ;45.20.1;12300;51304698
3207007590;5675339;2022;БРЯНСКАЯ;86.90.4;12300;44523518
3207007590;5675339;2023;БРЯНСКАЯ;86.90.4;12300;47491013
3207007590;5675339;2024;БРЯНСКАЯ;86.90.4;12300;50309417
2460099994;10034388;2022;КРАСНОЯРСКИЙ;93.29;12300;45676253
2460099994;10034388;2023;КРАСНОЯРСКИЙ;93.29;12300;49188489
2460099994;10034388;2024;КРАСНОЯРСКИЙ;93.29;12300;52620784
2901308161;11740476;2022;АРХАНГЕЛЬСКАЯ;47.78;12300;46003285
2901308161;11740476;2023;АРХАНГЕЛЬСКАЯ;47.78;12300;49192923
2901308161;11740476;2024;АРХАНГЕЛЬСКАЯ;47.78;12300;52083964
9703106871;11937255;2022;МОСКВА;41.20;12300;45123763
9703106871;11937255;2023;МОСКВА;41.20;12300;47967817
9703106871;11937255;2024;МОСКВА;77.32;12300;51718230
3025037520;11338158;2022;АСТРАХАНСКАЯ;25.99;12300;44728848
3025037520;11338158;2023;АСТРАХАНСКАЯ;25.99;12300;47464262
3025037520;11338158;2024;АСТРАХАНСКАЯ;25.99;12300;50500237
3123192932;805150;2022;БЕЛГОРОДСКАЯ;68.3;12300;44531002
3123192932;805150;2023;БЕЛГОРОДСКАЯ;68.3;12300;47341531
3123192932;805150;2024;БЕЛГОРОДСКАЯ;68.3;12300;50743396
5263063955;6550072;2022;НИЖЕГОРОДСКАЯ;62.0;12300;46331188
5263063955;6550072;2023;НИЖЕГОРОДСКАЯ;62.0;12300;48928945
5263063955;6550072;2024;НИЖЕГОРОДСКАЯ;62.0;12300;51512114
3804051265;8182208;2022;ИРКУТСКАЯ;25.50.1;12300;46613220
3804051265;8182208;2023;ИРКУТСКАЯ;25.50.1;12300;49304469
3804051265;8182208;2024;ИРКУТСКАЯ;25.50.1;12300;51788848
1903014542;212793;2022;ХАКАСИЯ;68.20;12300;46378302
1903014542;212793;2023;ХАКАСИЯ;68.20;12300;49301916
1903014542;212793;2024;ХАКАСИЯ;73.11;12300;52672084
3808115417;162979;2022;ИРКУТСКАЯ;68.2;12300;44404508
3808115417;162979;2023;ИРКУТСКАЯ;68.2;12300;47576964
3808115417;162979;2024;ИРКУТСКАЯ;68.2;12300;52687843
7723183221;7136007;2022;МОСКВА;68.20.2;12300;45938242
7723183221;7136007;2023;МОСКВА;68.20.2;12300;49555272
7723183221;7136007;2024;МОСКВА;68.20.2;12300;52260549
0816003951;4077585;2022;КАЛМЫКИЯ;47.52.7;12300;44917446
0816003951;4077585;2023;КАЛМЫКИЯ;47.52.7;12300;48715283
0816003951;4077585;2024;КАЛМЫКИЯ;47.52.7;12300;51167513
0814158117;5562465;2022;КАЛМЫКИЯ;01.61;12300;44932835
0814158117;5562465;2023;КАЛМЫКИЯ;01.61;12300;49118470
0814158117;5562465;2024;КАЛМЫКИЯ;01.61;12300;50271656
6452097359;2523306;2022;САРАТОВСКАЯ;56.29;12300;45996830
6452097359;2523306;2023;САРАТОВСКАЯ;56.29;12300;49204842
6452097359;2523306;2024;САРАТОВСКАЯ;56.29;12300;50914361
9102053086;8984158;2022;КРЫМ;43.21;12300;46051604
9102053086;8984158;2023;КРЫМ;43.21;12300;49176949
9102053086;8984158;2024;КРЫМ;43.21;12300;51558436
1101156020;10086700;2022;КОМИ;43.33;12300;45493614
1101156020;10086700;2023;КОМИ;43.33;12300;48671431
1101156020;10086700;2024;КОМИ;43.33;12300;51592906
7448113218;4614391;2022;ЧЕЛЯБИНСКАЯ;71.12.7;12300;45677914
7448113218;4614391;2023;ЧЕЛЯБИНСКАЯ;71.12.7;12300;49313544
7448113218;4614391;2024;ЧЕЛЯБИНСКАЯ;71.12.7;12300;52688615
0721056867;2995379;2022;КАБАРДИНО-БАЛКАРСКАЯ;46.51;12300;46369352
0721056867;2995379;2023;КАБАРДИНО-БАЛКАРСКАЯ;46.51;12300;48816548
0721056867;2995379;2024;КАБАРДИНО-БАЛКАРСКАЯ;46.51;12300;52795871
6732117946;9582331;2022;СМОЛЕНСКАЯ;77.11;12300;45567256
6732117946;9582331;2023;СМОЛЕНСКАЯ;77.11;12300;48327234
6732117946;9582331;2024;СМОЛЕНСКАЯ;77.11;12300;51455459
3702059089;676360;2022;ИВАНОВСКАЯ;70.22;12300;45980212
3702059089;676360;2023;ИВАНОВСКАЯ;70.22;12300;48075176
3702059089;676360;2024;ИВАНОВСКАЯ;70.22;12300;51352635
1656092952;9701380;2022;ТАТАРСТАН;69.10;12300;45776396
1656092952;9701380;2023;ТАТАРСТАН;69.10;12300;47297168
1656092952;9701380;2024;ТАТАРСТАН;41.20;12300;52773768
6002005968;4355004;2022;ПСКОВСКАЯ;71.11.1;12300;44814821
6002005968;4355004;2023;ПСКОВСКАЯ;71.11.1;12300;47728481
6002005968;4355004;2024;ПСКОВСКАЯ;71.11.1;12300;50852800
7203527980;11697262;2022;ТЮМЕНСКАЯ;86.21;12300;45326534
7203527980;11697262;2023;ТЮМЕНСКАЯ;86.21;12300;47388524
7203527980;11697262;2024;ТЮМЕНСКАЯ;86.21;12300;50147167
3128006040;1178204;2022;БЕЛГОРОДСКАЯ;47.73;12300;44358987
3128006040;1178204;2023;БЕЛГОРОДСКАЯ;47.73;12300;47343351
3128006040;1178204;2024;БЕЛГОРОДСКАЯ;47.73;12300;50784233
5405976110;9750400;2022;НОВОСИБИРСКАЯ;46.69.9;12300;45870669
5405976110;9750400;2023;НОВОСИБИРСКАЯ;46.69.9;12300;48852150
5405976110;9750400;2024;НОВОСИБИРСКАЯ;46.69.9;12300;51774834
4217158022;8146887;2022;КЕМЕРОВСКАЯ ОБЛАСТЬ - КУЗБАСС;68.31.5;12300;45540023
4217158022;8146887;2023;КЕМЕРОВСКАЯ ОБЛАСТЬ - КУЗБАСС;68.31.5;12300;49333698
4217158022;8146887;2024;КЕМЕРОВСКАЯ ОБЛАСТЬ - КУЗБАСС;68.31.5;12300;51369710
6732140864;10117786;2022;СМОЛЕНСКАЯ;42.21;12300;45969277
6732140864;10117786;2023;СМОЛЕНСКАЯ;42.21;12300;48951401
6732140864;10117786;2024;СМОЛЕНСКАЯ;42.21;12300;52219116
6829141269;10608581;2022;ТАМБОВСКАЯ;70.22;12300;45992576
6829141269;10608581;2023;ТАМБОВСКАЯ;70.22;12300;48616812
6829141269;10608581;2024;ТАМБОВСКАЯ;70.22;12300;51198735
5905279365;173990;2022;ПЕРМСКИЙ;47.71;12300;44920144
5905279365;173990;2023;ПЕРМСКИЙ;47.82;12300;47607632
5905279365;173990;2024;ПЕРМСКИЙ;47.82;12300;50354348
3811129473;4036529;2022;ИРКУТСКАЯ;52.29;12300;44558452
3811129473;4036529;2023;ИРКУТСКАЯ;52.29;12300;48312245
3811129473;4036529;2024;ИРКУТСКАЯ;52.29;12300;51579150
6037010052;10951483;2022;ПСКОВСКАЯ;25.99.2;12300;45972950
6037010052;10951483;2023;ПСКОВСКАЯ;25.99.2;12300;48453361
6037010052;10951483;2024;ПСКОВСКАЯ;25.99.2;12300;51531827
9725083956;11851905;2022;МОСКВА;69.20;12300;44313179
9725083956;11851905;2023;МОСКВА;69.20;12300;47283482
9725083956;11851905;2024;МОСКВА;69.20;12300;50258869
4205210736;3602275;2022;КЕМЕРОВСКАЯ ОБЛАСТЬ - КУЗБАСС;70.22;12300;45713295
4205210736;3602275;2023;КЕМЕРОВСКАЯ ОБЛАСТЬ - КУЗБАСС;70.22;12300;48802076
4205210736;3602275;2024;КЕМЕРОВСКАЯ ОБЛАСТЬ - КУЗБАСС;69.20.2;12300;51904204
7017243653;4111021;2022;ТОМСКАЯ;45.31.1;12300;45748902
7017243653;4111021;2023;ТОМСКАЯ;45.31.1;12300;48799213
7017243653;4111021;2024;ТОМСКАЯ;45.31.1;12300;51897343
2124037102;7850655;2022;ЧУВАШСКАЯ РЕСПУБЛИКА -;47.2;12300;44852254
2124037102;7850655;2023;ЧУВАШСКАЯ РЕСПУБЛИКА -;47.2;12300;47898469
2124037102;7850655;2024;ЧУВАШСКАЯ РЕСПУБЛИКА -;47.2;12300;52296318
7114024216;10938170;2022;ТУЛЬСКАЯ;47.91;12300;46236938
7114024216;10938170;2023;ТУЛЬСКАЯ;47.91;12300;48470604
7114024216;10938170;2024;ТУЛЬСКАЯ;47.91;12300;51853540
4212032643;1834918;2022;КЕМЕРОВСКАЯ ОБЛАСТЬ - КУЗБАСС;20.30;12300;46255650
4212032643;1834918;2023;КЕМЕРОВСКАЯ ОБЛАСТЬ - КУЗБАСС;20.30;12300;49076812
4212032643;1834918;2024;КЕМЕРОВСКАЯ ОБЛАСТЬ - КУЗБАСС;20.30;12300;51975972
1326227591;8454651;2022;МОРДОВИЯ;86.23;12300;46032284
1326227591;8454651;2023;МОРДОВИЯ;86.23;12300;47958455
1326227591;8454651;2024;МОРДОВИЯ;86.23;12300;50724782
4400002930;11604274;2022;КОСТРОМСКАЯ;49.41.2;12300;44752045
4400002930;11604274;2023;КОСТРОМСКАЯ;49.41.2;12300;47382822
4400002930;11604274;2024;КОСТРОМСКАЯ;49.41.2;12300;50247837
4705091460;11650631;2022;ЛЕНИНГРАДСКАЯ;13.99.9;12300;46310775
4705091460;11650631;2023;ЛЕНИНГРАДСКАЯ;13.99.9;12300;49481581
4705091460;11650631;2024;ЛЕНИНГРАДСКАЯ;13.99.9;12300;52087822
7722315041;9055661;2022;МОСКВА;42.21;12300;45711897
7722315041;9055661;2023;МОСКВА;42.21;12300;48662240
7722315041;9055661;2024;МОСКВА;42.21;12300;51303740
5032338271;11779625;2022;МОСКОВСКАЯ;77.11;12300;46583527
5032338271;11779625;2023;МОСКОВСКАЯ;41.20;12300;49627117
5032338271;11779625;2024;МОСКОВСКАЯ;41.20;12300;51497511
2608010599;1438523;2022;СТАВРОПОЛЬСКИЙ;01.50;12300;46091915
2608010599;1438523;2023;СТАВРОПОЛЬСКИЙ;01.50;12300;49367542
2608010599;1438523;2024;СТАВРОПОЛЬСКИЙ;01.50;12300;52305388
5405052239;11247512;2022;НОВОСИБИРСКАЯ;45.20;12300;46143762
5405052239;11247512;2023;НОВОСИБИРСКАЯ;45.20;12300;49236018
5405052239;11247512;2024;НОВОСИБИРСКАЯ;45.20;12300;51430094
5256096290;1201122;2022;НИЖЕГОРОДСКАЯ;86.23;12300;44299477
5256096290;1201122;2023;НИЖЕГОРОДСКАЯ;86.23;12300;47533565
5256096290;1201122;2024;НИЖЕГОРОДСКАЯ;86.23;12300;50914504
3123343229;8488255;2022;БЕЛГОРОДСКАЯ;42.11;12300;46171296
3123343229;8488255;2023;БЕЛГОРОДСКАЯ;42.11;12300;49682237
3123343229;8488255;2024;БЕЛГОРОДСКАЯ;42.11;12300;52587227
2312277121;10839343;2022;КРАСНОДАРСКИЙ;42.21;12300;45952711
2312277121;10839343;2023;КРАСНОДАРСКИЙ;42.21;12300;49240703
2312277121;10839343;2024;КРАСНОДАРСКИЙ;42.21;12300;51378026
1324003282;11218842;2022;МОРДОВИЯ;25.11;12300;47012600
1324003282;11218842;2023;МОРДОВИЯ;25.11;12300;48387851
1324003282;11218842;2024;МОРДОВИЯ;25.11;12300;50995014
2635250367;11651218;2022;СТАВРОПОЛЬСКИЙ;70.22;12300;45674134
2635250367;11651218;2023;СТАВРОПОЛЬСКИЙ;70.22;12300;48597806
2635250367;11651218;2024;СТАВРОПОЛЬСКИЙ;70.22;12300;50131727
3525481839;11927611;2022;ВОЛОГОДСКАЯ;71.12.2;12300;44099440
3525481839;11927611;2023;ВОЛОГОДСКАЯ;70.10.2;12300;48859462
3525481839;11927611;2024;ВОЛОГОДСКАЯ;70.10.2;12300;51712084
1832042332;1410156;2022;УДМУРТСКАЯ;68.20.2;12300;45976236
1832042332;1410156;2023;УДМУРТСКАЯ;68.20.2;12300;48607317
1832042332;1410156;2024;УДМУРТСКАЯ;68.20.2;12300;51096125
7838060850;9971043;2022;САНКТ-ПЕТЕРБУРГ;41.10;12300;45495133
7838060850;9971043;2023;САНКТ-ПЕТЕРБУРГ;41.10;12300;48991972
7838060850;9971043;2024;САНКТ-ПЕТЕРБУРГ;41.10;12300;50742990
3123447482;10878413;2022;БЕЛГОРОДСКАЯ;43.29;12300;44179762
3123447482;10878413;2023;БЕЛГОРОДСКАЯ;43.29;12300;47283585
3123447482;10878413;2024;БЕЛГОРОДСКАЯ;43.29;12300;50347404
6025037099;4381712;2022;ПСКОВСКАЯ;46.71;12300;45613593
6025037099;4381712;2023;ПСКОВСКАЯ;46.71;12300;49199196
6025037099;4381712;2024;ПСКОВСКАЯ;46.71;12300;51979744
1831201893;11570939;2022;УДМУРТСКАЯ;71.12.2;12300;44788701
1831201893;11570939;2023;УДМУРТСКАЯ;71.12.2;12300;48362622
1831201893;11570939;2024;УДМУРТСКАЯ;71.12.2;12300;51086036
7716940061;11100813;2022;МОСКВА;73.11;12300;46468505
7716940061;11100813;2023;МОСКВА;73.11;12300;49288178
7716940061;11100813;2024;МОСКВА;73.11;12300;52424934
4704089316;1353052;2022;ЛЕНИНГРАДСКАЯ;71.12;12300;46397840
4704089316;1353052;2023;ЛЕНИНГРАДСКАЯ;71.12;12300;47519681
4704089316;1353052;2024;ЛЕНИНГРАДСКАЯ;43.21;12300;51819529
6501310653;11385507;2022;САХАЛИНСКАЯ;69.20;12300;45547032
6501310653;11385507;2023;САХАЛИНСКАЯ;69.20;12300;48396418
6501310653;11385507;2024;САХАЛИНСКАЯ;69.20;12300;50231879
5047170102;9256697;2022;МОСКВА;68.32.1;12300;45463514
5047170102;9256697;2023;МОСКВА;68.32.1;12300;47841778
5047170102;9256697;2024;МОСКВА;68.32.1;12300;50668637
4101148360;184004;2022;Камчатский;49.31.2;12300;45736821
4101148360;184004;2023;Камчатский;49.31.2;12300;48348672
4101148360;184004;2024;Камчатский;49.31.2;12300;50302507
6501244400;2285535;2022;САХАЛИНСКАЯ;25.61;12300;45116951
6501244400;2285535;2023;САХАЛИНСКАЯ;25.61;12300;49896710
6501244400;2285535;2024;САХАЛИНСКАЯ;25.61;12300;51422134
1841047746;9058075;2022;УДМУРТСКАЯ;71.11.1;12300;45913767
1841047746;9058075;2023;УДМУРТСКАЯ;71.11.1;12300;48486852
1841047746;9058075;2024;УДМУРТСКАЯ;71.11.1;12300;52494382
5406659548;3085124;2022;НОВОСИБИРСКАЯ;69.10;12300;44350102
5406659548;3085124;2023;НОВОСИБИРСКАЯ;69.10;12300;47514624
5406659548;3085124;2024;НОВОСИБИРСКАЯ;69.10;12300;50334349
1835081234;952827;2022;УДМУРТСКАЯ;42.22;12300;45962662
1835081234;952827;2023;УДМУРТСКАЯ;42.22;12300;49313977
1835081234;952827;2024;УДМУРТСКАЯ;42.22;12300;52470156
1513079382;11257077;2022;СЕВЕРНАЯ ОСЕТИЯ - АЛАНИЯ;49.41;12300;44190611
1513079382;11257077;2023;СЕВЕРНАЯ ОСЕТИЯ - АЛАНИЯ;49.41;12300;49795929
1513079382;11257077;2024;СЕВЕРНАЯ ОСЕТИЯ - АЛАНИЯ;49.41;12300;52805468
7604330759;10347267;2022;ЯРОСЛАВСКАЯ;71.12.45;12300;44020789
7604330759;10347267;2023;ЯРОСЛАВСКАЯ;71.12.45;12300;47760187
7604330759;10347267;2024;ЯРОСЛАВСКАЯ;71.12.45;12300;50132146
1313030929;4962791;2022;МОРДОВИЯ;42.21;12300;44084650
1313030929;4962791;2023;МОРДОВИЯ;42.21;12300;47353795
1313030929;4962791;2024;МОРДОВИЯ;42.21;12300;51065260
3327140019;10610926;2022;ВЛАДИМИРСКАЯ;93.12;12300;45426306
3327140019;10610926;2023;ВЛАДИМИРСКАЯ;93.12;12300;47580128
3327140019;10610926;2024;ВЛАДИМИРСКАЯ;93.12;12300;50533804
1654037392;6747355;2022;ТАТАРСТАН;71.11.1;12300;44665326
1654037392;6747355;2023;ТАТАРСТАН;71.11.1;12300;48271920
1654037392;6747355;2024;ТАТАРСТАН;71.11.1;12300;50515490
7100014810;11740126;2022;ТУЛЬСКАЯ;71.12.2;12300;46597612
7100014810;11740126;2023;ТУЛЬСКАЯ;71.12.2;12300;49659197
7100014810;11740126;2024;ТУЛЬСКАЯ;71.12.2;12300;52780936
7801693261;11492323;2022;ЛЕНИНГРАДСКАЯ;43.39;12300;47060750
7801693261;11492323;2023;ЛЕНИНГРАДСКАЯ;43.39;12300;49549943
7801693261;11492323;2024;ЛЕНИНГРАДСКАЯ;43.39;12300;52211516
7841304056;1129301;2022;САНКТ-ПЕТЕРБУРГ;80.10;12300;45253268
7841304056;1129301;2023;САНКТ-ПЕТЕРБУРГ;80.10;12300;48668356
7841304056;1129301;2024;САНКТ-ПЕТЕРБУРГ;80.10;12300;50849401
8904045850;4688495;2022;ЯМАЛО-НЕНЕЦКИЙ;68.20.2;12300;44778609
8904045850;4688495;2023;ЯМАЛО-НЕНЕЦКИЙ;68.20.2;12300;48370856
8904045850;4688495;2024;ЯМАЛО-НЕНЕЦКИЙ;68.20.2;12300;50434350
5609190967;10853210;2022;ОРЕНБУРГСКАЯ;68.32;12300;45606461
5609190967;10853210;2023;ОРЕНБУРГСКАЯ;68.32;12300;48825853
5609190967;10853210;2024;ОРЕНБУРГСКАЯ;68.32;12300;51938478
0107034740;11024643;2022;АДЫГЕЯ;43.99.4;12300;45256055
0107034740;11024643;2023;АДЫГЕЯ;43.99.4;12300;48004368
0107034740;11024643;2024;АДЫГЕЯ;43.99.4;12300;50358116
2130056872;2030965;2022;ЧУВАШСКАЯ РЕСПУБЛИКА -;45.1;12300;46609958
2130056872;2030965;2023;ЧУВАШСКАЯ РЕСПУБЛИКА -;45.1;12300;48648553
2130056872;2030965;2024;ЧУВАШСКАЯ РЕСПУБЛИКА -;45.1;12300;51991266
2724140165;2036368;2022;ХАБАРОВСКИЙ;73.11;12300;45188100
2724140165;2036368;2023;ХАБАРОВСКИЙ;73.11;12300;49177949
2724140165;2036368;2024;ХАБАРОВСКИЙ;73.11;12300;52136352
7731425890;1305766;2022;МОСКВА;73.11;12300;45109893
7731425890;1305766;2023;МОСКВА;73.11;12300;48235322
7731425890;1305766;2024;МОСКВА;73.11;12300;51315237
4025459837;11716529;2022;КАЛУЖСКАЯ;86.23;12300;45917503
4025459837;11716529;2023;КАЛУЖСКАЯ;86.23;12300;48409529
4025459837;11716529;2024;КАЛУЖСКАЯ;86.23;12300;51101040
9723066426;10817213;2022;МОСКВА;77.11;12300;44011231
9723066426;10817213;2023;МОСКВА;77.11;12300;47389749
9723066426;10817213;2024;МОСКВА;77.11;12300;50314249
7801346691;10556167;2022;САНКТ-ПЕТЕРБУРГ;43.12.3;12300;44940141
7801346691;10556167;2023;САНКТ-ПЕТЕРБУРГ;43.12.3;12300;47454441
7801346691;10556167;2024;САНКТ-ПЕТЕРБУРГ;43.12.3;12300;51990870
5403049826;11015568;2022;НОВОСИБИРСКАЯ;49.20;12300;46318204
5403049826;11015568;2023;НОВОСИБИРСКАЯ;49.20;12300;49759288
5403049826;11015568;2024;НОВОСИБИРСКАЯ;49.20;12300;51033839
4223003789;8857990;2022;КЕМЕРОВСКАЯ ОБЛАСТЬ - КУЗБАСС;96.04;12300;45960448
4223003789;8857990;2023;КЕМЕРОВСКАЯ ОБЛАСТЬ - КУЗБАСС;96.04;12300;48439197
4223003789;8857990;2024;КЕМЕРОВСКАЯ ОБЛАСТЬ - КУЗБАСС;96.04;12300;52630702
5302011449;2199740;2022;НОВГОРОДСКАЯ;47.1;12300;44111647
5302011449;2199740;2023;НОВГОРОДСКАЯ;47.1;12300;47487393
5302011449;2199740;2024;НОВГОРОДСКАЯ;47.1;12300;50375952
4825145082;11668110;2022;ЛИПЕЦКАЯ;42.11;12300;44688994
4825145082;11668110;2023;ЛИПЕЦКАЯ;42.11;12300;49190267
4825145082;11668110;2024;ЛИПЕЦКАЯ;42.11;12300;51403136
1644060787;2763545;2022;ТАТАРСТАН;81.22;12300;45196306
1644060787;2763545;2023;ТАТАРСТАН;81.22;12300;49533925
1644060787;2763545;2024;ТАТАРСТАН;81.22;12300;51837926
2130212377;11079814;2022;КАЛМЫКИЯ;69.20;12300;46010174
2130212377;11079814;2023;КАЛМЫКИЯ;69.20;12300;49167628
2130212377;11079814;2024;КАЛМЫКИЯ;69.20;12300;52393014
4401034389;982409;2022;КОСТРОМСКАЯ;86.21;12300;44324138
4401034389;982409;2023;КОСТРОМСКАЯ;86.21;12300;47517674
4401034389;982409;2024;КОСТРОМСКАЯ;86.21;12300;50311302
0901017747;5544622;2022;КАРАЧАЕВО-ЧЕРКЕССКАЯ;45.20.1;12300;44509912
0901017747;5544622;2023;КАРАЧАЕВО-ЧЕРКЕССКАЯ;45.20.1;12300;47244506
0901017747;5544622;2024;КАРАЧАЕВО-ЧЕРКЕССКАЯ;45.20.1;12300;50403411
7707845774;8884707;2022;МОСКВА;68.20.2;12300;45298155
7707845774;8884707;2023;МОСКВА;68.20.2;12300;48969557
7707845774;8884707;2024;МОСКВА;68.20.2;12300;52000345
0323370224;8097331;2022;БУРЯТИЯ;62.09;12300;46184809
0323370224;8097331;2023;БУРЯТИЯ;62.09;12300;49300774
0323370224;8097331;2024;БУРЯТИЯ;62.09;12300;52783087
5404029156;9626605;2022;НОВОСИБИРСКАЯ;52.29;12300;45313301
5404029156;9626605;2023;НОВОСИБИРСКАЯ;52.29;12300;49322153
5404029156;9626605;2024;НОВОСИБИРСКАЯ;52.29;12300;51450256
7017226312;4658621;2022;ТОМСКАЯ;45.20;12300;45135343
7017226312;4658621;2023;ТОМСКАЯ;45.20;12300;48314714
7017226312;4658621;2024;ТОМСКАЯ;45.20;12300;50735884
7708064212;2807055;2022;МОСКВА;69.20.1;12300;45821118
7708064212;2807055;2023;МОСКВА;69.20.1;12300;48976426
7708064212;2807055;2024;МОСКВА;69.20.1;12300;50174643
7718999906;8867098;2022;МОСКВА;86.21;12300;44536311
7718999906;8867098;2023;МОСКВА;86.21;12300;48771097
7718999906;8867098;2024;МОСКВА;86.21;12300;52030169
2920015636;8980226;2022;АРХАНГЕЛЬСКАЯ;70.22;12300;46040721
2920015636;8980226;2023;АРХАНГЕЛЬСКАЯ;70.22;12300;49719541
2920015636;8980226;2024;АРХАНГЕЛЬСКАЯ;70.22;12300;51488281
5610244649;11801961;2022;ОРЕНБУРГСКАЯ;46.90;12300;46601987
5610244649;11801961;2023;ОРЕНБУРГСКАЯ;46.90;12300;49651816
5610244649;11801961;2024;ОРЕНБУРГСКАЯ;46.90;12300;52504712
2902074928;7615202;2022;АРХАНГЕЛЬСКАЯ;49.31.21;12300;45437421
2902074928;7615202;2023;АРХАНГЕЛЬСКАЯ;49.31.21;12300;48635704
2902074928;7615202;2024;АРХАНГЕЛЬСКАЯ;49.31.21;12300;52083168
6829118333;9614837;2022;ТАМБОВСКАЯ;08.12;12300;45844684
6829118333;9614837;2023;ТАМБОВСКАЯ;08.12;12300;49346909
6829118333;9614837;2024;ТАМБОВСКАЯ;08.12;12300;51806501
5751056310;9213518;2022;ОРЛОВСКАЯ;62.01;12300;45351934
5751056310;9213518;2023;ОРЛОВСКАЯ;62.01;12300;48865909
5751056310;9213518;2024;ОРЛОВСКАЯ;62.01;12300;51272241
6161017084;6954118;2022;РОСТОВСКАЯ;56.10;12300;44467149
6161017084;6954118;2023;РОСТОВСКАЯ;56.10;12300;48520451
6161017084;6954118;2024;РОСТОВСКАЯ;56.10;12300;52581255
6455073966;11329799;2022;САРАТОВСКАЯ;70.22;12300;44354165
6455073966;11329799;2023;САРАТОВСКАЯ;70.22;12300;47617339
6455073966;11329799;2024;САРАТОВСКАЯ;70.22;12300;50770197
0323374701;8483730;2022;БУРЯТИЯ;86.10;12300;44224364
0323374701;8483730;2023;БУРЯТИЯ;86.10;12300;47798894
0323374701;8483730;2024;БУРЯТИЯ;86.10;12300;51151339
6679011282;2608678;2022;СВЕРДЛОВСКАЯ;13.99;12300;45372664
6679011282;2608678;2023;СВЕРДЛОВСКАЯ;13.99;12300;47779708
6679011282;2608678;2024;СВЕРДЛОВСКАЯ;13.99;12300;50396964
2014801124;8823173;2022;ЧЕЧЕНСКАЯ;56.29;12300;46059353
2014801124;8823173;2023;ЧЕЧЕНСКАЯ;56.29;12300;48801309
2014801124;8823173;2024;ЧЕЧЕНСКАЯ;56.29;12300;51509403
6140000925;9156776;2022;РОСТОВСКАЯ;86.10;12300;44313176
6140000925;9156776;2023;РОСТОВСКАЯ;86.10;12300;47998655
6140000925;9156776;2024;РОСТОВСКАЯ;86.10;12300;51141428
2724091711;5841405;2022;ХАБАРОВСКИЙ;56.29;12300;45381446
2724091711;5841405;2023;ХАБАРОВСКИЙ;56.29;12300;49740197
2724091711;5841405;2024;ХАБАРОВСКИЙ;56.29;12300;51146439
6319175060;8048838;2022;САМАРСКАЯ;49.31.2;12300;44498579
6319175060;8048838;2023;САМАРСКАЯ;49.31.2;12300;48018587
6319175060;8048838;2024;САМАРСКАЯ;49.31.2;12300;51217771
6168078738;9270582;2022;КАЛМЫКИЯ;70.22;12300;44752836
6168078738;9270582;2023;КАЛМЫКИЯ;70.22;12300;48658951
6168078738;9270582;2024;КАЛМЫКИЯ;70.22;12300;50355600
4202024019;5809888;2022;НЕНЕЦКИЙ;47.19;12300;45911124
4202024019;5809888;2023;НЕНЕЦКИЙ;47.19;12300;49079595
4202024019;5809888;2024;НЕНЕЦКИЙ;47.19;12300;52461900
4431003998;2108540;2022;КОСТРОМСКАЯ;43.21;12300;44919636
4431003998;2108540;2023;КОСТРОМСКАЯ;43.21;12300;47556812
4431003998;2108540;2024;КОСТРОМСКАЯ;43.21;12300;50571242
7452111679;8052609;2022;ЧЕЛЯБИНСКАЯ;62.09;12300;46234121
7452111679;8052609;2023;ЧЕЛЯБИНСКАЯ;62.09;12300;48164620
7452111679;8052609;2024;ЧЕЛЯБИНСКАЯ;62.09;12300;51236197
5009121288;11152431;2022;МОСКОВСКАЯ;70.10;12300;45686389
5009121288;11152431;2023;МОСКОВСКАЯ;70.10;12300;48426229
5009121288;11152431;2024;МОСКОВСКАЯ;70.10;12300;50793898
0900000187;11671819;2022;КАРАЧАЕВО-ЧЕРКЕССКАЯ;69.10;12300;45675887
0900000187;11671819;2023;КАРАЧАЕВО-ЧЕРКЕССКАЯ;69.10;12300;49944359
0900000187;11671819;2024;КАРАЧАЕВО-ЧЕРКЕССКАЯ;69.10;12300;50891784
7014061454;9933887;2022;ТОМСКАЯ;35.30.1;12300;44000610
7014061454;9933887;2023;ТОМСКАЯ;46.49.43;12300;48404241
7014061454;9933887;2024;ТОМСКАЯ;56.10;12300;52439261
0608055483;10984401;2022;ИНГУШЕТИЯ;71.20.2;12300;45063535
0608055483;10984401;2023;ИНГУШЕТИЯ;71.20.2;12300;48522493
0608055483;10984401;2024;ИНГУШЕТИЯ;71.20.2;12300;51393888
3015045909;1317075;2022;АСТРАХАНСКАЯ;47.11.1;12300;46056450
3015045909;1317075;2023;АСТРАХАНСКАЯ;47.11.1;12300;48670257
3015045909;1317075;2024;АСТРАХАНСКАЯ;47.11.1;12300;51843644
5703012680;1120358;2022;ОРЛОВСКАЯ;46.9;12300;44664016
5703012680;1120358;2023;ОРЛОВСКАЯ;46.9;12300;47317390
5703012680;1120358;2024;ОРЛОВСКАЯ;46.9;12300;50709936
7448228963;11445770;2022;ЧЕЛЯБИНСКАЯ;47.91;12300;45512231
7448228963;11445770;2023;ЧЕЛЯБИНСКАЯ;47.91;12300;48553452
7448228963;11445770;2024;ЧЕЛЯБИНСКАЯ;47.91;12300;52717043
2635834926;8993958;2022;СТАВРОПОЛЬСКИЙ;01.41;12300;46283012
2635834926;8993958;2023;СТАВРОПОЛЬСКИЙ;01.41;12300;49175816
2635834926;8993958;2024;СТАВРОПОЛЬСКИЙ;01.41;12300;52288157
6020006080;10378859;2022;ПСКОВСКАЯ;55.10;12300;45641750
6020006080;10378859;2023;ПСКОВСКАЯ;55.10;12300;48619607
6020006080;10378859;2024;ПСКОВСКАЯ;55.10;12300;51477410
8617014625;6681874;2022;ХАНТЫ-МАНСИЙСКИЙ АВТОНОМНЫЙ ОКРУГ - ЮГРА;49.41.1;12300;45635568
8617014625;6681874;2023;ХАНТЫ-МАНСИЙСКИЙ АВТОНОМНЫЙ ОКРУГ - ЮГРА;49.41.1;12300;49784450
8617014625;6681874;2024;ХАНТЫ-МАНСИЙСКИЙ АВТОНОМНЫЙ ОКРУГ - ЮГРА;49.41.1;12300;52236648
2724248730;11817695;2022;ХАБАРОВСКИЙ;45.32;12300;44827097
2724248730;11817695;2023;ХАБАРОВСКИЙ;45.32;12300;49080440
2724248730;11817695;2024;ХАБАРОВСКИЙ;45.32;12300;52824096
8905058820;9333362;2022;ЯМАЛО-НЕНЕЦКИЙ;86.10;12300;45554869
8905058820;9333362;2023;ЯМАЛО-НЕНЕЦКИЙ;86.10;12300;48241755
8905058820;9333362;2024;ЯМАЛО-НЕНЕЦКИЙ;86.10;12300;51507064
6381018196;5276456;2022;САМАРСКАЯ;46.71;12300;46016721
6381018196;5276456;2023;САМАРСКАЯ;46.71;12300;49097463
6381018196;5276456;2024;САМАРСКАЯ;46.71;12300;51250948
1658175731;9059295;2022;ТАТАРСТАН;71.20.9;12300;45137420
1658175731;9059295;2023;ТАТАРСТАН;71.20.9;12300;49237437
1658175731;9059295;2024;ТАТАРСТАН;71.20.9;12300;52755733
3702255598;11527478;2022;ИВАНОВСКАЯ;47.72;12300;44739913
3702255598;11527478;2023;ИВАНОВСКАЯ;47.72;12300;47685186
3702255598;11527478;2024;ИВАНОВСКАЯ;47.72;12300;50627627
4028046482;4663871;2022;КАЛУЖСКАЯ;45.31.1;12300;45052260
4028046482;4663871;2023;КАЛУЖСКАЯ;45.31.1;12300;48316820
4028046482;4663871;2024;КАЛУЖСКАЯ;45.31.1;12300;51575178
5260225421;3012876;2022;НИЖЕГОРОДСКАЯ;46.90;12300;45029708
5260225421;3012876;2023;НИЖЕГОРОДСКАЯ;46.90;12300;49101509
5260225421;3012876;2024;НИЖЕГОРОДСКАЯ;46.90;12300;51998661
5258150401;11547785;2022;НИЖЕГОРОДСКАЯ;46.73;12300;44016209
5258150401;11547785;2023;НИЖЕГОРОДСКАЯ;46.73;12300;47331539
5258150401;11547785;2024;НИЖЕГОРОДСКАЯ;46.73;12300;50190295
7204156249;1692169;2022;ТЮМЕНСКАЯ;46.73.6;12300;46424289
7204156249;1692169;2023;ТЮМЕНСКАЯ;46.73.6;12300;49466167
7204156249;1692169;2024;ТЮМЕНСКАЯ;46.73.6;12300;52229556
7203472040;10920758;2022;ТЮМЕНСКАЯ;70.22;12300;44683043
7203472040;10920758;2023;ТЮМЕНСКАЯ;70.22;12300;48078519
7203472040;10920758;2024;ТЮМЕНСКАЯ;70.22;12300;50970191
5031123354;10019554;2022;МОСКОВСКАЯ;46.73;12300;45404125
5031123354;10019554;2023;МОСКОВСКАЯ;46.73;12300;48981632
5031123354;10019554;2024;МОСКОВСКАЯ;46.73;12300;51593657
6312132081;8143901;2022;САМАРСКАЯ;46.90;12300;46355789
6312132081;8143901;2023;САМАРСКАЯ;46.90;12300;49245484
6312132081;8143901;2024;САМАРСКАЯ;46.90;12300;50465347
5614081473;10627793;2022;ОРЕНБУРГСКАЯ;62.01;12300;47028635
5614081473;10627793;2023;ОРЕНБУРГСКАЯ;62.01;12300;49024373
5614081473;10627793;2024;ОРЕНБУРГСКАЯ;62.01;12300;52267992
8601049566;7865657;2022;ХАНТЫ-МАНСИЙСКИЙ АВТОНОМНЫЙ ОКРУГ - ЮГРА;02.40;12300;44034252
8601049566;7865657;2023;ХАНТЫ-МАНСИЙСКИЙ АВТОНОМНЫЙ ОКРУГ - ЮГРА;02.40;12300;47298438
8601049566;7865657;2024;ХАНТЫ-МАНСИЙСКИЙ АВТОНОМНЫЙ ОКРУГ - ЮГРА;02.40;12300;50179719
6829157371;11469404;2022;ТАМБОВСКАЯ;56.10;12300;45183014
6829157371;11469404;2023;ТАМБОВСКАЯ;56.10;12300;48291738
6829157371;11469404;2024;ТАМБОВСКАЯ;56.10;12300;51138858
7017440757;10559553;2022;ТОМСКАЯ;43.22;12300;46343126
7017440757;10559553;2023;ТОМСКАЯ;43.22;12300;49425313
7017440757;10559553;2024;ТОМСКАЯ;43.22;12300;52299895
9717115403;11864245;2022;МОСКВА;46.62;12300;47136137
9717115403;11864245;2023;МОСКВА;46.62;12300;49994450
9717115403;11864245;2024;МОСКВА;46.62;12300;52436088
6685051519;8318414;2022;СВЕРДЛОВСКАЯ;47.59.4;12300;47052636
6685051519;8318414;2023;СВЕРДЛОВСКАЯ;47.59.4;12300;49433485
6685051519;8318414;2024;СВЕРДЛОВСКАЯ;47.59.4;12300;52472821
0814170308;3663763;2022;КАЛМЫКИЯ;49.39.1;12300;45209170
0814170308;3663763;2023;КАЛМЫКИЯ;49.39.1;12300;47986091
0814170308;3663763;2024;КАЛМЫКИЯ;49.39.1;12300;50782698
5031106616;7948590;2022;МОСКОВСКАЯ;71.20.1;12300;46196704
5031106616;7948590;2023;МОСКОВСКАЯ;71.20.1;12300;48952931
5031106616;7948590;2024;МОСКОВСКАЯ;71.20.1;12300;51908144
5612086050;8539162;2022;ОРЕНБУРГСКАЯ;86.21;12300;44511775
5612086050;8539162;2023;ОРЕНБУРГСКАЯ;86.21;12300;48064564
5612086050;8539162;2024;ОРЕНБУРГСКАЯ;86.21;12300;50781673
5248030433;3366772;2022;НИЖЕГОРОДСКАЯ;86.23;12300;44868237
5248030433;3366772;2023;НИЖЕГОРОДСКАЯ;86.23;12300;48234357
5248030433;3366772;2024;НИЖЕГОРОДСКАЯ;86.23;12300;50735688
2543106758;10035649;2022;ПРИМОРСКИЙ;45.32;12300;44555167
2543106758;10035649;2023;ПРИМОРСКИЙ;45.32;12300;47775384
2543106758;10035649;2024;ПРИМОРСКИЙ;45.32;12300;50754258
6319225433;10536143;2022;САМАРСКАЯ;49.42;12300;44378820
6319225433;10536143;2023;САМАРСКАЯ;49.42;12300;47766602
6319225433;10536143;2024;САМАРСКАЯ;49.42;12300;51020308
2308092311;3652003;2022;КРАСНОДАРСКИЙ;68.20.2;12300;45563154
2308092311;3652003;2023;КРАСНОДАРСКИЙ;68.20.2;12300;47831958
2308092311;3652003;2024;КРАСНОДАРСКИЙ;68.20.2;12300;50312840
7451343797;7397677;2022;ЧЕЛЯБИНСКАЯ;43.2;12300;46358426
7451343797;7397677;2023;ЧЕЛЯБИНСКАЯ;43.2;12300;49133687
7451343797;7397677;2024;ЧЕЛЯБИНСКАЯ;43.2;12300;52102824
5835140590;11885459;2022;ПЕНЗЕНСКАЯ;71.11.1;12300;46032692
5835140590;11885459;2023;ПЕНЗЕНСКАЯ;71.11.1;12300;49399408
5835140590;11885459;2024;ПЕНЗЕНСКАЯ;71.11.1;12300;52234947
9701097798;10503054;2022;МОСКВА;46.13;12300;47027405
9701097798;10503054;2023;МОСКВА;46.13;12300;47178661
9701097798;10503054;2024;МОСКВА;46.13;12300;51403906
6162040914;1328927;2022;ДОНЕЦКАЯ НАРОДНАЯ;72.20;12300;44907261
6162040914;1328927;2023;ДОНЕЦКАЯ НАРОДНАЯ;72.20;12300;48456601
6162040914;1328927;2024;ДОНЕЦКАЯ НАРОДНАЯ;72.20;12300;51515893
7022016416;6127290;2022;ТОМСКАЯ;69;12300;44016439
7022016416;6127290;2023;ТОМСКАЯ;69;12300;47207596
7022016416;6127290;2024;ТОМСКАЯ;69;12300;51422825
4014005969;459497;2022;КАЛУЖСКАЯ;47.73;12300;44560042
4014005969;459497;2023;КАЛУЖСКАЯ;47.73;12300;48268645
4014005969;459497;2024;КАЛУЖСКАЯ;47.73;12300;52676715
5753064891;9709197;2022;ОРЛОВСКАЯ;81.22;12300;45508958
5753064891;9709197;2023;ОРЛОВСКАЯ;81.22;12300;48735579
5753064891;9709197;2024;ОРЛОВСКАЯ;81.22;12300;52095454
4205360570;10389588;2022;КЕМЕРОВСКАЯ ОБЛАСТЬ - КУЗБАСС;62.01;12300;45030414
4205360570;10389588;2023;КЕМЕРОВСКАЯ ОБЛАСТЬ - КУЗБАСС;62.01;12300;47870752
4205360570;10389588;2024;КЕМЕРОВСКАЯ ОБЛАСТЬ - КУЗБАСС;62.01;12300;51362666
0403005139;4105602;2022;АЛТАЙ;68.32;12300;45180911
0403005139;4105602;2023;АЛТАЙ;68.32;12300;49306998
0403005139;4105602;2024;АЛТАЙ;68.32;12300;51405777
8603149855;6538107;2022;ХАНТЫ-МАНСИЙСКИЙ АВТОНОМНЫЙ ОКРУГ - ЮГРА;85.42;12300;44778097
8603149855;6538107;2023;ХАНТЫ-МАНСИЙСКИЙ АВТОНОМНЫЙ ОКРУГ - ЮГРА;85.42;12300;47601058
8603149855;6538107;2024;ХАНТЫ-МАНСИЙСКИЙ АВТОНОМНЫЙ ОКРУГ - ЮГРА;85.42;12300;50806091
2361016316;10740892;2022;КРАСНОДАРСКИЙ;52.21.22;12300;45794587
2361016316;10740892;2023;КРАСНОДАРСКИЙ;52.21.22;12300;48998772
2361016316;10740892;2024;КРАСНОДАРСКИЙ;52.21.22;12300;52587838
3123324554;8022457;2022;БЕЛГОРОДСКАЯ;86.22;12300;46568102
3123324554;8022457;2023;БЕЛГОРОДСКАЯ;86.22;12300;47662394
3123324554;8022457;2024;БЕЛГОРОДСКАЯ;86.22;12300;50899771
6950196225;9881458;2022;ТВЕРСКАЯ;70.22;12300;44322446
6950196225;9881458;2023;ТВЕРСКАЯ;70.22;12300;47260986
6950196225;9881458;2024;ТВЕРСКАЯ;70.22;12300;50620951
7204176301;1156217;2022;ТЮМЕНСКАЯ;62.09;12300;44163581
7204176301;1156217;2023;ТЮМЕНСКАЯ;62.09;12300;47254538
7204176301;1156217;2024;ТЮМЕНСКАЯ;62.09;12300;50211003
8614000977;9978823;2022;ХАНТЫ-МАНСИЙСКИЙ АВТОНОМНЫЙ ОКРУГ - ЮГРА;46.31;12300;45909839
8614000977;9978823;2023;ХАНТЫ-МАНСИЙСКИЙ АВТОНОМНЫЙ ОКРУГ - ЮГРА;46.31;12300;49629867
8614000977;9978823;2024;ХАНТЫ-МАНСИЙСКИЙ АВТОНОМНЫЙ ОКРУГ - ЮГРА;46.31;12300;52372518
2204068106;8229407;2022;АЛТАЙСКИЙ;69.20;12300;45795727
2204068106;8229407;2023;АЛТАЙСКИЙ;69.20;12300;48598088
2204068106;8229407;2024;АЛТАЙСКИЙ;69.20;12300;51561410
2905013923;10755318;2022;АРХАНГЕЛЬСКАЯ;42.21;12300;44511170
2905013923;10755318;2023;АРХАНГЕЛЬСКАЯ;42.21;12300;47908540
2905013923;10755318;2024;АРХАНГЕЛЬСКАЯ;42.21;12300;50457401
7536172029;10737223;2022;ЗАБАЙКАЛЬСКИЙ;46.38.26;12300;46621840
7536172029;10737223;2023;ЗАБАЙКАЛЬСКИЙ;46.38.26;12300;49547403
7536172029;10737223;2024;ЗАБАЙКАЛЬСКИЙ;46.38.26;12300;52385744
7017134414;3288010;2022;ТОМСКАЯ;62.01;12300;45806914
7017134414;3288010;2023;ТОМСКАЯ;62.01;12300;48600632
7017134414;3288010;2024;ТОМСКАЯ;62.01;12300;52233912
5809005594;11764796;2022;ПЕНЗЕНСКАЯ;47.91;12300;45096151
5809005594;11764796;2023;ПЕНЗЕНСКАЯ;47.91;12300;48447296
5809005594;11764796;2024;ПЕНЗЕНСКАЯ;45.32;12300;52807237
2543089319;9611838;2022;ПРИМОРСКИЙ;70.22;12300;44494695
2543089319;9611838;2023;ПРИМОРСКИЙ;70.22;12300;47515781
2543089319;9611838;2024;ПРИМОРСКИЙ;70.22;12300;50077630
0278194528;7623052;2022;БАШКОРТОСТАН;56.10;12300;46311830
0278194528;7623052;2023;БАШКОРТОСТАН;56.10;12300;49188576
0278194528;7623052;2024;БАШКОРТОСТАН;56.10;12300;52655547
7404073920;11560399;2022;ЧЕЛЯБИНСКАЯ;56.30;12300;45515672
7404073920;11560399;2023;ЧЕЛЯБИНСКАЯ;56.30;12300;47771169
7404073920;11560399;2024;ЧЕЛЯБИНСКАЯ;56.30;12300;50210502
7424027834;1775948;2022;ЧЕЛЯБИНСКАЯ;68.32;12300;45037486
7424027834;1775948;2023;ЧЕЛЯБИНСКАЯ;68.32;12300;48992099
7424027834;1775948;2024;ЧЕЛЯБИНСКАЯ;68.32;12300;50962628
6732122632;9678417;2022;СМОЛЕНСКАЯ;86.21;12300;46550610
6732122632;9678417;2023;СМОЛЕНСКАЯ;86.21;12300;49628275
6732122632;9678417;2024;СМОЛЕНСКАЯ;86.21;12300;52270787
6027073737;6135769;2022;ПСКОВСКАЯ;73.11;12300;44279064
6027073737;6135769;2023;ПСКОВСКАЯ;73.11;12300;47425427
6027073737;6135769;2024;ПСКОВСКАЯ;73.11;12300;50343779
7448078524;1790301;2022;ЧЕЛЯБИНСКАЯ;46.69;12300;45490943
7448078524;1790301;2023;ЧЕЛЯБИНСКАЯ;46.69;12300;47924997
7448078524;1790301;2024;ЧЕЛЯБИНСКАЯ;46.69;12300;51172930
7727451009;11382648;2022;МОСКВА;46.31;12267;45446240
7727451009;11382648;2023;МОСКВА;46.31;12267;49117688
7727451009;11382648;2024;МОСКВА;46.31;12267;51976902
6903013971;6442122;2022;ТВЕРСКАЯ;68.20.2;12300;46563165
6903013971;6442122;2023;ТВЕРСКАЯ;68.20.2;12300;49709134
6903013971;6442122;2024;ТВЕРСКАЯ;68.20.2;12300;51812928
3444275203;11445049;2022;ВОЛГОГРАДСКАЯ;49.41;12300;45885934
3444275203;11445049;2023;ВОЛГОГРАДСКАЯ;49.41;12300;47246356
3444275203;11445049;2024;ВОЛГОГРАДСКАЯ;49.41;12300;50282533
6722030125;9642974;2022;СМОЛЕНСКАЯ;73.1;12300;46655500
6722030125;9642974;2023;СМОЛЕНСКАЯ;73.1;12300;48222632
6722030125;9642974;2024;СМОЛЕНСКАЯ;73.1;12300;51200997
1840073077;10318028;2022;УДМУРТСКАЯ;46.72;12300;46322656
1840073077;10318028;2023;УДМУРТСКАЯ;46.72;12300;49526668
1840073077;10318028;2024;УДМУРТСКАЯ;25.71;12300;52674840
6832002201;3221484;2022;ТАМБОВСКАЯ;45.3;12300;45684219
6832002201;3221484;2023;ТАМБОВСКАЯ;45.3;12300;49251909
6832002201;3221484;2024;ТАМБОВСКАЯ;45.3;12300;51678264
5050104029;7867920;2022;МОСКОВСКАЯ;47.74;12300;45215770
5050104029;7867920;2023;МОСКОВСКАЯ;47.74;12300;49845073
5050104029;7867920;2024;МОСКОВСКАЯ;47.74;12300;51639677
3906983926;9673384;2022;КАЛИНИНГРАДСКАЯ;49.4;12300;44180429
3906983926;9673384;2023;КАЛИНИНГРАДСКАЯ;49.4;12300;47224028
3906983926;9673384;2024;КАЛИНИНГРАДСКАЯ;49.4;12300;50195976
6101032673;6130919;2022;РОСТОВСКАЯ;52.10.21;12300;45838514
6101032673;6130919;2023;РОСТОВСКАЯ;52.10.21;12300;48413720
6101032673;6130919;2024;РОСТОВСКАЯ;52.10.21;12300;51834228
6679100976;9962610;2022;СВЕРДЛОВСКАЯ;46.69;12300;44542241
6679100976;9962610;2023;СВЕРДЛОВСКАЯ;46.69;12300;47543370
6679100976;9962610;2024;СВЕРДЛОВСКАЯ;46.69;12300;50426779
1435150606;60631;2022;САХА /ЯКУТИЯ/;68.31.22;12300;45548965
1435150606;60631;2023;САХА /ЯКУТИЯ/;68.31.12;12300;49738664
1435150606;60631;2024;САХА /ЯКУТИЯ/;68.20;12300;51773270
9102274303;11602467;2022;АДЫГЕЯ;69.10;12300;45290601
9102274303;11602467;2023;АДЫГЕЯ;69.10;12300;48231654
9102274303;11602467;2024;АДЫГЕЯ;69.10;12300;51356107
0274141885;4158605;2022;БАШКОРТОСТАН;42.21;12300;46323689
0274141885;4158605;2023;БАШКОРТОСТАН;42.21;12300;49368200
0274141885;4158605;2024;БАШКОРТОСТАН;42.21;12300;52459651
9701186720;11691716;2022;ЧЕЧЕНСКАЯ;49.41;12300;46989788
9701186720;11691716;2023;ЧЕЧЕНСКАЯ;49.41;12300;48863983
9701186720;11691716;2024;ЧЕЧЕНСКАЯ;49.41;12300;52006447
8905066764;11343970;2022;ЯМАЛО-НЕНЕЦКИЙ;42.99;12300;46111913
8905066764;11343970;2023;ЯМАЛО-НЕНЕЦКИЙ;42.99;12300;48817172
8905066764;11343970;2024;ЯМАЛО-НЕНЕЦКИЙ;42.99;12300;51286500
4345466512;10237953;2022;КИРОВСКАЯ;56.10.1;12300;46041256
4345466512;10237953;2023;КИРОВСКАЯ;56.10.1;12300;48999034
4345466512;10237953;2024;КИРОВСКАЯ;56.10.1;12300;50169520
4632260321;11180913;2022;КУРСКАЯ;47.77.2;12300;45889551
4632260321;11180913;2023;КУРСКАЯ;47.77.2;12300;48904697
4632260321;11180913;2024;КУРСКАЯ;47.77.2;12300;51936604
6501185843;5923534;2022;САХАЛИНСКАЯ;68.20.2;12300;45026623
6501185843;5923534;2023;САХАЛИНСКАЯ;45.2;12300;49220296
6501185843;5923534;2024;САХАЛИНСКАЯ;45.2;12300;50894047
5257132008;7310809;2022;КОСТРОМСКАЯ;43.29;12300;45425726
5257132008;7310809;2023;КОСТРОМСКАЯ;43.29;12300;48463872
5257132008;7310809;2024;КОСТРОМСКАЯ;43.29;12300;51786812
1901072370;6265424;2022;ХАКАСИЯ;42.12;12300;44491811
1901072370;6265424;2023;ХАКАСИЯ;42.12;12300;47405895
1901072370;6265424;2024;ХАКАСИЯ;42.12;12300;50196362
7814799699;11704573;2022;САНКТ-ПЕТЕРБУРГ;47.19;12300;44913184
7814799699;11704573;2023;САНКТ-ПЕТЕРБУРГ;47.19;12300;48167105
7814799699;11704573;2024;САНКТ-ПЕТЕРБУРГ;47.19;12300;51417281
0708016801;11257581;2022;КАБАРДИНО-БАЛКАРСКАЯ;01.11;12300;44569833
0708016801;11257581;2023;КАБАРДИНО-БАЛКАРСКАЯ;01.11;12300;48540769
0708016801;11257581;2024;КАБАРДИНО-БАЛКАРСКАЯ;01.11;12300;52024473
1400007450;11819112;2022;САХА /ЯКУТИЯ/;45.20;12300;45309020
1400007450;11819112;2023;САХА /ЯКУТИЯ/;45.20;12300;48432273
1400007450;11819112;2024;САХА /ЯКУТИЯ/;45.20;12300;51286987
7536150498;9145521;2022;ЗАБАЙКАЛЬСКИЙ;62.09;12300;45058106
7536150498;9145521;2023;ЗАБАЙКАЛЬСКИЙ;62.09;12300;47824728
7536150498;9145521;2024;ЗАБАЙКАЛЬСКИЙ;62.09;12300;50554490
0107035380;11188141;2022;САМАРСКАЯ;68.20.2;12300;46610826
0107035380;11188141;2023;САМАРСКАЯ;68.20.2;12300;48411095
0107035380;11188141;2024;САМАРСКАЯ;68.20.2;12300;51316399
0900004079;11859024;2022;КАРАЧАЕВО-ЧЕРКЕССКАЯ;45.20.1;12300;45840627
0900004079;11859024;2023;КАРАЧАЕВО-ЧЕРКЕССКАЯ;46.73;12300;49542649
0900004079;11859024;2024;КАРАЧАЕВО-ЧЕРКЕССКАЯ;46.73;12300;51937421
0800001282;11717043;2022;КАЛМЫКИЯ;68.10;12300;45223659
0800001282;11717043;2023;КАЛМЫКИЯ;68.10;12300;48526037
0800001282;11717043;2024;КАЛМЫКИЯ;68.10;12300;51017753
7802310899;1167744;2022;САНКТ-ПЕТЕРБУРГ;01.1;12300;46260532
7802310899;1167744;2023;САНКТ-ПЕТЕРБУРГ;01.1;12300;49291026
7802310899;1167744;2024;САНКТ-ПЕТЕРБУРГ;01.1;12300;52232444
0919005164;9226819;2022;КАРАЧАЕВО-ЧЕРКЕССКАЯ;43.21;12300;46501109
0919005164;9226819;2023;КАРАЧАЕВО-ЧЕРКЕССКАЯ;43.21;12300;47589567
0919005164;9226819;2024;КАРАЧАЕВО-ЧЕРКЕССКАЯ;43.21;12300;51941208
6155923203;2575737;2022;РОСТОВСКАЯ;71.1;12300;45167460
6155923203;2575737;2023;РОСТОВСКАЯ;71.1;12300;48253399
6155923203;2575737;2024;РОСТОВСКАЯ;71.1;12300;51372938
7017416803;10057519;2022;ТОМСКАЯ;68.20.2;12300;44922465
7017416803;10057519;2023;ТОМСКАЯ;68.20.2;12300;49087796
7017416803;10057519;2024;ТОМСКАЯ;68.20.2;12300;51777360
7704661948;1368098;2022;МОСКВА;86.21;12300;46519359
7704661948;1368098;2023;МОСКВА;86.21;12300;49250182
7704661948;1368098;2024;МОСКВА;86.21;12300;52466378
9200003816;11594853;2022;СЕВАСТОПОЛЬ;41.20;12300;46576251
9200003816;11594853;2023;СЕВАСТОПОЛЬ;41.20;12300;49339896
9200003816;11594853;2024;СЕВАСТОПОЛЬ;41.20;12300;52681870
7604254025;8268026;2022;ЯРОСЛАВСКАЯ;45.20.2;12300;47099657
7604254025;8268026;2023;ЯРОСЛАВСКАЯ;45.20.2;12300;50002320
7604254025;8268026;2024;ЯРОСЛАВСКАЯ;52.21.1;12300;52782104
2807006251;10541018;2022;АМУРСКАЯ;25.11;12300;44524221
2807006251;10541018;2023;АМУРСКАЯ;25.11;12300;47589739
2807006251;10541018;2024;АМУРСКАЯ;25.11;12300;50606056
7104505552;2932489;2022;ТУЛЬСКАЯ;71.11.1;12300;45678234
7104505552;2932489;2023;ТУЛЬСКАЯ;71.11.1;12300;49139409
7104505552;2932489;2024;ТУЛЬСКАЯ;71.11.1;12300;51745880
8603243093;11457655;2022;ХАНТЫ-МАНСИЙСКИЙ АВТОНОМНЫЙ ОКРУГ - ЮГРА;25.62;12300;44717051
8603243093;11457655;2023;ХАНТЫ-МАНСИЙСКИЙ АВТОНОМНЫЙ ОКРУГ - ЮГРА;25.62;12300;48357140
8603243093;11457655;2024;ХАНТЫ-МАНСИЙСКИЙ АВТОНОМНЫЙ ОКРУГ - ЮГРА;25.62;12300;51738198
1650336680;9910607;2022;ТАТАРСТАН;49.41;12300;44065764
1650336680;9910607;2023;ТАТАРСТАН;49.41;12300;47281438
1650336680;9910607;2024;ТАТАРСТАН;49.41;12300;50303181
7726640116;2902219;2022;МОСКВА;46.7;12300;45398289
7726640116;2902219;2023;МОСКВА;46.7;12300;48658883
7726640116;2902219;2024;МОСКВА;46.7;12300;51113530
7838338200;3581776;2022;САНКТ-ПЕТЕРБУРГ;62.01;12300;47168680
7838338200;3581776;2023;САНКТ-ПЕТЕРБУРГ;46.19;12300;47903906
7838338200;3581776;2024;САНКТ-ПЕТЕРБУРГ;46.19;12300;50245307
3255046945;144703;2022;БРЯНСКАЯ;43.33;12300;46118585
3255046945;144703;2023;БРЯНСКАЯ;43.33;12300;49420811
3255046945;144703;2024;БРЯНСКАЯ;43.33;12300;51980011
3443920531;7784615;2022;ВОЛГОГРАДСКАЯ;46.19;12300;44620630
3443920531;7784615;2023;ВОЛГОГРАДСКАЯ;46.19;12300;48126804
3443920531;7784615;2024;ВОЛГОГРАДСКАЯ;46.19;12300;51401251
2227001267;5311339;2022;АЛТАЙСКИЙ;25.62;12300;44736649
2227001267;5311339;2023;АЛТАЙСКИЙ;25.62;12300;47878182
2227001267;5311339;2024;АЛТАЙСКИЙ;25.62;12300;50133852
3663141361;11003189;2022;ВОРОНЕЖСКАЯ;42.11;12300;44755704
3663141361;11003189;2023;ВОРОНЕЖСКАЯ;42.11;12300;48222135
3663141361;11003189;2024;ВОРОНЕЖСКАЯ;42.11;12300;50741518
1832107580;7906816;2022;УДМУРТСКАЯ;46.38;12300;44606325
1832107580;7906816;2023;УДМУРТСКАЯ;46.38;12300;47578774
1832107580;7906816;2024;УДМУРТСКАЯ;46.38;12300;50859767
2464116802;9041899;2022;КРАСНОЯРСКИЙ;73.11;12300;46061512
2464116802;9041899;2023;КРАСНОЯРСКИЙ;73.11;12300;48905520
2464116802;9041899;2024;КРАСНОЯРСКИЙ;73.11;12300;51888763
1700005430;11967620;2022;ТЫВА;49.41.1;12300;44523287
1700005430;11967620;2023;ТЫВА;49.41.1;12300;48203095
1700005430;11967620;2024;ТЫВА;49.41.1;12300;51183957
3525335066;8922728;2022;ВОЛОГОДСКАЯ;42.21;12300;46592310
3525335066;8922728;2023;ВОЛОГОДСКАЯ;42.21;12300;48477365
3525335066;8922728;2024;ВОЛОГОДСКАЯ;42.21;12300;51507244
7107053417;6224211;2022;ТУЛЬСКАЯ;70.22;12300;45742342
7107053417;6224211;2023;ТУЛЬСКАЯ;70.22;12300;47608797
7107053417;6224211;2024;ТУЛЬСКАЯ;70.22;12300;51230140
4823028320;5432360;2022;ЛИПЕЦКАЯ;56.29;12300;46125146
4823028320;5432360;2023;ЛИПЕЦКАЯ;56.29;12300;49034072
4823028320;5432360;2024;ЛИПЕЦКАЯ;56.29;12300;50862771
5423000770;561904;2022;НОВОСИБИРСКАЯ;70.22;12267;44614963
5423000770;561904;2023;НОВОСИБИРСКАЯ;70.22;12267;47806197
5423000770;561904;2024;НОВОСИБИРСКАЯ;70.22;12267;50377887
7814428944;1690234;2022;САНКТ-ПЕТЕРБУРГ;46.39;12300;46114305
7814428944;1690234;2023;САНКТ-ПЕТЕРБУРГ;46.39;12300;48071326
7814428944;1690234;2024;САНКТ-ПЕТЕРБУРГ;46.39;12300;50156435
4909072747;5947435;2022;МАГАДАНСКАЯ;43.22;12300;46092747
4909072747;5947435;2023;МАГАДАНСКАЯ;43.22;12300;48773386
4909072747;5947435;2024;МАГАДАНСКАЯ;43.22;12300;51280718
1901142524;11135346;2022;ХАКАСИЯ;56.10;12300;46671123
1901142524;11135346;2023;ХАКАСИЯ;56.10;12300;47622743
1901142524;11135346;2024;ХАКАСИЯ;56.10;12300;50716907
2445003031;7579733;2022;КРАСНОЯРСКИЙ;68.32.1;12300;44825742
2445003031;7579733;2023;КРАСНОЯРСКИЙ;68.32.1;12300;48585931
2445003031;7579733;2024;КРАСНОЯРСКИЙ;68.32.1;12300;50891468
5951004492;10169656;2022;ПЕРМСКИЙ;52.21.22;12300;46607860
5951004492;10169656;2023;ПЕРМСКИЙ;52.21.22;12300;49456330
5951004492;10169656;2024;ПЕРМСКИЙ;52.21.22;12300;52439063
1101163010;10822644;2022;КОМИ;42.22;12300;46581364
1101163010;10822644;2023;КОМИ;42.22;12300;49543968
1101163010;10822644;2024;КОМИ;42.22;12300;52799472
2130229814;11757114;2022;ЧУВАШСКАЯ РЕСПУБЛИКА -;49.41.1;12300;45644667
2130229814;11757114;2023;ЧУВАШСКАЯ РЕСПУБЛИКА -;49.41.1;12300;49527206
2130229814;11757114;2024;ЧУВАШСКАЯ РЕСПУБЛИКА -;49.41.1;12300;52122446
7325137184;9270469;2022;УЛЬЯНОВСКАЯ;46.43;12300;45929180
7325137184;9270469;2023;УЛЬЯНОВСКАЯ;46.43;12300;49336653
7325137184;9270469;2024;УЛЬЯНОВСКАЯ;46.43;12300;50934109
7715992412;8357229;2022;МОСКВА;46.51;12300;45876782
7715992412;8357229;2023;МОСКВА;46.51;12300;48749527
7715992412;8357229;2024;МОСКВА;46.51;12300;52426509
7735194002;11779906;2022;МОСКОВСКАЯ;47.11;12300;45495543
7735194002;11779906;2023;МОСКОВСКАЯ;47.11;12300;48386339
7735194002;11779906;2024;МОСКОВСКАЯ;47.11;12300;52514149
9725029959;11259117;2022;МОСКВА;72.19;12300;45225212
9725029959;11259117;2023;МОСКВА;72.19;12300;48079646
9725029959;11259117;2024;МОСКВА;72.19;12300;50593676
0816002330;4520101;2022;КАЛМЫКИЯ;41.2;12300;47060716
0816002330;4520101;2023;КАЛМЫКИЯ;41.20;12300;49831103
0816002330;4520101;2024;КАЛМЫКИЯ;41.20.1;12300;52761591
8901025862;1565249;2022;ЯМАЛО-НЕНЕЦКИЙ;71.12.7;12300;45015788
8901025862;1565249;2023;ЯМАЛО-НЕНЕЦКИЙ;71.12.7;12300;47868619
8901025862;1565249;2024;ЯМАЛО-НЕНЕЦКИЙ;71.12.7;12300;50512737
5529002424;6932704;2022;ОМСКАЯ;01.11.1;12267;46564526
5529002424;6932704;2023;ОМСКАЯ;01.11.1;12267;49405674
5529002424;6932704;2024;ОМСКАЯ;01.11.1;12267;52302016
7423023065;5147146;2022;ЧЕЛЯБИНСКАЯ;73.11;12300;45092101
7423023065;5147146;2023;ЧЕЛЯБИНСКАЯ;73.11;12300;49242476
7423023065;5147146;2024;ЧЕЛЯБИНСКАЯ;73.11;12300;51400929
2108002984;8448013;2022;ЧУВАШСКАЯ РЕСПУБЛИКА -;56.10;12300;44108178
2108002984;8448013;2023;ЧУВАШСКАЯ РЕСПУБЛИКА -;56.10;12300;47318622
2108002984;8448013;2024;ЧУВАШСКАЯ РЕСПУБЛИКА -;56.10;12300;50386124
7727392586;10793650;2022;МОСКВА;82.91;12300;45629144
7727392586;10793650;2023;МОСКВА;82.91;12300;48442195
7727392586;10793650;2024;МОСКВА;82.91;12300;51583393
0239950636;10527650;2022;БАШКОРТОСТАН;25.11;12300;45849200
0239950636;10527650;2023;БАШКОРТОСТАН;25.11;12300;49426730
0239950636;10527650;2024;БАШКОРТОСТАН;25.11;12300;50613348
5029237227;10873141;2022;МОСКОВСКАЯ;41.20;12300;45145060
5029237227;10873141;2023;МОСКОВСКАЯ;41.20;12300;49843317
5029237227;10873141;2024;МОСКОВСКАЯ;41.20;12300;52645311
7811649127;10225656;2022;САНКТ-ПЕТЕРБУРГ;46.73;12300;44820550
7811649127;10225656;2023;САНКТ-ПЕТЕРБУРГ;46.73;12300;48223747
7811649127;10225656;2024;САНКТ-ПЕТЕРБУРГ;46.73;12300;51272728
3245000620;3702944;2022;БРЯНСКАЯ;49.4;12300;44790427
3245000620;3702944;2023;БРЯНСКАЯ;49.4;12300;47421509
3245000620;3702944;2024;БРЯНСКАЯ;49.4;12300;50667924
6230072297;4147924;2022;РЯЗАНСКАЯ;52.63;12300;44022498
6230072297;4147924;2023;РЯЗАНСКАЯ;47.9;12300;48250871
6230072297;4147924;2024;РЯЗАНСКАЯ;47.9;12300;50786323
5902143782;4414025;2022;ПЕРМСКИЙ;63.11.1;12300;45660583
5902143782;4414025;2023;ПЕРМСКИЙ;63.11.1;12300;49180049
5902143782;4414025;2024;ПЕРМСКИЙ;63.11.1;12300;51980579
7728711309;1458431;2022;МОСКОВСКАЯ;52.29;12300;44613054
7728711309;1458431;2023;МОСКОВСКАЯ;52.29;12300;47494881
7728711309;1458431;2024;МОСКОВСКАЯ;52.29;12300;50419721
0275078097;7505877;2022;БАШКОРТОСТАН;86.10;12300;44337797
0275078097;7505877;2023;БАШКОРТОСТАН;86.10;12300;47547005
0275078097;7505877;2024;БАШКОРТОСТАН;86.10;12300;51156640
4909057869;1935165;2022;МАГАДАНСКАЯ;69.20.2;12300;44771800
4909057869;1935165;2023;МАГАДАНСКАЯ;69.20.1;12300;48790789
4909057869;1935165;2024;МАГАДАНСКАЯ;69.20.1;12300;50783950
7204042160;7038880;2022;ТЮМЕНСКАЯ;45.20.1;12300;44251879
7204042160;7038880;2023;ТЮМЕНСКАЯ;45.20.1;12300;48027200
7204042160;7038880;2024;ТЮМЕНСКАЯ;45.20.1;12300;50575761
6025034764;3491050;2022;ПСКОВСКАЯ;71.11.1;12300;46273973
6025034764;3491050;2023;ПСКОВСКАЯ;42.21;12300;49389871
6025034764;3491050;2024;ПСКОВСКАЯ;42.21;12300;52251028
1513062766;9996689;2022;СЕВЕРНАЯ ОСЕТИЯ - АЛАНИЯ;41.20;12300;46326254
1513062766;9996689;2023;СЕВЕРНАЯ ОСЕТИЯ - АЛАНИЯ;41.20;12300;49171847
1513062766;9996689;2024;СЕВЕРНАЯ ОСЕТИЯ - АЛАНИЯ;41.20;12300;52620241
3435067493;3840348;2022;ВОЛГОГРАДСКАЯ;43.22;12300;45007016
3435067493;3840348;2023;ВОЛГОГРАДСКАЯ;43.22;12300;49458257
3435067493;3840348;2024;ВОЛГОГРАДСКАЯ;43.22;12300;52385384
3525281318;816894;2022;ВОЛОГОДСКАЯ;71.1;12300;46249292
3525281318;816894;2023;ВОЛОГОДСКАЯ;71.1;12300;47976440
3525281318;816894;2024;ВОЛОГОДСКАЯ;71.1;12300;50734682
5262243017;3512734;2022;НИЖЕГОРОДСКАЯ;86.23;12300;45668778
5262243017;3512734;2023;НИЖЕГОРОДСКАЯ;86.23;12300;49099997
5262243017;3512734;2024;НИЖЕГОРОДСКАЯ;86.23;12300;51607095
7106523571;7463080;2022;ТУЛЬСКАЯ;46.4;12300;46023318
7106523571;7463080;2023;ТУЛЬСКАЯ;68.20;12300;49273911
7106523571;7463080;2024;ТУЛЬСКАЯ;68.20;12300;52217776
7449146368;11776699;2022;ЧЕЛЯБИНСКАЯ;70.22;12300;44064676
7449146368;11776699;2023;ЧЕЛЯБИНСКАЯ;70.22;12300;48666782
7449146368;11776699;2024;ЧЕЛЯБИНСКАЯ;70.22;12300;52631670
5402059959;11295310;2022;НОВОСИБИРСКАЯ;56.10;12300;46059120
5402059959;11295310;2023;НОВОСИБИРСКАЯ;56.10;12300;48111628
5402059959;11295310;2024;НОВОСИБИРСКАЯ;56.10;12300;51369388
1001292823;9079955;2022;КАРЕЛИЯ;73.1;12300;45431919
1001292823;9079955;2023;КАРЕЛИЯ;73.1;12300;49671416
1001292823;9079955;2024;КАРЕЛИЯ;73.11;12300;51976647
5535016680;9724674;2022;ОМСКАЯ;41.20;12300;45746940
5535016680;9724674;2023;ОМСКАЯ;41.20;12300;48619662
5535016680;9724674;2024;ОМСКАЯ;41.20;12300;51303041
1215119689;28971;2022;МАРИЙ ЭЛ;62.09;12300;45899894
1215119689;28971;2023;МАРИЙ ЭЛ;62.09;12300;49671157
1215119689;28971;2024;МАРИЙ ЭЛ;62.09;12300;52552150
2337034434;5721920;2022;КРАСНОДАРСКИЙ;41.2;12300;44744228
2337034434;5721920;2023;КРАСНОДАРСКИЙ;22.23;12300;48127787
2337034434;5721920;2024;КРАСНОДАРСКИЙ;41.20;12300;51227266
3702149960;9706562;2022;ИВАНОВСКАЯ;62.01;12300;44709655
3702149960;9706562;2023;ИВАНОВСКАЯ;62.01;12300;48371204
3702149960;9706562;2024;ИВАНОВСКАЯ;62.01;12300;52550022
0816035368;10296554;2022;КАЛМЫКИЯ;47.26;12300;45529627
0816035368;10296554;2023;КАЛМЫКИЯ;56.10;12300;48652053
0816035368;10296554;2024;КАЛМЫКИЯ;56.10;12300;51582862
0608055250;10955875;2022;ИНГУШЕТИЯ;71.20;12300;45213750
0608055250;10955875;2023;ИНГУШЕТИЯ;71.20;12300;47342831
0608055250;10955875;2024;ИНГУШЕТИЯ;71.20;12300;50714227
4909911142;3499985;2022;МАГАДАНСКАЯ;69.10;12300;46160929
4909911142;3499985;2023;МАГАДАНСКАЯ;69.10;12300;48575120
4909911142;3499985;2024;МАГАДАНСКАЯ;69.10;12300;51878601
2466163149;9275467;2022;КРАСНОЯРСКИЙ;71.12.3;12300;44534443
2466163149;9275467;2023;КРАСНОЯРСКИЙ;71.12.3;12300;47695233
2466163149;9275467;2024;КРАСНОЯРСКИЙ;71.12.3;12300;50468195
3306015754;2618269;2022;ВЛАДИМИРСКАЯ;86;12300;46102260
3306015754;2618269;2023;ВЛАДИМИРСКАЯ;86;12300;49210395
3306015754;2618269;2024;ВЛАДИМИРСКАЯ;86;12300;52070722
3257033204;9350026;2022;БРЯНСКАЯ;41.20;12300;44816709
3257033204;9350026;2023;БРЯНСКАЯ;41.20;12300;48925059
3257033204;9350026;2024;БРЯНСКАЯ;41.20;12300;51666656
7453338922;11492108;2022;ЧЕЛЯБИНСКАЯ;70.22;12300;46112504
7453338922;11492108;2023;ЧЕЛЯБИНСКАЯ;70.22;12300;48648788
7453338922;11492108;2024;ЧЕЛЯБИНСКАЯ;70.22;12300;52184957
7224078373;10464848;2022;ТЮМЕНСКАЯ;42.22.2;12300;44133655
7224078373;10464848;2023;ТЮМЕНСКАЯ;46.69.5;12300;48344307
7224078373;10464848;2024;ТЮМЕНСКАЯ;42.22.2;12300;50141858
1001328413;10346710;2022;КАРЕЛИЯ;86.22;12300;45821762
1001328413;10346710;2023;КАРЕЛИЯ;86.22;12300;48632175
1001328413;10346710;2024;КАРЕЛИЯ;86.22;12300;51830476
3917049820;10703638;2022;КАЛИНИНГРАДСКАЯ;42.11;12300;44853603
3917049820;10703638;2023;КАЛИНИНГРАДСКАЯ;42.11;12300;48992504
3917049820;10703638;2024;КАЛИНИНГРАДСКАЯ;42.11;12300;51336640
6709004856;2920980;2022;СМОЛЕНСКАЯ;49.4;12300;44485683
6709004856;2920980;2023;СМОЛЕНСКАЯ;49.4;12300;49625245
6709004856;2920980;2024;СМОЛЕНСКАЯ;46.90;12300;52439286
4825049205;4034080;2022;ЛИПЕЦКАЯ;42.21;12300;46641035
4825049205;4034080;2023;ЛИПЕЦКАЯ;42.21;12300;48713112
4825049205;4034080;2024;ЛИПЕЦКАЯ;42.21;12300;52331237
5720022335;9725613;2022;ОРЛОВСКАЯ;25.21.1;12300;47047863
5720022335;9725613;2023;ОРЛОВСКАЯ;25.21.1;12300;49842957
5720022335;9725613;2024;ОРЛОВСКАЯ;25.21.1;12300;50258623
6678052374;9004503;2022;СВЕРДЛОВСКАЯ;69.20.1;12300;45379395
6678052374;9004503;2023;СВЕРДЛОВСКАЯ;69.20.1;12300;48807349
6678052374;9004503;2024;СВЕРДЛОВСКАЯ;69.20.1;12300;51508248
7802898134;11646330;2022;САНКТ-ПЕТЕРБУРГ;62.02;12300;45911398
7802898134;11646330;2023;САНКТ-ПЕТЕРБУРГ;62.02;12300;49291177
7802898134;11646330;2024;САНКТ-ПЕТЕРБУРГ;62.02;12300;51674202
7604258887;8428006;2022;ЯРОСЛАВСКАЯ;62.01;12300;44585572
7604258887;8428006;2023;ЯРОСЛАВСКАЯ;62.01;12300;47632616
7604258887;8428006;2024;ЯРОСЛАВСКАЯ;62.01;12300;50473344
0400001369;9928700;2022;АЛТАЙ;86.90;12300;44648733
0400001369;9928700;2023;АЛТАЙ;86.90;12300;48422064
0400001369;9928700;2024;АЛТАЙ;86.90;12300;52155615
4727002569;9250921;2022;ЛЕНИНГРАДСКАЯ;47.19;12300;46403937
4727002569;9250921;2023;ЛЕНИНГРАДСКАЯ;47.19;12300;50041960
4727002569;9250921;2024;ЛЕНИНГРАДСКАЯ;47.19;12300;51655203
5403063997;11607348;2022;НОВОСИБИРСКАЯ;45.31;12300;45112069
5403063997;11607348;2023;НОВОСИБИРСКАЯ;45.31;12300;49218214
5403063997;11607348;2024;НОВОСИБИРСКАЯ;45.31;12300;51210843
6454082580;790790;2022;САРАТОВСКАЯ;86.23;12300;45243462
6454082580;790790;2023;САРАТОВСКАЯ;86.23;12300;48375930
6454082580;790790;2024;САРАТОВСКАЯ;86.23;12300;51600094
7448230747;11518855;2022;ЧЕЛЯБИНСКАЯ;25.62;12300;44265311
7448230747;11518855;2023;ЧЕЛЯБИНСКАЯ;25.62;12300;48735578
7448230747;11518855;2024;ЧЕЛЯБИНСКАЯ;25.62;12300;51322962
2721235612;10580126;2022;ХАБАРОВСКИЙ;82.11;12300;44624118
2721235612;10580126;2023;ХАБАРОВСКИЙ;82.11;12300;47584612
2721235612;10580126;2024;ХАБАРОВСКИЙ;82.11;12300;50317193
2221180193;799505;2022;АЛТАЙСКИЙ;47.73;12300;45692073
2221180193;799505;2023;АЛТАЙСКИЙ;47.73;12300;48692455
2221180193;799505;2024;АЛТАЙСКИЙ;47.73;12300;50966918
9204017200;8943613;2022;СЕВАСТОПОЛЬ;86.23;12300;44755459
9204017200;8943613;2023;СЕВАСТОПОЛЬ;86.23;12300;49330661
9204017200;8943613;2024;СЕВАСТОПОЛЬ;86.23;12300;51760231
3664223899;9968260;2022;ВОРОНЕЖСКАЯ;46.12;12300;47075561
3664223899;9968260;2023;ВОРОНЕЖСКАЯ;41.20;12300;49826166
3664223899;9968260;2024;ВОРОНЕЖСКАЯ;41.20;12300;51337976
7810841702;3995937;2022;ЛЕНИНГРАДСКАЯ;93.11;12300;46551523
7810841702;3995937;2023;ЛЕНИНГРАДСКАЯ;93.11;12300;49535839
7810841702;3995937;2024;ЛЕНИНГРАДСКАЯ;93.11;12300;52553938
4401126150;4597292;2022;КОСТРОМСКАЯ;56.1;12300;46113178
4401126150;4597292;2023;КОСТРОМСКАЯ;56.1;12300;49136931
4401126150;4597292;2024;КОСТРОМСКАЯ;56.1;12300;51665909
7706721617;2777849;2022;СМОЛЕНСКАЯ;25.92;12300;46384660
7706721617;2777849;2023;СМОЛЕНСКАЯ;25.92;12300;48425245
7706721617;2777849;2024;СМОЛЕНСКАЯ;25.92;12300;51511161
5902143334;4405532;2022;ПЕРМСКИЙ;46.90;12300;45561629
5902143334;4405532;2023;ПЕРМСКИЙ;46.90;12300;48697366
5902143334;4405532;2024;ПЕРМСКИЙ;46.90;12300;51912769
7718834703;3155141;2022;МОСКВА;28.9;12300;45604950
7718834703;3155141;2023;МОСКВА;28.9;12300;48681511
7718834703;3155141;2024;МОСКВА;28.9;12300;51721809
1324126975;5034485;2022;Мордовия;42.21;12300;45778147
1324126975;5034485;2023;Мордовия;42.21;12300;48856348
1324126975;5034485;2024;Мордовия;42.21;12300;51753089
2365012425;2165005;2022;КРАСНОДАРСКИЙ;68.20;12300;45858406
2365012425;2165005;2023;КРАСНОДАРСКИЙ;68.20;12300;48875247
2365012425;2165005;2024;КРАСНОДАРСКИЙ;68.20;12300;51489724
1615015839;11394360;2022;ТАТАРСТАН;62.01;12300;46640786
1615015839;11394360;2023;ТАТАРСТАН;62.01;12300;49497690
1615015839;11394360;2024;ТАТАРСТАН;62.01;12300;52643506
3666121003;670189;2022;ВОРОНЕЖСКАЯ;68.1;12300;45825312
3666121003;670189;2023;ВОРОНЕЖСКАЯ;68.1;12300;48030035
3666121003;670189;2024;ВОРОНЕЖСКАЯ;68.1;12300;50744805
0275046779;364165;2022;БАШКОРТОСТАН;95.22.1;12300;45960816
0275046779;364165;2023;БАШКОРТОСТАН;95.22.1;12300;49129805
0275046779;364165;2024;БАШКОРТОСТАН;95.22.1;12300;51368422
6670462650;10499697;2022;СВЕРДЛОВСКАЯ;43.99;12300;46031055
6670462650;10499697;2023;СВЕРДЛОВСКАЯ;43.99;12300;48506904
6670462650;10499697;2024;СВЕРДЛОВСКАЯ;43.99;12300;52077632
3444118916;3738130;2022;ВОЛГОГРАДСКАЯ;71.11.1;12300;44524444
3444118916;3738130;2023;ВОЛГОГРАДСКАЯ;71.11.1;12300;48101420
3444118916;3738130;2024;ВОЛГОГРАДСКАЯ;71.11.1;12300;50792895
4508010060;10724691;2022;КУРГАНСКАЯ;86.23;12300;44853988
4508010060;10724691;2023;КУРГАНСКАЯ;86.23;12300;48353455
4508010060;10724691;2024;КУРГАНСКАЯ;86.23;12300;50447820
6820012893;3176137;2022;ТАМБОВСКАЯ;25.99.2;12300;44633364
6820012893;3176137;2023;ТАМБОВСКАЯ;25.99.2;12300;47953219
6820012893;3176137;2024;ТАМБОВСКАЯ;25.99.2;12300;50164643
5406774607;8385839;2022;НОВОСИБИРСКАЯ;43.31;12300;47013265
5406774607;8385839;2023;НОВОСИБИРСКАЯ;43.31;12300;49469807
5406774607;8385839;2024;НОВОСИБИРСКАЯ;43.31;12300;52290958
4706017941;2110276;2022;ЛЕНИНГРАДСКАЯ;25.50.1;12300;46326222
4706017941;2110276;2023;ЛЕНИНГРАДСКАЯ;25.50.1;12300;49286876
4706017941;2110276;2024;ЛЕНИНГРАДСКАЯ;25.50.1;12300;52364514
5501258352;8585620;2022;ОМСКАЯ;68.20;12300;44919598
5501258352;8585620;2023;ОМСКАЯ;68.20;12300;48074159
5501258352;8585620;2024;ОМСКАЯ;68.20;12300;50074765
5610137502;3704440;2022;ОРЕНБУРГСКАЯ;69.10;12300;45960918
5610137502;3704440;2023;ОРЕНБУРГСКАЯ;69.10;12300;49015287
5610137502;3704440;2024;ОРЕНБУРГСКАЯ;69.10;12300;51809831
0326576287;11292957;2022;БУРЯТИЯ;49.41;12300;46025436
0326576287;11292957;2023;БУРЯТИЯ;49.41;12300;49499553
0326576287;11292957;2024;БУРЯТИЯ;49.41;12300;52256439
7735141554;9126519;2022;СМОЛЕНСКАЯ;46.43;12300;45092132
7735141554;9126519;2023;СМОЛЕНСКАЯ;46.43.1;12300;48827007
7735141554;9126519;2024;СМОЛЕНСКАЯ;46.43.1;12300;52089885
5300001903;11735490;2022;НОВГОРОДСКАЯ;93.21;12300;44658500
5300001903;11735490;2023;НОВГОРОДСКАЯ;93.21;12300;47860516
5300001903;11735490;2024;НОВГОРОДСКАЯ;93.21;12300;50984315
1655423224;11130385;2022;ТАТАРСТАН;46.19;12300;45857582
1655423224;11130385;2023;ТАТАРСТАН;46.19;12300;48421354
1655423224;11130385;2024;ТАТАРСТАН;46.19;12300;51576611
0326480391;5352776;2022;БУРЯТИЯ;86.23;12300;44522258
0326480391;5352776;2023;БУРЯТИЯ;86.23;12300;48566534
0326480391;5352776;2024;БУРЯТИЯ;86.23;12300;50429543
2537066641;1043795;2022;ПРИМОРСКИЙ;86;12300;45376204
2537066641;1043795;2023;ПРИМОРСКИЙ;86;12300;48775434
2537066641;1043795;2024;ПРИМОРСКИЙ;86;12300;51565885
7810945941;11841508;2022;САНКТ-ПЕТЕРБУРГ;47.91.2;12300;44622891
7810945941;11841508;2023;САНКТ-ПЕТЕРБУРГ;47.91.2;12300;48037185
7810945941;11841508;2024;САНКТ-ПЕТЕРБУРГ;47.91.2;12300;50671136
5907039369;10592887;2022;ПЕРМСКИЙ;42.11;12300;45376138
5907039369;10592887;2023;ПЕРМСКИЙ;42.11;12300;49020051
5907039369;10592887;2024;ПЕРМСКИЙ;42.11;12300;52263741
7705009132;7147120;2022;МОСКВА;43.39;12300;47115412
7705009132;7147120;2023;МОСКВА;43.39;12300;48991302
7705009132;7147120;2024;МОСКВА;43.39;12300;52771538
7719881569;8581638;2022;МОСКВА;49.4;12300;44244218
7719881569;8581638;2023;МОСКВА;49.4;12300;47407999
7719881569;8581638;2024;МОСКВА;49.4;12300;50853023
0274931844;10432447;2022;БАШКОРТОСТАН;47.11;12300;44152464
0274931844;10432447;2023;БАШКОРТОСТАН;47.11;12300;47362799
0274931844;10432447;2024;БАШКОРТОСТАН;47.11;12300;50325074
0522023183;11244747;2022;ДАГЕСТАН;49.41;12300;44463601
0522023183;11244747;2023;ДАГЕСТАН;49.41;12300;47612577
0522023183;11244747;2024;ДАГЕСТАН;49.41;12300;50830295
5603017130;2578824;2022;ОРЕНБУРГСКАЯ;56.10;12300;44975272
5603017130;2578824;2023;ОРЕНБУРГСКАЯ;56.10;12300;49753762
5603017130;2578824;2024;ОРЕНБУРГСКАЯ;56.10;12300;51898194
5321201050;11151328;2022;НОВГОРОДСКАЯ;70.22;12300;44077357
5321201050;11151328;2023;НОВГОРОДСКАЯ;70.22;12300;47544766
5321201050;11151328;2024;НОВГОРОДСКАЯ;70.22;12300;50546806
2623030141;10957787;2022;СТАВРОПОЛЬСКИЙ;86.90.9;12300;45008041
2623030141;10957787;2023;СТАВРОПОЛЬСКИЙ;86.90.9;12300;48975873
2623030141;10957787;2024;СТАВРОПОЛЬСКИЙ;86.90.9;12300;51762310
1215233991;11465079;2022;МАРИЙ ЭЛ;68.32;12300;45633810
1215233991;11465079;2023;МАРИЙ ЭЛ;68.32;12300;48929911
1215233991;11465079;2024;МАРИЙ ЭЛ;68.32;12300;51592617
7722362066;9727696;2022;МОСКВА;69.20;12300;45293917
7722362066;9727696;2023;МОСКВА;69.20;12300;48948595
7722362066;9727696;2024;МОСКВА;69.20;12300;51184309
6826003013;9118054;2022;ТАМБОВСКАЯ;93.13;12300;45247974
6826003013;9118054;2023;ТАМБОВСКАЯ;93.13;12300;49346704
6826003013;9118054;2024;ТАМБОВСКАЯ;93.13;12300;51839155
7701095966;9151269;2022;МОСКВА;73.11;12300;46443680
7701095966;9151269;2023;МОСКВА;73.11;12300;49636500
7701095966;9151269;2024;МОСКВА;73.11;12300;52332667
6454076227;2252990;2022;САРАТОВСКАЯ;71.1;12300;45253214
6454076227;2252990;2023;САРАТОВСКАЯ;71.1;12300;47667355
6454076227;2252990;2024;САРАТОВСКАЯ;71.1;12300;51043051
8904068078;1559089;2022;ЯМАЛО-НЕНЕЦКИЙ;46.71;12300;44312118
8904068078;1559089;2023;ЯМАЛО-НЕНЕЦКИЙ;46.71;12300;49655885
8904068078;1559089;2024;ЯМАЛО-НЕНЕЦКИЙ;46.71;12300;52744048
6321316656;7990693;2022;САМАРСКАЯ;79.11;12300;46190340
6321316656;7990693;2023;САМАРСКАЯ;79.11;12300;48353660
6321316656;7990693;2024;САМАРСКАЯ;79.11;12300;51819442
7203434990;10448693;2022;ТЮМЕНСКАЯ;56.10;12300;46515361
7203434990;10448693;2023;ТЮМЕНСКАЯ;56.10;12300;49283063
7203434990;10448693;2024;ТЮМЕНСКАЯ;56.10;12300;52502730
4811012477;1528771;2022;ЛИПЕЦКАЯ;68.20.2;12300;46994400
4811012477;1528771;2023;ЛИПЕЦКАЯ;42.12;12300;49288364
4811012477;1528771;2024;ЛИПЕЦКАЯ;42.12;12300;52168627
6686128644;11424336;2022;СВЕРДЛОВСКАЯ;25.93;12300;46008309
6686128644;11424336;2023;СВЕРДЛОВСКАЯ;25.93;12300;48819381
6686128644;11424336;2024;СВЕРДЛОВСКАЯ;25.93;12300;50624327
1101146706;8219518;2022;КОМИ;49.4;12300;45140848
1101146706;8219518;2023;КОМИ;49.4;12300;48586351
1101146706;8219518;2024;КОМИ;49.4;12300;50592643
6659208837;809348;2022;СВЕРДЛОВСКАЯ;47.73;12300;45137992
6659208837;809348;2023;СВЕРДЛОВСКАЯ;47.73;12300;47504551
6659208837;809348;2024;СВЕРДЛОВСКАЯ;47.73;12300;51827641
9101008235;9087927;2022;КРЫМ;68.20;12300;45661541
9101008235;9087927;2023;КРЫМ;68.20;12300;48681777
9101008235;9087927;2024;КРЫМ;68.20;12300;51379164
7720496642;11260345;2022;МОСКВА;46.73;12300;45752644
7720496642;11260345;2023;МОСКВА;46.73;12300;49889676
7720496642;11260345;2024;МОСКВА;46.73;12300;51130345
2901281390;9989535;2022;АРХАНГЕЛЬСКАЯ;45.31.1;12300;44404446
2901281390;9989535;2023;АРХАНГЕЛЬСКАЯ;45.31.1;12300;48954805
2901281390;9989535;2024;АРХАНГЕЛЬСКАЯ;45.31.1;12300;51606505
5904330410;9597374;2022;ПЕРМСКИЙ;42.21;12300;45289646
5904330410;9597374;2023;ПЕРМСКИЙ;42.21;12300;48827411
5904330410;9597374;2024;ПЕРМСКИЙ;42.21;12300;51789694
7816561652;7889870;2022;САНКТ-ПЕТЕРБУРГ;86.23;12300;47017230
7816561652;7889870;2023;САНКТ-ПЕТЕРБУРГ;86.23;12300;49283522
7816561652;7889870;2024;САНКТ-ПЕТЕРБУРГ;86.23;12300;52749205
3123197987;3478974;2022;БЕЛГОРОДСКАЯ;49.32;12300;46295651
3123197987;3478974;2023;БЕЛГОРОДСКАЯ;49.32;12300;48838560
3123197987;3478974;2024;БЕЛГОРОДСКАЯ;49.32;12300;51188777
0326513248;8075189;2022;БУРЯТИЯ;56.10;12300;46103919
0326513248;8075189;2023;БУРЯТИЯ;56.10;12300;48361607
0326513248;8075189;2024;БУРЯТИЯ;56.10;12300;52316015
5300004982;11901756;2022;НОВГОРОДСКАЯ;25.11;12300;46569651
5300004982;11901756;2023;НОВГОРОДСКАЯ;25.11;12300;49032211
5300004982;11901756;2024;НОВГОРОДСКАЯ;25.11;12300;52185901
7603027125;1249785;2022;ЯРОСЛАВСКАЯ;43.21;12300;45780224
7603027125;1249785;2023;ЯРОСЛАВСКАЯ;46.73.6;12300;48261739
7603027125;1249785;2024;ЯРОСЛАВСКАЯ;46.73.6;12300;50950647
7806578907;11456673;2022;САНКТ-ПЕТЕРБУРГ;46.49;12300;45330039
7806578907;11456673;2023;САНКТ-ПЕТЕРБУРГ;46.49;12300;49440218
7806578907;11456673;2024;САНКТ-ПЕТЕРБУРГ;46.49;12300;51527378
6501285340;9846830;2022;ПРИМОРСКИЙ;42.99;12300;44966522
6501285340;9846830;2023;ПРИМОРСКИЙ;42.99;12300;48566278
6501285340;9846830;2024;ПРИМОРСКИЙ;42.99;12300;51410547
2259003852;5324791;2022;АЛТАЙСКИЙ;68.20.2;12300;44983597
2259003852;5324791;2023;АЛТАЙСКИЙ;68.20.2;12300;47849718
2259003852;5324791;2024;АЛТАЙСКИЙ;68.20.2;12300;51150536
7805005981;1930911;2022;САНКТ-ПЕТЕРБУРГ;49.4;12300;45973297
7805005981;1930911;2023;САНКТ-ПЕТЕРБУРГ;49.4;12300;49449577
7805005981;1930911;2024;САНКТ-ПЕТЕРБУРГ;49.4;12300;52097212
5190404791;6907912;2022;МУРМАНСКАЯ;62.09;12300;45974274
5190404791;6907912;2023;МУРМАНСКАЯ;62.09;12300;48618256
5190404791;6907912;2024;МУРМАНСКАЯ;62.09;12300;50821671
6318041232;10869429;2022;САМАРСКАЯ;43.21;12300;44858748
6318041232;10869429;2023;САМАРСКАЯ;43.21;12300;48611188
6318041232;10869429;2024;САМАРСКАЯ;43.21;12300;50597702
6658524406;10988940;2022;СВЕРДЛОВСКАЯ;71.12;12300;45727015
6658524406;10988940;2023;СВЕРДЛОВСКАЯ;71.12;12300;49215049
6658524406;10988940;2024;СВЕРДЛОВСКАЯ;71.12;12300;50518857
1660047656;6724649;2022;ТАТАРСТАН;74.90.2;12300;44895792
1660047656;6724649;2023;ТАТАРСТАН;74.90.2;12300;49132440
1660047656;6724649;2024;ТАТАРСТАН;74.90.2;12300;52447690
4401180044;10181588;2022;КОСТРОМСКАЯ;46.73;12300;44859501
4401180044;10181588;2023;КОСТРОМСКАЯ;46.73;12300;48080114
4401180044;10181588;2024;КОСТРОМСКАЯ;46.73;12300;52708030
2225178131;10058487;2022;АЛТАЙСКИЙ;27.40;12300;46266670
2225178131;10058487;2023;АЛТАЙСКИЙ;27.40;12300;49054955
2225178131;10058487;2024;АЛТАЙСКИЙ;27.40;12300;51895290
5501050900;6938062;2022;ОМСКАЯ;52.29;12300;45551336
5501050900;6938062;2023;ОМСКАЯ;52.29;12300;49959073
5501050900;6938062;2024;ОМСКАЯ;52.29;12300;51565886
2626048115;10911256;2022;СТАВРОПОЛЬСКИЙ;56.10;12300;44923591
2626048115;10911256;2023;СТАВРОПОЛЬСКИЙ;56.10;12300;48678303
2626048115;10911256;2024;СТАВРОПОЛЬСКИЙ;56.10;12300;50513643
1225000570;10053065;2022;МАРИЙ ЭЛ;52.29;12300;46677678
1225000570;10053065;2023;МАРИЙ ЭЛ;52.29;12300;49475908
1225000570;10053065;2024;МАРИЙ ЭЛ;52.29;12300;52344796
1223000214;9953341;2022;МАРИЙ ЭЛ;46.73;12300;46034269
1223000214;9953341;2023;МАРИЙ ЭЛ;46.73;12300;47823179
1223000214;9953341;2024;МАРИЙ ЭЛ;46.73;12300;51158597
1650367262;10752662;2022;ТАТАРСТАН;47.19;12300;44163827
1650367262;10752662;2023;ТАТАРСТАН;47.19;12300;47361732
1650367262;10752662;2024;ТАТАРСТАН;47.19;12300;50570035
6732029545;1351738;2022;СМОЛЕНСКАЯ;56.10;12300;45402712
6732029545;1351738;2023;СМОЛЕНСКАЯ;56.10;12300;48505132
6732029545;1351738;2024;СМОЛЕНСКАЯ;56.10;12300;52060001
7704184357;4556890;2022;МОСКВА;46.90;12300;45533325
7704184357;4556890;2023;МОСКВА;46.90;12300;48276120
7704184357;4556890;2024;МОСКВА;46.90;12300;51650565
5038057238;6332779;2022;МОСКОВСКАЯ;86.10;12300;44470608
5038057238;6332779;2023;МОСКОВСКАЯ;86.10;12300;49617312
5038057238;6332779;2024;МОСКОВСКАЯ;86.10;12300;51200619
0242009073;5091669;2022;БАШКОРТОСТАН;86.21;12300;46153253
0242009073;5091669;2023;БАШКОРТОСТАН;86.21;12300;49196649
0242009073;5091669;2024;БАШКОРТОСТАН;86.21;12300;52219020
6674350108;2352895;2022;СВЕРДЛОВСКАЯ;73.11;12300;44923501
6674350108;2352895;2023;СВЕРДЛОВСКАЯ;73.11;12300;48251259
6674350108;2352895;2024;СВЕРДЛОВСКАЯ;73.11;12300;50903163
0408017071;3540298;2022;АЛТАЙ;86;12300;44823643
0408017071;3540298;2023;АЛТАЙ;86;12300;47462870
0408017071;3540298;2024;АЛТАЙ;86;12300;50467881
3720007502;10473974;2022;ИВАНОВСКАЯ;71.20.5;12300;44062450
3720007502;10473974;2023;ИВАНОВСКАЯ;71.20.5;12300;47719133
3720007502;10473974;2024;ИВАНОВСКАЯ;71.20.5;12300;51033334
4505017067;11226875;2022;КУРГАНСКАЯ;71.12;12300;45821808
4505017067;11226875;2023;КУРГАНСКАЯ;71.12;12300;49061810
4505017067;11226875;2024;КУРГАНСКАЯ;71.12;12300;51894050
3628011377;4302778;2022;ВОРОНЕЖСКАЯ;43.99;12300;44568111
3628011377;4302778;2023;ВОРОНЕЖСКАЯ;43.99;12300;47235332
3628011377;4302778;2024;ВОРОНЕЖСКАЯ;43.99;12300;50312117
7719809080;801191;2022;МОСКВА;62.0;12300;46625088
7719809080;801191;2023;МОСКВА;62.02;12300;49723713
7719809080;801191;2024;МОСКВА;62.02;12300;52758730
1435255895;7375179;2022;САХА /ЯКУТИЯ/;46.34;12300;45920906
1435255895;7375179;2023;САХА /ЯКУТИЯ/;46.34;12300;48601592
1435255895;7375179;2024;САХА /ЯКУТИЯ/;46.34;12300;52353717
5190075339;10521475;2022;МУРМАНСКАЯ;45.20;12300;45936569
5190075339;10521475;2023;МУРМАНСКАЯ;45.20;12300;49481637
5190075339;10521475;2024;МУРМАНСКАЯ;45.20;12300;51494450
7810958884;12001431;2022;САНКТ-ПЕТЕРБУРГ;62.02;12300;44945802
7810958884;12001431;2023;САНКТ-ПЕТЕРБУРГ;62.02;12300;47423139
7810958884;12001431;2024;САНКТ-ПЕТЕРБУРГ;62.02;12300;51131765
7729498965;9679991;2022;МОСКВА;79.11;12300;45401080
7729498965;9679991;2023;МОСКВА;79.11;12300;49544321
7729498965;9679991;2024;МОСКВА;79.11;12300;51914098
0276962196;11586869;2022;БАШКОРТОСТАН;41.20;12300;46643959
0276962196;11586869;2023;БАШКОРТОСТАН;41.20;12300;47191305
0276962196;11586869;2024;БАШКОРТОСТАН;41.20;12300;50351929
3459064639;9406278;2022;ВОЛГОГРАДСКАЯ;47.11;12300;44761527
3459064639;9406278;2023;ВОЛГОГРАДСКАЯ;47.11;12300;47318996
3459064639;9406278;2024;ВОЛГОГРАДСКАЯ;47.11;12300;50266687
5321104184;1789102;2022;НОВГОРОДСКАЯ;49.39.3;12300;44734213
5321104184;1789102;2023;НОВГОРОДСКАЯ;49.39.3;12300;48197439
5321104184;1789102;2024;НОВГОРОДСКАЯ;49.39.3;12300;51216065
3257073020;11255074;2022;БРЯНСКАЯ;73.11;12300;46316324
3257073020;11255074;2023;БРЯНСКАЯ;73.11;12300;49603330
3257073020;11255074;2024;БРЯНСКАЯ;73.11;12300;52623702
0230006007;11410145;2022;БАШКОРТОСТАН;01.11;12300;47041026
0230006007;11410145;2023;БАШКОРТОСТАН;01.11;12300;47604486
0230006007;11410145;2024;БАШКОРТОСТАН;01.11;12300;52056747
1435342883;11044987;2022;САХА /ЯКУТИЯ/;45.31.1;12300;44651574
1435342883;11044987;2023;САХА /ЯКУТИЯ/;45.31.1;12300;47658033
1435342883;11044987;2024;САХА /ЯКУТИЯ/;45.31.1;12300;51375113
0917025214;8562012;2022;КАРАЧАЕВО-ЧЕРКЕССКАЯ;86.21;12300;46429318
0917025214;8562012;2023;КАРАЧАЕВО-ЧЕРКЕССКАЯ;86.21;12300;49264765
0917025214;8562012;2024;КАРАЧАЕВО-ЧЕРКЕССКАЯ;86.21;12300;52124242
7729766646;8419351;2022;МОСКВА;80.10;12300;44515354
7729766646;8419351;2023;МОСКВА;80.10;12300;48723754
7729766646;8419351;2024;МОСКВА;80.10;12300;51251452
3103000777;1230111;2022;БЕЛГОРОДСКАЯ;45.31.1;12247;45479394
3103000777;1230111;2023;БЕЛГОРОДСКАЯ;45.31.1;12247;48913914
3103000777;1230111;2024;БЕЛГОРОДСКАЯ;45.31.1;12247;52098221
1651087490;11367133;2022;ТАТАРСТАН;41.20;12300;45214822
1651087490;11367133;2023;ТАТАРСТАН;41.20;12300;48785366
1651087490;11367133;2024;ТАТАРСТАН;41.20;12300;51452438
1674000464;11731129;2022;ТАТАРСТАН;49.41;12300;46248927
1674000464;11731129;2023;ТАТАРСТАН;49.41;12300;49456643
1674000464;11731129;2024;ТАТАРСТАН;49.41;12300;52051718
7116155655;10541065;2022;ТУЛЬСКАЯ;86.23;12300;45532807
7116155655;10541065;2023;ТУЛЬСКАЯ;86.23;12300;48391273
7116155655;10541065;2024;ТУЛЬСКАЯ;86.23;12300;52102273
7727199984;6518204;2022;ВЛАДИМИРСКАЯ;68.20.2;12300;44409994
7727199984;6518204;2023;ВЛАДИМИРСКАЯ;68.20.2;12300;47692459
7727199984;6518204;2024;ВЛАДИМИРСКАЯ;68.20.2;12300;50428218
6670497420;11447526;2022;СВЕРДЛОВСКАЯ;46.32;12300;45151154
6670497420;11447526;2023;СВЕРДЛОВСКАЯ;46.32;12300;48146856
6670497420;11447526;2024;СВЕРДЛОВСКАЯ;25.11;12300;50387147
2130110544;7479178;2022;ЧУВАШСКАЯ РЕСПУБЛИКА -;70.22;12300;44065893
2130110544;7479178;2023;ЧУВАШСКАЯ РЕСПУБЛИКА -;70.22;12300;48125354
2130110544;7479178;2024;ЧУВАШСКАЯ РЕСПУБЛИКА -;70.22;12300;50073699
7735179910;10832321;2022;МОСКВА;72.19;12300;45331461
7735179910;10832321;2023;МОСКВА;72.19;12300;48850426
7735179910;10832321;2024;МОСКВА;72.19;12300;50757560
5535017450;11684358;2022;ОМСКАЯ;96.03;12300;46469811
5535017450;11684358;2023;ОМСКАЯ;96.03;12300;49806706
5535017450;11684358;2024;ОМСКАЯ;96.03;12300;51017116
6658520031;10793420;2022;СВЕРДЛОВСКАЯ;46.90;12300;44535502
6658520031;10793420;2023;СВЕРДЛОВСКАЯ;46.90;12300;48504107
6658520031;10793420;2024;СВЕРДЛОВСКАЯ;46.9;12300;51384928
7702711833;269766;2022;МОСКВА;68.3;12300;46349899
7702711833;269766;2023;МОСКВА;68.3;12300;48211584
7702711833;269766;2024;МОСКВА;68.3;12300;51127441
6451009857;9778450;2022;САРАТОВСКАЯ;71.20;12300;45301946
6451009857;9778450;2023;САРАТОВСКАЯ;71.20;12300;48445724
6451009857;9778450;2024;САРАТОВСКАЯ;71.20;12300;51593740
3245017470;11245833;2022;БРЯНСКАЯ;52.29;12300;45054220
3245017470;11245833;2023;БРЯНСКАЯ;52.29;12300;49103769
3245017470;11245833;2024;БРЯНСКАЯ;52.29;12300;52327196
7017231915;4000563;2022;ТОМСКАЯ;56.10;12300;45595873
7017231915;4000563;2023;ТОМСКАЯ;56.10;12300;47724789
7017231915;4000563;2024;ТОМСКАЯ;56.10;12300;50767510
7203327011;8952640;2022;ТЮМЕНСКАЯ;62.01;12300;44333668
7203327011;8952640;2023;ТЮМЕНСКАЯ;62.01;12300;47920537
7203327011;8952640;2024;ТЮМЕНСКАЯ;62.01;12300;50630915
6165191460;9036073;2022;РОСТОВСКАЯ;25.62;12300;45025489
6165191460;9036073;2023;РОСТОВСКАЯ;25.62;12300;48874189
6165191460;9036073;2024;РОСТОВСКАЯ;25.62;12300;51245056
0273926182;10971178;2022;БАШКОРТОСТАН;68.31;12300;46980010
0273926182;10971178;2023;БАШКОРТОСТАН;68.31;12300;47376309
0273926182;10971178;2024;БАШКОРТОСТАН;68.31;12300;50268457
1655042282;6744500;2022;ТАТАРСТАН;46.49;12300;45971295
1655042282;6744500;2023;ТАТАРСТАН;46.49;12300;49346866
1655042282;6744500;2024;ТАТАРСТАН;46.49;12300;51498653
7702435541;10755752;2022;МОСКВА;41.10;12300;46048012
7702435541;10755752;2023;МОСКВА;41.20;12300;48562978
7702435541;10755752;2024;МОСКВА;41.20;12300;50273716
6452079085;6226500;2022;САРАТОВСКАЯ;41.20;12300;46115684
6452079085;6226500;2023;САРАТОВСКАЯ;41.20;12300;49441654
6452079085;6226500;2024;САРАТОВСКАЯ;41.20;12300;52291169
9102282858;11887967;2022;КРЫМ;31.02;12300;47097164
9102282858;11887967;2023;КРЫМ;31.02;12300;48539306
9102282858;11887967;2024;КРЫМ;31.02;12300;52515057
6325073059;10764411;2022;САМАРСКАЯ;93.29.9;12300;44192356
6325073059;10764411;2023;САМАРСКАЯ;93.29.9;12300;48819701
6325073059;10764411;2024;САМАРСКАЯ;93.29.9;12300;52635572
4401130484;3362545;2022;КОСТРОМСКАЯ;70.22;12300;45242944
4401130484;3362545;2023;КОСТРОМСКАЯ;70.22;12300;48374303
4401130484;3362545;2024;КОСТРОМСКАЯ;70.22;12300;51042021
7447186573;5175501;2022;ЧЕЛЯБИНСКАЯ;41.20;12300;46966682
7447186573;5175501;2023;ЧЕЛЯБИНСКАЯ;41.20;12300;49203348
7447186573;5175501;2024;ЧЕЛЯБИНСКАЯ;41.20;12300;51615120
2103005371;11539812;2022;ЧУВАШСКАЯ РЕСПУБЛИКА -;01.13.11;12300;45832089
2103005371;11539812;2023;ЧУВАШСКАЯ РЕСПУБЛИКА -;01.13.11;12300;48290397
2103005371;11539812;2024;ЧУВАШСКАЯ РЕСПУБЛИКА -;01.13.11;12300;50995333
7328095976;10436866;2022;УЛЬЯНОВСКАЯ;86.21;12300;45192387
7328095976;10436866;2023;УЛЬЯНОВСКАЯ;86.21;12300;48709556
7328095976;10436866;2024;УЛЬЯНОВСКАЯ;86.21;12300;51573004
6950259644;11857380;2022;ТВЕРСКАЯ;47.91;12300;46240387
6950259644;11857380;2023;ТВЕРСКАЯ;47.91;12300;49103926
6950259644;11857380;2024;ТВЕРСКАЯ;47.91;12300;52018329
7203280155;7530227;2022;ТЮМЕНСКАЯ;45.3;12300;45606765
7203280155;7530227;2023;ТЮМЕНСКАЯ;45.3;12300;48439399
7203280155;7530227;2024;ТЮМЕНСКАЯ;45.3;12300;50226084
2536252388;1745542;2022;ПРИМОРСКИЙ;43.21;12300;46114880
2536252388;1745542;2023;ПРИМОРСКИЙ;52.29;12300;49042865
2536252388;1745542;2024;ПРИМОРСКИЙ;52.29;12300;52190574
0703006670;5266859;2022;КАБАРДИНО-БАЛКАРСКАЯ;01.41;12300;45735424
0703006670;5266859;2023;КАБАРДИНО-БАЛКАРСКАЯ;01.41;12300;47732944
0703006670;5266859;2024;КАБАРДИНО-БАЛКАРСКАЯ;01.41;12300;51939716
2536285400;9295632;2022;ПРИМОРСКИЙ;52.29;12300;45694676
2536285400;9295632;2023;ПРИМОРСКИЙ;52.29;12300;48884260
2536285400;9295632;2024;ПРИМОРСКИЙ;52.29;12300;50883370
1021300039;79894;2022;КАРЕЛИЯ;79.11;12300;44502999
1021300039;79894;2023;КАРЕЛИЯ;79.11;12300;47614557
1021300039;79894;2024;КАРЕЛИЯ;93.19;12300;50546647
2635097542;4449736;2022;КАЛМЫКИЯ;62.01;12300;46100771
2635097542;4449736;2023;КАЛМЫКИЯ;62.01;12300;49084675
2635097542;4449736;2024;КАЛМЫКИЯ;62.01;12300;51985495
2536326142;11475713;2022;ПРИМОРСКИЙ;46.19;12300;46252456
2536326142;11475713;2023;ПРИМОРСКИЙ;46.19;12300;49530454
2536326142;11475713;2024;ПРИМОРСКИЙ;46.19;12300;52404325
7810381565;9420717;2022;САНКТ-ПЕТЕРБУРГ;70.22;12300;44444390
7810381565;9420717;2023;САНКТ-ПЕТЕРБУРГ;70.22;12300;48908402
7810381565;9420717;2024;САНКТ-ПЕТЕРБУРГ;70.22;12300;52208547
9709040200;10879852;2022;МОСКВА;46.46.2;12300;44559876
9709040200;10879852;2023;МОСКВА;46.46.2;12300;50049919
9709040200;10879852;2024;МОСКВА;46.46.2;12300;50999390
6619011425;1650940;2022;СВЕРДЛОВСКАЯ;42.21;12300;46417935
6619011425;1650940;2023;СВЕРДЛОВСКАЯ;42.21;12300;49831726
6619011425;1650940;2024;СВЕРДЛОВСКАЯ;42.21;12300;52658210
7801711986;11842476;2022;САНКТ-ПЕТЕРБУРГ;41.20;12300;45361459
7801711986;11842476;2023;САНКТ-ПЕТЕРБУРГ;41.20;12300;48542999
7801711986;11842476;2024;САНКТ-ПЕТЕРБУРГ;41.20;12300;51541851
7802493346;50904;2022;ЛЕНИНГРАДСКАЯ;73.1;12300;46555292
7802493346;50904;2023;ЛЕНИНГРАДСКАЯ;73.1;12300;49697046
7802493346;50904;2024;ЛЕНИНГРАДСКАЯ;73.1;12300;52549742
0603282740;2655957;2022;ИНГУШЕТИЯ;71.20;12300;46470795
0603282740;2655957;2023;ИНГУШЕТИЯ;71.20;12300;48558823
0603282740;2655957;2024;ИНГУШЕТИЯ;71.20;12300;51595630
7017433654;10411887;2022;ТОМСКАЯ;69.10;12300;45841244
7017433654;10411887;2023;ТОМСКАЯ;69.10;12300;47960028
7017433654;10411887;2024;ТОМСКАЯ;69.10;12300;50081270
7116504240;1441722;2022;ТУЛЬСКАЯ;41.20;12300;44503515
7116504240;1441722;2023;ТУЛЬСКАЯ;41.20;12300;47826969
7116504240;1441722;2024;ТУЛЬСКАЯ;41.20;12300;50562964
2222778772;633160;2022;АЛТАЙСКИЙ;46.90;12300;44894684
2222778772;633160;2023;АЛТАЙСКИЙ;47.91;12300;47879474
2222778772;633160;2024;АЛТАЙСКИЙ;47.91;12300;50667868
0721054891;6577684;2022;КАБАРДИНО-БАЛКАРСКАЯ;45.2;12300;46132367
0721054891;6577684;2023;КАБАРДИНО-БАЛКАРСКАЯ;45.2;12300;48794386
0721054891;6577684;2024;КАБАРДИНО-БАЛКАРСКАЯ;45.2;12300;51800329
6319183092;8556714;2022;САМАРСКАЯ;86.23;12300;46553222
6319183092;8556714;2023;САМАРСКАЯ;86.23;12300;49624304
6319183092;8556714;2024;САМАРСКАЯ;86.23;12300;52534331
3702218268;11010834;2022;ИВАНОВСКАЯ;73.11;12300;44018488
3702218268;11010834;2023;ИВАНОВСКАЯ;73.11;12300;47184829
3702218268;11010834;2024;ИВАНОВСКАЯ;73.11;12300;50080293
3017058798;1225309;2022;ЧЕЧЕНСКАЯ;56.10.1;12300;45886569
3017058798;1225309;2023;ЧЕЧЕНСКАЯ;56.10.1;12300;49719120
3017058798;1225309;2024;ЧЕЧЕНСКАЯ;56.10.1;12300;51762607
7720296594;9144340;2022;МОСКВА;46.90;12300;46324499
7720296594;9144340;2023;МОСКВА;46.90;12300;48492304
7720296594;9144340;2024;МОСКВА;46.90;12300;51359948
5751021476;2726940;2022;ОРЛОВСКАЯ;62.01;12300;46248840
5751021476;2726940;2023;ОРЛОВСКАЯ;62.01;12300;48628598
5751021476;2726940;2024;ОРЛОВСКАЯ;62.01;12300;52615076
6612050425;9919127;2022;СВЕРДЛОВСКАЯ;56.10;12300;45996870
6612050425;9919127;2023;СВЕРДЛОВСКАЯ;56.10;12300;48590518
6612050425;9919127;2024;СВЕРДЛОВСКАЯ;56.10;12300;51659123
7604003688;6574930;2022;ЯРОСЛАВСКАЯ;68.20.2;12300;44972572
7604003688;6574930;2023;ЯРОСЛАВСКАЯ;68.20.2;12300;48194506
7604003688;6574930;2024;ЯРОСЛАВСКАЯ;68.20.2;12300;50595058
1832153836;11121846;2022;УДМУРТСКАЯ;45.11.2;12300;46552054
1832153836;11121846;2023;УДМУРТСКАЯ;45.11.2;12300;49669957
1832153836;11121846;2024;УДМУРТСКАЯ;45.11.2;12300;52598699
3122503920;3949539;2022;БЕЛГОРОДСКАЯ;42.21;12300;46357993
3122503920;3949539;2023;БЕЛГОРОДСКАЯ;42.21;12300;49556281
3122503920;3949539;2024;БЕЛГОРОДСКАЯ;42.21;12300;52199219
7448011167;3580040;2022;ЧЕЛЯБИНСКАЯ;71.11;12300;46268635
7448011167;3580040;2023;ЧЕЛЯБИНСКАЯ;71.11;12300;48740217
7448011167;3580040;2024;ЧЕЛЯБИНСКАЯ;71.11;12300;50618180
7451266736;536621;2022;ЧЕЛЯБИНСКАЯ;62.01;12300;46243924
7451266736;536621;2023;ЧЕЛЯБИНСКАЯ;62.01;12300;49324291
7451266736;536621;2024;ЧЕЛЯБИНСКАЯ;62.01;12300;52466279
8622026520;11383569;2022;ХАНТЫ-МАНСИЙСКИЙ АВТОНОМНЫЙ ОКРУГ - ЮГРА;43.99;12300;44495756
8622026520;11383569;2023;ХАНТЫ-МАНСИЙСКИЙ АВТОНОМНЫЙ ОКРУГ - ЮГРА;42.11;12300;47638310
8622026520;11383569;2024;ХАНТЫ-МАНСИЙСКИЙ АВТОНОМНЫЙ ОКРУГ - ЮГРА;43.99;12300;50857090
1300002730;11982598;2022;МОРДОВИЯ;45.20;12300;45140021
1300002730;11982598;2023;МОРДОВИЯ;45.20;12300;47224606
1300002730;11982598;2024;МОРДОВИЯ;45.20;12300;50449057
4414012671;2075258;2022;КОСТРОМСКАЯ;41.2;12300;44866980
4414012671;2075258;2023;КОСТРОМСКАЯ;41.2;12300;49231435
4414012671;2075258;2024;КОСТРОМСКАЯ;41.2;12300;52352143
7203199521;5826128;2022;ТЮМЕНСКАЯ;25.29;12267;45809617
7203199521;5826128;2023;ТЮМЕНСКАЯ;25.29;12267;48811494
7203199521;5826128;2024;ТЮМЕНСКАЯ;25.29;12267;51723612
6454115109;10387252;2022;САРАТОВСКАЯ;70.22;12300;44219715
6454115109;10387252;2023;САРАТОВСКАЯ;70.22;12300;47369133
6454115109;10387252;2024;САРАТОВСКАЯ;70.22;12300;50222224
1514013592;9123591;2022;СЕВЕРНАЯ ОСЕТИЯ - АЛАНИЯ;42.11;12300;47078946
1514013592;9123591;2023;СЕВЕРНАЯ ОСЕТИЯ - АЛАНИЯ;42.11;12300;50037381
1514013592;9123591;2024;СЕВЕРНАЯ ОСЕТИЯ - АЛАНИЯ;42.11;12300;52970284
1101042457;31602;2022;КОМИ;68.32.1;12300;45277700
1101042457;31602;2023;КОМИ;68.32.1;12300;48210148
1101042457;31602;2024;КОМИ;68.32.1;12300;51968590
3444196022;7405388;2022;ВОЛГОГРАДСКАЯ;42.91;12300;45976010
3444196022;7405388;2023;ВОЛГОГРАДСКАЯ;42.91;12300;48439186
3444196022;7405388;2024;ВОЛГОГРАДСКАЯ;42.91;12300;51969292
4217200549;11452492;2022;КЕМЕРОВСКАЯ ОБЛАСТЬ - КУЗБАСС;41.20;12300;46216110
4217200549;11452492;2023;КЕМЕРОВСКАЯ ОБЛАСТЬ - КУЗБАСС;41.20;12300;49254460
4217200549;11452492;2024;КЕМЕРОВСКАЯ ОБЛАСТЬ - КУЗБАСС;41.20;12300;52373751
3102044362;10928484;2022;БЕЛГОРОДСКАЯ;49.41.2;12300;44778073
3102044362;10928484;2023;БЕЛГОРОДСКАЯ;49.41.2;12300;48770619
3102044362;10928484;2024;БЕЛГОРОДСКАЯ;49.41.2;12300;51391810
4212043765;11883033;2022;КЕМЕРОВСКАЯ ОБЛАСТЬ - КУЗБАСС;86.21;12300;45397547
4212043765;11883033;2023;КЕМЕРОВСКАЯ ОБЛАСТЬ - КУЗБАСС;86.21;12300;47936339
4212043765;11883033;2024;КЕМЕРОВСКАЯ ОБЛАСТЬ - КУЗБАСС;86.21;12300;50568320
7802701719;11224226;2022;САНКТ-ПЕТЕРБУРГ;73.11;12300;45872980
7802701719;11224226;2023;САНКТ-ПЕТЕРБУРГ;73.11;12300;49687541
7802701719;11224226;2024;САНКТ-ПЕТЕРБУРГ;73.11;12300;52134958
4632212293;9628735;2022;КУРСКАЯ;86.23;12300;45095213
4632212293;9628735;2023;КУРСКАЯ;86.23;12300;47859589
4632212293;9628735;2024;КУРСКАЯ;86.23;12300;50655130
2537092680;2655717;2022;ПРИМОРСКИЙ;50.20.3;12300;45368399
2537092680;2655717;2023;ПРИМОРСКИЙ;50.20.3;12300;49143890
2537092680;2655717;2024;ПРИМОРСКИЙ;50.30.2;12300;51611240
3250522206;5416326;2022;БРЯНСКАЯ;45.2;12300;45391563
3250522206;5416326;2023;БРЯНСКАЯ;47.78.2;12300;48628487
3250522206;5416326;2024;БРЯНСКАЯ;47.78.2;12300;51686104
5836898788;11921687;2022;ПЕНЗЕНСКАЯ;45.31;12300;46991000
5836898788;11921687;2023;ПЕНЗЕНСКАЯ;45.31;12300;47484316
5836898788;11921687;2024;ПЕНЗЕНСКАЯ;45.31;12300;50442932
1101094328;1333038;2022;КОМИ;62.02;12300;44542212
1101094328;1333038;2023;КОМИ;62.02;12300;48217985
1101094328;1333038;2024;КОМИ;62.02;12300;51012068
3528331454;11678334;2022;ВОЛОГОДСКАЯ;25.11;12300;45746333
3528331454;11678334;2023;ВОЛОГОДСКАЯ;25.11;12300;48471642
3528331454;11678334;2024;ВОЛОГОДСКАЯ;25.11;12300;52520680
5610083737;4101769;2022;ОРЕНБУРГСКАЯ;46.75;12300;45922963
5610083737;4101769;2023;ОРЕНБУРГСКАЯ;69.20.2;12300;49423157
5610083737;4101769;2024;ОРЕНБУРГСКАЯ;69.20.2;12300;52201567
5020066337;5098900;2022;МОСКОВСКАЯ;86.10;12300;46341519
5020066337;5098900;2023;МОСКОВСКАЯ;86.10;12300;49403989
5020066337;5098900;2024;МОСКОВСКАЯ;86.10;12300;52354769
0917015512;2174593;2022;КАРАЧАЕВО-ЧЕРКЕССКАЯ;01.11.1;12300;46489339
0917015512;2174593;2023;КАРАЧАЕВО-ЧЕРКЕССКАЯ;01.11.1;12300;48096065
0917015512;2174593;2024;КАРАЧАЕВО-ЧЕРКЕССКАЯ;01.11.1;12300;51456309
4312135018;6094544;2022;КИРОВСКАЯ;49.41;12300;44750551
4312135018;6094544;2023;КИРОВСКАЯ;49.41;12300;48657312
4312135018;6094544;2024;КИРОВСКАЯ;49.41;12300;50998375
3706027634;11153675;2022;ИВАНОВСКАЯ;43.12;12300;45454589
3706027634;11153675;2023;ИВАНОВСКАЯ;43.12;12300;48863560
3706027634;11153675;2024;ИВАНОВСКАЯ;43.12;12300;51417016
9102040217;8934222;2022;КРЫМ;56.10;12300;45956925
9102040217;8934222;2023;КРЫМ;56.10;12300;49187456
9102040217;8934222;2024;КРЫМ;56.10;12300;51918706
5506220659;2306864;2022;ОМСКАЯ;62.01;12300;44036411
5506220659;2306864;2023;ОМСКАЯ;62.01;12300;47635298
5506220659;2306864;2024;ОМСКАЯ;62.01;12300;50495013
5190061914;9826554;2022;МУРМАНСКАЯ;71.1;12300;45556411
5190061914;9826554;2023;МУРМАНСКАЯ;71.1;12300;49657930
5190061914;9826554;2024;МУРМАНСКАЯ;71.1;12300;51559476
5011028536;1758279;2022;МОСКОВСКАЯ;17.2;12300;45245576
5011028536;1758279;2023;МОСКОВСКАЯ;38.32.5;12300;47756472
5011028536;1758279;2024;МОСКОВСКАЯ;38.32.5;12300;50687587
7524188377;11028992;2022;ЗАБАЙКАЛЬСКИЙ;43.21;12300;45519637
7524188377;11028992;2023;ЗАБАЙКАЛЬСКИЙ;43.21;12300;48325642
7524188377;11028992;2024;ЗАБАЙКАЛЬСКИЙ;43.21;12300;51313961
6949003172;7225576;2022;ТВЕРСКАЯ;49.4;12300;46446130
6949003172;7225576;2023;ТВЕРСКАЯ;49.4;12300;49499270
6949003172;7225576;2024;ТВЕРСКАЯ;49.4;12300;52351009
3662165264;5034503;2022;ВОРОНЕЖСКАЯ;49.39;12300;45075800
3662165264;5034503;2023;ВОРОНЕЖСКАЯ;49.3;12300;48666872
3662165264;5034503;2024;ВОРОНЕЖСКАЯ;49.3;12300;50630948
3664019847;3953057;2022;ВОРОНЕЖСКАЯ;71.11.1;12267;44757458
3664019847;3953057;2023;ВОРОНЕЖСКАЯ;71.11.1;12267;48138731
3664019847;3953057;2024;ВОРОНЕЖСКАЯ;71.11.1;12267;51351290
6321414050;9851689;2022;САМАРСКАЯ;43.21;12300;44796457
6321414050;9851689;2023;САМАРСКАЯ;43.21;12300;48941728
6321414050;9851689;2024;САМАРСКАЯ;43.21;12300;51975664
0274968675;11682421;2022;БАШКОРТОСТАН;46.35;12300;45579403
0274968675;11682421;2023;БАШКОРТОСТАН;46.35;12300;48383854
0274968675;11682421;2024;БАШКОРТОСТАН;46.35;12300;51586628
2721234489;10484066;2022;ХАБАРОВСКИЙ;86.90.9;12300;46171998
2721234489;10484066;2023;ХАБАРОВСКИЙ;86.90.9;12300;49375636
2721234489;10484066;2024;ХАБАРОВСКИЙ;86.90.9;12300;52159728
6453149994;10095470;2022;САРАТОВСКАЯ;46.69;12300;46146601
6453149994;10095470;2023;САРАТОВСКАЯ;46.69;12300;49704349
6453149994;10095470;2024;САРАТОВСКАЯ;46.69;12300;51713154
7802378907;3788985;2022;КАРЕЛИЯ;69;12300;46088219
7802378907;3788985;2023;КАРЕЛИЯ;69;12300;49652108
7802378907;3788985;2024;КАРЕЛИЯ;69;12300;52399891
1215164843;2034473;2022;МАРИЙ ЭЛ;42.21;12300;45078962
1215164843;2034473;2023;МАРИЙ ЭЛ;42.21;12300;48070963
1215164843;2034473;2024;МАРИЙ ЭЛ;42.21;12300;50490990
0573011242;10741974;2022;ДАГЕСТАН;46.47.1;12300;44101333
0573011242;10741974;2023;ДАГЕСТАН;46.47.1;12300;49824132
0573011242;10741974;2024;ДАГЕСТАН;46.47.1;12300;50225425
6025052266;11147246;2022;ПСКОВСКАЯ;56.10;12300;45618497
6025052266;11147246;2023;ПСКОВСКАЯ;56.10;12300;48435853
6025052266;11147246;2024;ПСКОВСКАЯ;56.10;12300;51407637
1327039199;5035976;2022;МОРДОВИЯ;43.11;12247;46568731
1327039199;5035976;2023;МОРДОВИЯ;43.11;12247;48595509
1327039199;5035976;2024;МОРДОВИЯ;43.11;12247;52755046
2635254805;11952120;2022;СТАВРОПОЛЬСКИЙ;95.11;12300;44527393
2635254805;11952120;2023;СТАВРОПОЛЬСКИЙ;95.11;12300;47996621
2635254805;11952120;2024;СТАВРОПОЛЬСКИЙ;95.11;12300;50573172
7727187594;4591655;2022;МОСКВА;43.91;12300;44637889
7727187594;4591655;2023;МОСКВА;43.91;12300;47767738
7727187594;4591655;2024;МОСКВА;43.91;12300;50670664
9102004219;8721354;2022;КРЫМ;46.49.33;12300;47014725
9102004219;8721354;2023;КРЫМ;46.49.33;12300;49276577
9102004219;8721354;2024;КРЫМ;46.49.33;12300;51543175
4028058022;8944644;2022;КАЛУЖСКАЯ;41.20;12300;46412922
4028058022;8944644;2023;КАЛУЖСКАЯ;41.20;12300;49490504
4028058022;8944644;2024;КАЛУЖСКАЯ;41.20;12300;52435309
5028020084;5898526;2022;МОСКОВСКАЯ;45.20;12267;44128334
5028020084;5898526;2023;МОСКОВСКАЯ;45.20;12267;47375554
5028020084;5898526;2024;МОСКОВСКАЯ;45.20;12267;50305081
2308167567;1000900;2022;КРАСНОДАРСКИЙ;86.90;12300;46381647
2308167567;1000900;2023;КРАСНОДАРСКИЙ;86.90;12300;48873562
2308167567;1000900;2024;КРАСНОДАРСКИЙ;86.90;12300;51289183
3906381329;11059901;2022;КАЛИНИНГРАДСКАЯ;41.20;12300;45001829
3906381329;11059901;2023;КАЛИНИНГРАДСКАЯ;41.20;12300;49057991
3906381329;11059901;2024;КАЛИНИНГРАДСКАЯ;41.20;12300;51688855
3329093822;10707759;2022;ВЛАДИМИРСКАЯ;46.74;12300;47070110
3329093822;10707759;2023;ВЛАДИМИРСКАЯ;46.74;12300;49689964
3329093822;10707759;2024;ВЛАДИМИРСКАЯ;46.74;12300;51338340
4101179591;10206775;2022;КАМЧАТСКИЙ;86.21;12300;47055350
4101179591;10206775;2023;КАМЧАТСКИЙ;86.21;12300;49010462
4101179591;10206775;2024;КАМЧАТСКИЙ;86.21;12300;52075713
7805267994;7066778;2022;САНКТ-ПЕТЕРБУРГ;56.10;12300;45776663
7805267994;7066778;2023;САНКТ-ПЕТЕРБУРГ;56.10;12300;47905527
7805267994;7066778;2024;САНКТ-ПЕТЕРБУРГ;56.10;12300;51254256
7719491343;11012944;2022;МОСКВА;32.12.5;12300;45801892
7719491343;11012944;2023;МОСКВА;32.12.5;12300;49584132
7719491343;11012944;2024;МОСКВА;71.20;12300;52688130
2112005106;11916824;2022;ЧУВАШСКАЯ РЕСПУБЛИКА -;46.43;12300;45253667
2112005106;11916824;2023;ЧУВАШСКАЯ РЕСПУБЛИКА -;46.43;12300;47762854
2112005106;11916824;2024;ЧУВАШСКАЯ РЕСПУБЛИКА -;46.43;12300;51722613
4707039634;10149981;2022;ЛЕНИНГРАДСКАЯ;68.31;12300;44564712
4707039634;10149981;2023;ЛЕНИНГРАДСКАЯ;68.31;12300;48273689
4707039634;10149981;2024;ЛЕНИНГРАДСКАЯ;68.31;12300;50461337
5321023915;2335128;2022;НОВГОРОДСКАЯ;68.20.2;12247;44514510
5321023915;2335128;2023;НОВГОРОДСКАЯ;68.20.2;12247;49746542
5321023915;2335128;2024;НОВГОРОДСКАЯ;68.20.2;12247;51078256
2801236925;10464322;2022;АМУРСКАЯ;42.21;12300;44760825
2801236925;10464322;2023;АМУРСКАЯ;42.21;12300;47462536
2801236925;10464322;2024;АМУРСКАЯ;42.21;12300;50550396
2311052904;6754691;2022;АДЫГЕЯ;68.20.2;12300;45868813
2311052904;6754691;2023;АДЫГЕЯ;68.20.2;12300;48199790
2311052904;6754691;2024;АДЫГЕЯ;68.20.2;12300;51689118
3250531183;412025;2022;БРЯНСКАЯ;71.1;12300;45675954
3250531183;412025;2023;БРЯНСКАЯ;71.1;12300;49596943
3250531183;412025;2024;БРЯНСКАЯ;71.1;12300;52548393
0245965976;11557555;2022;БАШКОРТОСТАН;52.23.1;12300;45732458
0245965976;11557555;2023;БАШКОРТОСТАН;52.23.1;12300;49719724
0245965976;11557555;2024;БАШКОРТОСТАН;52.23.1;12300;52670272
1832056430;6441238;2022;УДМУРТСКАЯ;46.72.1;12300;46357763
1832056430;6441238;2023;УДМУРТСКАЯ;46.72.2;12300;49414902
1832056430;6441238;2024;УДМУРТСКАЯ;46.72.2;12300;52118462
5260480005;11684273;2022;НИЖЕГОРОДСКАЯ;56.10;12300;44092502
5260480005;11684273;2023;НИЖЕГОРОДСКАЯ;56.10;12300;48261422
5260480005;11684273;2024;НИЖЕГОРОДСКАЯ;56.10;12300;51597952
7106057722;10018508;2022;ТУЛЬСКАЯ;70.22;12300;44716376
7106057722;10018508;2023;ТУЛЬСКАЯ;70.22;12300;48076864
7106057722;10018508;2024;ТУЛЬСКАЯ;70.22;12300;51680592
1804000066;601538;2022;УДМУРТСКАЯ;42.99;12300;45571367
1804000066;601538;2023;УДМУРТСКАЯ;42.99;12300;48180283
1804000066;601538;2024;УДМУРТСКАЯ;42.99;12300;51790863
3329065487;2535798;2022;ВЛАДИМИРСКАЯ;43.2;12300;45009532
3329065487;2535798;2023;ВЛАДИМИРСКАЯ;43.2;12300;47692381
3329065487;2535798;2024;ВЛАДИМИРСКАЯ;43.2;12300;51187349
2311284013;10938002;2022;КРАСНОДАРСКИЙ;42.21;12300;46409541
2311284013;10938002;2023;КРАСНОДАРСКИЙ;42.21;12300;48666088
2311284013;10938002;2024;КРАСНОДАРСКИЙ;42.21;12300;51516111
1215174175;7999328;2022;МАРИЙ ЭЛ;43.22;12300;45054456
1215174175;7999328;2023;МАРИЙ ЭЛ;43.22;12300;48217097
1215174175;7999328;2024;МАРИЙ ЭЛ;43.22;12300;51795295
6825007880;10787134;2022;ТАМБОВСКАЯ;56.10;12300;46325854
6825007880;10787134;2023;ТАМБОВСКАЯ;56.10;12300;48155945
6825007880;10787134;2024;ТАМБОВСКАЯ;56.10;12300;52402779
1901129315;9656310;2022;ХАКАСИЯ;71.11.1;12300;44492050
1901129315;9656310;2023;ХАКАСИЯ;71.11.1;12300;48262027
1901129315;9656310;2024;ХАКАСИЯ;71.11.1;12300;51310940
4401128397;702356;2022;КОСТРОМСКАЯ;68.20.2;12267;46017900
4401128397;702356;2023;КОСТРОМСКАЯ;68.20.2;12267;49035697
4401128397;702356;2024;КОСТРОМСКАЯ;68.20.2;12267;50960568
3257084791;11984776;2022;БРЯНСКАЯ;25.99;12300;45143670
3257084791;11984776;2023;БРЯНСКАЯ;25.99;12300;49787238
3257084791;11984776;2024;БРЯНСКАЯ;25.99;12300;50831030
7203122208;7025134;2022;ТЮМЕНСКАЯ;43.21;12300;44059394
7203122208;7025134;2023;ТЮМЕНСКАЯ;43.21;12300;47286823
7203122208;7025134;2024;ТЮМЕНСКАЯ;43.21;12300;50305074
5006012770;3774726;2022;МОСКОВСКАЯ;69.10;12300;46656426
5006012770;3774726;2023;МОСКОВСКАЯ;69.10;12300;48678555
5006012770;3774726;2024;МОСКОВСКАЯ;69.10;12300;51764552
5228006922;6883778;2022;НИЖЕГОРОДСКАЯ;42.11;12300;45100638
5228006922;6883778;2023;НИЖЕГОРОДСКАЯ;42.11;12300;49409109
5228006922;6883778;2024;НИЖЕГОРОДСКАЯ;42.11;12300;52797615
6439082522;8014122;2022;САРАТОВСКАЯ;41.20;12300;44243494
6439082522;8014122;2023;САРАТОВСКАЯ;41.20;12300;48107575
6439082522;8014122;2024;САРАТОВСКАЯ;41.20;12300;51023722
4808000263;9157189;2022;ЛИПЕЦКАЯ;41.20;12300;45161100
4808000263;9157189;2023;ЛИПЕЦКАЯ;41.20;12300;48146629
4808000263;9157189;2024;ЛИПЕЦКАЯ;41.20;12300;52615187
6658539057;11436178;2022;СВЕРДЛОВСКАЯ;93.13;12300;45047191
6658539057;11436178;2023;СВЕРДЛОВСКАЯ;93.13;12300;47724858
6658539057;11436178;2024;СВЕРДЛОВСКАЯ;93.13;12300;50874658
3904046886;1542300;2022;КАЛИНИНГРАДСКАЯ;52.29;12300;45405982
3904046886;1542300;2023;КАЛИНИНГРАДСКАЯ;52.29;12300;48665931
3904046886;1542300;2024;КАЛИНИНГРАДСКАЯ;52.29;12300;51191726
3849074618;11123467;2022;ИРКУТСКАЯ;25.11;12300;47029588
3849074618;11123467;2023;ИРКУТСКАЯ;25.11;12300;47931409
3849074618;11123467;2024;ИРКУТСКАЯ;25.11;12300;50659260
7536085866;1094809;2022;ЗАБАЙКАЛЬСКИЙ;86;12300;46237078
7536085866;1094809;2023;ЗАБАЙКАЛЬСКИЙ;86;12300;49901165
7536085866;1094809;2024;ЗАБАЙКАЛЬСКИЙ;86;12300;52783952
2543122686;10576416;2022;ПРИМОРСКИЙ;47.11;12300;46065793
2543122686;10576416;2023;ПРИМОРСКИЙ;47.11;12300;48876810
2543122686;10576416;2024;ПРИМОРСКИЙ;47.11;12300;51907347
1831199637;11394263;2022;УДМУРТСКАЯ;73.11;12300;44898239
1831199637;11394263;2023;УДМУРТСКАЯ;73.11;12300;48466472
1831199637;11394263;2024;УДМУРТСКАЯ;73.11;12300;51574783
1435293749;9164275;2022;САХА /ЯКУТИЯ/;41.20;12300;47095758
1435293749;9164275;2023;САХА /ЯКУТИЯ/;41.20;12300;48459167
1435293749;9164275;2024;САХА /ЯКУТИЯ/;41.20;12300;50126588
9201504283;9053976;2022;СЕВАСТОПОЛЬ;52.29;12300;45573927
9201504283;9053976;2023;СЕВАСТОПОЛЬ;52.29;12300;47595703
9201504283;9053976;2024;СЕВАСТОПОЛЬ;52.29;12300;50706181
6450075230;1673277;2022;САРАТОВСКАЯ;47.43;12300;44221522
6450075230;1673277;2023;САРАТОВСКАЯ;47.43;12300;47719003
6450075230;1673277;2024;САРАТОВСКАЯ;47.43;12300;50258361
7017287153;3639583;2022;ТОМСКАЯ;69.20.2;12300;46140935
7017287153;3639583;2023;ТОМСКАЯ;69.20.2;12300;49271461
7017287153;3639583;2024;ТОМСКАЯ;69.20.2;12300;52284156
7017482838;11539035;2022;ТОМСКАЯ;70.22;12300;46465110
7017482838;11539035;2023;ТОМСКАЯ;70.22;12300;49504480
7017482838;11539035;2024;ТОМСКАЯ;70.22;12300;51385693
2703079914;8618029;2022;ХАБАРОВСКИЙ;70.22;12300;44469181
2703079914;8618029;2023;ХАБАРОВСКИЙ;70.22;12300;47605128
2703079914;8618029;2024;ХАБАРОВСКИЙ;70.22;12300;50566116
1900000559;11479324;2022;ХАКАСИЯ;43.29;12300;44785681
1900000559;11479324;2023;ХАКАСИЯ;43.29;12300;48528130
1900000559;11479324;2024;ХАКАСИЯ;62.01;12300;51028436
1435343728;11071128;2022;САХА /ЯКУТИЯ/;25.62;12300;46165323
1435343728;11071128;2023;САХА /ЯКУТИЯ/;25.62;12300;48645403
1435343728;11071128;2024;САХА /ЯКУТИЯ/;25.62;12300;51604873
9201523906;10550954;2022;СЕВАСТОПОЛЬ;86.23;12300;44756306
9201523906;10550954;2023;СЕВАСТОПОЛЬ;86.23;12300;47750736
9201523906;10550954;2024;СЕВАСТОПОЛЬ;86.23;12300;51452849
5310021955;10307163;2022;НОВГОРОДСКАЯ;49.41;12300;45265040
5310021955;10307163;2023;НОВГОРОДСКАЯ;49.41;12300;48542863
5310021955;10307163;2024;НОВГОРОДСКАЯ;49.41;12300;52509577
9729003937;9727401;2022;МОСКВА;69.10;12300;45233012
9729003937;9727401;2023;МОСКВА;69.10;12300;48251639
9729003937;9727401;2024;МОСКВА;69.10;12300;50849976
7804510212;7941183;2022;САНКТ-ПЕТЕРБУРГ;25.11;12300;44585514
7804510212;7941183;2023;САНКТ-ПЕТЕРБУРГ;25.11;12300;48064940
7804510212;7941183;2024;САНКТ-ПЕТЕРБУРГ;25.11;12300;50951380
0917035540;10815118;2022;КАРАЧАЕВО-ЧЕРКЕССКАЯ;01.13.31;12300;44464862
0917035540;10815118;2023;КАРАЧАЕВО-ЧЕРКЕССКАЯ;01.13.31;12300;47688588
0917035540;10815118;2024;КАРАЧАЕВО-ЧЕРКЕССКАЯ;01.13.31;12300;50619304
1328019364;11445752;2022;МОРДОВИЯ;25.62;12300;44833844
1328019364;11445752;2023;МОРДОВИЯ;25.62;12300;48061304
1328019364;11445752;2024;МОРДОВИЯ;25.62;12300;51458099
4632156105;1863238;2022;КУРСКАЯ;41.2;12300;44465816
4632156105;1863238;2023;КУРСКАЯ;41.2;12300;47669058
4632156105;1863238;2024;КУРСКАЯ;41.2;12300;50072031
1215220840;10417036;2022;МАРИЙ ЭЛ;69.20.2;12300;45616766
1215220840;10417036;2023;МАРИЙ ЭЛ;69.20.2;12300;49080532
1215220840;10417036;2024;МАРИЙ ЭЛ;69.20.2;12300;51676359
3443046962;5557210;2022;ВОЛГОГРАДСКАЯ;41.2;12300;45987197
3443046962;5557210;2023;ВОЛГОГРАДСКАЯ;41.2;12300;49086194
3443046962;5557210;2024;ВОЛГОГРАДСКАЯ;41.2;12300;51975342
0536000789;2088214;2022;ДАГЕСТАН;01.41;12300;44630875
0536000789;2088214;2023;ДАГЕСТАН;01.41;12300;49867407
0536000789;2088214;2024;ДАГЕСТАН;01.41;12300;50638651
6321227727;1507223;2022;САМАРСКАЯ;93.2;12300;45176136
6321227727;1507223;2023;САМАРСКАЯ;93.2;12300;47572629
6321227727;1507223;2024;САМАРСКАЯ;93.2;12300;51092464
7017277067;3233868;2022;ТОМСКАЯ;73.11;12300;45033339
7017277067;3233868;2023;ТОМСКАЯ;73.11;12300;48543297
7017277067;3233868;2024;ТОМСКАЯ;73.11;12300;51301303
5321185680;9992991;2022;НОВГОРОДСКАЯ;88.91;12300;44402632
5321185680;9992991;2023;НОВГОРОДСКАЯ;88.91;12300;47491507
5321185680;9992991;2024;НОВГОРОДСКАЯ;88.91;12300;52519680
0917023880;8095767;2022;КАРАЧАЕВО-ЧЕРКЕССКАЯ;68.20.2;12300;45627403
0917023880;8095767;2023;КАРАЧАЕВО-ЧЕРКЕССКАЯ;68.20.2;12300;49056362
0917023880;8095767;2024;КАРАЧАЕВО-ЧЕРКЕССКАЯ;46.71;12300;52711829
5507066713;4567345;2022;ОМСКАЯ;62.02;12300;46044874
5507066713;4567345;2023;ОМСКАЯ;62.02;12300;49081616
5507066713;4567345;2024;ОМСКАЯ;62.02;12300;51191940
1101135140;89578;2022;КОМИ;56.29;12300;44508566
1101135140;89578;2023;КОМИ;56.29;12300;47575542
1101135140;89578;2024;КОМИ;56.29;12300;50537810
2001002702;11224577;2022;ЧЕЧЕНСКАЯ;41.20;12300;44575570
2001002702;11224577;2023;ЧЕЧЕНСКАЯ;41.20;12300;48363213
2001002702;11224577;2024;ЧЕЧЕНСКАЯ;41.20;12300;50866094
4401142296;7872098;2022;КОСТРОМСКАЯ;93.29.9;12300;44388743
4401142296;7872098;2023;КОСТРОМСКАЯ;93.29.9;12300;47483535
4401142296;7872098;2024;КОСТРОМСКАЯ;93.29.9;12300;50711328
6442012282;8093433;2022;САРАТОВСКАЯ;25.62;12300;44891789
6442012282;8093433;2023;САРАТОВСКАЯ;25.62;12300;47654389
6442012282;8093433;2024;САРАТОВСКАЯ;25.62;12300;50927455
4401099160;1099513;2022;КОСТРОМСКАЯ;68.20.2;12267;45993671
4401099160;1099513;2023;КОСТРОМСКАЯ;68.20.2;12267;49809217
4401099160;1099513;2024;КОСТРОМСКАЯ;68.20.2;12267;51900174
4506006981;9953055;2022;КУРГАНСКАЯ;71.12;12300;44112807
4506006981;9953055;2023;КУРГАНСКАЯ;71.12;12300;49202852
4506006981;9953055;2024;КУРГАНСКАЯ;71.12;12300;50866265
2543168994;11947059;2022;ПРИМОРСКИЙ;71.12.2;12300;46586966
2543168994;11947059;2023;ПРИМОРСКИЙ;71.12.2;12300;49376575
2543168994;11947059;2024;ПРИМОРСКИЙ;71.12.2;12300;51086595
3303010772;8471656;2022;ВЛАДИМИРСКАЯ;52.29;12300;46275922
3303010772;8471656;2023;ВЛАДИМИРСКАЯ;52.29;12300;49134198
3303010772;8471656;2024;ВЛАДИМИРСКАЯ;52.29;12300;52001993
7723727270;1515796;2022;МОСКВА;47.1;12300;45263925
7723727270;1515796;2023;МОСКВА;47.1;12300;49357213
7723727270;1515796;2024;МОСКВА;47.1;12300;52530314
4826031722;1928914;2022;ЛИПЕЦКАЯ;69.10;12300;44890236
4826031722;1928914;2023;ЛИПЕЦКАЯ;69.10;12300;47914172
4826031722;1928914;2024;ЛИПЕЦКАЯ;69.10;12300;50959690
0326025473;885691;2022;БУРЯТИЯ;58.14;12300;44647314
0326025473;885691;2023;БУРЯТИЯ;58.14;12300;48593093
0326025473;885691;2024;БУРЯТИЯ;58.14;12300;51290652
7805521190;1386374;2022;САНКТ-ПЕТЕРБУРГ;20.17;12300;45474795
7805521190;1386374;2023;САНКТ-ПЕТЕРБУРГ;46.49;12300;48390322
7805521190;1386374;2024;САНКТ-ПЕТЕРБУРГ;46.49;12300;51373679
5225006667;8055530;2022;НИЖЕГОРОДСКАЯ;01.61;12300;44288924
5225006667;8055530;2023;НИЖЕГОРОДСКАЯ;01.61;12300;47400250
5225006667;8055530;2024;НИЖЕГОРОДСКАЯ;01.61;12300;50468366
2540270855;11917419;2022;ПРИМОРСКИЙ;70.10.2;12300;47105172
2540270855;11917419;2023;ПРИМОРСКИЙ;70.10.2;12300;49172309
2540270855;11917419;2024;ПРИМОРСКИЙ;70.10.2;12300;52455623
5305006207;1947327;2022;НОВГОРОДСКАЯ;47.1;12300;44952766
5305006207;1947327;2023;НОВГОРОДСКАЯ;47.1;12300;48148189
5305006207;1947327;2024;НОВГОРОДСКАЯ;47.1;12300;52047718
3443126696;9527542;2022;АСТРАХАНСКАЯ;41.20;12300;47065957
3443126696;9527542;2023;АСТРАХАНСКАЯ;41.20;12300;49701819
3443126696;9527542;2024;АСТРАХАНСКАЯ;41.20;12300;52169770
4028042505;1682245;2022;КАЛУЖСКАЯ;43.21;12300;45586965
4028042505;1682245;2023;КАЛУЖСКАЯ;43.21;12300;48924390
4028042505;1682245;2024;КАЛУЖСКАЯ;43.21;12300;51807728
2463128509;11997904;2022;КРАСНОЯРСКИЙ;46.9;12300;43897998
2463128509;11997904;2023;КРАСНОЯРСКИЙ;46.90;12300;49954241
2463128509;11997904;2024;КРАСНОЯРСКИЙ;46.90;12300;50122852
3906248542;609815;2022;КАЛИНИНГРАДСКАЯ;68.20.2;12300;45168512
3906248542;609815;2023;КАЛИНИНГРАДСКАЯ;68.20.2;12300;49806095
3906248542;609815;2024;КАЛИНИНГРАДСКАЯ;68.20.2;12300;51490960
7839327169;1891648;2022;САНКТ-ПЕТЕРБУРГ;32.30;12300;45576025
7839327169;1891648;2023;САНКТ-ПЕТЕРБУРГ;32.30;12300;48413868
7839327169;1891648;2024;САНКТ-ПЕТЕРБУРГ;32.30;12300;51595113
7840470653;2057382;2022;САНКТ-ПЕТЕРБУРГ;41.2;12300;46017837
7840470653;2057382;2023;САНКТ-ПЕТЕРБУРГ;41.2;12300;49283497
7840470653;2057382;2024;САНКТ-ПЕТЕРБУРГ;41.2;12300;52031974
1502022881;6751168;2022;СЕВЕРНАЯ ОСЕТИЯ - АЛАНИЯ;69.20;12300;46495897
1502022881;6751168;2023;СЕВЕРНАЯ ОСЕТИЯ - АЛАНИЯ;69.20;12300;49055687
1502022881;6751168;2024;СЕВЕРНАЯ ОСЕТИЯ - АЛАНИЯ;69.20;12300;51763675
1658179101;9215433;2022;ТАТАРСТАН;56.10;12300;45322086
1658179101;9215433;2023;ТАТАРСТАН;56.10;12300;47880075
1658179101;9215433;2024;ТАТАРСТАН;56.10;12300;51858295
7743924118;8488139;2022;МОСКВА;41.20;12300;44463908
7743924118;8488139;2023;МОСКВА;41.20;12300;48457075
7743924118;8488139;2024;МОСКВА;25.11;12300;51741209
6168055890;2332961;2022;РОСТОВСКАЯ;49.3;12300;46439509
6168055890;2332961;2023;РОСТОВСКАЯ;49.3;12300;48990159
6168055890;2332961;2024;РОСТОВСКАЯ;49.3;12300;51693738
4312124190;6877671;2022;КИРОВСКАЯ;25.62;12300;44568143
4312124190;6877671;2023;КИРОВСКАЯ;25.62;12300;47700837
4312124190;6877671;2024;КИРОВСКАЯ;25.62;12300;50903058
2466189059;10548571;2022;КРАСНОЯРСКИЙ;46.73.6;12300;44047019
2466189059;10548571;2023;КРАСНОЯРСКИЙ;46.73.6;12300;47227976
2466189059;10548571;2024;КРАСНОЯРСКИЙ;46.73.6;12300;50086483
5190040375;8909246;2022;МУРМАНСКАЯ;49.41.1;12300;44447826
5190040375;8909246;2023;МУРМАНСКАЯ;49.41.1;12300;47600798
5190040375;8909246;2024;МУРМАНСКАЯ;49.41.1;12300;50479822
7726748102;8541871;2022;МОСКВА;96.02;12300;45025751
7726748102;8541871;2023;МОСКВА;96.02;12300;48510267
7726748102;8541871;2024;МОСКВА;96.02;12300;51664047
2631054562;4621477;2022;СТАВРОПОЛЬСКИЙ;73.11;12300;45285512
2631054562;4621477;2023;СТАВРОПОЛЬСКИЙ;73.11;12300;48050944
2631054562;4621477;2024;СТАВРОПОЛЬСКИЙ;73.11;12300;51119176
7405009332;3025778;2022;ЧЕЛЯБИНСКАЯ;73.12;12300;44883775
7405009332;3025778;2023;ЧЕЛЯБИНСКАЯ;73.12;12300;47621297
7405009332;3025778;2024;ЧЕЛЯБИНСКАЯ;73.12;12300;50886602
4205212317;2715726;2022;КЕМЕРОВСКАЯ ОБЛАСТЬ - КУЗБАСС;68.32;12300;45276604
4205212317;2715726;2023;КЕМЕРОВСКАЯ ОБЛАСТЬ - КУЗБАСС;68.32.1;12300;48008553
4205212317;2715726;2024;КЕМЕРОВСКАЯ ОБЛАСТЬ - КУЗБАСС;68.32;12300;50851108
7017399019;9697363;2022;ТОМСКАЯ;49.4;12300;45830537
7017399019;9697363;2023;ТОМСКАЯ;49.4;12300;48408160
7017399019;9697363;2024;ТОМСКАЯ;49.4;12300;51672161
2635050287;6804842;2022;СТАВРОПОЛЬСКИЙ;42.13;12300;47048497
2635050287;6804842;2023;СТАВРОПОЛЬСКИЙ;42.13;12300;49038007
2635050287;6804842;2024;СТАВРОПОЛЬСКИЙ;42.13;12300;51127273
0561009168;6635470;2022;ДАГЕСТАН;42.22;12247;45826042
0561009168;6635470;2023;ДАГЕСТАН;42.22;12247;48798946
0561009168;6635470;2024;ДАГЕСТАН;42.22;12247;51596643
2634049722;6805231;2022;СТАВРОПОЛЬСКИЙ;69.20.1;12300;45500285
2634049722;6805231;2023;СТАВРОПОЛЬСКИЙ;69.20.1;12300;49626757
2634049722;6805231;2024;СТАВРОПОЛЬСКИЙ;69.20.1;12300;51771478
5036050572;5856475;2022;МОСКОВСКАЯ;69.10;12300;44625017
5036050572;5856475;2023;МОСКОВСКАЯ;69.10;12300;48099983
5036050572;5856475;2024;МОСКОВСКАЯ;69.10;12300;50487768
3906409863;11756192;2022;КАЛИНИНГРАДСКАЯ;46.51;12300;46437501
3906409863;11756192;2023;КАЛИНИНГРАДСКАЯ;46.51;12300;48663296
3906409863;11756192;2024;КАЛИНИНГРАДСКАЯ;62.03;12300;51769786
4706050314;11893682;2022;ЛЕНИНГРАДСКАЯ;46.14;12300;46323276
4706050314;11893682;2023;ЛЕНИНГРАДСКАЯ;46.14;12300;49077840
4706050314;11893682;2024;ЛЕНИНГРАДСКАЯ;46.14;12300;52544793
6915015451;9757335;2022;ТВЕРСКАЯ;69.20.2;12300;46553287
6915015451;9757335;2023;ТВЕРСКАЯ;69.20.2;12300;49527755
6915015451;9757335;2024;ТВЕРСКАЯ;69.20.2;12300;52470716
2222046560;3087795;2022;АЛТАЙСКИЙ;46.38.1;12300;44104020
2222046560;3087795;2023;АЛТАЙСКИЙ;46.38.1;12300;47432769
2222046560;3087795;2024;АЛТАЙСКИЙ;46.38.1;12300;50267687
7731214071;6504327;2022;МОСКВА;93.19;12300;45415857
7731214071;6504327;2023;МОСКВА;93.19;12300;48613628
7731214071;6504327;2024;МОСКВА;93.19;12300;50691373
1837018069;10601732;2022;УДМУРТСКАЯ;46.32;12300;46293213
1837018069;10601732;2023;УДМУРТСКАЯ;46.32;12300;49727496
1837018069;10601732;2024;УДМУРТСКАЯ;46.32;12300;51568555
0816041185;11565027;2022;КАЛМЫКИЯ;62.01;12300;44675636
0816041185;11565027;2023;КАЛМЫКИЯ;62.01;12300;47803802
0816041185;11565027;2024;КАЛМЫКИЯ;62.01;12300;50729516
3257078325;11539976;2022;БРЯНСКАЯ;43.31;12300;45584038
3257078325;11539976;2023;БРЯНСКАЯ;43.31;12300;48849759
3257078325;11539976;2024;БРЯНСКАЯ;43.31;12300;50228144
7456032530;9831376;2022;ЧЕЛЯБИНСКАЯ;41.20;12300;45764653
7456032530;9831376;2023;ЧЕЛЯБИНСКАЯ;41.20;12300;49605871
7456032530;9831376;2024;ЧЕЛЯБИНСКАЯ;41.20;12300;52645401
7731343775;10076176;2022;МОСКВА;46.49.33;12300;46970735
7731343775;10076176;2023;МОСКВА;46.49.33;12300;50029623
7731343775;10076176;2024;МОСКВА;46.49;12300;52724320
6002010929;1009856;2022;ПСКОВСКАЯ;10.13;12300;46074512
6002010929;1009856;2023;ПСКОВСКАЯ;10.13;12300;48296079
6002010929;1009856;2024;ПСКОВСКАЯ;10.13.2;12300;52333473
7728370828;10232095;2022;МОСКВА;46.13;12300;46595230
7728370828;10232095;2023;МОСКВА;46.13;12300;47899118
7728370828;10232095;2024;МОСКВА;46.13;12300;50998628
7017462180;11084878;2022;ТОМСКАЯ;70.22;12300;44126501
7017462180;11084878;2023;ТОМСКАЯ;70.22;12300;47301362
7017462180;11084878;2024;ТОМСКАЯ;70.22;12300;50154125
0917026240;9079984;2022;КАРАЧАЕВО-ЧЕРКЕССКАЯ;45.3;12300;45176837
0917026240;9079984;2023;КАРАЧАЕВО-ЧЕРКЕССКАЯ;45.3;12300;47400034
0917026240;9079984;2024;КАРАЧАЕВО-ЧЕРКЕССКАЯ;45.3;12300;50324988
3460082223;11813834;2022;ВОЛГОГРАДСКАЯ;47.11;12300;46434947
3460082223;11813834;2023;ВОЛГОГРАДСКАЯ;47.11;12300;49505525
3460082223;11813834;2024;ВОЛГОГРАДСКАЯ;47.11;12300;52820455
4401180728;10217801;2022;КОСТРОМСКАЯ;68.20.2;12300;45149052
4401180728;10217801;2023;КОСТРОМСКАЯ;68.20.2;12300;49828489
4401180728;10217801;2024;КОСТРОМСКАЯ;68.20.2;12300;52731595
0411175399;9635949;2022;АЛТАЙ;71.12;12300;45312756
0411175399;9635949;2023;АЛТАЙ;71.12;12300;49362227
0411175399;9635949;2024;АЛТАЙ;71.12;12300;51749282
8202016752;9638863;2022;КАМЧАТСКИЙ;01.70;12300;45365495
8202016752;9638863;2023;КАМЧАТСКИЙ;01.70;12300;48396040
8202016752;9638863;2024;КАМЧАТСКИЙ;01.70;12300;51419453
5835069548;2276731;2022;ПЕНЗЕНСКАЯ;93.19;12300;44650265
5835069548;2276731;2023;ПЕНЗЕНСКАЯ;93.19;12300;47772914
5835069548;2276731;2024;ПЕНЗЕНСКАЯ;93.19;12300;50731326
5321106230;4839176;2022;НОВГОРОДСКАЯ;69.20.2;12300;45363650
5321106230;4839176;2023;НОВГОРОДСКАЯ;69.20.2;12300;47348569
5321106230;4839176;2024;НОВГОРОДСКАЯ;69.20.2;12300;51278391
9102017112;8795543;2022;КРЫМ;73.11;12300;45093556
9102017112;8795543;2023;КРЫМ;73.11;12300;47605971
9102017112;8795543;2024;КРЫМ;73.11;12300;50452400
5047063460;3197848;2022;МОСКОВСКАЯ;69;12300;44391343
5047063460;3197848;2023;МОСКОВСКАЯ;69;12300;47752193
5047063460;3197848;2024;МОСКОВСКАЯ;69;12300;50988490
1001182926;3739072;2022;КАРЕЛИЯ;47.73;12300;46136330
1001182926;3739072;2023;КАРЕЛИЯ;47.73;12300;49104310
1001182926;3739072;2024;КАРЕЛИЯ;47.73;12300;52301343
7901528663;357431;2022;ЕВРЕЙСКАЯ;47.11;12300;45483799
7901528663;357431;2023;ЕВРЕЙСКАЯ;47.11;12300;49239830
7901528663;357431;2024;ЕВРЕЙСКАЯ;47.11;12300;51429040
6161088906;11120458;2022;РОСТОВСКАЯ;46.13;12300;46011783
6161088906;11120458;2023;РОСТОВСКАЯ;46.13;12300;48135054
6161088906;11120458;2024;РОСТОВСКАЯ;46.13;12300;52284816
0403005072;4105443;2022;АЛТАЙ;42.11;12267;45396772
0403005072;4105443;2023;АЛТАЙ;42.11;12267;48690583
0403005072;4105443;2024;АЛТАЙ;42.11;12267;51464010
3528309219;11188313;2022;ВОЛОГОДСКАЯ;01.70;12300;45240687
3528309219;11188313;2023;ВОЛОГОДСКАЯ;01.70;12300;48288200
3528309219;11188313;2024;ВОЛОГОДСКАЯ;01.70;12300;51156437
7728514082;4368473;2022;МОСКВА;86.23;12300;46393376
7728514082;4368473;2023;МОСКВА;86.23;12300;49123740
7728514082;4368473;2024;МОСКВА;86.23;12300;52444510
7451414575;9976337;2022;ЧЕЛЯБИНСКАЯ;47.59.3;12300;44686790
7451414575;9976337;2023;ЧЕЛЯБИНСКАЯ;47.59.3;12300;47908881
7451414575;9976337;2024;ЧЕЛЯБИНСКАЯ;47.59.3;12300;51008733
6222000796;3136535;2022;РЯЗАНСКАЯ;86.23;12300;45150449
6222000796;3136535;2023;РЯЗАНСКАЯ;86.23;12300;48259778
6222000796;3136535;2024;РЯЗАНСКАЯ;86.23;12300;51365452
9718016162;9823789;2022;МОСКВА;46.73;12300;45500952
9718016162;9823789;2023;МОСКВА;46.73;12300;48602363
9718016162;9823789;2024;МОСКВА;46.73;12300;52729093
6324050718;8543738;2022;САМАРСКАЯ;86.23;12300;44580912
6324050718;8543738;2023;САМАРСКАЯ;86.23;12300;47502619
6324050718;8543738;2024;САМАРСКАЯ;86.23;12300;50402351
6133007214;1612860;2022;РОСТОВСКАЯ;01.11.1;12300;45133156
6133007214;1612860;2023;РОСТОВСКАЯ;01.11;12300;48125831
6133007214;1612860;2024;РОСТОВСКАЯ;01.11;12300;51588836
3017036956;5631807;2022;АСТРАХАНСКАЯ;73.11;12300;44515419
3017036956;5631807;2023;АСТРАХАНСКАЯ;73.11;12300;48710515
3017036956;5631807;2024;АСТРАХАНСКАЯ;73.11;12300;51925449
7743694016;2926119;2022;МОСКВА;47.64;12300;44746595
7743694016;2926119;2023;МОСКВА;47.64;12300;48615819
7743694016;2926119;2024;МОСКВА;47.64;12300;51607832
3128119460;10047361;2022;БЕЛГОРОДСКАЯ;81.21;12300;45967398
3128119460;10047361;2023;БЕЛГОРОДСКАЯ;81.21;12300;48747470
3128119460;10047361;2024;БЕЛГОРОДСКАЯ;81.21;12300;52220298
3100001557;11865339;2022;БЕЛГОРОДСКАЯ;73.11;12300;46348194
3100001557;11865339;2023;БЕЛГОРОДСКАЯ;73.11;12300;49703761
3100001557;11865339;2024;БЕЛГОРОДСКАЯ;73.11;12300;52610309
3443145113;11342146;2022;ВОЛГОГРАДСКАЯ;93.29;12300;44100605
3443145113;11342146;2023;ВОЛГОГРАДСКАЯ;93.29;12300;48204129
3443145113;11342146;2024;ВОЛГОГРАДСКАЯ;93.29;12300;50121963
4101098310;495536;2022;КАМЧАТСКИЙ;45.31.1;12300;44315495
4101098310;495536;2023;КАМЧАТСКИЙ;45.31.1;12300;49946177
4101098310;495536;2024;КАМЧАТСКИЙ;45.31.1;12300;50328384
3327821184;335627;2022;ВЛАДИМИРСКАЯ;45.31.1;12300;44981752
3327821184;335627;2023;ВЛАДИМИРСКАЯ;45.31.1;12300;49045483
3327821184;335627;2024;ВЛАДИМИРСКАЯ;45.3;12300;50761471
3250535420;7635154;2022;БРЯНСКАЯ;56.29;12300;46139606
3250535420;7635154;2023;БРЯНСКАЯ;56.29;12300;49194528
3250535420;7635154;2024;БРЯНСКАЯ;56.29;12300;52110533
7103040664;1507216;2022;ТУЛЬСКАЯ;25.11;12300;46381654
7103040664;1507216;2023;ТУЛЬСКАЯ;25.11;12300;49373343
7103040664;1507216;2024;ТУЛЬСКАЯ;25.11;12300;52611956
4703148953;10144586;2022;ЛЕНИНГРАДСКАЯ;47.73;12300;47062321
4703148953;10144586;2023;ЛЕНИНГРАДСКАЯ;47.73;12300;48825746
4703148953;10144586;2024;ЛЕНИНГРАДСКАЯ;47.73;12300;51819169
2356042430;3377355;2022;КРАСНОДАРСКИЙ;70.22;12300;45199238
2356042430;3377355;2023;КРАСНОДАРСКИЙ;70.22;12300;47696771
2356042430;3377355;2024;КРАСНОДАРСКИЙ;70.22;12300;51896742
4826010610;1938848;2022;ЛИПЕЦКАЯ;56.10;12300;46367393
4826010610;1938848;2023;ЛИПЕЦКАЯ;56.10;12300;49688486
4826010610;1938848;2024;ЛИПЕЦКАЯ;56.10;12300;52452045
3123144463;5701743;2022;БЕЛГОРОДСКАЯ;71.11.1;12300;46264377
3123144463;5701743;2023;БЕЛГОРОДСКАЯ;71.11.1;12300;49105306
3123144463;5701743;2024;БЕЛГОРОДСКАЯ;71.11.1;12300;51946525
3110009964;5893695;2022;БЕЛГОРОДСКАЯ;43.12;12300;44739702
3110009964;5893695;2023;БЕЛГОРОДСКАЯ;43.12;12300;47891136
3110009964;5893695;2024;БЕЛГОРОДСКАЯ;43.12;12300;50733605
1658136813;7402489;2022;ТАТАРСТАН;71.11.1;12300;45180578
1658136813;7402489;2023;ТАТАРСТАН;71.11.1;12300;48520996
1658136813;7402489;2024;ТАТАРСТАН;71.11.1;12300;51041563
2722074693;2717416;2022;ХАБАРОВСКИЙ;62.02;12300;46110756
2722074693;2717416;2023;ХАБАРОВСКИЙ;62.02;12300;49214070
2722074693;2717416;2024;ХАБАРОВСКИЙ;62.02;12300;51123203
7603034115;1667669;2022;ЯРОСЛАВСКАЯ;43.21;12300;45832672
7603034115;1667669;2023;ЯРОСЛАВСКАЯ;43.21;12300;47887479
7603034115;1667669;2024;ЯРОСЛАВСКАЯ;43.21;12300;51785565
6505007062;8546648;2022;САХАЛИНСКАЯ;41.20;12300;46105430
6505007062;8546648;2023;САХАЛИНСКАЯ;41.20;12300;49213438
6505007062;8546648;2024;САХАЛИНСКАЯ;41.20;12300;52152735
3525479357;11843623;2022;БАШКОРТОСТАН;63.11.1;12300;44117751
3525479357;11843623;2023;БАШКОРТОСТАН;63.11.1;12300;47306224
3525479357;11843623;2024;БАШКОРТОСТАН;62.01;12300;51981857
1840071111;10229651;2022;УДМУРТСКАЯ;41.20;12300;44812273
1840071111;10229651;2023;УДМУРТСКАЯ;41.20;12300;47866215
1840071111;10229651;2024;УДМУРТСКАЯ;41.20;12300;50777565
1101093420;391969;2022;КОМИ;49.4;12300;46397124
1101093420;391969;2023;КОМИ;49.4;12300;49325644
1101093420;391969;2024;КОМИ;49.4;12300;51533295
6670403768;7927701;2022;СВЕРДЛОВСКАЯ;49.4;12300;44338895
6670403768;7927701;2023;СВЕРДЛОВСКАЯ;49.4;12300;48050029
6670403768;7927701;2024;СВЕРДЛОВСКАЯ;49.4;12300;51151245
0411161974;7495056;2022;АЛТАЙ;46.7;12300;45143051
0411161974;7495056;2023;АЛТАЙ;46.7;12300;48237341
0411161974;7495056;2024;АЛТАЙ;46.7;12300;51827447
5407105278;6057882;2022;НОВОСИБИРСКАЯ;71.12.1;12247;44555415
5407105278;6057882;2023;НОВОСИБИРСКАЯ;71.12.1;12247;47735833
5407105278;6057882;2024;НОВОСИБИРСКАЯ;71.12.1;12247;50566559
6230101526;10065357;2022;РЯЗАНСКАЯ;73.11;12300;45768786
6230101526;10065357;2023;РЯЗАНСКАЯ;73.11;12300;48451151
6230101526;10065357;2024;РЯЗАНСКАЯ;73.11;12300;51186250
6679068271;9138189;2022;СВЕРДЛОВСКАЯ;13.99;12300;45835624
6679068271;9138189;2023;СВЕРДЛОВСКАЯ;13.99;12300;48439497
6679068271;9138189;2024;СВЕРДЛОВСКАЯ;13.99;12300;51148561
7610000614;6558497;2022;ЯРОСЛАВСКАЯ;46.3;12300;45860325
7610000614;6558497;2023;ЯРОСЛАВСКАЯ;46.3;12300;47942371
7610000614;6558497;2024;ЯРОСЛАВСКАЯ;46.3;12300;52198833
4808003000;11273515;2022;ЛИПЕЦКАЯ;49.31;12300;44296170
4808003000;11273515;2023;ЛИПЕЦКАЯ;49.31;12300;47417310
4808003000;11273515;2024;ЛИПЕЦКАЯ;49.31;12300;51807342
1328019460;11473916;2022;МОРДОВИЯ;46.90;12300;45772141
1328019460;11473916;2023;МОРДОВИЯ;46.90;12300;48026902
1328019460;11473916;2024;МОРДОВИЯ;46.90;12300;50785500
4703124110;102404;2022;ЛЕНИНГРАДСКАЯ;71.12.63;12300;45720754
4703124110;102404;2023;ЛЕНИНГРАДСКАЯ;71.12.63;12300;48742784
4703124110;102404;2024;ЛЕНИНГРАДСКАЯ;71.12.63;12300;51988228
7602082412;4224200;2022;ЯРОСЛАВСКАЯ;47.91;12300;46499763
7602082412;4224200;2023;ЯРОСЛАВСКАЯ;47.91;12300;49268832
7602082412;4224200;2024;ЯРОСЛАВСКАЯ;47.91;12300;52027010
5402487263;1639310;2022;НОВОСИБИРСКАЯ;95.11;12300;45695320
5402487263;1639310;2023;НОВОСИБИРСКАЯ;95.1;12300;47805613
5402487263;1639310;2024;НОВОСИБИРСКАЯ;95.1;12300;52468200
7838087098;11071441;2022;МОСКОВСКАЯ;43.29;12300;44806458
7838087098;11071441;2023;МОСКОВСКАЯ;43.29;12300;48917276
7838087098;11071441;2024;МОСКОВСКАЯ;43.29;12300;52151974
5102004074;11222225;2022;МУРМАНСКАЯ;47.11;12300;45209059
5102004074;11222225;2023;МУРМАНСКАЯ;47.11;12300;48086487
5102004074;11222225;2024;МУРМАНСКАЯ;47.11;12300;50843950
6509020811;3810361;2022;САХАЛИНСКАЯ;45.20;12300;46531010
6509020811;3810361;2023;САХАЛИНСКАЯ;45.20;12300;49683586
6509020811;3810361;2024;САХАЛИНСКАЯ;45.20;12300;52583617
3619022421;10063968;2022;ВОРОНЕЖСКАЯ;45.31;12300;44936435
3619022421;10063968;2023;ВОРОНЕЖСКАЯ;45.31;12300;48446530
3619022421;10063968;2024;ВОРОНЕЖСКАЯ;45.31;12300;50651648
7610100633;7954561;2022;ЯРОСЛАВСКАЯ;43.2;12300;44390002
7610100633;7954561;2023;ЯРОСЛАВСКАЯ;43.2;12300;48028253
7610100633;7954561;2024;ЯРОСЛАВСКАЯ;43.2;12300;50906023
0533010620;2084392;2022;ДАГЕСТАН;01.50;12300;44277533
0533010620;2084392;2023;ДАГЕСТАН;01.50;12300;47600189
0533010620;2084392;2024;ДАГЕСТАН;01.50;12300;50804476
5448104690;6032962;2022;НОВОСИБИРСКАЯ;69.20.1;12300;44121158
5448104690;6032962;2023;НОВОСИБИРСКАЯ;69.20.1;12300;47449916
5448104690;6032962;2024;НОВОСИБИРСКАЯ;69.20.1;12300;50759485
1657242061;10461811;2022;ТАТАРСТАН;33.12;12300;46654511
1657242061;10461811;2023;ТАТАРСТАН;33.12;12300;48731500
1657242061;10461811;2024;ТАТАРСТАН;33.12;12300;50720078
5190063020;9878504;2022;МУРМАНСКАЯ;46.38.1;12300;44563168
5190063020;9878504;2023;МУРМАНСКАЯ;46.38.1;12300;48026451
5190063020;9878504;2024;МУРМАНСКАЯ;46.38.1;12300;52610532
6316163387;2464397;2022;САМАРСКАЯ;56.10;12300;44531234
6316163387;2464397;2023;САМАРСКАЯ;56.10;12300;47585197
6316163387;2464397;2024;САМАРСКАЯ;56.10;12300;51592300
6319209745;9866373;2022;САМАРСКАЯ;45.20;12300;44831325
6319209745;9866373;2023;САМАРСКАЯ;45.20;12300;47782649
6319209745;9866373;2024;САМАРСКАЯ;45.20;12300;50554216
4029056282;10124877;2022;КАЛУЖСКАЯ;49.41;12300;46090107
4029056282;10124877;2023;КАЛУЖСКАЯ;49.41;12300;48071947
4029056282;10124877;2024;КАЛУЖСКАЯ;49.41;12300;51614668
0608041603;9739048;2022;ИНГУШЕТИЯ;41.20;12300;46498178
0608041603;9739048;2023;ИНГУШЕТИЯ;41.20;12300;50060084
0608041603;9739048;2024;ИНГУШЕТИЯ;41.20;12300;50124204
4710030825;2316576;2022;ЛЕНИНГРАДСКАЯ;56.10;12300;46348931
4710030825;2316576;2023;ЛЕНИНГРАДСКАЯ;56.10;12300;49100428
4710030825;2316576;2024;ЛЕНИНГРАДСКАЯ;56.10;12300;52351491
3665135853;10066389;2022;ВОРОНЕЖСКАЯ;52.29;12300;46279837
3665135853;10066389;2023;ВОРОНЕЖСКАЯ;52.59;12300;48277151
3665135853;10066389;2024;ВОРОНЕЖСКАЯ;52.29;12300;51633187
3015111848;10362501;2022;АСТРАХАНСКАЯ;47.25;12300;43998991
3015111848;10362501;2023;АСТРАХАНСКАЯ;47.25;12300;47195937
3015111848;10362501;2024;АСТРАХАНСКАЯ;47.25;12300;50097316
6161039225;6068781;2022;РОСТОВСКАЯ;86.23;12300;45454184
6161039225;6068781;2023;РОСТОВСКАЯ;86.23;12300;49043798
6161039225;6068781;2024;РОСТОВСКАЯ;86.23;12300;50762298
1901057043;241975;2022;ХАКАСИЯ;46.9;12300;44090822
1901057043;241975;2023;ХАКАСИЯ;46.9;12300;47331334
1901057043;241975;2024;ХАКАСИЯ;46.9;12300;50130580
7606064220;3375113;2022;ЯРОСЛАВСКАЯ;49.41;12300;46134034
7606064220;3375113;2023;ЯРОСЛАВСКАЯ;49.41;12300;47355870
7606064220;3375113;2024;ЯРОСЛАВСКАЯ;49.41;12300;50316720
2006001702;4680140;2022;ЧЕЧЕНСКАЯ;46.73;12300;45024014
2006001702;4680140;2023;ЧЕЧЕНСКАЯ;46.73;12300;47981281
2006001702;4680140;2024;ЧЕЧЕНСКАЯ;46.73;12300;52859883
7726581693;5549003;2022;МОСКВА;46.90;12300;47030344
7726581693;5549003;2023;МОСКВА;46.90;12300;49805701
7726581693;5549003;2024;МОСКВА;46.90;12300;50349063
7453306751;10139631;2022;ЧЕЛЯБИНСКАЯ;62.01;12300;45839991
7453306751;10139631;2023;ЧЕЛЯБИНСКАЯ;62.01;12300;48662521
7453306751;10139631;2024;ЧЕЛЯБИНСКАЯ;62.01;12300;51746213
7806602229;11931119;2022;САНКТ-ПЕТЕРБУРГ;62.01;12300;45649276
7806602229;11931119;2023;САНКТ-ПЕТЕРБУРГ;62.01;12300;48679064
7806602229;11931119;2024;САНКТ-ПЕТЕРБУРГ;62.01;12300;51356587
7202236019;7486612;2022;ТЮМЕНСКАЯ;62.0;12300;44564350
7202236019;7486612;2023;ТЮМЕНСКАЯ;62.0;12300;48390628
7202236019;7486612;2024;ТЮМЕНСКАЯ;62.0;12300;51684954
6453156504;10706913;2022;САРАТОВСКАЯ;46.74;12300;46296813
6453156504;10706913;2023;САРАТОВСКАЯ;46.74;12300;48741127
6453156504;10706913;2024;САРАТОВСКАЯ;46.74;12300;51820268
7839127226;11301100;2022;САНКТ-ПЕТЕРБУРГ;25.62;12300;46250396
7839127226;11301100;2023;САНКТ-ПЕТЕРБУРГ;25.62;12300;48677508
7839127226;11301100;2024;САНКТ-ПЕТЕРБУРГ;25.62;12300;52337151
7310106472;1127309;2022;УЛЬЯНОВСКАЯ;13.95;12300;44918783
7310106472;1127309;2023;УЛЬЯНОВСКАЯ;13.95;12300;49007683
7310106472;1127309;2024;УЛЬЯНОВСКАЯ;13.95;12300;51463977
7453343457;11693696;2022;ЧЕЛЯБИНСКАЯ;62.09;12300;45058010
7453343457;11693696;2023;ЧЕЛЯБИНСКАЯ;62.09;12300;49559889
7453343457;11693696;2024;ЧЕЛЯБИНСКАЯ;62.09;12300;52939745
2901255255;9081274;2022;АРХАНГЕЛЬСКАЯ;41.20;12300;45219919
2901255255;9081274;2023;АРХАНГЕЛЬСКАЯ;43.11;12300;49659109
2901255255;9081274;2024;АРХАНГЕЛЬСКАЯ;43.11;12300;52459641
7714026960;4405421;2022;МОСКВА;70.22;12300;46254074
7714026960;4405421;2023;МОСКВА;70.22;12300;48616954
7714026960;4405421;2024;МОСКВА;70.22;12300;52294832
6501156602;2545615;2022;САХАЛИНСКАЯ;42.22;12300;44868625
6501156602;2545615;2023;САХАЛИНСКАЯ;42.22;12300;48000154
6501156602;2545615;2024;САХАЛИНСКАЯ;42.22;12300;52935500
7714966233;10052626;2022;МОСКВА;52.29;12300;45988724
7714966233;10052626;2023;МОСКВА;52.29;12300;48969872
7714966233;10052626;2024;МОСКВА;52.29;12300;51709448
5408234533;4264458;2022;НОВОСИБИРСКАЯ;68.20.2;12300;46226115
5408234533;4264458;2023;НОВОСИБИРСКАЯ;68.20.2;12300;49065254
5408234533;4264458;2024;НОВОСИБИРСКАЯ;68.20.2;12300;51946300
4632194816;8869856;2022;КУРСКАЯ;45.20.1;12300;46348971
4632194816;8869856;2023;КУРСКАЯ;45.20.1;12300;49589054
4632194816;8869856;2024;КУРСКАЯ;45.20.1;12300;52518309
3443145057;11330476;2022;ВОЛГОГРАДСКАЯ;01.11;12300;44856927
3443145057;11330476;2023;ВОЛГОГРАДСКАЯ;01.11;12300;49366378
3443145057;11330476;2024;ВОЛГОГРАДСКАЯ;01.11;12300;52417704
1841096567;11472317;2022;УДМУРТСКАЯ;70.22;12300;45629072
1841096567;11472317;2023;УДМУРТСКАЯ;70.22;12300;48511034
1841096567;11472317;2024;УДМУРТСКАЯ;70.22;12300;51065069
5753076375;11818605;2022;ОРЛОВСКАЯ;68.20;12300;45002908
5753076375;11818605;2023;ОРЛОВСКАЯ;68.20;12300;48125254
5753076375;11818605;2024;ОРЛОВСКАЯ;68.20;12300;51232434
1001357485;11772190;2022;КАРЕЛИЯ;25.11;12300;44579200
1001357485;11772190;2023;КАРЕЛИЯ;25.11;12300;47826867
1001357485;11772190;2024;КАРЕЛИЯ;25.11;12300;51111458
6685038469;8008029;2022;СВЕРДЛОВСКАЯ;62.09;12300;44488999
6685038469;8008029;2023;СВЕРДЛОВСКАЯ;62.09;12300;48230159
6685038469;8008029;2024;СВЕРДЛОВСКАЯ;62.09;12300;51380542
6454101459;1818114;2022;САРАТОВСКАЯ;68.1;12267;45572900
6454101459;1818114;2023;САРАТОВСКАЯ;68.1;12267;48914022
6454101459;1818114;2024;САРАТОВСКАЯ;68.1;12267;51305974
0323343703;3274088;2022;БУРЯТИЯ;62.01;12300;44838473
0323343703;3274088;2023;БУРЯТИЯ;62.01;12300;47711631
0323343703;3274088;2024;БУРЯТИЯ;62.01;12300;50505405
7712110285;6680530;2022;МОСКВА;68.20;12300;45612244
7712110285;6680530;2023;МОСКВА;68.20;12300;48999147
7712110285;6680530;2024;МОСКВА;68.20;12300;50560955
6167138617;10214935;2022;РОСТОВСКАЯ;41.20;12300;44357448
6167138617;10214935;2023;РОСТОВСКАЯ;41.20;12300;47684431
6167138617;10214935;2024;РОСТОВСКАЯ;41.20;12300;50748546
5609029573;6925067;2022;ОРЕНБУРГСКАЯ;93.21;12300;45991375
5609029573;6925067;2023;ОРЕНБУРГСКАЯ;93.21;12300;49559572
5609029573;6925067;2024;ОРЕНБУРГСКАЯ;93.21;12300;52378406
6381003922;1695468;2022;САМАРСКАЯ;81.21;12300;46333271
6381003922;1695468;2023;САМАРСКАЯ;70.22;12300;49719280
6381003922;1695468;2024;САМАРСКАЯ;70.22;12300;52324404
2124025210;6165911;2022;ЧУВАШСКАЯ РЕСПУБЛИКА -;69.10;12300;44551190
2124025210;6165911;2023;ЧУВАШСКАЯ РЕСПУБЛИКА -;69.10;12300;48716364
2124025210;6165911;2024;ЧУВАШСКАЯ РЕСПУБЛИКА -;69.10;12300;50969747
2635241926;11089383;2022;СТАВРОПОЛЬСКИЙ;69.20;12300;45256436
2635241926;11089383;2023;СТАВРОПОЛЬСКИЙ;69.20;12300;48135260
2635241926;11089383;2024;СТАВРОПОЛЬСКИЙ;69.20;12300;50664655
1840104624;11596303;2022;УДМУРТСКАЯ;68.10;12300;44070125
1840104624;11596303;2023;УДМУРТСКАЯ;68.10;12300;47194366
1840104624;11596303;2024;УДМУРТСКАЯ;68.10;12300;50113499
3811157142;2135660;2022;ИРКУТСКАЯ;62.02;12300;45188471
3811157142;2135660;2023;ИРКУТСКАЯ;62.02;12300;48989310
3811157142;2135660;2024;ИРКУТСКАЯ;62.02;12300;50420671
0245023608;7427461;2022;БАШКОРТОСТАН;68.20;12300;44420294
0245023608;7427461;2023;БАШКОРТОСТАН;68.20;12300;47514555
0245023608;7427461;2024;БАШКОРТОСТАН;68.20;12300;51482438
4337004433;6094934;2022;КИРОВСКАЯ;47.11.2;12300;45057401
4337004433;6094934;2023;КИРОВСКАЯ;47.11.2;12300;48713061
4337004433;6094934;2024;КИРОВСКАЯ;47.11.2;12300;51705791
3663134371;10640016;2022;ВОРОНЕЖСКАЯ;62.01;12300;44744246
3663134371;10640016;2023;ВОРОНЕЖСКАЯ;62.01;12300;47832710
3663134371;10640016;2024;ВОРОНЕЖСКАЯ;62.01;12300;50700549
7801324610;10035243;2022;САНКТ-ПЕТЕРБУРГ;68.20;12300;46425855
7801324610;10035243;2023;САНКТ-ПЕТЕРБУРГ;68.20;12300;48663851
7801324610;10035243;2024;САНКТ-ПЕТЕРБУРГ;68.20;12300;51541939
3017053768;943121;2022;АСТРАХАНСКАЯ;43.99.7;12300;44660148
3017053768;943121;2023;АСТРАХАНСКАЯ;41.20;12300;48122734
3017053768;943121;2024;АСТРАХАНСКАЯ;25.11;12300;50971179
2308283242;11739642;2022;КРАСНОДАРСКИЙ;93.13;12300;46542458
2308283242;11739642;2023;КРАСНОДАРСКИЙ;93.13;12300;48548556
2308283242;11739642;2024;КРАСНОДАРСКИЙ;93.13;12300;51644764
5012103257;11413667;2022;МОСКОВСКАЯ;41.20;12300;46576140
5012103257;11413667;2023;МОСКОВСКАЯ;41.20;12300;49173173
5012103257;11413667;2024;МОСКОВСКАЯ;41.20;12300;52034521
7611029045;11571851;2022;ЯРОСЛАВСКАЯ;46.41;12300;44619260
7611029045;11571851;2023;ЯРОСЛАВСКАЯ;46.41;12300;48252757
7611029045;11571851;2024;ЯРОСЛАВСКАЯ;46.41;12300;50936793
5609192160;11008939;2022;ОРЕНБУРГСКАЯ;46.90;12300;46057272
5609192160;11008939;2023;ОРЕНБУРГСКАЯ;46.90;12300;48719040
5609192160;11008939;2024;ОРЕНБУРГСКАЯ;46.90;12300;52126506
0606005127;258203;2022;ИНГУШЕТИЯ;68.20.2;12300;44586404
0606005127;258203;2023;ИНГУШЕТИЯ;68.20.2;12300;47353905
0606005127;258203;2024;ИНГУШЕТИЯ;68.20.2;12300;50193784
0107034468;10963323;2022;АДЫГЕЯ;46.69;12300;46478094
0107034468;10963323;2023;АДЫГЕЯ;46.69;12300;49362675
0107034468;10963323;2024;АДЫГЕЯ;46.69;12300;51835194
1108022548;8296145;2022;КОМИ;43.21;12300;45576681
1108022548;8296145;2023;КОМИ;43.21;12300;48056415
1108022548;8296145;2024;КОМИ;43.21;12300;51023640
2305023253;6137540;2022;КРАСНОДАРСКИЙ;69;12300;44484269
2305023253;6137540;2023;КРАСНОДАРСКИЙ;69.20;12300;47890116
2305023253;6137540;2024;КРАСНОДАРСКИЙ;69.20;12300;50342710
7106085582;10997553;2022;ТУЛЬСКАЯ;46.73.6;12300;45196754
7106085582;10997553;2023;ТУЛЬСКАЯ;46.73.6;12300;48285223
7106085582;10997553;2024;ТУЛЬСКАЯ;46.73.6;12300;51494034
1121028612;11637560;2022;КОМИ;43.22;12300;45752925
1121028612;11637560;2023;КОМИ;43.22;12300;48182967
1121028612;11637560;2024;КОМИ;43.22;12300;52756198
6313553903;10427408;2022;САМАРСКАЯ;77.21;12300;45282690
6313553903;10427408;2023;САМАРСКАЯ;77.21;12300;48465535
6313553903;10427408;2024;САМАРСКАЯ;77.21;12300;51391716
2116002843;8932654;2022;ЧУВАШСКАЯ РЕСПУБЛИКА -;73.11;12300;47053278
2116002843;8932654;2023;ЧУВАШСКАЯ РЕСПУБЛИКА -;73.11;12300;49939457
2116002843;8932654;2024;ЧУВАШСКАЯ РЕСПУБЛИКА -;73.11;12300;51333951
1514017692;11389182;2022;СЕВЕРНАЯ ОСЕТИЯ - АЛАНИЯ;56.29;12300;45536764
1514017692;11389182;2023;СЕВЕРНАЯ ОСЕТИЯ - АЛАНИЯ;56.29;12300;47540244
1514017692;11389182;2024;СЕВЕРНАЯ ОСЕТИЯ - АЛАНИЯ;56.29;12300;50160590
5050066550;485666;2022;МОСКОВСКАЯ;23.99.4;12300;45461093
5050066550;485666;2023;МОСКОВСКАЯ;23.99.4;12300;47635069
5050066550;485666;2024;МОСКОВСКАЯ;23.99.4;12300;51989291
7805673234;9762645;2022;САНКТ-ПЕТЕРБУРГ;43.99;12300;44794093
7805673234;9762645;2023;САНКТ-ПЕТЕРБУРГ;43.99;12300;47975654
7805673234;9762645;2024;САНКТ-ПЕТЕРБУРГ;43.99;12300;51409015
0725031824;11684789;2022;КАБАРДИНО-БАЛКАРСКАЯ;56.10.1;12300;46653274
0725031824;11684789;2023;КАБАРДИНО-БАЛКАРСКАЯ;56.10.1;12300;48219842
0725031824;11684789;2024;КАБАРДИНО-БАЛКАРСКАЯ;56.10.1;12300;50861958
2801255043;11231942;2022;АМУРСКАЯ;45.11;12300;46193307
2801255043;11231942;2023;АМУРСКАЯ;45.11;12300;49811678
2801255043;11231942;2024;АМУРСКАЯ;45.11;12300;52370166
4706036616;9129991;2022;ЛЕНИНГРАДСКАЯ;56.10.1;12300;45204570
4706036616;9129991;2023;ЛЕНИНГРАДСКАЯ;56.10;12300;48823488
4706036616;9129991;2024;ЛЕНИНГРАДСКАЯ;56.10;12300;51161639
4324008737;10299426;2022;КИРОВСКАЯ;43.31;12300;44011348
4324008737;10299426;2023;КИРОВСКАЯ;43.31;12300;47861155
4324008737;10299426;2024;КИРОВСКАЯ;43.31;12300;50098447
5751024251;2838420;2022;ОРЛОВСКАЯ;47.43;12267;45235319
5751024251;2838420;2023;ОРЛОВСКАЯ;47.43;12267;47512947
5751024251;2838420;2024;ОРЛОВСКАЯ;47.43;12267;50336307
7727256960;9401791;2022;МОСКВА;33.12;12300;45543591
7727256960;9401791;2023;МОСКВА;33.12;12300;49433931
7727256960;9401791;2024;МОСКВА;33.12;12300;51009675
4105001376;5709188;2022;КАМЧАТСКИЙ;46.73.6;12300;46173064
4105001376;5709188;2023;КАМЧАТСКИЙ;46.73.6;12300;49321971
4105001376;5709188;2024;КАМЧАТСКИЙ;46.73.6;12300;52142841
5031140039;11517690;2022;МОСКОВСКАЯ;16.23;12300;44343243
5031140039;11517690;2023;МОСКОВСКАЯ;16.23;12300;47683609
5031140039;11517690;2024;МОСКОВСКАЯ;16.23;12300;50411537
4632077157;4466146;2022;КУРСКАЯ;46.74.3;12300;46658959
4632077157;4466146;2023;КУРСКАЯ;46.74.3;12300;49791011
4632077157;4466146;2024;КУРСКАЯ;46.74.3;12300;51300816
1101158839;10338533;2022;КОМИ;62.01;12300;44972098
1101158839;10338533;2023;КОМИ;62.01;12300;48206769
1101158839;10338533;2024;КОМИ;62.01;12300;51844559
5506042269;6938986;2022;ОМСКАЯ;62.09;12300;44710094
5506042269;6938986;2023;ОМСКАЯ;62.09;12300;47969536
5506042269;6938986;2024;ОМСКАЯ;62.09;12300;50591265
0273940490;11523066;2022;БАШКОРТОСТАН;46.90;12300;45046703
0273940490;11523066;2023;БАШКОРТОСТАН;46.90;12300;47842025
0273940490;11523066;2024;БАШКОРТОСТАН;46.90;12300;51819440
4807004635;1835162;2022;ЛИПЕЦКАЯ;45.31.1;12300;44210859
4807004635;1835162;2023;ЛИПЕЦКАЯ;45.31.1;12300;47634492
4807004635;1835162;2024;ЛИПЕЦКАЯ;45.31.1;12300;50996685
5908049190;1472616;2022;ПЕРМСКИЙ;30.11;12300;45391549
5908049190;1472616;2023;ПЕРМСКИЙ;30.11;12300;49069295
5908049190;1472616;2024;ПЕРМСКИЙ;30.11;12300;51894937
6037009850;10833968;2022;МОСКВА;46.31;12300;44060306
6037009850;10833968;2023;МОСКВА;46.31;12300;49827212
6037009850;10833968;2024;МОСКВА;46.31;12300;50288686
0721024495;2136031;2022;КАБАРДИНО-БАЛКАРСКАЯ;86.21;12300;44402937
0721024495;2136031;2023;КАБАРДИНО-БАЛКАРСКАЯ;86.21;12300;47676265
0721024495;2136031;2024;КАБАРДИНО-БАЛКАРСКАЯ;86.21;12300;50275981
2807008932;11558876;2022;АМУРСКАЯ;56.10;12300;44352805
2807008932;11558876;2023;АМУРСКАЯ;56.10;12300;47874326
2807008932;11558876;2024;АМУРСКАЯ;56.10;12300;50505740
5321195079;10669577;2022;НОВГОРОДСКАЯ;71.12.7;12300;44576197
5321195079;10669577;2023;НОВГОРОДСКАЯ;71.12.7;12300;47832987
5321195079;10669577;2024;НОВГОРОДСКАЯ;71.12.7;12300;50813969
2808023186;1662504;2022;АМУРСКАЯ;86.23;12300;45368802
2808023186;1662504;2023;АМУРСКАЯ;86.23;12300;49580159
2808023186;1662504;2024;АМУРСКАЯ;86.23;12300;52101458
1840089542;11068139;2022;УДМУРТСКАЯ;45.20.3;12300;46372502
1840089542;11068139;2023;УДМУРТСКАЯ;45.20.3;12300;49325677
1840089542;11068139;2024;УДМУРТСКАЯ;45.20.3;12300;52275495
7713718051;3612376;2022;МОСКВА;62.01;12300;44373017
7713718051;3612376;2023;МОСКВА;62.01;12300;47790164
7713718051;3612376;2024;МОСКВА;62.01;12300;50763526
3461005976;7827416;2022;АСТРАХАНСКАЯ;43.91;12300;44877784
3461005976;7827416;2023;АСТРАХАНСКАЯ;43.91;12300;49446430
3461005976;7827416;2024;АСТРАХАНСКАЯ;43.91;12300;52169743
5836624480;2455761;2022;ПЕНЗЕНСКАЯ;45.20.1;12267;46285669
5836624480;2455761;2023;ПЕНЗЕНСКАЯ;45.20.1;12267;49006583
5836624480;2455761;2024;ПЕНЗЕНСКАЯ;45.20.1;12267;51908772
5904146620;2544936;2022;ПЕРМСКИЙ;62.01;12300;44533897
5904146620;2544936;2023;ПЕРМСКИЙ;62.01;12300;49687530
5904146620;2544936;2024;ПЕРМСКИЙ;62.01;12300;52478624
3016066027;4967030;2022;АСТРАХАНСКАЯ;62.09;12300;44465110
3016066027;4967030;2023;АСТРАХАНСКАЯ;62.09;12300;47580389
3016066027;4967030;2024;АСТРАХАНСКАЯ;62.09;12300;50584391
7727162818;4779670;2022;МОСКВА;68.20.2;12300;45261701
7727162818;4779670;2023;МОСКВА;68.20;12300;48016562
7727162818;4779670;2024;МОСКВА;68.20;12300;51717566
7841396882;4623091;2022;САНКТ-ПЕТЕРБУРГ;56.10.1;12300;47089625
7841396882;4623091;2023;САНКТ-ПЕТЕРБУРГ;56.29;12300;47496413
7841396882;4623091;2024;САНКТ-ПЕТЕРБУРГ;56.29;12300;52268006
0105066810;7541570;2022;АДЫГЕЯ;43.12;12300;44530595
0105066810;7541570;2023;АДЫГЕЯ;43.12;12300;47784216
0105066810;7541570;2024;АДЫГЕЯ;43.12;12300;50509091
3818031766;8165650;2022;ИРКУТСКАЯ;70.22;12300;44185490
3818031766;8165650;2023;ИРКУТСКАЯ;70.22;12300;47220259
3818031766;8165650;2024;ИРКУТСКАЯ;70.22;12300;50321884
5017097198;7796365;2022;МОСКОВСКАЯ;86.23;12300;45753839
5017097198;7796365;2023;МОСКОВСКАЯ;86.23;12300;48345434
5017097198;7796365;2024;МОСКОВСКАЯ;86.23;12300;50665268
5321173170;9025898;2022;НОВГОРОДСКАЯ;46.49;12300;45661348
5321173170;9025898;2023;НОВГОРОДСКАЯ;46.49;12300;48649797
5321173170;9025898;2024;НОВГОРОДСКАЯ;46.49;12300;50061840
4633015788;476170;2022;Курская;42.99;12300;44433738
4633015788;476170;2023;Курская;42.99;12300;47589144
4633015788;476170;2024;Курская;42.99;12300;50528191
7743161586;9814646;2022;МОСКВА;52.29;12300;45720555
7743161586;9814646;2023;МОСКВА;52.29;12300;47942469
7743161586;9814646;2024;МОСКВА;52.29;12300;51517199
7704666840;2113199;2022;МОСКОВСКАЯ;43.11;12267;46960034
7704666840;2113199;2023;МОСКОВСКАЯ;43.11;12267;49722313
7704666840;2113199;2024;МОСКОВСКАЯ;43.11;12267;50897952
1400008359;11836719;2022;САХА /ЯКУТИЯ/;70.22;12300;45390723
1400008359;11836719;2023;САХА /ЯКУТИЯ/;70.22;12300;47824870
1400008359;11836719;2024;САХА /ЯКУТИЯ/;70.22;12300;52189158
2311128335;4169390;2022;КРАСНОДАРСКИЙ;41.2;12300;46429193
2311128335;4169390;2023;КРАСНОДАРСКИЙ;41.2;12300;49940676
2311128335;4169390;2024;КРАСНОДАРСКИЙ;41.2;12300;51983258
4705078814;10868787;2022;ЛЕНИНГРАДСКАЯ;41.20;12300;45515225
4705078814;10868787;2023;ЛЕНИНГРАДСКАЯ;41.20;12300;47878114
4705078814;10868787;2024;ЛЕНИНГРАДСКАЯ;41.20;12300;50670715
2723087649;4971633;2022;ХАБАРОВСКИЙ;45.3;12300;45921251
2723087649;4971633;2023;ХАБАРОВСКИЙ;45.1;12300;49179568
2723087649;4971633;2024;ХАБАРОВСКИЙ;45.3;12300;51009934
7327062752;1053343;2022;УЛЬЯНОВСКАЯ;56.10;12300;46389209
7327062752;1053343;2023;УЛЬЯНОВСКАЯ;56.10;12300;49459119
7327062752;1053343;2024;УЛЬЯНОВСКАЯ;56.10.1;12300;52292058
4205302634;9082971;2022;КЕМЕРОВСКАЯ ОБЛАСТЬ - КУЗБАСС;43.99;12300;46996908
4205302634;9082971;2023;КЕМЕРОВСКАЯ ОБЛАСТЬ - КУЗБАСС;43.29;12300;47709135
4205302634;9082971;2024;КЕМЕРОВСКАЯ ОБЛАСТЬ - КУЗБАСС;43.29;12300;52612241
9203543249;10410446;2022;СЕВАСТОПОЛЬ;47.25;12300;44579653
9203543249;10410446;2023;СЕВАСТОПОЛЬ;47.25;12300;47593452
9203543249;10410446;2024;СЕВАСТОПОЛЬ;47.25;12300;50952095
3605042259;8332106;2022;ВОРОНЕЖСКАЯ;70.22;12300;45420352
3605042259;8332106;2023;ВОРОНЕЖСКАЯ;70.22;12300;48615513
3605042259;8332106;2024;ВОРОНЕЖСКАЯ;70.22;12300;52046180
6732210511;11580545;2022;СМОЛЕНСКАЯ;93.11;12300;45988187
6732210511;11580545;2023;СМОЛЕНСКАЯ;93.11;12300;49132591
6732210511;11580545;2024;СМОЛЕНСКАЯ;93.11;12300;52243241
4501161574;794707;2022;КУРГАНСКАЯ;56.10;12300;44538357
4501161574;794707;2023;КУРГАНСКАЯ;56.10;12300;47382803
4501161574;794707;2024;КУРГАНСКАЯ;56.10;12300;50319156
3811098948;6070311;2022;ИРКУТСКАЯ;45.31.1;12300;44058893
3811098948;6070311;2023;ИРКУТСКАЯ;45.31.1;12300;48719220
3811098948;6070311;2024;ИРКУТСКАЯ;45.31.1;12300;51388701
1435115111;5462991;2022;САХА (ЯКУТИЯ);45.32;12300;44354342
1435115111;5462991;2023;САХА (ЯКУТИЯ);45.32;12300;48001723
1435115111;5462991;2024;САХА (ЯКУТИЯ);45.32;12300;51288236
3906333300;8816379;2022;КАЛИНИНГРАДСКАЯ;86.10;12300;45098540
3906333300;8816379;2023;КАЛИНИНГРАДСКАЯ;86.10;12300;48362869
3906333300;8816379;2024;КАЛИНИНГРАДСКАЯ;86.10;12300;51260304
5018126028;4018066;2022;МОСКВА;62.01;12300;45642585
5018126028;4018066;2023;МОСКВА;62.01;12300;48803050
5018126028;4018066;2024;МОСКВА;62.01;12300;51117002
1901123754;9144461;2022;ХАКАСИЯ;43.29;12300;45225581
1901123754;9144461;2023;ХАКАСИЯ;43.29;12300;48087130
1901123754;9144461;2024;ХАКАСИЯ;43.29;12300;51321998
4213011580;9939001;2022;КЕМЕРОВСКАЯ ОБЛАСТЬ - КУЗБАСС;01.50;12300;47121365
4213011580;9939001;2023;КЕМЕРОВСКАЯ ОБЛАСТЬ - КУЗБАСС;01.50;12300;50037799
4213011580;9939001;2024;КЕМЕРОВСКАЯ ОБЛАСТЬ - КУЗБАСС;01.50;12300;52833314
4909071310;1919017;2022;МАГАДАНСКАЯ;45.20;12267;45115451
4909071310;1919017;2023;МАГАДАНСКАЯ;45.20;12267;48311265
4909071310;1919017;2024;МАГАДАНСКАЯ;45.20;12267;50969276
0107025537;8193337;2022;АДЫГЕЯ;43.21;12300;45422331
0107025537;8193337;2023;АДЫГЕЯ;43.21;12300;48196765
0107025537;8193337;2024;АДЫГЕЯ;43.21;12300;50766942
7810732541;10713069;2022;САНКТ-ПЕТЕРБУРГ;46.90;12300;45443433
7810732541;10713069;2023;САНКТ-ПЕТЕРБУРГ;46.90;12300;48540866
7810732541;10713069;2024;САНКТ-ПЕТЕРБУРГ;46.90;12300;51078966
2016082958;2524655;2022;ЧЕЧЕНСКАЯ;73.11;12300;45534534
2016082958;2524655;2023;ЧЕЧЕНСКАЯ;73.11;12300;47397111
2016082958;2524655;2024;ЧЕЧЕНСКАЯ;73.11;12300;52712949
1414013302;5213750;2022;САХА /ЯКУТИЯ/;56.29;12300;45376481
1414013302;5213750;2023;САХА /ЯКУТИЯ/;56.29;12300;48398634
1414013302;5213750;2024;САХА /ЯКУТИЯ/;56.29;12300;51688981
7458003045;10191145;2022;ЧЕЛЯБИНСКАЯ;52.21.22;12300;45289359
7458003045;10191145;2023;ЧЕЛЯБИНСКАЯ;52.21.22;12300;48437542
7458003045;10191145;2024;ЧЕЛЯБИНСКАЯ;52.21.22;12300;51714505
3906315118;8340645;2022;КАЛИНИНГРАДСКАЯ;71.1;12300;46551194
3906315118;8340645;2023;КАЛИНИНГРАДСКАЯ;71.1;12300;49591470
3906315118;8340645;2024;КАЛИНИНГРАДСКАЯ;71.1;12300;52423832
5507224896;4263799;2022;ОМСКАЯ;33.12;12300;46605974
5507224896;4263799;2023;ОМСКАЯ;33.12;12300;48914254
5507224896;4263799;2024;ОМСКАЯ;33.12;12300;52336323
0105015300;4877319;2022;АДЫГЕЯ;56.10;12300;45803190
0105015300;4877319;2023;АДЫГЕЯ;56.10;12300;48969166
0105015300;4877319;2024;АДЫГЕЯ;56.10;12300;51658506
1655328690;9236778;2022;ТАТАРСТАН;32.50;12300;44241691
1655328690;9236778;2023;ТАТАРСТАН;32.50;12300;48010416
1655328690;9236778;2024;ТАТАРСТАН;32.50;12300;50798388
6501287066;9965062;2022;САХАЛИНСКАЯ;41.20;12300;45191515
6501287066;9965062;2023;САХАЛИНСКАЯ;41.20;12300;47798277
6501287066;9965062;2024;САХАЛИНСКАЯ;41.20;12300;51562842
7453329205;11059863;2022;ЧЕЛЯБИНСКАЯ;42.21;12300;45666758
7453329205;11059863;2023;ЧЕЛЯБИНСКАЯ;42.21;12300;47366852
7453329205;11059863;2024;ЧЕЛЯБИНСКАЯ;42.21;12300;51339947
3328474960;5138648;2022;ВЛАДИМИРСКАЯ;41.2;12300;43984713
3328474960;5138648;2023;ВЛАДИМИРСКАЯ;41.2;12300;47234002
3328474960;5138648;2024;ВЛАДИМИРСКАЯ;41.2;12300;50325722
2983011747;10087701;2022;НЕНЕЦКИЙ;68.32;12300;44694131
2983011747;10087701;2023;НЕНЕЦКИЙ;45.20;12300;47322760
2983011747;10087701;2024;НЕНЕЦКИЙ;45.20;12300;50667075
5321078897;2231383;2022;НОВГОРОДСКАЯ;25.99.29;12300;46357349
5321078897;2231383;2023;НОВГОРОДСКАЯ;25.99.29;12300;49935621
5321078897;2231383;2024;НОВГОРОДСКАЯ;25.99.29;12300;52478252
5402007446;9270405;2022;НОВОСИБИРСКАЯ;46.69.2;12300;45682517
5402007446;9270405;2023;НОВОСИБИРСКАЯ;46.69.2;12300;48726580
5402007446;9270405;2024;НОВОСИБИРСКАЯ;46.69.2;12300;52377453
2339015074;1663819;2022;КРАСНОДАРСКИЙ;01.11;12300;45582041
2339015074;1663819;2023;КРАСНОДАРСКИЙ;01.11;12300;48785150
2339015074;1663819;2024;КРАСНОДАРСКИЙ;01.11;12300;51175066
7415034465;3723022;2022;ЧЕЛЯБИНСКАЯ;32.12.5;12300;45905844
7415034465;3723022;2023;ЧЕЛЯБИНСКАЯ;32.12.5;12300;49075015
7415034465;3723022;2024;ЧЕЛЯБИНСКАЯ;32.12.5;12300;52039571
7716898638;10564857;2022;МОСКВА;56.10.1;12300;45958764
7716898638;10564857;2023;МОСКВА;56.10.1;12300;48585266
7716898638;10564857;2024;МОСКВА;56.10.1;12300;51069715
6318003244;9120815;2022;САМАРСКАЯ;46.74.3;12300;44075271
6318003244;9120815;2023;САМАРСКАЯ;46.74.3;12300;47232705
6318003244;9120815;2024;САМАРСКАЯ;46.74.3;12300;50348761
6952003020;9171796;2022;ТВЕРСКАЯ;47.7;12300;45167605
6952003020;9171796;2023;ТВЕРСКАЯ;47.7;12300;48245017
6952003020;9171796;2024;ТВЕРСКАЯ;47.7;12300;51330852
7714971804;10093817;2022;ТВЕРСКАЯ;25.11;12300;44792470
7714971804;10093817;2023;ТВЕРСКАЯ;25.11;12300;47721460
7714971804;10093817;2024;ТВЕРСКАЯ;25.11;12300;52363521
7704605598;5013625;2022;МОСКОВСКАЯ;45.3;12300;45647870
7704605598;5013625;2023;МОСКОВСКАЯ;45.3;12300;49067050
7704605598;5013625;2024;МОСКОВСКАЯ;45.3;12300;52332512
1650155691;7254076;2022;ТАТАРСТАН;43.21;12300;46180830
1650155691;7254076;2023;ТАТАРСТАН;42.21;12300;49120430
1650155691;7254076;2024;ТАТАРСТАН;42.21;12300;52276511
6732113733;9466674;2022;СМОЛЕНСКАЯ;46.71;12300;44570261
6732113733;9466674;2023;СМОЛЕНСКАЯ;46.71;12300;47860947
6732113733;9466674;2024;СМОЛЕНСКАЯ;46.71;12300;50742642
1650154553;3885351;2022;ТАТАРСТАН;29.32;12300;45958159
1650154553;3885351;2023;ТАТАРСТАН;29.32;12300;49126272
1650154553;3885351;2024;ТАТАРСТАН;29.32;12300;51984498
3801146871;10828845;2022;ИРКУТСКАЯ;47.91;12300;44796932
3801146871;10828845;2023;ИРКУТСКАЯ;47.91;12300;48101222
3801146871;10828845;2024;ИРКУТСКАЯ;47.91;12300;51362516
5249069850;5888028;2022;НИЖЕГОРОДСКАЯ;60.20;12300;44876857
5249069850;5888028;2023;НИЖЕГОРОДСКАЯ;60.20;12300;48259905
5249069850;5888028;2024;НИЖЕГОРОДСКАЯ;60.20;12300;50784096
3444264360;10211791;2022;ВОЛГОГРАДСКАЯ;49.41.1;12300;46524980
3444264360;10211791;2023;ВОЛГОГРАДСКАЯ;49.41.1;12300;49636840
3444264360;10211791;2024;ВОЛГОГРАДСКАЯ;49.41.1;12300;52128206
9729010420;9781148;2022;МОСКВА;86.23;12300;44910849
9729010420;9781148;2023;МОСКВА;86.23;12300;49827833
9729010420;9781148;2024;МОСКВА;86.23;12300;51869668
3851022021;10699321;2022;ИРКУТСКАЯ;42.22;12300;44399824
3851022021;10699321;2023;ИРКУТСКАЯ;42.22;12300;47299387
3851022021;10699321;2024;ИРКУТСКАЯ;42.22;12300;50233564
4632198786;9044955;2022;КУРСКАЯ;86.10;12300;44858208
4632198786;9044955;2023;КУРСКАЯ;86.10;12300;48286611
4632198786;9044955;2024;КУРСКАЯ;86.10;12300;50645023
4027136736;10669773;2022;ОРЛОВСКАЯ;38.11;12300;46320615
4027136736;10669773;2023;ОРЛОВСКАЯ;38.11;12300;49046353
4027136736;10669773;2024;ОРЛОВСКАЯ;38.11;12300;51903789
3812112634;9182691;2022;ИРКУТСКАЯ;69.10;12300;44889838
3812112634;9182691;2023;ИРКУТСКАЯ;69.10;12300;48129110
3812112634;9182691;2024;ИРКУТСКАЯ;69.10;12300;52040715
0725028557;11279846;2022;КАБАРДИНО-БАЛКАРСКАЯ;25.99;12300;47147629
0725028557;11279846;2023;КАБАРДИНО-БАЛКАРСКАЯ;25.99;12300;49472680
0725028557;11279846;2024;КАБАРДИНО-БАЛКАРСКАЯ;25.99;12300;51810682
2538106720;696355;2022;ПРИМОРСКИЙ;46.51;12300;44092901
2538106720;696355;2023;ПРИМОРСКИЙ;46.51;12300;47372992
2538106720;696355;2024;ПРИМОРСКИЙ;46.51;12300;50203329
1834051639;1944677;2022;УДМУРТСКАЯ;41.20;12300;46133625
1834051639;1944677;2023;УДМУРТСКАЯ;41.20;12300;48984625
1834051639;1944677;2024;УДМУРТСКАЯ;41.20;12300;52366093
6722026143;5322307;2022;СМОЛЕНСКАЯ;86.21;12300;46062469
6722026143;5322307;2023;СМОЛЕНСКАЯ;86.21;12300;48801036
6722026143;5322307;2024;СМОЛЕНСКАЯ;86.21;12300;52231409
5047223058;10958480;2022;МОСКОВСКАЯ;22.23;12300;44797731
5047223058;10958480;2023;МОСКОВСКАЯ;43.32;12300;47592987
5047223058;10958480;2024;МОСКОВСКАЯ;43.32;12300;50838577
2348043649;11873807;2022;КРАСНОДАРСКИЙ;41.20;12300;44301513
2348043649;11873807;2023;КРАСНОДАРСКИЙ;41.20;12300;47878955
2348043649;11873807;2024;КРАСНОДАРСКИЙ;41.20;12300;51279154
6829096873;8232320;2022;ТАМБОВСКАЯ;47.78.9;12300;46291705
6829096873;8232320;2023;ТАМБОВСКАЯ;47.78.9;12300;49760976
6829096873;8232320;2024;ТАМБОВСКАЯ;47.78.9;12300;51780763
3255500460;1870529;2022;БРЯНСКАЯ;62.01;12300;44228139
3255500460;1870529;2023;БРЯНСКАЯ;62.01;12300;47806517
3255500460;1870529;2024;БРЯНСКАЯ;62.01;12300;50935596
3525109028;6839674;2022;ВОЛОГОДСКАЯ;73.20;12300;44812843
3525109028;6839674;2023;ВОЛОГОДСКАЯ;73.20;12300;47628788
3525109028;6839674;2024;ВОЛОГОДСКАЯ;73.20;12300;51241853
8602086708;3886995;2022;ХАНТЫ-МАНСИЙСКИЙ АВТОНОМНЫЙ ОКРУГ - ЮГРА;47.61;12300;44501150
8602086708;3886995;2023;ХАНТЫ-МАНСИЙСКИЙ АВТОНОМНЫЙ ОКРУГ - ЮГРА;47.61;12300;47356155
8602086708;3886995;2024;ХАНТЫ-МАНСИЙСКИЙ АВТОНОМНЫЙ ОКРУГ - ЮГРА;47.61;12300;50474809
7536071327;1927531;2022;ЗАБАЙКАЛЬСКИЙ;46.74.2;12300;46107964
7536071327;1927531;2023;ЗАБАЙКАЛЬСКИЙ;46.74.2;12300;47409440
7536071327;1927531;2024;ЗАБАЙКАЛЬСКИЙ;46.74.2;12300;50397341
2312281230;10971486;2022;КРАСНОДАРСКИЙ;46.74.2;12300;47032084
2312281230;10971486;2023;КРАСНОДАРСКИЙ;46.74.2;12300;49372784
2312281230;10971486;2024;КРАСНОДАРСКИЙ;42.21;12300;52064131
6679069660;9183936;2022;СВЕРДЛОВСКАЯ;71.12;12300;45384058
6679069660;9183936;2023;СВЕРДЛОВСКАЯ;71.12;12300;47979540
6679069660;9183936;2024;СВЕРДЛОВСКАЯ;71.12;12300;52185348
7610012200;6550152;2022;ЯРОСЛАВСКАЯ;52.21.24;12300;46662960
7610012200;6550152;2023;ЯРОСЛАВСКАЯ;52.21.24;12300;48529269
7610012200;6550152;2024;ЯРОСЛАВСКАЯ;52.21.24;12300;51013425
4404000300;6854643;2022;КОСТРОМСКАЯ;46.9;12267;46263186
4404000300;6854643;2023;КОСТРОМСКАЯ;45.31;12267;49063539
4404000300;6854643;2024;КОСТРОМСКАЯ;45.31;12267;51863073
8622024820;8229311;2022;ХАНТЫ-МАНСИЙСКИЙ АВТОНОМНЫЙ ОКРУГ - ЮГРА;70.22;12300;46044408
8622024820;8229311;2023;ХАНТЫ-МАНСИЙСКИЙ АВТОНОМНЫЙ ОКРУГ - ЮГРА;70.22;12300;49138974
8622024820;8229311;2024;ХАНТЫ-МАНСИЙСКИЙ АВТОНОМНЫЙ ОКРУГ - ЮГРА;70.22;12300;52385787
4345235579;2066962;2022;МОРДОВИЯ;43.12;12300;46367472
4345235579;2066962;2023;МОРДОВИЯ;43.12;12300;49330847
4345235579;2066962;2024;МОРДОВИЯ;43.12;12300;51985701
2723200566;10693546;2022;ХАБАРОВСКИЙ;81.30;12300;44747573
2723200566;10693546;2023;ХАБАРОВСКИЙ;81.30;12300;48933525
2723200566;10693546;2024;ХАБАРОВСКИЙ;81.30;12300;51965088
2801271944;12052927;2022;АМУРСКАЯ;45.31.1;12300;44770852
2801271944;12052927;2023;АМУРСКАЯ;45.31.1;12300;48000496
2801271944;12052927;2024;АМУРСКАЯ;45.31.1;12300;51708337
7725743461;189675;2022;МОСКВА;46.69.2;12300;45885062
7725743461;189675;2023;МОСКВА;46.69.2;12300;48939604
7725743461;189675;2024;МОСКВА;46.69.2;12300;50948774
5835114536;9485247;2022;ПЕНЗЕНСКАЯ;31.09;12300;46469933
5835114536;9485247;2023;ПЕНЗЕНСКАЯ;31.09;12300;49947349
5835114536;9485247;2024;ПЕНЗЕНСКАЯ;31.09;12300;52809568
8602190530;2347752;2022;Ханты-Мансийский Автономный округ - Югра;86.23;12300;45469983
8602190530;2347752;2023;Ханты-Мансийский Автономный округ - Югра;86.23;12300;49627519
8602190530;2347752;2024;Ханты-Мансийский Автономный округ - Югра;86.23;12300;51275706
5506224886;7700044;2022;ОМСКАЯ;31.09;12300;45202239
5506224886;7700044;2023;ОМСКАЯ;31.09;12300;48699584
5506224886;7700044;2024;ОМСКАЯ;31.09;12300;50716893
5191308586;6907269;2022;МУРМАНСКАЯ;03.11;12300;45731639
5191308586;6907269;2023;МУРМАНСКАЯ;03.11;12300;48071671
5191308586;6907269;2024;МУРМАНСКАЯ;03.11;12300;51807962
1650411539;11798849;2022;ТАТАРСТАН;52.21.2;12300;44771631
1650411539;11798849;2023;ТАТАРСТАН;52.21.2;12300;49453028
1650411539;11798849;2024;ТАТАРСТАН;52.21.2;12300;52632885
4027146244;11583583;2022;КАЛУЖСКАЯ;43.11;12300;45892547
4027146244;11583583;2023;КАЛУЖСКАЯ;43.11;12300;48764326
4027146244;11583583;2024;КАЛУЖСКАЯ;43.11;12300;51388786
2801111764;5594761;2022;АМУРСКАЯ;73.11;12300;46207277
2801111764;5594761;2023;АМУРСКАЯ;73.11;12300;49752244
2801111764;5594761;2024;АМУРСКАЯ;73.11;12300;51390155
7604264753;8618883;2022;ЯРОСЛАВСКАЯ;46.73;12300;44949689
7604264753;8618883;2023;ЯРОСЛАВСКАЯ;46.73;12300;47316523
7604264753;8618883;2024;ЯРОСЛАВСКАЯ;46.73;12300;50107866
7705826053;118943;2022;ТАМБОВСКАЯ;25.99;12300;47042506
7705826053;118943;2023;ТАМБОВСКАЯ;25.99;12300;49295604
7705826053;118943;2024;ТАМБОВСКАЯ;25.99;12300;51418122
1300000243;11849194;2022;МОРДОВИЯ;42.21;12300;44212752
1300000243;11849194;2023;МОРДОВИЯ;42.21;12300;47648805
1300000243;11849194;2024;МОРДОВИЯ;42.21;12300;50266720
7447147895;1889788;2022;ТУЛЬСКАЯ;93.21;12300;45193015
7447147895;1889788;2023;ТУЛЬСКАЯ;93.21;12300;49420693
7447147895;1889788;2024;ТУЛЬСКАЯ;93.21;12300;51262518
4312155166;10946452;2022;КИРОВСКАЯ;41.20;12300;44854328
4312155166;10946452;2023;КИРОВСКАЯ;86.23;12300;48116606
4312155166;10946452;2024;КИРОВСКАЯ;41.20;12300;50871265
6829143379;10741176;2022;ТАМБОВСКАЯ;56.10.1;12300;46049244
6829143379;10741176;2023;ТАМБОВСКАЯ;56.10.1;12300;49259072
6829143379;10741176;2024;ТАМБОВСКАЯ;56.10.1;12300;52090393
0105008208;4874490;2022;АДЫГЕЯ;45.20.1;12300;45227616
0105008208;4874490;2023;АДЫГЕЯ;45.20.1;12300;48629775
0105008208;4874490;2024;АДЫГЕЯ;45.20.1;12300;50941968
6234171972;10353260;2022;РЯЗАНСКАЯ;62.02;12300;44899117
6234171972;10353260;2023;РЯЗАНСКАЯ;62.02;12300;49090024
6234171972;10353260;2024;РЯЗАНСКАЯ;62.02;12300;51935645
5753064556;9657875;2022;ОРЛОВСКАЯ;46.38.21;12300;44945522
5753064556;9657875;2023;ОРЛОВСКАЯ;46.38.21;12300;47834944
5753064556;9657875;2024;ОРЛОВСКАЯ;46.38.21;12300;50542664
2902075760;7821334;2022;АРХАНГЕЛЬСКАЯ;47.1;12300;46617873
2902075760;7821334;2023;АРХАНГЕЛЬСКАЯ;47.1;12300;47964703
2902075760;7821334;2024;АРХАНГЕЛЬСКАЯ;47.1;12300;51046777
3662999911;9318354;2022;ВОРОНЕЖСКАЯ;46.32;12300;45182401
3662999911;9318354;2023;ВОРОНЕЖСКАЯ;46.32;12300;49701719
3662999911;9318354;2024;ВОРОНЕЖСКАЯ;46.32;12300;52683563
4253012597;7734277;2022;КЕМЕРОВСКАЯ ОБЛАСТЬ - КУЗБАСС;42.11;12300;44407927
4253012597;7734277;2023;КЕМЕРОВСКАЯ ОБЛАСТЬ - КУЗБАСС;42.11;12300;47902496
4253012597;7734277;2024;КЕМЕРОВСКАЯ ОБЛАСТЬ - КУЗБАСС;42.11;12300;52211435
5407255442;1318308;2022;НОВОСИБИРСКАЯ;68.20;12300;46284360
5407255442;1318308;2023;НОВОСИБИРСКАЯ;68.20;12300;49086529
5407255442;1318308;2024;НОВОСИБИРСКАЯ;68.20;12300;51964508
9717077652;10945833;2022;МОСКВА;58.14;12300;45329524
9717077652;10945833;2023;МОСКВА;58.14;12300;48758247
9717077652;10945833;2024;МОСКВА;58.14;12300;51991550
9723041816;10541571;2022;МОСКОВСКАЯ;46.90;12300;44790736
9723041816;10541571;2023;МОСКОВСКАЯ;46.90;12300;49531464
9723041816;10541571;2024;МОСКОВСКАЯ;46.90;12300;52186843
2225184488;10341928;2022;АЛТАЙСКИЙ;70.22;12300;44659365
2225184488;10341928;2023;АЛТАЙСКИЙ;70.22;12300;48188130
2225184488;10341928;2024;АЛТАЙСКИЙ;70.22;12300;51812284
7841084629;11041370;2022;САНКТ-ПЕТЕРБУРГ;70.22;12300;45219564
7841084629;11041370;2023;САНКТ-ПЕТЕРБУРГ;70.22;12300;48339719
7841084629;11041370;2024;САНКТ-ПЕТЕРБУРГ;70.22;12300;50992272
7721266063;5243994;2022;МОСКВА;68.20;12300;44759435
7721266063;5243994;2023;МОСКВА;68.20;12300;49399153
7721266063;5243994;2024;МОСКВА;68.20;12300;52802831
0242011273;8455503;2022;БАШКОРТОСТАН;47.64;12300;45441132
0242011273;8455503;2023;БАШКОРТОСТАН;47.64;12300;48455133
0242011273;8455503;2024;БАШКОРТОСТАН;47.64;12300;51127225
7612041503;1542291;2022;ЯРОСЛАВСКАЯ;71.12.46;12300;46588090
7612041503;1542291;2023;ЯРОСЛАВСКАЯ;71.12.46;12300;48581970
7612041503;1542291;2024;ЯРОСЛАВСКАЯ;71.12.7;12300;50928411
3435143377;11921153;2022;ВОЛГОГРАДСКАЯ;46.61;12300;44197112
3435143377;11921153;2023;ВОЛГОГРАДСКАЯ;46.61;12300;47497623
3435143377;11921153;2024;ВОЛГОГРАДСКАЯ;46.61;12300;50452377
7710918800;7358415;2022;МОСКВА;62.01;12300;45584827
7710918800;7358415;2023;МОСКВА;62.01;12300;49469368
7710918800;7358415;2024;МОСКВА;62.01;12300;51668040
3461060078;9796792;2022;ВОЛГОГРАДСКАЯ;43.22;12300;45361203
3461060078;9796792;2023;ВОЛГОГРАДСКАЯ;43.22;12300;48616127
3461060078;9796792;2024;ВОЛГОГРАДСКАЯ;46.73;12300;52710150
0705005311;259045;2022;КАБАРДИНО-БАЛКАРСКАЯ;71.1;12300;44158405
0705005311;259045;2023;КАБАРДИНО-БАЛКАРСКАЯ;71.1;12300;48032242
0705005311;259045;2024;КАБАРДИНО-БАЛКАРСКАЯ;71.1;12300;51361504
6670317572;9254080;2022;СВЕРДЛОВСКАЯ;47.42;12300;46028561
6670317572;9254080;2023;СВЕРДЛОВСКАЯ;47.42;12300;48118185
6670317572;9254080;2024;СВЕРДЛОВСКАЯ;47.42;12300;51199302
0326473482;1245903;2022;БУРЯТИЯ;86.23;12300;45812238
0326473482;1245903;2023;БУРЯТИЯ;86.23;12300;49004387
0326473482;1245903;2024;БУРЯТИЯ;86.23;12300;51887672
1831196153;11151142;2022;УДМУРТСКАЯ;49.41;12300;45948836
1831196153;11151142;2023;УДМУРТСКАЯ;49.41;12300;49429348
1831196153;11151142;2024;УДМУРТСКАЯ;49.41;12300;52103191
7117013318;6219370;2022;ТУЛЬСКАЯ;71.12.12;12300;45070930
7117013318;6219370;2023;ТУЛЬСКАЯ;71.12.12;12300;48725280
7117013318;6219370;2024;ТУЛЬСКАЯ;71.12.12;12300;51242611
7017394268;9597804;2022;ТОМСКАЯ;45.31.1;12300;44360199
7017394268;9597804;2023;ТОМСКАЯ;45.31.1;12300;49739132
7017394268;9597804;2024;ТОМСКАЯ;45.31.1;12300;52646932
4823074005;10045545;2022;ЛИПЕЦКАЯ;45.20;12300;45035070
4823074005;10045545;2023;ЛИПЕЦКАЯ;45.20;12300;49467424
4823074005;10045545;2024;ЛИПЕЦКАЯ;45.20;12300;52044312
6320028214;10680643;2022;САМАРСКАЯ;25.62;12300;44510429
6320028214;10680643;2023;САМАРСКАЯ;45.31;12300;47944932
6320028214;10680643;2024;САМАРСКАЯ;45.31;12300;52159317
3811131112;3036782;2022;ИРКУТСКАЯ;45.3;12300;45368302
3811131112;3036782;2023;ИРКУТСКАЯ;45.3;12300;49835188
3811131112;3036782;2024;ИРКУТСКАЯ;45.3;12300;52148870
2464209246;306281;2022;КРАСНОЯРСКИЙ;56.1;12300;44966347
2464209246;306281;2023;КРАСНОЯРСКИЙ;56.1;12300;48720586
2464209246;306281;2024;КРАСНОЯРСКИЙ;56.1;12300;50930509
3906324634;8518365;2022;КАЛИНИНГРАДСКАЯ;71.1;12300;45411808
3906324634;8518365;2023;КАЛИНИНГРАДСКАЯ;71.1;12300;48542341
3906324634;8518365;2024;КАЛИНИНГРАДСКАЯ;71.1;12300;51825072
5834128222;11772001;2022;ПЕНЗЕНСКАЯ;62.09;12300;44114266
5834128222;11772001;2023;ПЕНЗЕНСКАЯ;62.09;12300;47502687
5834128222;11772001;2024;ПЕНЗЕНСКАЯ;62.09;12300;51271562
4826140143;11078710;2022;ЛИПЕЦКАЯ;52.29;12300;45945749
4826140143;11078710;2023;ЛИПЕЦКАЯ;52.29;12300;47403099
4826140143;11078710;2024;ЛИПЕЦКАЯ;52.29;12300;50182582
1001073571;65689;2022;КАРЕЛИЯ;73.20.1;12300;45304397
1001073571;65689;2023;КАРЕЛИЯ;73.20.1;12300;48817727
1001073571;65689;2024;КАРЕЛИЯ;73.20.1;12300;51654257
9204570196;10769941;2022;СЕВАСТОПОЛЬ;62.01;12300;45400518
9204570196;10769941;2023;СЕВАСТОПОЛЬ;62.01;12300;48973490
9204570196;10769941;2024;СЕВАСТОПОЛЬ;62.01;12300;52704108
2222877484;11070042;2022;АЛТАЙСКИЙ;41.20;12300;45043912
2222877484;11070042;2023;АЛТАЙСКИЙ;41.20;12300;47303738
2222877484;11070042;2024;АЛТАЙСКИЙ;41.20;12300;50262035
4217054496;6878152;2022;КЕМЕРОВСКАЯ ОБЛАСТЬ - КУЗБАСС;62.01;12300;45839386
4217054496;6878152;2023;КЕМЕРОВСКАЯ ОБЛАСТЬ - КУЗБАСС;62.01;12300;48190927
4217054496;6878152;2024;КЕМЕРОВСКАЯ ОБЛАСТЬ - КУЗБАСС;62.01;12300;51172010
2902089265;11676046;2022;АРХАНГЕЛЬСКАЯ;46.16;12300;45665069
2902089265;11676046;2023;АРХАНГЕЛЬСКАЯ;46.16;12300;48752453
2902089265;11676046;2024;АРХАНГЕЛЬСКАЯ;46.16;12300;52010806
3525164572;5727910;2022;ВОЛОГОДСКАЯ;45.20.1;12300;45030329
3525164572;5727910;2023;ВОЛОГОДСКАЯ;45.20.1;12300;48552089
3525164572;5727910;2024;ВОЛОГОДСКАЯ;45.20.1;12300;50280382
1900000414;11472107;2022;ХАКАСИЯ;95.12;12300;45048771
1900000414;11472107;2023;ХАКАСИЯ;95.12;12300;48622178
1900000414;11472107;2024;ХАКАСИЯ;95.12;12300;50555341
1435097230;5027102;2022;САХА /ЯКУТИЯ/;25.12;12300;45345482
1435097230;5027102;2023;САХА /ЯКУТИЯ/;25.12;12300;47601764
1435097230;5027102;2024;САХА /ЯКУТИЯ/;25.12;12300;51142756
8602295405;11204632;2022;ХАНТЫ-МАНСИЙСКИЙ АВТОНОМНЫЙ ОКРУГ - ЮГРА;56.10;12300;46404620
8602295405;11204632;2023;ХАНТЫ-МАНСИЙСКИЙ АВТОНОМНЫЙ ОКРУГ - ЮГРА;56.10;12300;49489359
8602295405;11204632;2024;ХАНТЫ-МАНСИЙСКИЙ АВТОНОМНЫЙ ОКРУГ - ЮГРА;56.10;12300;52266854
7702409365;10001756;2022;МОСКВА;72.20;12300;45650516
7702409365;10001756;2023;МОСКВА;72.20;12300;48702250
7702409365;10001756;2024;МОСКВА;72.20;12300;51406903
1832056529;6441269;2022;УДМУРТСКАЯ;62.0;12300;45539662
1832056529;6441269;2023;УДМУРТСКАЯ;62.0;12300;49309886
1832056529;6441269;2024;УДМУРТСКАЯ;62.0;12300;51279111
7224032114;1991995;2022;ТЮМЕНСКАЯ;47.25;12300;45070280
7224032114;1991995;2023;ТЮМЕНСКАЯ;47.25;12300;48505254
7224032114;1991995;2024;ТЮМЕНСКАЯ;47.25;12300;51129115
1650412290;11823686;2022;ТАТАРСТАН;25.11;12300;45674838
1650412290;11823686;2023;ТАТАРСТАН;25.11;12300;48683041
1650412290;11823686;2024;ТАТАРСТАН;25.11;12300;50582122
7710872143;1825246;2022;МОСКВА;46.21;12267;46529626
7710872143;1825246;2023;МОСКВА;46.21;12267;49209985
7710872143;1825246;2024;МОСКВА;46.21;12267;52634951
9106002710;8973023;2022;КРЫМ;86.10;12300;46981433
9106002710;8973023;2023;КРЫМ;86.10;12300;48711897
9106002710;8973023;2024;КРЫМ;86.10;12300;50938788
4909127308;10505959;2022;МАГАДАНСКАЯ;46.90;12300;45554263
4909127308;10505959;2023;МАГАДАНСКАЯ;46.90;12300;48774641
4909127308;10505959;2024;МАГАДАНСКАЯ;46.90;12300;51560622
2130078548;3639646;2022;ЧУВАШСКАЯ РЕСПУБЛИКА -;62.01;12300;44690100
2130078548;3639646;2023;ЧУВАШСКАЯ РЕСПУБЛИКА -;62.01;12300;47696787
2130078548;3639646;2024;ЧУВАШСКАЯ РЕСПУБЛИКА -;62.01;12300;51128572
2224172017;9110851;2022;АЛТАЙСКИЙ;45.3;12300;45914519
2224172017;9110851;2023;АЛТАЙСКИЙ;45.3;12300;47225565
2224172017;9110851;2024;АЛТАЙСКИЙ;45.3;12300;50065137
2007006291;10201106;2022;ЧЕЧЕНСКАЯ;41.20;12300;45773614
2007006291;10201106;2023;ЧЕЧЕНСКАЯ;41.20;12300;49973525
2007006291;10201106;2024;ЧЕЧЕНСКАЯ;41.20;12300;52789044
2537102579;8208795;2022;ПРИМОРСКИЙ;69.10;12300;45554542
2537102579;8208795;2023;ПРИМОРСКИЙ;69.10;12300;48460921
2537102579;8208795;2024;ПРИМОРСКИЙ;69.10;12300;51778053
2130219968;11379726;2022;НОВОСИБИРСКАЯ;47.25.1;12300;45985712
2130219968;11379726;2023;НОВОСИБИРСКАЯ;47.25.1;12300;49507963
2130219968;11379726;2024;НОВОСИБИРСКАЯ;47.25.2;12300;51873589
3528129657;866310;2022;ВОЛОГОДСКАЯ;01.50;12300;45737121
3528129657;866310;2023;ВОЛОГОДСКАЯ;01.50;12300;47332738
3528129657;866310;2024;ВОЛОГОДСКАЯ;01.50;12300;50544730
4824092913;10364505;2022;ЛИПЕЦКАЯ;86.90;12300;46368330
4824092913;10364505;2023;ЛИПЕЦКАЯ;86.90;12300;49124968
4824092913;10364505;2024;ЛИПЕЦКАЯ;86.90;12300;52551032
6163216737;11161980;2022;РОСТОВСКАЯ;71.20;12300;44983532
6163216737;11161980;2023;РОСТОВСКАЯ;71.20;12300;49504622
6163216737;11161980;2024;РОСТОВСКАЯ;71.20;12300;51468562
3305708146;426796;2022;ВЛАДИМИРСКАЯ;41.20;12300;46006706
3305708146;426796;2023;ВЛАДИМИРСКАЯ;41.20;12300;49626592
3305708146;426796;2024;ВЛАДИМИРСКАЯ;41.20;12300;52482989
3663121622;9820433;2022;ВОРОНЕЖСКАЯ;45.3;12300;46670013
3663121622;9820433;2023;ВОРОНЕЖСКАЯ;45.3;12300;49319152
3663121622;9820433;2024;ВОРОНЕЖСКАЯ;45.3;12300;52177208
6829106634;9020630;2022;ТАМБОВСКАЯ;73.11;12300;45480025
6829106634;9020630;2023;ТАМБОВСКАЯ;73.11;12300;47791735
6829106634;9020630;2024;ТАМБОВСКАЯ;73.11;12300;51206421
6234029550;815715;2022;РЯЗАНСКАЯ;80.10;12300;44838627
6234029550;815715;2023;РЯЗАНСКАЯ;80.10;12300;47999582
6234029550;815715;2024;РЯЗАНСКАЯ;80.10;12300;50457588
1101167833;11267958;2022;КОМИ;56.10;12300;46017719
1101167833;11267958;2023;КОМИ;56.10;12300;49305315
1101167833;11267958;2024;КОМИ;56.10;12300;52141590
7802616598;10170256;2022;САНКТ-ПЕТЕРБУРГ;43.99;12300;45526208
7802616598;10170256;2023;САНКТ-ПЕТЕРБУРГ;43.99;12300;48100731
7802616598;10170256;2024;САНКТ-ПЕТЕРБУРГ;43.99;12300;51017701
0326524507;8779245;2022;БУРЯТИЯ;62.02;12300;44970042
0326524507;8779245;2023;БУРЯТИЯ;62.02;12300;48087247
0326524507;8779245;2024;БУРЯТИЯ;62.02;12300;51281846
6165150070;5704508;2022;РОСТОВСКАЯ;52.29;12300;44227246
6165150070;5704508;2023;РОСТОВСКАЯ;52.29;12300;47298550
6165150070;5704508;2024;РОСТОВСКАЯ;52.29;12300;50185330
5011036375;9949953;2022;МОСКОВСКАЯ;70.22;12300;46599469
5011036375;9949953;2023;МОСКОВСКАЯ;70.22;12300;48632706
5011036375;9949953;2024;МОСКОВСКАЯ;70.22;12300;50867978
2225132296;7403959;2022;АЛТАЙСКИЙ;71.20;12300;45127406
2225132296;7403959;2023;АЛТАЙСКИЙ;71.20;12300;48764589
2225132296;7403959;2024;АЛТАЙСКИЙ;71.20;12300;51569389
7814560050;7688832;2022;САНКТ-ПЕТЕРБУРГ;42.21;12300;45095836
7814560050;7688832;2023;САНКТ-ПЕТЕРБУРГ;42.21;12300;48356387
7814560050;7688832;2024;САНКТ-ПЕТЕРБУРГ;42.21;12300;51724918
6952012378;6453645;2022;ТВЕРСКАЯ;86.23;12300;45632189
6952012378;6453645;2023;ТВЕРСКАЯ;86.23;12300;48711902
6952012378;6453645;2024;ТВЕРСКАЯ;86.23;12300;51410321
7743885405;7916873;2022;СМОЛЕНСКАЯ;52.29;12300;44515625
7743885405;7916873;2023;СМОЛЕНСКАЯ;52.29;12300;47561083
7743885405;7916873;2024;СМОЛЕНСКАЯ;52.29;12300;50462103
1515907345;1072871;2022;СЕВЕРНАЯ ОСЕТИЯ - АЛАНИЯ;49.31.2;12300;45768558
1515907345;1072871;2023;СЕВЕРНАЯ ОСЕТИЯ - АЛАНИЯ;49.31.2;12300;50010512
1515907345;1072871;2024;СЕВЕРНАЯ ОСЕТИЯ - АЛАНИЯ;52.21.2;12300;51824566
7612033277;1039440;2022;ЯРОСЛАВСКАЯ;52.21.24;12300;46250166
7612033277;1039440;2023;ЯРОСЛАВСКАЯ;52.21.24;12300;49427316
7612033277;1039440;2024;ЯРОСЛАВСКАЯ;52.21.24;12300;52318672
5248044997;11884371;2022;НИЖЕГОРОДСКАЯ;49.41;12300;46539225
5248044997;11884371;2023;НИЖЕГОРОДСКАЯ;49.41;12300;49663640
5248044997;11884371;2024;НИЖЕГОРОДСКАЯ;49.41;12300;52461707
5722997016;8468259;2022;ОРЛОВСКАЯ;41.20;12300;44604596
5722997016;8468259;2023;ОРЛОВСКАЯ;42.11;12300;47345366
5722997016;8468259;2024;ОРЛОВСКАЯ;42.11;12300;51094167
2801081301;6793004;2022;АМУРСКАЯ;68.20.2;12300;45197862
2801081301;6793004;2023;АМУРСКАЯ;68.20.2;12300;48498102
2801081301;6793004;2024;АМУРСКАЯ;68.20.2;12300;51363200
5402566010;8012685;2022;НОВОСИБИРСКАЯ;52.29;12300;46429766
5402566010;8012685;2023;НОВОСИБИРСКАЯ;52.29;12300;49533628
5402566010;8012685;2024;НОВОСИБИРСКАЯ;52.29;12300;51721077
7703435713;10423266;2022;МОСКВА;79.90;12300;44577549
7703435713;10423266;2023;МОСКВА;79.90;12300;50045068
7703435713;10423266;2024;МОСКВА;79.90;12300;50705785
4410002190;995562;2022;КОСТРОМСКАЯ;47.73;12300;44579949
4410002190;995562;2023;КОСТРОМСКАЯ;47.73;12300;48883925
4410002190;995562;2024;КОСТРОМСКАЯ;47.73;12300;51389169
4824063895;8475364;2022;ЛИПЕЦКАЯ;95.22.1;12300;46288939
4824063895;8475364;2023;ЛИПЕЦКАЯ;95.22.1;12300;49119206
4824063895;8475364;2024;ЛИПЕЦКАЯ;70.22;12300;51190874
2465160434;10108403;2022;КРАСНОЯРСКИЙ;73.11;12300;46998485
2465160434;10108403;2023;КРАСНОЯРСКИЙ;73.11;12300;49576002
2465160434;10108403;2024;КРАСНОЯРСКИЙ;73.11;12300;52350750
0724002073;2508556;2022;КАБАРДИНО-БАЛКАРСКАЯ;46.76;12300;46540004
0724002073;2508556;2023;КАБАРДИНО-БАЛКАРСКАЯ;49.41;12300;49948622
0724002073;2508556;2024;КАБАРДИНО-БАЛКАРСКАЯ;49.41;12300;52821675
6732238235;11976438;2022;СМОЛЕНСКАЯ;46.73;12300;44762581
6732238235;11976438;2023;СМОЛЕНСКАЯ;46.73;12300;48623902
6732238235;11976438;2024;СМОЛЕНСКАЯ;46.73;12300;50802527
7448194520;9842532;2022;ЧЕЛЯБИНСКАЯ;41.2;12300;44379572
7448194520;9842532;2023;ЧЕЛЯБИНСКАЯ;41.20;12300;48161071
7448194520;9842532;2024;ЧЕЛЯБИНСКАЯ;41.20;12300;51210444
4401029967;6852581;2022;КОСТРОМСКАЯ;62.0;12300;44126286
4401029967;6852581;2023;КОСТРОМСКАЯ;62.0;12300;48586218
4401029967;6852581;2024;КОСТРОМСКАЯ;62.0;12300;50697030
2464266759;8988379;2022;КРАСНОЯРСКИЙ;69.10;12300;46526298
2464266759;8988379;2023;КРАСНОЯРСКИЙ;69.10;12300;49590981
2464266759;8988379;2024;КРАСНОЯРСКИЙ;69.10;12300;52466085
3444190126;1451463;2022;ВОЛГОГРАДСКАЯ;45.3;12300;44940933
3444190126;1451463;2023;ВОЛГОГРАДСКАЯ;45.3;12300;47451207
3444190126;1451463;2024;ВОЛГОГРАДСКАЯ;45.3;12300;50434953
9102047090;8966893;2022;КРЫМ;86.23;12300;44587903
9102047090;8966893;2023;КРЫМ;86.23;12300;47947430
9102047090;8966893;2024;КРЫМ;86.23;12300;50847390
5249119194;2557254;2022;НИЖЕГОРОДСКАЯ;73.1;12300;45243281
5249119194;2557254;2023;НИЖЕГОРОДСКАЯ;73.1;12300;48822866
5249119194;2557254;2024;НИЖЕГОРОДСКАЯ;73.1;12300;51841316
2801075509;6796241;2022;АМУРСКАЯ;56.10;12300;45048508
2801075509;6796241;2023;АМУРСКАЯ;56.10;12300;48169641
2801075509;6796241;2024;АМУРСКАЯ;56.10;12300;51145795
5507211495;4103098;2022;ОМСКАЯ;73.1;12300;45969593
5507211495;4103098;2023;ОМСКАЯ;73.1;12300;49126501
5507211495;4103098;2024;ОМСКАЯ;73.1;12300;51888227
7705354481;6595316;2022;МОСКВА;69.10;12300;45098301
7705354481;6595316;2023;МОСКВА;69.10;12300;48299962
7705354481;6595316;2024;МОСКВА;69.10;12300;51502675
3015056019;5632473;2022;АСТРАХАНСКАЯ;41.20;12300;45265005
3015056019;5632473;2023;АСТРАХАНСКАЯ;41.20;12300;48389882
3015056019;5632473;2024;АСТРАХАНСКАЯ;41.20;12300;52810078
0274078217;6699756;2022;БАШКОРТОСТАН;38.32.2;12300;44648802
0274078217;6699756;2023;БАШКОРТОСТАН;38.32.2;12300;48444011
0274078217;6699756;2024;БАШКОРТОСТАН;38.32.2;12300;51237090
6670435992;9732760;2022;СВЕРДЛОВСКАЯ;49.41;12300;45607367
6670435992;9732760;2023;СВЕРДЛОВСКАЯ;49.41;12300;47827650
6670435992;9732760;2024;СВЕРДЛОВСКАЯ;49.41;12300;51303685
6316211496;9352511;2022;САМАРСКАЯ;70.22;12300;44334082
6316211496;9352511;2023;САМАРСКАЯ;47.91;12300;49071669
6316211496;9352511;2024;САМАРСКАЯ;47.91;12300;50854999
0701017210;10734683;2022;КАБАРДИНО-БАЛКАРСКАЯ;41.20;12300;46484847
0701017210;10734683;2023;КАБАРДИНО-БАЛКАРСКАЯ;41.20;12300;49163731
0701017210;10734683;2024;КАБАРДИНО-БАЛКАРСКАЯ;41.20;12300;51874549
4706023688;605208;2022;ЛЕНИНГРАДСКАЯ;56.10.1;12300;45882893
4706023688;605208;2023;ЛЕНИНГРАДСКАЯ;56.10.1;12300;49074552
4706023688;605208;2024;ЛЕНИНГРАДСКАЯ;56.10.1;12300;51983645
2462066049;11064311;2022;КРАСНОЯРСКИЙ;49.41;12300;45943752
2462066049;11064311;2023;КРАСНОЯРСКИЙ;49.41;12300;48598966
2462066049;11064311;2024;КРАСНОЯРСКИЙ;49.41;12300;51281875
1433020601;3635829;2022;САХА /ЯКУТИЯ/;47.2;12300;44791325
1433020601;3635829;2023;САХА /ЯКУТИЯ/;47.2;12300;47572631
1433020601;3635829;2024;САХА /ЯКУТИЯ/;47.2;12300;50344279
5751052280;191603;2022;ОРЛОВСКАЯ;93.29.9;12300;45982557
5751052280;191603;2023;ОРЛОВСКАЯ;93.29.9;12300;48411319
5751052280;191603;2024;ОРЛОВСКАЯ;93.29.9;12300;51603951
6686122522;11223028;2022;СВЕРДЛОВСКАЯ;49.41;12300;44403406
6686122522;11223028;2023;СВЕРДЛОВСКАЯ;49.41;12300;47505491
6686122522;11223028;2024;СВЕРДЛОВСКАЯ;49.41;12300;50147395
5047189618;9919762;2022;МОСКОВСКАЯ;46.90;12300;47000716
5047189618;9919762;2023;МОСКОВСКАЯ;46.90;12300;48671705
5047189618;9919762;2024;МОСКОВСКАЯ;46.90;12300;51602330
2723119594;3560819;2022;ХАБАРОВСКИЙ;46.73;12300;44083750
2723119594;3560819;2023;ХАБАРОВСКИЙ;46.73;12300;47334302
2723119594;3560819;2024;ХАБАРОВСКИЙ;46.73;12300;50190703
7415109174;11758598;2022;ЧЕЛЯБИНСКАЯ;45.20;12300;46110139
7415109174;11758598;2023;ЧЕЛЯБИНСКАЯ;45.20;12300;49118280
7415109174;11758598;2024;ЧЕЛЯБИНСКАЯ;45.20;12300;51312551
5036007672;5861464;2022;МОСКОВСКАЯ;68.20.2;12300;44883138
5036007672;5861464;2023;МОСКОВСКАЯ;68.20.2;12300;48728451
5036007672;5861464;2024;МОСКОВСКАЯ;68.20.2;12300;51827007
2466126683;1623796;2022;КРАСНОЯРСКИЙ;70.22;12300;45644572
2466126683;1623796;2023;КРАСНОЯРСКИЙ;70.22;12300;48808000
2466126683;1623796;2024;КРАСНОЯРСКИЙ;70.22;12300;51333653
1717011738;10951370;2022;ТЫВА;43.21;12300;46567379
1717011738;10951370;2023;ТЫВА;43.21;12300;48864119
1717011738;10951370;2024;ТЫВА;43.21;12300;51504398
1513066432;10318850;2022;СЕВЕРНАЯ ОСЕТИЯ - АЛАНИЯ;86.21;12300;45329268
1513066432;10318850;2023;СЕВЕРНАЯ ОСЕТИЯ - АЛАНИЯ;86.21;12300;48951132
1513066432;10318850;2024;СЕВЕРНАЯ ОСЕТИЯ - АЛАНИЯ;86.21;12300;50617623
2812007807;5573671;2022;АМУРСКАЯ;01.11.2;12300;44738699
2812007807;5573671;2023;АМУРСКАЯ;01.11.2;12300;48002166
2812007807;5573671;2024;АМУРСКАЯ;01.11.2;12300;51143499
0816029124;9145692;2022;КАЛМЫКИЯ;01.11;12300;46637188
0816029124;9145692;2023;КАЛМЫКИЯ;01.11;12300;47927008
0816029124;9145692;2024;КАЛМЫКИЯ;01.11;12300;50416438
7604241869;7831643;2022;ЯРОСЛАВСКАЯ;56.30;12300;45053691
7604241869;7831643;2023;ЯРОСЛАВСКАЯ;56.30;12300;48901350
7604241869;7831643;2024;ЯРОСЛАВСКАЯ;56.30;12300;51709542
2634060878;4028198;2022;СТАВРОПОЛЬСКИЙ;46.51;12300;45483687
2634060878;4028198;2023;СТАВРОПОЛЬСКИЙ;46.51;12300;48392622
2634060878;4028198;2024;СТАВРОПОЛЬСКИЙ;46.51;12300;51378367
6731046273;2019851;2022;СМОЛЕНСКАЯ;73.11;12300;44477139
6731046273;2019851;2023;СМОЛЕНСКАЯ;73.11;12300;47575977
6731046273;2019851;2024;СМОЛЕНСКАЯ;73.11;12300;50426553
6829114956;9485140;2022;ТАМБОВСКАЯ;73.11;12300;44757736
6829114956;9485140;2023;ТАМБОВСКАЯ;73.11;12300;47794542
6829114956;9485140;2024;ТАМБОВСКАЯ;73.11;12300;50146690
7017405858;9837724;2022;ТОМСКАЯ;69.20;12300;46417388
7017405858;9837724;2023;ТОМСКАЯ;69.20;12300;49145391
7017405858;9837724;2024;ТОМСКАЯ;69.20;12300;51876470
3905612904;1940843;2022;КАЛИНИНГРАДСКАЯ;47.11;12300;46532759
3905612904;1940843;2023;КАЛИНИНГРАДСКАЯ;47.11;12300;49612156
3905612904;1940843;2024;КАЛИНИНГРАДСКАЯ;47.11;12300;52487613
8603179560;3127689;2022;ХАНТЫ-МАНСИЙСКИЙ АВТОНОМНЫЙ ОКРУГ - ЮГРА;43.12;12300;46171899
8603179560;3127689;2023;ХАНТЫ-МАНСИЙСКИЙ АВТОНОМНЫЙ ОКРУГ - ЮГРА;43.12;12300;49246904
8603179560;3127689;2024;ХАНТЫ-МАНСИЙСКИЙ АВТОНОМНЫЙ ОКРУГ - ЮГРА;43.12;12300;52248951
3123363507;9175754;2022;БЕЛГОРОДСКАЯ;70.22;12300;45658875
3123363507;9175754;2023;БЕЛГОРОДСКАЯ;70.22;12300;48422257
3123363507;9175754;2024;БЕЛГОРОДСКАЯ;70.22;12300;51510328
5256097907;404327;2022;НИЖЕГОРОДСКАЯ;41.2;12300;45596577
5256097907;404327;2023;НИЖЕГОРОДСКАЯ;41.2;12300;47674819
5256097907;404327;2024;НИЖЕГОРОДСКАЯ;41.2;12300;50360954
6168111671;11325267;2022;РОСТОВСКАЯ;73.11;12300;45683041
6168111671;11325267;2023;РОСТОВСКАЯ;73.11;12300;48827485
6168111671;11325267;2024;РОСТОВСКАЯ;73.11;12300;51632720
2626045756;9853501;2022;СТАВРОПОЛЬСКИЙ;46.46;12300;44721402
2626045756;9853501;2023;СТАВРОПОЛЬСКИЙ;46.46;12300;48736633
2626045756;9853501;2024;СТАВРОПОЛЬСКИЙ;46.46;12300;52450708
4101171306;9384306;2022;КАМЧАТСКИЙ;46.73;12300;44399691
4101171306;9384306;2023;КАМЧАТСКИЙ;46.73;12300;47610241
4101171306;9384306;2024;КАМЧАТСКИЙ;46.73;12300;50220086
7900003173;11746621;2022;ЕВРЕЙСКАЯ;46.34;12300;45981209
7900003173;11746621;2023;ЕВРЕЙСКАЯ;46.34;12300;49004810
7900003173;11746621;2024;ЕВРЕЙСКАЯ;46.34;12300;50939779
7721792228;7887156;2022;МОСКОВСКАЯ;46.4;12300;46013449
7721792228;7887156;2023;МОСКОВСКАЯ;46.4;12300;48963612
7721792228;7887156;2024;МОСКОВСКАЯ;46.4;12300;51834423
2540235931;10732348;2022;ПРИМОРСКИЙ;68.20;12300;44782214
2540235931;10732348;2023;ПРИМОРСКИЙ;68.20;12300;47485264
2540235931;10732348;2024;ПРИМОРСКИЙ;68.20;12300;50468094
1101047712;3998523;2022;КОМИ;47.61;12300;45346578
1101047712;3998523;2023;КОМИ;47.61;12300;48247631
1101047712;3998523;2024;КОМИ;47.61;12300;51419441
7453344588;11749853;2022;ЧЕЛЯБИНСКАЯ;56.21;12300;46185140
7453344588;11749853;2023;ЧЕЛЯБИНСКАЯ;56.21;12300;49361872
7453344588;11749853;2024;ЧЕЛЯБИНСКАЯ;56.21;12300;52236238
6682003436;7975890;2022;СВЕРДЛОВСКАЯ;25.61;12300;44929181
6682003436;7975890;2023;СВЕРДЛОВСКАЯ;25.61;12300;47975217
6682003436;7975890;2024;СВЕРДЛОВСКАЯ;25.61;12300;51829394
0277915150;9913198;2022;БАШКОРТОСТАН;47.91.2;12300;44941147
0277915150;9913198;2023;БАШКОРТОСТАН;47.91.2;12300;49791777
0277915150;9913198;2024;БАШКОРТОСТАН;47.91.2;12300;52723570
6732174493;10920625;2022;СМОЛЕНСКАЯ;46.75;12300;44405010
6732174493;10920625;2023;СМОЛЕНСКАЯ;46.75;12300;47648051
6732174493;10920625;2024;СМОЛЕНСКАЯ;46.75;12300;50376791
7202236121;7486558;2022;ТЮМЕНСКАЯ;45.32;12300;45237021
7202236121;7486558;2023;ТЮМЕНСКАЯ;45.32;12300;48411846
7202236121;7486558;2024;ТЮМЕНСКАЯ;45.32;12300;51512102
0326537619;9108856;2022;БУРЯТИЯ;68.32.1;12300;45548574
0326537619;9108856;2023;БУРЯТИЯ;68.32.1;12300;48881326
0326537619;9108856;2024;БУРЯТИЯ;68.32.1;12300;51897884
4704086883;2711672;2022;ЛЕНИНГРАДСКАЯ;45.20;12300;44257583
4704086883;2711672;2023;ЛЕНИНГРАДСКАЯ;45.20;12300;47489228
4704086883;2711672;2024;ЛЕНИНГРАДСКАЯ;45.20;12300;51612456
6234199978;11860602;2022;РЯЗАНСКАЯ;86.23;12300;44658709
6234199978;11860602;2023;РЯЗАНСКАЯ;86.23;12300;47357013
6234199978;11860602;2024;РЯЗАНСКАЯ;86.23;12300;50524963
8709906914;9698007;2022;ЧУКОТСКИЙ;35.11;12300;45885421
8709906914;9698007;2023;ЧУКОТСКИЙ;35.11;12300;49175319
8709906914;9698007;2024;ЧУКОТСКИЙ;35.11;12300;52034067
7813313845;3562514;2022;САНКТ-ПЕТЕРБУРГ;86.23;12300;45179969
7813313845;3562514;2023;САНКТ-ПЕТЕРБУРГ;86.23;12300;49358334
7813313845;3562514;2024;САНКТ-ПЕТЕРБУРГ;86.23;12300;52193495
6413523596;1365200;2022;САРАТОВСКАЯ;01.11.1;12300;44136097
6413523596;1365200;2023;САРАТОВСКАЯ;01.11.1;12300;47244694
6413523596;1365200;2024;САРАТОВСКАЯ;01.11.1;12300;51890051
4101107967;5961320;2022;КАМЧАТСКИЙ;47.11;12300;44469299
4101107967;5961320;2023;КАМЧАТСКИЙ;47.11;12300;47189822
4101107967;5961320;2024;КАМЧАТСКИЙ;47.11;12300;50349619
2224154201;7465706;2022;АЛТАЙСКИЙ;18.1;12300;45816311
2224154201;7465706;2023;АЛТАЙСКИЙ;31.09;12300;48840009
2224154201;7465706;2024;АЛТАЙСКИЙ;31.09;12300;52167802
3812105147;2026152;2022;ИРКУТСКАЯ;71.1;12300;46280820
3812105147;2026152;2023;ИРКУТСКАЯ;71.1;12300;49438412
3812105147;2026152;2024;ИРКУТСКАЯ;71.1;12300;51974992
3525260244;2895124;2022;ВОЛОГОДСКАЯ;45.32;12300;45656896
3525260244;2895124;2023;ВОЛОГОДСКАЯ;45.32;12300;49875767
3525260244;2895124;2024;ВОЛОГОДСКАЯ;45.32;12300;52034799
2610020989;11655943;2022;СТАВРОПОЛЬСКИЙ;42.21;12300;44439056
2610020989;11655943;2023;СТАВРОПОЛЬСКИЙ;42.21;12300;48839355
2610020989;11655943;2024;СТАВРОПОЛЬСКИЙ;42.21;12300;51788569
6671442470;8300714;2022;СВЕРДЛОВСКАЯ;25.12;12300;44779712
6671442470;8300714;2023;СВЕРДЛОВСКАЯ;25.12;12300;48642502
6671442470;8300714;2024;СВЕРДЛОВСКАЯ;25.12;12300;51597131
6321291994;452550;2022;САМАРСКАЯ;69.10;12300;45312156
6321291994;452550;2023;САМАРСКАЯ;69.10;12300;49076042
6321291994;452550;2024;САМАРСКАЯ;69.10;12300;51738314
1835020320;358190;2022;УДМУРТСКАЯ;41.20;12300;45161204
1835020320;358190;2023;УДМУРТСКАЯ;41.20;12300;48058122
1835020320;358190;2024;УДМУРТСКАЯ;41.20;12300;51125900
2204010219;5321541;2022;АЛТАЙСКИЙ;47.11.2;12300;44735723
2204010219;5321541;2023;АЛТАЙСКИЙ;47.11.2;12300;48021762
2204010219;5321541;2024;АЛТАЙСКИЙ;47.11.2;12300;51069106
6330067043;9257314;2022;САМАРСКАЯ;71.1;12300;45536457
6330067043;9257314;2023;САМАРСКАЯ;71.1;12300;48556136
6330067043;9257314;2024;САМАРСКАЯ;71.1;12300;51010536
3301031784;8113863;2022;ВЛАДИМИРСКАЯ;80.10;12300;45154440
3301031784;8113863;2023;ВЛАДИМИРСКАЯ;80.10;12300;48274606
3301031784;8113863;2024;ВЛАДИМИРСКАЯ;80.10;12300;51205920
2629009837;5840235;2022;СТАВРОПОЛЬСКИЙ;22.22;12300;45840521
2629009837;5840235;2023;СТАВРОПОЛЬСКИЙ;22.22;12300;48994320
2629009837;5840235;2024;СТАВРОПОЛЬСКИЙ;22.29.2;12300;51827396
2801235921;10419116;2022;АМУРСКАЯ;52.10;12300;44676653
2801235921;10419116;2023;АМУРСКАЯ;52.10;12300;47430678
2801235921;10419116;2024;АМУРСКАЯ;52.10;12300;51774844
9201505294;9081657;2022;СЕВАСТОПОЛЬ;43.21;12300;44229218
9201505294;9081657;2023;СЕВАСТОПОЛЬ;43.21;12300;48892888
9201505294;9081657;2024;СЕВАСТОПОЛЬ;43.21;12300;50720006
2016079264;93637;2022;ЧЕЧЕНСКАЯ;45.2;12300;47124827
2016079264;93637;2023;ЧЕЧЕНСКАЯ;45.20.1;12300;47905734
2016079264;93637;2024;ЧЕЧЕНСКАЯ;45.20.1;12300;50173259
5920027796;1338683;2022;ПЕРМСКИЙ;95.11;12300;45278908
5920027796;1338683;2023;ПЕРМСКИЙ;95.11;12300;48583159
5920027796;1338683;2024;ПЕРМСКИЙ;95.11;12300;52040140
4029044311;3488264;2022;КАЛУЖСКАЯ;68.32;12300;45300310
4029044311;3488264;2023;КАЛУЖСКАЯ;68.32;12300;49199324
4029044311;3488264;2024;КАЛУЖСКАЯ;68.32;12300;51989503
1515918509;2827108;2022;СЕВЕРНАЯ ОСЕТИЯ - АЛАНИЯ;86.90.9;12300;44141314
1515918509;2827108;2023;СЕВЕРНАЯ ОСЕТИЯ - АЛАНИЯ;86.90.9;12300;48295464
1515918509;2827108;2024;СЕВЕРНАЯ ОСЕТИЯ - АЛАНИЯ;86.90.9;12300;49901333
2466220911;2120732;2022;КРАСНОЯРСКИЙ;79.11;12300;45014645
2466220911;2120732;2023;КРАСНОЯРСКИЙ;79.11;12300;48048892
2466220911;2120732;2024;КРАСНОЯРСКИЙ;79.11;12300;51343621
3338002028;5799768;2022;ВЛАДИМИРСКАЯ;62.01;12300;46608774
3338002028;5799768;2023;ВЛАДИМИРСКАЯ;62.01;12300;48720327
3338002028;5799768;2024;ВЛАДИМИРСКАЯ;62.01;12300;51277548
4401178831;10127930;2022;КОСТРОМСКАЯ;45.31;12300;45757264
4401178831;10127930;2023;КОСТРОМСКАЯ;45.31;12300;48854610
4401178831;10127930;2024;КОСТРОМСКАЯ;45.31;12300;50875870
5107917631;11388842;2022;МУРМАНСКАЯ;68.20.2;12300;45444116
5107917631;11388842;2023;МУРМАНСКАЯ;68.20.2;12300;48303785
5107917631;11388842;2024;МУРМАНСКАЯ;68.20.2;12300;50447953
6828008105;8556749;2022;ТАМБОВСКАЯ;47.73;12300;44963465
6828008105;8556749;2023;ТАМБОВСКАЯ;47.73;12300;48218515
6828008105;8556749;2024;ТАМБОВСКАЯ;47.73;12300;51444521
4025073287;5814650;2022;КАЛУЖСКАЯ;73.11;12300;45827298
4025073287;5814650;2023;КАЛУЖСКАЯ;73.11;12300;48374470
4025073287;5814650;2024;КАЛУЖСКАЯ;73.11;12300;51659689
6829118816;9637643;2022;ТАМБОВСКАЯ;71.12.7;12300;44709626
6829118816;9637643;2023;ТАМБОВСКАЯ;71.12.7;12300;47783400
6829118816;9637643;2024;ТАМБОВСКАЯ;71.12.7;12300;50737178
6123005176;6973817;2022;РОСТОВСКАЯ;42.11;12300;46970688
6123005176;6973817;2023;РОСТОВСКАЯ;42.11;12300;49927028
6123005176;6973817;2024;РОСТОВСКАЯ;42.11;12300;50952657
1821009774;5186333;2022;УДМУРТСКАЯ;41.20;12300;46642403
1821009774;5186333;2023;УДМУРТСКАЯ;41.20;12300;49231324
1821009774;5186333;2024;УДМУРТСКАЯ;41.20;12300;52169260
3257058135;10480303;2022;ОРЛОВСКАЯ;93.29;12300;45306186
3257058135;10480303;2023;ОРЛОВСКАЯ;93.29;12300;48726320
3257058135;10480303;2024;ОРЛОВСКАЯ;93.29;12300;51852139
1644096751;11336569;2022;ТАТАРСТАН;70.22;12300;44807272
1644096751;11336569;2023;ТАТАРСТАН;70.22;12300;48447300
1644096751;11336569;2024;ТАТАРСТАН;70.22;12300;50667114
6673242685;4950032;2022;СВЕРДЛОВСКАЯ;46.72;12300;44316238
6673242685;4950032;2023;СВЕРДЛОВСКАЯ;46.72;12300;47354657
6673242685;4950032;2024;СВЕРДЛОВСКАЯ;46.72;12300;50760533
5029205200;9513982;2022;МОСКОВСКАЯ;14.13;12300;45237076
5029205200;9513982;2023;МОСКОВСКАЯ;14.13;12300;47217603
5029205200;9513982;2024;МОСКОВСКАЯ;14.13;12300;51182456
3663085533;2422266;2022;ВОРОНЕЖСКАЯ;49.41;12300;46004978
3663085533;2422266;2023;ВОРОНЕЖСКАЯ;49.41;12300;50068737
3663085533;2422266;2024;ВОРОНЕЖСКАЯ;49.41;12300;52781857
1323123361;3743649;2022;МОРДОВИЯ;47.19;12300;46283180
1323123361;3743649;2023;МОРДОВИЯ;47.19;12300;49127561
1323123361;3743649;2024;МОРДОВИЯ;47.19;12300;51637449
5258131984;9846589;2022;НИЖЕГОРОДСКАЯ;49.41;12300;44856435
5258131984;9846589;2023;НИЖЕГОРОДСКАЯ;49.41;12300;47595743
5258131984;9846589;2024;НИЖЕГОРОДСКАЯ;49.41;12300;50743891
5519009100;9754515;2022;ОМСКАЯ;42.11;12300;45372698
5519009100;9754515;2023;ОМСКАЯ;42.11;12300;49943021
5519009100;9754515;2024;ОМСКАЯ;42.11;12300;52776822
7810783722;11209587;2022;САНКТ-ПЕТЕРБУРГ;52.29;12300;46231088
7810783722;11209587;2023;САНКТ-ПЕТЕРБУРГ;52.29;12300;48830388
7810783722;11209587;2024;САНКТ-ПЕТЕРБУРГ;52.29;12300;51867416
8601034778;438597;2022;ХАНТЫ-МАНСИЙСКИЙ АВТОНОМНЫЙ ОКРУГ - ЮГРА;93.11;12300;45903815
8601034778;438597;2023;ХАНТЫ-МАНСИЙСКИЙ АВТОНОМНЫЙ ОКРУГ - ЮГРА;93.11;12300;49429671
8601034778;438597;2024;ХАНТЫ-МАНСИЙСКИЙ АВТОНОМНЫЙ ОКРУГ - ЮГРА;93.11;12300;52193725
1701059188;10161439;2022;ТЫВА;56.29;12300;44284445
1701059188;10161439;2023;ТЫВА;56.29;12300;47960565
1701059188;10161439;2024;ТЫВА;56.29;12300;51440465
1840019658;8075437;2022;УДМУРТСКАЯ;69.10;12300;45430515
1840019658;8075437;2023;УДМУРТСКАЯ;43.21;12300;49450076
1840019658;8075437;2024;УДМУРТСКАЯ;43.21;12300;52640521
6501304956;11059118;2022;САХАЛИНСКАЯ;71.20;12300;46656783
6501304956;11059118;2023;САХАЛИНСКАЯ;71.20;12300;49309958
6501304956;11059118;2024;САХАЛИНСКАЯ;71.20;12300;52163436
7310103626;3088349;2022;УЛЬЯНОВСКАЯ;42.21;12300;45229141
7310103626;3088349;2023;УЛЬЯНОВСКАЯ;42.21;12300;48620889
7310103626;3088349;2024;УЛЬЯНОВСКАЯ;42.21;12300;50909157
5904376694;11118717;2022;ПЕРМСКИЙ;41.20;12300;45767975
5904376694;11118717;2023;ПЕРМСКИЙ;41.20;12300;48947974
5904376694;11118717;2024;ПЕРМСКИЙ;41.20;12300;51817217
2706034372;11684860;2022;ХАБАРОВСКИЙ;93.19;12300;46331567
2706034372;11684860;2023;ХАБАРОВСКИЙ;93.19;12300;49977837
2706034372;11684860;2024;ХАБАРОВСКИЙ;93.19;12300;51292988
5048022989;84992;2022;МОСКОВСКАЯ;69.20;12300;46601312
5048022989;84992;2023;МОСКОВСКАЯ;69.20;12300;47902241
5048022989;84992;2024;МОСКОВСКАЯ;69.20;12300;50543114
7802130582;6477782;2022;САНКТ-ПЕТЕРБУРГ;63.11;12300;45870652
7802130582;6477782;2023;САНКТ-ПЕТЕРБУРГ;63.11;12300;47946236
7802130582;6477782;2024;САНКТ-ПЕТЕРБУРГ;63.11;12300;50615011
9102017218;8795269;2022;КРЫМ;62.09;12300;45402265
9102017218;8795269;2023;КРЫМ;62.09;12300;47582814
9102017218;8795269;2024;КРЫМ;62.09;12300;51726247
1224006160;10822660;2022;МАРИЙ ЭЛ;52.29;12300;46411091
1224006160;10822660;2023;МАРИЙ ЭЛ;52.29;12300;48755361
1224006160;10822660;2024;МАРИЙ ЭЛ;52.29;12300;51993567
7602096020;7719189;2022;ЯРОСЛАВСКАЯ;73.11;12300;45631273
7602096020;7719189;2023;ЯРОСЛАВСКАЯ;73.11;12300;49095911
7602096020;7719189;2024;ЯРОСЛАВСКАЯ;73.11;12300;51735881
6952030144;3543120;2022;ТВЕРСКАЯ;56.10;12300;46041730
6952030144;3543120;2023;ТВЕРСКАЯ;56.10.1;12300;49228921
6952030144;3543120;2024;ТВЕРСКАЯ;56.10.1;12300;52229722
2447003100;7110578;2022;КРАСНОЯРСКИЙ;56.10;12300;45742711
2447003100;7110578;2023;КРАСНОЯРСКИЙ;56.10;12300;47974282
2447003100;7110578;2024;КРАСНОЯРСКИЙ;56.10;12300;52036161
0326569843;11062823;2022;БУРЯТИЯ;20.59.4;12300;44960683
0326569843;11062823;2023;БУРЯТИЯ;20.59.4;12300;47319328
0326569843;11062823;2024;БУРЯТИЯ;20.59.4;12300;50584882
3724004710;534695;2022;ИВАНОВСКАЯ;01.61;12267;44017908
3724004710;534695;2023;ИВАНОВСКАЯ;01.61;12267;49864297
3724004710;534695;2024;ИВАНОВСКАЯ;01.61;12267;50162945
3702730885;8538937;2022;ИВАНОВСКАЯ;71.1;12300;46070956
3702730885;8538937;2023;ИВАНОВСКАЯ;71.1;12300;48326781
3702730885;8538937;2024;ИВАНОВСКАЯ;71.1;12300;51767061
5190035590;8563440;2022;МУРМАНСКАЯ;42.11;12300;46569526
5190035590;8563440;2023;МУРМАНСКАЯ;42.11;12300;49339888
5190035590;8563440;2024;МУРМАНСКАЯ;42.11;12300;52131700
3665038867;3945228;2022;ВОРОНЕЖСКАЯ;42.21;12300;45036239
3665038867;3945228;2023;ВОРОНЕЖСКАЯ;41.20;12300;48159170
3665038867;3945228;2024;ВОРОНЕЖСКАЯ;41.20;12300;51737294
7751106980;10432734;2022;МОСКВА;49.41;12300;46602722
7751106980;10432734;2023;МОСКВА;49.41;12300;49888750
7751106980;10432734;2024;МОСКВА;49.41;12300;52351416
9718178004;11659942;2022;МОСКВА;47.89;12300;44655352
9718178004;11659942;2023;МОСКВА;47.89;12300;48012969
9718178004;11659942;2024;МОСКВА;47.89;12300;51297424
5320025797;9144855;2022;НОВГОРОДСКАЯ;68.32;12300;46999245
5320025797;9144855;2023;НОВГОРОДСКАЯ;68.32;12300;48940190
5320025797;9144855;2024;НОВГОРОДСКАЯ;68.32;12300;52286926
3015095057;1652902;2022;АСТРАХАНСКАЯ;62.02;12300;44850559
3015095057;1652902;2023;АСТРАХАНСКАЯ;62.02;12300;48288286
3015095057;1652902;2024;АСТРАХАНСКАЯ;62.02;12300;51165964
7329021575;9744524;2022;УЛЬЯНОВСКАЯ;49.4;12300;45431699
7329021575;9744524;2023;УЛЬЯНОВСКАЯ;49.4;12300;47564161
7329021575;9744524;2024;УЛЬЯНОВСКАЯ;49.4;12300;50988966
5406817314;11720171;2022;НОВОСИБИРСКАЯ;62.01;12300;44927404
5406817314;11720171;2023;НОВОСИБИРСКАЯ;62.01;12300;48110694
5406817314;11720171;2024;НОВОСИБИРСКАЯ;62.01;12300;50821336
4205335510;9961725;2022;КЕМЕРОВСКАЯ ОБЛАСТЬ - КУЗБАСС;93.29;12300;46443997
4205335510;9961725;2023;КЕМЕРОВСКАЯ ОБЛАСТЬ - КУЗБАСС;93.29;12300;49592662
4205335510;9961725;2024;КЕМЕРОВСКАЯ ОБЛАСТЬ - КУЗБАСС;93.29;12300;52656879
4632050701;133342;2022;КУРСКАЯ;86.23;12300;43998224
4632050701;133342;2023;КУРСКАЯ;86.23;12300;47179457
4632050701;133342;2024;КУРСКАЯ;86.23;12300;50093031
5501217518;119713;2022;ОМСКАЯ;46.19;12300;44191846
5501217518;119713;2023;ОМСКАЯ;46.19;12300;48368098
5501217518;119713;2024;ОМСКАЯ;46.1;12300;50262940
7309006716;10229723;2022;УЛЬЯНОВСКАЯ;10.71;12300;46299017
7309006716;10229723;2023;УЛЬЯНОВСКАЯ;10.71;12300;48535347
7309006716;10229723;2024;УЛЬЯНОВСКАЯ;68.20;12300;51945469
5614059333;2310948;2022;ОРЕНБУРГСКАЯ;95.1;12300;44581468
5614059333;2310948;2023;ОРЕНБУРГСКАЯ;95.1;12300;48197249
5614059333;2310948;2024;ОРЕНБУРГСКАЯ;95.1;12300;51482279
2221216114;8940396;2022;АЛТАЙСКИЙ;41.20;12300;46421243
2221216114;8940396;2023;АЛТАЙСКИЙ;41.20;12300;48550853
2221216114;8940396;2024;АЛТАЙСКИЙ;41.20;12300;52857124
7810456940;8382012;2022;САНКТ-ПЕТЕРБУРГ;70.22;12300;45024517
7810456940;8382012;2023;САНКТ-ПЕТЕРБУРГ;70.22;12300;49375188
7810456940;8382012;2024;САНКТ-ПЕТЕРБУРГ;70.22;12300;52224856
1616033478;11379385;2022;ТАТАРСТАН;49.41;12300;44918151
1616033478;11379385;2023;ТАТАРСТАН;49.41;12300;47576779
1616033478;11379385;2024;ТАТАРСТАН;49.41;12300;51741556
9201522860;10433369;2022;СЕВАСТОПОЛЬ;52.29;12300;43997424
9201522860;10433369;2023;СЕВАСТОПОЛЬ;52.29;12300;47230912
9201522860;10433369;2024;СЕВАСТОПОЛЬ;52.29;12300;51351807
3912010153;3803080;2022;КАЛИНИНГРАДСКАЯ;46.74;12300;45894050
3912010153;3803080;2023;КАЛИНИНГРАДСКАЯ;46.74;12300;48017623
3912010153;3803080;2024;КАЛИНИНГРАДСКАЯ;46.74;12300;50825476
8601012781;3783754;2022;ХАНТЫ-МАНСИЙСКИЙ АВТОНОМНЫЙ ОКРУГ - ЮГРА;42.21;12300;45058124
8601012781;3783754;2023;ХАНТЫ-МАНСИЙСКИЙ АВТОНОМНЫЙ ОКРУГ - ЮГРА;42.21;12300;47949406
8601012781;3783754;2024;ХАНТЫ-МАНСИЙСКИЙ АВТОНОМНЫЙ ОКРУГ - ЮГРА;42.21;12300;50577637
6229075991;9192467;2022;РЯЗАНСКАЯ;42.21;12300;44911186
6229075991;9192467;2023;РЯЗАНСКАЯ;42.21;12300;48301321
6229075991;9192467;2024;РЯЗАНСКАЯ;42.21;12300;51382453
5610237585;11217636;2022;ОРЕНБУРГСКАЯ;42.22;12300;45068859
5610237585;11217636;2023;ОРЕНБУРГСКАЯ;42.22;12300;48241764
5610237585;11217636;2024;ОРЕНБУРГСКАЯ;42.22;12300;51581619
6382066844;8184877;2022;САМАРСКАЯ;70.10.1;12300;44986485
6382066844;8184877;2023;САМАРСКАЯ;70.10.1;12300;47911242
6382066844;8184877;2024;САМАРСКАЯ;70.10.1;12300;50139499
5837013029;2565265;2022;ПЕНЗЕНСКАЯ;70.22;12300;46662499
5837013029;2565265;2023;ПЕНЗЕНСКАЯ;70.22;12300;48562102
5837013029;2565265;2024;ПЕНЗЕНСКАЯ;70.22;12300;50210285
2724244301;11547082;2022;ХАБАРОВСКИЙ;43.99;12300;44242238
2724244301;11547082;2023;ХАБАРОВСКИЙ;43.99;12300;47406005
2724244301;11547082;2024;ХАБАРОВСКИЙ;43.99;12300;51605524
1101008921;9069129;2022;КОМИ;74.11;12300;45386029
1101008921;9069129;2023;КОМИ;69.10;12300;49872326
1101008921;9069129;2024;КОМИ;69.10;12300;51572773
7801316915;9893081;2022;САНКТ-ПЕТЕРБУРГ;71.11;12300;45625047
7801316915;9893081;2023;САНКТ-ПЕТЕРБУРГ;71.11;12300;48058533
7801316915;9893081;2024;САНКТ-ПЕТЕРБУРГ;71.11;12300;51603828
7731442977;7794619;2022;МОСКВА;46.69;12300;45441952
7731442977;7794619;2023;МОСКВА;46.69;12300;49137043
7731442977;7794619;2024;МОСКВА;46.69;12300;52433212
7131003576;7023347;2022;ТУЛЬСКАЯ;01.11.1;12300;44401240
7131003576;7023347;2023;ТУЛЬСКАЯ;01.11.1;12300;47451743
7131003576;7023347;2024;ТУЛЬСКАЯ;01.11.1;12300;51102345
5038142236;11011374;2022;МОСКОВСКАЯ;46.21.12;12300;45887098
5038142236;11011374;2023;МОСКОВСКАЯ;46.21.12;12300;48716339
5038142236;11011374;2024;МОСКОВСКАЯ;46.21.12;12300;50697143
5300001727;11727508;2022;НОВГОРОДСКАЯ;62.01;12300;44293898
5300001727;11727508;2023;НОВГОРОДСКАЯ;62.01;12300;48168183
5300001727;11727508;2024;НОВГОРОДСКАЯ;62.01;12300;50923719
5018183812;9655696;2022;МОСКОВСКАЯ;41.20;12300;45522805
5018183812;9655696;2023;МОСКОВСКАЯ;41.20;12300;48304577
5018183812;9655696;2024;МОСКОВСКАЯ;41.20;12300;51027383
1901088475;3158718;2022;ХАКАСИЯ;62.01;12300;45848941
1901088475;3158718;2023;ХАКАСИЯ;62.01;12300;49178113
1901088475;3158718;2024;ХАКАСИЯ;62.01;12300;51923797
2901236397;7843885;2022;АРХАНГЕЛЬСКАЯ;73.1;12300;46052156
2901236397;7843885;2023;АРХАНГЕЛЬСКАЯ;73.1;12300;49267261
2901236397;7843885;2024;АРХАНГЕЛЬСКАЯ;73.1;12300;52105379
1224000288;9071288;2022;МАРИЙ ЭЛ;86.21;12300;45586041
1224000288;9071288;2023;МАРИЙ ЭЛ;86.21;12300;49037123
1224000288;9071288;2024;МАРИЙ ЭЛ;86.21;12300;51997770
3328498939;8896797;2022;ВЛАДИМИРСКАЯ;46.49.1;12300;45662450
3328498939;8896797;2023;ВЛАДИМИРСКАЯ;46.49.1;12300;48971275
3328498939;8896797;2024;ВЛАДИМИРСКАЯ;46.49.1;12300;50819147
1821015665;11307987;2022;УДМУРТСКАЯ;93.29.9;12300;45513239
1821015665;11307987;2023;УДМУРТСКАЯ;93.29.9;12300;49240020
1821015665;11307987;2024;УДМУРТСКАЯ;93.29.9;12300;51642617
5614086288;11603221;2022;ОРЕНБУРГСКАЯ;52.24;12300;45799513
5614086288;11603221;2023;ОРЕНБУРГСКАЯ;52.24;12300;49727166
5614086288;11603221;2024;ОРЕНБУРГСКАЯ;52.24;12300;52518427
6126010304;1567168;2022;РОСТОВСКАЯ;01.70;12300;44258513
6126010304;1567168;2023;РОСТОВСКАЯ;01.70;12300;47629189
6126010304;1567168;2024;РОСТОВСКАЯ;01.70;12300;50438952
2705094107;306227;2022;ХАБАРОВСКИЙ;07.29.41;12300;45366369
2705094107;306227;2023;ХАБАРОВСКИЙ;07.29.41;12300;49795559
2705094107;306227;2024;ХАБАРОВСКИЙ;07.29.41;12300;51157401
1004011380;818414;2022;КАРЕЛИЯ;68.20;12300;45305743
1004011380;818414;2023;КАРЕЛИЯ;68.20;12300;48333184
1004011380;818414;2024;КАРЕЛИЯ;68.20;12300;51162628
8904088606;11024007;2022;ЯМАЛО-НЕНЕЦКИЙ;49.41;12300;46078734
8904088606;11024007;2023;ЯМАЛО-НЕНЕЦКИЙ;49.41;12300;49533559
8904088606;11024007;2024;ЯМАЛО-НЕНЕЦКИЙ;49.41;12300;50432066
2465242648;3896252;2022;КРАСНОЯРСКИЙ;68.20.2;12300;44255935
2465242648;3896252;2023;КРАСНОЯРСКИЙ;68.20.2;12300;47868384
2465242648;3896252;2024;КРАСНОЯРСКИЙ;68.20.2;12300;51583422
3525457635;11313580;2022;ВОЛОГОДСКАЯ;86.10;12300;46669447
3525457635;11313580;2023;ВОЛОГОДСКАЯ;86.10;12300;48989801
3525457635;11313580;2024;ВОЛОГОДСКАЯ;86.10;12300;52248878
2221050194;5323979;2022;АЛТАЙСКИЙ;73.1;12300;44513669
2221050194;5323979;2023;АЛТАЙСКИЙ;73.1;12300;49437147
2221050194;5323979;2024;АЛТАЙСКИЙ;73.1;12300;51510349
4501155997;2830148;2022;КУРГАНСКАЯ;71.1;12300;46017567
4501155997;2830148;2023;КУРГАНСКАЯ;71.12;12300;49130067
4501155997;2830148;2024;КУРГАНСКАЯ;71.12;12300;51196404
0232002640;4906045;2022;БАШКОРТОСТАН;71.11.1;12300;46276745
0232002640;4906045;2023;БАШКОРТОСТАН;71.11.1;12300;49383570
0232002640;4906045;2024;БАШКОРТОСТАН;71.11.1;12300;52590004
6205006734;4136666;2022;РЯЗАНСКАЯ;47.1;12300;46135966
6205006734;4136666;2023;РЯЗАНСКАЯ;47.1;12300;49411677
6205006734;4136666;2024;РЯЗАНСКАЯ;47.1;12300;51622534
1901065171;3145188;2022;ХАКАСИЯ;46.1;12300;45275004
1901065171;3145188;2023;ХАКАСИЯ;46.1;12300;48361374
1901065171;3145188;2024;ХАКАСИЯ;46.3;12300;52299495
1001347649;11317126;2022;КАРЕЛИЯ;20.30;12300;46351264
1001347649;11317126;2023;КАРЕЛИЯ;20.30;12300;48803600
1001347649;11317126;2024;КАРЕЛИЯ;20.30;12300;51836659
3706016992;1484831;2022;ИВАНОВСКАЯ;46.41;12300;44995289
3706016992;1484831;2023;ИВАНОВСКАЯ;46.41;12300;49857615
3706016992;1484831;2024;ИВАНОВСКАЯ;46.41;12300;52708581
3902011415;11394470;2022;КАЛИНИНГРАДСКАЯ;24.53;12300;44976622
3902011415;11394470;2023;КАЛИНИНГРАДСКАЯ;24.53;12300;49885284
3902011415;11394470;2024;КАЛИНИНГРАДСКАЯ;24.53;12300;51917253
2013003041;84848;2022;ЧЕЧЕНСКАЯ;68.3;12300;45164306
2013003041;84848;2023;ЧЕЧЕНСКАЯ;68.3;12300;48011006
2013003041;84848;2024;ЧЕЧЕНСКАЯ;68.3;12300;50402101
4202025527;638678;2022;КЕМЕРОВСКАЯ ОБЛАСТЬ - КУЗБАСС;86.23;12300;45792284
4202025527;638678;2023;КЕМЕРОВСКАЯ ОБЛАСТЬ - КУЗБАСС;86.23;12300;48969399
4202025527;638678;2024;КЕМЕРОВСКАЯ ОБЛАСТЬ - КУЗБАСС;86.23;12300;52102393
5249071714;3220594;2022;НИЖЕГОРОДСКАЯ;43.2;12300;46440481
5249071714;3220594;2023;НИЖЕГОРОДСКАЯ;43.2;12300;49130127
5249071714;3220594;2024;НИЖЕГОРОДСКАЯ;43.2;12300;52457720
7817106085;11306360;2022;САНКТ-ПЕТЕРБУРГ;68.20;12300;44335672
7817106085;11306360;2023;САНКТ-ПЕТЕРБУРГ;68.20;12300;47436431
7817106085;11306360;2024;САНКТ-ПЕТЕРБУРГ;68.20;12300;50765716
7730692276;8053557;2022;МОСКВА;71.20;12300;44309735
7730692276;8053557;2023;МОСКВА;71.20;12300;47643746
7730692276;8053557;2024;МОСКВА;71.20;12300;50307498
7707802241;7917137;2022;МОСКВА;46.90;12300;45962401
7707802241;7917137;2023;МОСКВА;46.90;12300;48323787
7707802241;7917137;2024;МОСКВА;25.11;12300;51951375
7627024469;2082469;2022;ЯРОСЛАВСКАЯ;68.31.22;12300;44739676
7627024469;2082469;2023;ЯРОСЛАВСКАЯ;68.31.22;12300;47714294
7627024469;2082469;2024;ЯРОСЛАВСКАЯ;68.31.22;12300;50669252
6950256890;11756148;2022;ТВЕРСКАЯ;56.10;12300;45645794
6950256890;11756148;2023;ТВЕРСКАЯ;56.10;12300;48973567
6950256890;11756148;2024;ТВЕРСКАЯ;56.10;12300;51068768
7722187907;7133647;2022;МОСКВА;68.20;12300;45661053
7722187907;7133647;2023;МОСКВА;68.20;12300;48035430
7722187907;7133647;2024;МОСКВА;68.20;12300;51260307
5614081480;10643028;2022;ОРЕНБУРГСКАЯ;49.20;12300;45698847
5614081480;10643028;2023;ОРЕНБУРГСКАЯ;49.20;12300;48899756
5614081480;10643028;2024;ОРЕНБУРГСКАЯ;49.20;12300;51438471
3849020926;104146;2022;ИРКУТСКАЯ;69.20.2;12300;43991179
3849020926;104146;2023;ИРКУТСКАЯ;69.20.2;12300;47174783
3849020926;104146;2024;ИРКУТСКАЯ;69.20.2;12300;50085740
1835085655;3048999;2022;УДМУРТСКАЯ;23.61;12300;46308642
1835085655;3048999;2023;УДМУРТСКАЯ;23.61;12300;49021088
1835085655;3048999;2024;УДМУРТСКАЯ;23.61;12300;51798550
4403006725;10733141;2022;КОСТРОМСКАЯ;71.11;12300;45230949
4403006725;10733141;2023;КОСТРОМСКАЯ;71.11;12300;48158752
4403006725;10733141;2024;КОСТРОМСКАЯ;71.11;12300;50959463
4217143629;1180893;2022;КЕМЕРОВСКАЯ ОБЛАСТЬ - КУЗБАСС;73.11;12300;46640382
4217143629;1180893;2023;КЕМЕРОВСКАЯ ОБЛАСТЬ - КУЗБАСС;73.11;12300;49323585
4217143629;1180893;2024;КЕМЕРОВСКАЯ ОБЛАСТЬ - КУЗБАСС;73.11;12300;52505179
4401195202;11268462;2022;КОСТРОМСКАЯ;41.20;12300;45014415
4401195202;11268462;2023;КОСТРОМСКАЯ;41.20;12300;48243510
4401195202;11268462;2024;КОСТРОМСКАЯ;41.20;12300;51780955
6679027892;7725821;2022;СВЕРДЛОВСКАЯ;55.10;12300;46274092
6679027892;7725821;2023;СВЕРДЛОВСКАЯ;55.10;12300;47978459
6679027892;7725821;2024;СВЕРДЛОВСКАЯ;55.10;12300;52220554
8704004951;11812695;2022;ЧУКОТСКИЙ;47.11;12300;46355478
8704004951;11812695;2023;ЧУКОТСКИЙ;47.11;12300;49336072
8704004951;11812695;2024;ЧУКОТСКИЙ;47.11;12300;52136604
2465163065;10169422;2022;КРАСНОЯРСКИЙ;46.69.5;12300;46973787
2465163065;10169422;2023;КРАСНОЯРСКИЙ;46.69.5;12300;49933199
2465163065;10169422;2024;КРАСНОЯРСКИЙ;46.69.5;12300;52165521
2901117230;5611561;2022;АРХАНГЕЛЬСКАЯ;73.11;12300;44513466
2901117230;5611561;2023;АРХАНГЕЛЬСКАЯ;73.11;12300;47830678
2901117230;5611561;2024;АРХАНГЕЛЬСКАЯ;73.11;12300;50857254
5190406566;6906357;2022;МУРМАНСКАЯ;46.49.33;12300;44174672
5190406566;6906357;2023;МУРМАНСКАЯ;46.38.1;12300;47743188
5190406566;6906357;2024;МУРМАНСКАЯ;46.38.1;12300;50197194
7714315658;2405929;2022;ТУЛЬСКАЯ;25.99;12300;44311051
7714315658;2405929;2023;ТУЛЬСКАЯ;25.99;12300;49771257
7714315658;2405929;2024;ТУЛЬСКАЯ;25.99;12300;50539126
5829901687;8054437;2022;ПЕНЗЕНСКАЯ;93.13;12300;45890156
5829901687;8054437;2023;ПЕНЗЕНСКАЯ;93.13;12300;49882257
5829901687;8054437;2024;ПЕНЗЕНСКАЯ;93.13;12300;51580948
3902069246;1624422;2022;КАЛИНИНГРАДСКАЯ;68.32.1;12300;45413145
3902069246;1624422;2023;КАЛИНИНГРАДСКАЯ;68.32.1;12300;48743958
3902069246;1624422;2024;КАЛИНИНГРАДСКАЯ;68.32.1;12300;51522744
7100020846;11836820;2022;ТУЛЬСКАЯ;01.11.1;12300;45002197
7100020846;11836820;2023;ТУЛЬСКАЯ;01.11.1;12300;48406596
7100020846;11836820;2024;ТУЛЬСКАЯ;70.22;12300;51568121
5321161633;7859089;2022;НОВГОРОДСКАЯ;96.02;12300;46134394
5321161633;7859089;2023;НОВГОРОДСКАЯ;86.90.9;12300;49708014
5321161633;7859089;2024;НОВГОРОДСКАЯ;86.90.9;12300;52573843
6829080665;2957585;2022;ТАМБОВСКАЯ;62.01;12300;45947598
6829080665;2957585;2023;ТАМБОВСКАЯ;62.01;12300;48914704
6829080665;2957585;2024;ТАМБОВСКАЯ;62.01;12300;51507894
7449144628;11618469;2022;КУРГАНСКАЯ;71.12.2;12300;45091516
7449144628;11618469;2023;КУРГАНСКАЯ;71.12.2;12300;48157213
7449144628;11618469;2024;КУРГАНСКАЯ;71.12.2;12300;51121366
4027104043;5047409;2022;КАЛУЖСКАЯ;62.09;12300;46130313
4027104043;5047409;2023;КАЛУЖСКАЯ;62.09;12300;48344601
4027104043;5047409;2024;КАЛУЖСКАЯ;62.09;12300;52004227
3808086614;3758513;2022;ИРКУТСКАЯ;69.20.3;12300;46274643
3808086614;3758513;2023;ИРКУТСКАЯ;74.12.1;12300;48676431
3808086614;3758513;2024;ИРКУТСКАЯ;70.22;12300;52314792
7806419791;324059;2022;САНКТ-ПЕТЕРБУРГ;86;12300;45790952
7806419791;324059;2023;САНКТ-ПЕТЕРБУРГ;86;12300;47972687
7806419791;324059;2024;САНКТ-ПЕТЕРБУРГ;86;12300;50958367
4205263287;7826281;2022;КЕМЕРОВСКАЯ ОБЛАСТЬ - КУЗБАСС;73.11;12300;45976067
4205263287;7826281;2023;КЕМЕРОВСКАЯ ОБЛАСТЬ - КУЗБАСС;73.11;12300;48805489
4205263287;7826281;2024;КЕМЕРОВСКАЯ ОБЛАСТЬ - КУЗБАСС;73.11;12300;52146850
7017486617;11649796;2022;ТОМСКАЯ;85.41.9;12300;47068199
7017486617;11649796;2023;ТОМСКАЯ;85.41.9;12300;49187175
7017486617;11649796;2024;ТОМСКАЯ;85.41.9;12300;52272530
5035044329;8965881;2022;МОСКОВСКАЯ;49.41.1;12300;45792018
5035044329;8965881;2023;МОСКОВСКАЯ;49.41.1;12300;48871630
5035044329;8965881;2024;МОСКОВСКАЯ;49.41.1;12300;52109757
7817330619;8154529;2022;САНКТ-ПЕТЕРБУРГ;45.20;12300;47111994
7817330619;8154529;2023;САНКТ-ПЕТЕРБУРГ;45.20;12300;49393202
7817330619;8154529;2024;САНКТ-ПЕТЕРБУРГ;45.20;12300;52279596
3016047916;5576248;2022;АСТРАХАНСКАЯ;86.23;12300;45893874
3016047916;5576248;2023;АСТРАХАНСКАЯ;86.23;12300;49116441
3016047916;5576248;2024;АСТРАХАНСКАЯ;86.23;12300;52367145
3906248180;2040627;2022;КАЛИНИНГРАДСКАЯ;45.31.1;12300;45736304
3906248180;2040627;2023;КАЛИНИНГРАДСКАЯ;45.31.1;12300;48372600
3906248180;2040627;2024;КАЛИНИНГРАДСКАЯ;45.31.1;12300;51257909
3904054929;5819279;2022;КАЛИНИНГРАДСКАЯ;62.01;12300;45902443
3904054929;5819279;2023;КАЛИНИНГРАДСКАЯ;62.01;12300;48950309
3904054929;5819279;2024;КАЛИНИНГРАДСКАЯ;62.01;12300;52426087
2624032656;2821673;2022;СТАВРОПОЛЬСКИЙ;68.32.1;12300;46443985
2624032656;2821673;2023;СТАВРОПОЛЬСКИЙ;68.32;12300;49539709
2624032656;2821673;2024;СТАВРОПОЛЬСКИЙ;68.32;12300;52161568
2901296445;10992269;2022;АРХАНГЕЛЬСКАЯ;86.90.4;12300;45904834
2901296445;10992269;2023;АРХАНГЕЛЬСКАЯ;86.90.4;12300;47635308
2901296445;10992269;2024;АРХАНГЕЛЬСКАЯ;86.90.4;12300;51875508
7736667710;8195725;2022;МОСКОВСКАЯ;68.32;12300;45283727
7736667710;8195725;2023;МОСКОВСКАЯ;68.32;12300;47795218
7736667710;8195725;2024;МОСКОВСКАЯ;68.32;12300;50932962
6313553195;10226783;2022;САМАРСКАЯ;46.72;12300;46368033
6313553195;10226783;2023;САМАРСКАЯ;46.72;12300;50071181
6313553195;10226783;2024;САМАРСКАЯ;46.72;12300;52842406
4345341619;7496942;2022;КИРОВСКАЯ;16.24;12300;44928708
4345341619;7496942;2023;КИРОВСКАЯ;46.90;12300;48436140
4345341619;7496942;2024;КИРОВСКАЯ;46.90;12300;51472913
4400006974;11785747;2022;КОСТРОМСКАЯ;69.10;12300;45243459
4400006974;11785747;2023;КОСТРОМСКАЯ;69.10;12300;47930054
4400006974;11785747;2024;КОСТРОМСКАЯ;69.10;12300;51290338
4611014131;9735134;2022;КУРСКАЯ;42.11;12267;46049659
4611014131;9735134;2023;КУРСКАЯ;42.11;12267;49484477
4611014131;9735134;2024;КУРСКАЯ;42.11;12267;51920095
0400016090;11525648;2022;АЛТАЙ;49.41;12300;44924322
0400016090;11525648;2023;АЛТАЙ;49.41;12300;48787404
0400016090;11525648;2024;АЛТАЙ;49.41;12300;51426719
9717106007;11677948;2022;МОСКВА;46.46;12300;44229214
9717106007;11677948;2023;МОСКВА;46.46;12300;47636753
9717106007;11677948;2024;МОСКВА;46.46;12300;50581282
4253003754;487118;2022;КЕМЕРОВСКАЯ ОБЛАСТЬ - КУЗБАСС;46.69.2;12300;45279060
4253003754;487118;2023;КЕМЕРОВСКАЯ ОБЛАСТЬ - КУЗБАСС;46.69.2;12300;48905479
4253003754;487118;2024;КЕМЕРОВСКАЯ ОБЛАСТЬ - КУЗБАСС;46.69.2;12300;51044950
1831088045;368896;2022;УДМУРТСКАЯ;86.90.9;12300;46473129
1831088045;368896;2023;УДМУРТСКАЯ;86.90.9;12300;49600963
1831088045;368896;2024;УДМУРТСКАЯ;86.90.9;12300;52435931
7814791121;11591039;2022;САНКТ-ПЕТЕРБУРГ;63.99.1;12300;44930559
7814791121;11591039;2023;САНКТ-ПЕТЕРБУРГ;63.99.1;12300;49365571
7814791121;11591039;2024;САНКТ-ПЕТЕРБУРГ;63.99.1;12300;52424706
4501202478;9295871;2022;КУРГАНСКАЯ;80.10;12300;45116732
4501202478;9295871;2023;КУРГАНСКАЯ;80.10;12300;48319331
4501202478;9295871;2024;КУРГАНСКАЯ;80.10;12300;51430182
9109026290;11619378;2022;КРЫМ;45.31;12300;44067042
9109026290;11619378;2023;КРЫМ;45.31;12300;48078928
9109026290;11619378;2024;КРЫМ;45.31;12300;51354327
5256111365;277063;2022;НИЖЕГОРОДСКАЯ;46.90;12300;45532863
5256111365;277063;2023;НИЖЕГОРОДСКАЯ;46.90;12300;49196634
5256111365;277063;2024;НИЖЕГОРОДСКАЯ;46.90;12300;52103508
6165228978;11578775;2022;РОСТОВСКАЯ;62.01;12300;44158981
6165228978;11578775;2023;РОСТОВСКАЯ;62.01;12300;48053771
6165228978;11578775;2024;РОСТОВСКАЯ;62.01;12300;52420595
4632031963;1065103;2022;КУРСКАЯ;62.09;12300;44381718
4632031963;1065103;2023;КУРСКАЯ;62.09;12300;49207812
4632031963;1065103;2024;КУРСКАЯ;62.09;12300;52532640
5610242088;11638995;2022;ОРЕНБУРГСКАЯ;46.90;12300;44609534
5610242088;11638995;2023;ОРЕНБУРГСКАЯ;46.90;12300;47513253
5610242088;11638995;2024;ОРЕНБУРГСКАЯ;46.90;12300;51299813
2001003262;11721663;2022;ЧЕЧЕНСКАЯ;86.90;12300;44514539
2001003262;11721663;2023;ЧЕЧЕНСКАЯ;86.90;12300;47984876
2001003262;11721663;2024;ЧЕЧЕНСКАЯ;86.90;12300;50851614
6228051797;6089960;2022;РЯЗАНСКАЯ;62.01;12300;45140591
6228051797;6089960;2023;РЯЗАНСКАЯ;62.01;12300;47407782
6228051797;6089960;2024;РЯЗАНСКАЯ;62.01;12300;50408161
3702658420;1497331;2022;НОВОСИБИРСКАЯ;38.32.2;12300;44878459
3702658420;1497331;2023;НОВОСИБИРСКАЯ;38.32.2;12300;48578461
3702658420;1497331;2024;НОВОСИБИРСКАЯ;38.32.2;12300;50419120
2723211039;11364793;2022;ХАБАРОВСКИЙ;08.11;12300;45121703
2723211039;11364793;2023;ХАБАРОВСКИЙ;08.11;12300;48567986
2723211039;11364793;2024;ХАБАРОВСКИЙ;08.11;12300;51773617
4345505539;11426070;2022;КИРОВСКАЯ;70.22;12300;44178924
4345505539;11426070;2023;КИРОВСКАЯ;70.22;12300;47384498
4345505539;11426070;2024;КИРОВСКАЯ;70.22;12300;50334921
9201517966;9969197;2022;КРЫМ;41.20;12300;45461123
9201517966;9969197;2023;КРЫМ;41.20;12300;48340855
9201517966;9969197;2024;КРЫМ;41.20;12300;50803970
1435233203;755199;2022;САХА /ЯКУТИЯ/;70.22;12300;45671946
1435233203;755199;2023;САХА /ЯКУТИЯ/;70.22;12300;49288932
1435233203;755199;2024;САХА /ЯКУТИЯ/;70.22;12300;52078176
3327136090;10103391;2022;ВЛАДИМИРСКАЯ;41.20;12300;44215680
3327136090;10103391;2023;ВЛАДИМИРСКАЯ;41.20;12300;47353293
3327136090;10103391;2024;ВЛАДИМИРСКАЯ;41.20;12300;51767429
1655445250;11427124;2022;ТАТАРСТАН;56.10;12300;45256118
1655445250;11427124;2023;ТАТАРСТАН;56.10;12300;48322277
1655445250;11427124;2024;ТАТАРСТАН;56.10;12300;51274811
7814319906;3482487;2022;САНКТ-ПЕТЕРБУРГ;68.32.2;12300;44151500
7814319906;3482487;2023;САНКТ-ПЕТЕРБУРГ;68.32.2;12300;47318086
7814319906;3482487;2024;САНКТ-ПЕТЕРБУРГ;68.32.2;12300;50220966
5190090471;11802572;2022;МУРМАНСКАЯ;86.23;12300;46373945
5190090471;11802572;2023;МУРМАНСКАЯ;86.23;12300;49129044
5190090471;11802572;2024;МУРМАНСКАЯ;86.23;12300;51768115
4027114926;7963647;2022;КАЛУЖСКАЯ;56.3;12300;45146094
4027114926;7963647;2023;КАЛУЖСКАЯ;56.3;12300;48060438
4027114926;7963647;2024;КАЛУЖСКАЯ;56.3;12300;51062842
3233011603;751084;2022;БРЯНСКАЯ;73.1;12300;46443041
3233011603;751084;2023;БРЯНСКАЯ;73.1;12300;49443325
3233011603;751084;2024;БРЯНСКАЯ;73.1;12300;52363377
1656056295;580667;2022;ТАТАРСТАН;62.09;12300;46393069
1656056295;580667;2023;ТАТАРСТАН;62.09;12300;47484180
1656056295;580667;2024;ТАТАРСТАН;62.09;12300;50868051
4345504214;11382960;2022;КИРОВСКАЯ;68.31;12300;46065031
4345504214;11382960;2023;КИРОВСКАЯ;68.31;12300;49491617
4345504214;11382960;2024;КИРОВСКАЯ;68.31;12300;52536007
6455024454;6238422;2022;САРАТОВСКАЯ;86.21;12300;46008997
6455024454;6238422;2023;САРАТОВСКАЯ;86.21;12300;48844223
6455024454;6238422;2024;САРАТОВСКАЯ;86.21;12300;51718877
7718507664;2693281;2022;МОСКВА;46.44.1;12300;45916522
7718507664;2693281;2023;МОСКВА;46.44.1;12300;49650232
7718507664;2693281;2024;МОСКВА;46.44.1;12300;52546155
1503001411;6737980;2022;СЕВЕРНАЯ ОСЕТИЯ - АЛАНИЯ;73.20.1;12300;46436082
1503001411;6737980;2023;СЕВЕРНАЯ ОСЕТИЯ - АЛАНИЯ;69.20.2;12300;50005967
1503001411;6737980;2024;СЕВЕРНАЯ ОСЕТИЯ - АЛАНИЯ;73.20.1;12300;52125379
4501128739;6151262;2022;КУРГАНСКАЯ;69.20.1;12300;45828196
4501128739;6151262;2023;КУРГАНСКАЯ;69.20.1;12300;49021983
4501128739;6151262;2024;КУРГАНСКАЯ;69.20.1;12300;51700652
6612056610;11687822;2022;СВЕРДЛОВСКАЯ;56.10;12300;45849384
6612056610;11687822;2023;СВЕРДЛОВСКАЯ;56.10;12300;49110369
6612056610;11687822;2024;СВЕРДЛОВСКАЯ;56.10;12300;51823709
6952019253;4674414;2022;ТВЕРСКАЯ;70.22;12300;44746232
6952019253;4674414;2023;ТВЕРСКАЯ;70.22;12300;47363500
6952019253;4674414;2024;ТВЕРСКАЯ;70.22;12300;50210843
3913012107;9055221;2022;КАЛИНИНГРАДСКАЯ;93.29;12300;46253689
3913012107;9055221;2023;КАЛИНИНГРАДСКАЯ;93.29;12300;48032464
3913012107;9055221;2024;КАЛИНИНГРАДСКАЯ;93.29;12300;52690467
6234182220;10937364;2022;РЯЗАНСКАЯ;49.41;12300;46100662
6234182220;10937364;2023;РЯЗАНСКАЯ;49.41;12300;48662951
6234182220;10937364;2024;РЯЗАНСКАЯ;49.41;12300;51435473
0105079537;10553140;2022;АДЫГЕЯ;46.76;12300;44973262
0105079537;10553140;2023;АДЫГЕЯ;46.76;12300;49999981
0105079537;10553140;2024;АДЫГЕЯ;46.76;12300;50869582
5321081018;2236071;2022;НОВГОРОДСКАЯ;86.23;12300;45089005
5321081018;2236071;2023;НОВГОРОДСКАЯ;86.23;12300;48466307
5321081018;2236071;2024;НОВГОРОДСКАЯ;86.23;12300;51265715
2130150096;9083219;2022;ЧУВАШСКАЯ РЕСПУБЛИКА -;68.32.2;12300;44717604
2130150096;9083219;2023;ЧУВАШСКАЯ РЕСПУБЛИКА -;68.32.2;12300;48137399
2130150096;9083219;2024;ЧУВАШСКАЯ РЕСПУБЛИКА -;68.32.2;12300;51460147
2130081406;3484742;2022;ЧУВАШСКАЯ РЕСПУБЛИКА -;73.11;12300;44268111
2130081406;3484742;2023;ЧУВАШСКАЯ РЕСПУБЛИКА -;73.11;12300;47574944
2130081406;3484742;2024;ЧУВАШСКАЯ РЕСПУБЛИКА -;73.11;12300;50540066
7447254167;9386669;2022;ЧЕЛЯБИНСКАЯ;73.11;12300;44016709
7447254167;9386669;2023;ЧЕЛЯБИНСКАЯ;73.11;12300;47270010
7447254167;9386669;2024;ЧЕЛЯБИНСКАЯ;73.11;12300;50106276
1001238720;4213049;2022;КАРЕЛИЯ;47.71;12300;46053304
1001238720;4213049;2023;КАРЕЛИЯ;47.71;12300;48236165
1001238720;4213049;2024;КАРЕЛИЯ;47.71;12300;50921001
1901063287;3032098;2022;ХАКАСИЯ;46.90;12300;45367259
1901063287;3032098;2023;ХАКАСИЯ;46.90;12300;48011160
1901063287;3032098;2024;ХАКАСИЯ;46.90;12300;51422617
2536312936;10795303;2022;ПРИМОРСКИЙ;71.12;12300;45551990
2536312936;10795303;2023;ПРИМОРСКИЙ;71.12;12300;49237815
2536312936;10795303;2024;ПРИМОРСКИЙ;71.12;12300;52135242
2635815560;7562593;2022;СТАВРОПОЛЬСКИЙ;70.22;12300;44500015
2635815560;7562593;2023;СТАВРОПОЛЬСКИЙ;70.22;12300;47186866
2635815560;7562593;2024;СТАВРОПОЛЬСКИЙ;70.22;12300;51011538
0711055744;285944;2022;КАБАРДИНО-БАЛКАРСКАЯ;71.11;12300;45477305
0711055744;285944;2023;КАБАРДИНО-БАЛКАРСКАЯ;71.11;12300;47710303
0711055744;285944;2024;КАБАРДИНО-БАЛКАРСКАЯ;71.11;12300;51343526
6318159354;460315;2022;САМАРСКАЯ;69;12300;46100459
6318159354;460315;2023;САМАРСКАЯ;69;12300;48987197
6318159354;460315;2024;САМАРСКАЯ;69;12300;52247564
2466276054;8853072;2022;КРАСНОЯРСКИЙ;93.13;12300;44744368
2466276054;8853072;2023;КРАСНОЯРСКИЙ;93.13;12300;47638637
2466276054;8853072;2024;КРАСНОЯРСКИЙ;93.13;12300;51953823
3525287711;7406880;2022;ВОЛОГОДСКАЯ;71.1;12300;45069820
3525287711;7406880;2023;ВОЛОГОДСКАЯ;71.1;12300;48982261
3525287711;7406880;2024;ВОЛОГОДСКАЯ;71.1;12300;52092109
7722379334;9962097;2022;ТАМБОВСКАЯ;33.12;12300;44914542
7722379334;9962097;2023;ТАМБОВСКАЯ;33.12;12300;47820044
7722379334;9962097;2024;ТАМБОВСКАЯ;33.12;12300;50291891
3127012877;7993844;2022;БЕЛГОРОДСКАЯ;86.23;12300;44115850
3127012877;7993844;2023;БЕЛГОРОДСКАЯ;86.23;12300;49968971
3127012877;7993844;2024;БЕЛГОРОДСКАЯ;86.23;12300;50339378
1901134410;10200800;2022;ХАКАСИЯ;69.10;12300;44205942
1901134410;10200800;2023;ХАКАСИЯ;69.10;12300;48647949
1901134410;10200800;2024;ХАКАСИЯ;69.10;12300;52533708
6330072967;9849882;2022;САМАРСКАЯ;41.20;12300;45784135
6330072967;9849882;2023;САМАРСКАЯ;41.20;12300;48994915
6330072967;9849882;2024;САМАРСКАЯ;41.20;12300;51864743
4826104089;9014805;2022;ЛИПЕЦКАЯ;42.11;12300;45676885
4826104089;9014805;2023;ЛИПЕЦКАЯ;42.11;12300;48876460
4826104089;9014805;2024;ЛИПЕЦКАЯ;42.11;12300;52007393
7017438451;10518554;2022;ТОМСКАЯ;71.12.7;12300;46078729
7017438451;10518554;2023;ТОМСКАЯ;71.12.7;12300;49263616
7017438451;10518554;2024;ТОМСКАЯ;71.12.7;12300;52404419
4029062409;11342326;2022;КАЛУЖСКАЯ;46.38;12300;45219725
4029062409;11342326;2023;КАЛУЖСКАЯ;46.38;12300;48587950
4029062409;11342326;2024;КАЛУЖСКАЯ;46.38;12300;51311580
9718165622;11453297;2022;МОСКВА;46.69.6;12300;45413670
9718165622;11453297;2023;МОСКВА;46.69.6;12300;48461173
9718165622;11453297;2024;МОСКВА;46.69.6;12300;51199810
7806428789;4585271;2022;ЛЕНИНГРАДСКАЯ;25.50.1;12300;45215731
7806428789;4585271;2023;ЛЕНИНГРАДСКАЯ;25.50.1;12300;48161504
7806428789;4585271;2024;ЛЕНИНГРАДСКАЯ;25.50.1;12300;51468115
5902048320;10648943;2022;ПЕРМСКИЙ;71.20.62;12300;45077234
5902048320;10648943;2023;ПЕРМСКИЙ;71.20.62;12300;47973661
5902048320;10648943;2024;ПЕРМСКИЙ;71.20.62;12300;50643090
2224124983;318779;2022;АЛТАЙСКИЙ;73.11;12300;46432311
2224124983;318779;2023;АЛТАЙСКИЙ;73.11;12300;49318495
2224124983;318779;2024;АЛТАЙСКИЙ;73.11;12300;52169411
1018003580;5500773;2022;КАРЕЛИЯ;47.52;12300;46070315
1018003580;5500773;2023;КАРЕЛИЯ;47.52;12300;48981901
1018003580;5500773;2024;КАРЕЛИЯ;47.52;12300;51981070
4826104138;9017376;2022;ЛИПЕЦКАЯ;68.32;12300;46178408
4826104138;9017376;2023;ЛИПЕЦКАЯ;68.32;12300;49058018
4826104138;9017376;2024;ЛИПЕЦКАЯ;68.32;12300;51793424
7734672866;1349935;2022;МОСКВА;45.3;12300;46016634
7734672866;1349935;2023;МОСКВА;45.3;12300;49469615
7734672866;1349935;2024;МОСКВА;45.3;12300;52381767
6671078461;10373057;2022;СВЕРДЛОВСКАЯ;62.01;12300;45230092
6671078461;10373057;2023;СВЕРДЛОВСКАЯ;62.01;12300;48099639
6671078461;10373057;2024;СВЕРДЛОВСКАЯ;62.01;12300;52301532
2901304791;11538167;2022;АРХАНГЕЛЬСКАЯ;69.20.2;12300;46459242
2901304791;11538167;2023;АРХАНГЕЛЬСКАЯ;69.20;12300;49081152
2901304791;11538167;2024;АРХАНГЕЛЬСКАЯ;69.20;12300;51902234
7718298178;9628904;2022;МОСКВА;43.21;12300;44995887
7718298178;9628904;2023;МОСКВА;43.21;12300;47548811
7718298178;9628904;2024;МОСКВА;43.21;12300;50459657
4345512180;11642524;2022;КИРОВСКАЯ;45.20;12300;44805740
4345512180;11642524;2023;КИРОВСКАЯ;45.20;12300;49346544
4345512180;11642524;2024;КИРОВСКАЯ;45.20;12300;52230614
3811128367;1581227;2022;ИРКУТСКАЯ;70.22;12300;45823379
3811128367;1581227;2023;ИРКУТСКАЯ;70.22;12300;49003602
3811128367;1581227;2024;ИРКУТСКАЯ;70.22;12300;51888906
7708757810;871285;2022;МОСКВА;47.5;12300;46229185
7708757810;871285;2023;МОСКВА;47.5;12300;49423524
7708757810;871285;2024;МОСКВА;47.5;12300;51928482
1000001060;11843029;2022;КАРЕЛИЯ;03.11.2;12300;44121936
1000001060;11843029;2023;КАРЕЛИЯ;16.10.1;12300;47248279
1000001060;11843029;2024;КАРЕЛИЯ;16.10.1;12300;50131158
2320252603;10427935;2022;КРАСНОДАРСКИЙ;71.20.62;12300;45728975
2320252603;10427935;2023;КРАСНОДАРСКИЙ;71.20.62;12300;48755759
2320252603;10427935;2024;КРАСНОДАРСКИЙ;71.20.62;12300;51995518
4632267790;11322784;2022;КУРСКАЯ;70.22;12300;45595366
4632267790;11322784;2023;КУРСКАЯ;70.22;12300;48992692
4632267790;11322784;2024;КУРСКАЯ;70.22;12300;50763051
1435338260;10888116;2022;САХА /ЯКУТИЯ/;69.10;12300;44945316
1435338260;10888116;2023;САХА /ЯКУТИЯ/;69.10;12300;47797227
1435338260;10888116;2024;САХА /ЯКУТИЯ/;69.10;12300;50655635
6439074673;827137;2022;САРАТОВСКАЯ;25.72;12300;45374879
6439074673;827137;2023;САРАТОВСКАЯ;25.72;12300;48005529
6439074673;827137;2024;САРАТОВСКАЯ;25.72;12300;51063188
2721088767;5592766;2022;ХАБАРОВСКИЙ;69.20.1;12300;45227943
2721088767;5592766;2023;ХАБАРОВСКИЙ;69.20.1;12300;48506392
2721088767;5592766;2024;ХАБАРОВСКИЙ;69.20.1;12300;52071734
5902239741;8040425;2022;Пермский;72.20;12300;45681250
5902239741;8040425;2023;Пермский;72.20;12300;48862945
5902239741;8040425;2024;Пермский;72.20;12300;50582185
8901034850;10083796;2022;ЯМАЛО-НЕНЕЦКИЙ;43.13;12300;44141619
8901034850;10083796;2023;ЯМАЛО-НЕНЕЦКИЙ;43.13;12300;48333739
8901034850;10083796;2024;ЯМАЛО-НЕНЕЦКИЙ;43.13;12300;51072190
1215144558;1108429;2022;МАРИЙ ЭЛ;62.01;12300;45802738
1215144558;1108429;2023;МАРИЙ ЭЛ;62.01;12300;49564625
1215144558;1108429;2024;МАРИЙ ЭЛ;62.01;12300;52466494
1215207448;9599353;2022;МАРИЙ ЭЛ;71.12.62;12300;45325662
1215207448;9599353;2023;МАРИЙ ЭЛ;71.12.62;12300;48720614
1215207448;9599353;2024;МАРИЙ ЭЛ;71.12.62;12300;51506159
5321178997;9492164;2022;НОВГОРОДСКАЯ;41.20;12300;46465317
5321178997;9492164;2023;НОВГОРОДСКАЯ;41.20;12300;49564396
5321178997;9492164;2024;НОВГОРОДСКАЯ;41.20;12300;52503261
3811179072;8510496;2022;ИРКУТСКАЯ;42.11;12300;45205120
3811179072;8510496;2023;ИРКУТСКАЯ;42.11;12300;49933152
3811179072;8510496;2024;ИРКУТСКАЯ;42.11;12300;52273106
5752052822;2595041;2022;ОРЛОВСКАЯ;71.20;12300;45421146
5752052822;2595041;2023;ОРЛОВСКАЯ;71.20;12300;48915530
5752052822;2595041;2024;ОРЛОВСКАЯ;71.20;12300;51801057
6658483929;9663457;2022;СВЕРДЛОВСКАЯ;45.3;12300;46292990
6658483929;9663457;2023;СВЕРДЛОВСКАЯ;45.3;12300;49330673
6658483929;9663457;2024;СВЕРДЛОВСКАЯ;45.3;12300;51159123
1007027733;11050669;2022;КАРЕЛИЯ;86.21;12300;44985383
1007027733;11050669;2023;КАРЕЛИЯ;86.21;12300;48666163
1007027733;11050669;2024;КАРЕЛИЯ;86.21;12300;51188611
1661036946;8130400;2022;ТАТАРСТАН;96.0;12300;45581825
1661036946;8130400;2023;ТАТАРСТАН;96.0;12300;48864588
1661036946;8130400;2024;ТАТАРСТАН;96.0;12300;51359321
6501176461;1139934;2022;САХАЛИНСКАЯ;95.1;12300;44918618
6501176461;1139934;2023;САХАЛИНСКАЯ;95.1;12300;49892822
6501176461;1139934;2024;САХАЛИНСКАЯ;95.1;12300;50424528
0105083646;11654775;2022;АДЫГЕЯ;43.22;12300;46372236
0105083646;11654775;2023;АДЫГЕЯ;43.22;12300;48513098
0105083646;11654775;2024;АДЫГЕЯ;43.22;12300;51959427
8001019182;11393034;2022;ЗАБАЙКАЛЬСКИЙ;69.10;12300;44950761
8001019182;11393034;2023;ЗАБАЙКАЛЬСКИЙ;69.10;12300;48099021
8001019182;11393034;2024;ЗАБАЙКАЛЬСКИЙ;69.10;12300;50847802
6714034648;8299087;2022;СМОЛЕНСКАЯ;45.3;12300;44718935
6714034648;8299087;2023;СМОЛЕНСКАЯ;45.3;12300;47556555
6714034648;8299087;2024;СМОЛЕНСКАЯ;45.3;12300;50680255
0326591863;11540274;2022;БУРЯТИЯ;71.12;12300;44248771
0326591863;11540274;2023;БУРЯТИЯ;71.12;12300;49079512
0326591863;11540274;2024;БУРЯТИЯ;71.12;12300;52702998
7017093824;1979815;2022;ТОМСКАЯ;69.20;12300;46506740
7017093824;1979815;2023;ТОМСКАЯ;69.20;12300;49690815
7017093824;1979815;2024;ТОМСКАЯ;69.20;12300;51673029
5615013300;6918437;2022;ОРЕНБУРГСКАЯ;71.12.63;12300;46260659
5615013300;6918437;2023;ОРЕНБУРГСКАЯ;71.12.63;12300;48993679
5615013300;6918437;2024;ОРЕНБУРГСКАЯ;71.12.63;12300;51008568
5260411393;9268463;2022;НИЖЕГОРОДСКАЯ;69.10;12300;44397862
5260411393;9268463;2023;НИЖЕГОРОДСКАЯ;69.10;12300;47183889
5260411393;9268463;2024;НИЖЕГОРОДСКАЯ;69.10;12300;50180896
5040173440;11598852;2022;МОСКОВСКАЯ;22.19.7;12300;46079170
5040173440;11598852;2023;МОСКОВСКАЯ;22.19.7;12300;49374465
5040173440;11598852;2024;МОСКОВСКАЯ;22.19.7;12300;51371081
7728438770;10755539;2022;МОСКВА;68.10.22;12300;45942521
7728438770;10755539;2023;МОСКВА;68.10.22;12300;49042223
7728438770;10755539;2024;МОСКВА;68.10.22;12300;51919736
0901003818;45081;2022;КАРАЧАЕВО-ЧЕРКЕССКАЯ;52.21.24;12300;44259135
0901003818;45081;2023;КАРАЧАЕВО-ЧЕРКЕССКАЯ;52.21.24;12300;47451827
0901003818;45081;2024;КАРАЧАЕВО-ЧЕРКЕССКАЯ;52.21.24;12300;50410333
3664250236;11653089;2022;ВОРОНЕЖСКАЯ;41.20;12300;45165748
3664250236;11653089;2023;ВОРОНЕЖСКАЯ;41.20;12300;48718352
3664250236;11653089;2024;ВОРОНЕЖСКАЯ;41.20;12300;51305127
4501219908;10692888;2022;КУРГАНСКАЯ;69.20.2;12300;44935533
4501219908;10692888;2023;КУРГАНСКАЯ;69.20.2;12300;48208355
4501219908;10692888;2024;КУРГАНСКАЯ;69.20.2;12300;51105157
1327032370;10677821;2022;МОРДОВИЯ;47.91.2;12300;45581457
1327032370;10677821;2023;МОРДОВИЯ;47.91.2;12300;48225323
1327032370;10677821;2024;МОРДОВИЯ;47.91.2;12300;51463393
7810832715;4822917;2022;САНКТ-ПЕТЕРБУРГ;86.10;12300;45502159
7810832715;4822917;2023;САНКТ-ПЕТЕРБУРГ;86.10;12300;47541149
7810832715;4822917;2024;САНКТ-ПЕТЕРБУРГ;86.10;12300;50384190
3460073170;10674864;2022;ВОЛГОГРАДСКАЯ;49.41;12300;45233075
3460073170;10674864;2023;ВОЛГОГРАДСКАЯ;49.41;12300;48674947
3460073170;10674864;2024;ВОЛГОГРАДСКАЯ;49.41;12300;50751321
5837027920;2367451;2022;ПЕНЗЕНСКАЯ;62.01;12300;44809711
5837027920;2367451;2023;ПЕНЗЕНСКАЯ;62.01;12300;48148747
5837027920;2367451;2024;ПЕНЗЕНСКАЯ;62.01;12300;51852312
7703671968;2429931;2022;МОСКВА;47.61;12300;45900421
7703671968;2429931;2023;МОСКВА;47.61;12300;49424933
7703671968;2429931;2024;МОСКВА;47.61;12300;52219097
4824096001;10846039;2022;ЛИПЕЦКАЯ;47.53.3;12300;46972130
4824096001;10846039;2023;ЛИПЕЦКАЯ;47.53.3;12300;48464106
4824096001;10846039;2024;ЛИПЕЦКАЯ;47.53.3;12300;52350513
5018211509;11841359;2022;МОСКОВСКАЯ;62.01;12300;46198894
5018211509;11841359;2023;МОСКОВСКАЯ;62.01;12300;49698080
5018211509;11841359;2024;МОСКОВСКАЯ;62.01;12300;52107600
6658486006;9733247;2022;СВЕРДЛОВСКАЯ;46.43.1;12300;44528700
6658486006;9733247;2023;СВЕРДЛОВСКАЯ;46.43.1;12300;48057900
6658486006;9733247;2024;СВЕРДЛОВСКАЯ;46.73.4;12300;50923258
8602259809;9342447;2022;ХАНТЫ-МАНСИЙСКИЙ АВТОНОМНЫЙ ОКРУГ - ЮГРА;62.01;12300;45934454
8602259809;9342447;2023;ХАНТЫ-МАНСИЙСКИЙ АВТОНОМНЫЙ ОКРУГ - ЮГРА;62.01;12300;49239664
8602259809;9342447;2024;ХАНТЫ-МАНСИЙСКИЙ АВТОНОМНЫЙ ОКРУГ - ЮГРА;62.01;12300;52092870
0274953911;11228445;2022;БАШКОРТОСТАН;46.39;12300;45333320
0274953911;11228445;2023;БАШКОРТОСТАН;46.39;12300;48363043
0274953911;11228445;2024;БАШКОРТОСТАН;46.39;12300;51384902
1328017310;10946613;2022;МОРДОВИЯ;45.20;12300;46190698
1328017310;10946613;2023;МОРДОВИЯ;45.20;12300;47786950
1328017310;10946613;2024;МОРДОВИЯ;45.20;12300;50400943
3327319168;5653206;2022;ВЛАДИМИРСКАЯ;79.11;12300;45999871
3327319168;5653206;2023;ВЛАДИМИРСКАЯ;79.11;12300;48746061
3327319168;5653206;2024;ВЛАДИМИРСКАЯ;79.11;12300;51695106
6150091978;9668903;2022;РОСТОВСКАЯ;25.11;12300;46443953
6150091978;9668903;2023;РОСТОВСКАЯ;25.11;12300;49104930
6150091978;9668903;2024;РОСТОВСКАЯ;25.11;12300;52364382
7536182891;11391178;2022;ЗАБАЙКАЛЬСКИЙ;70.22;12300;45808658
7536182891;11391178;2023;ЗАБАЙКАЛЬСКИЙ;70.22;12300;47801201
7536182891;11391178;2024;ЗАБАЙКАЛЬСКИЙ;70.22;12300;50819075
5611002988;6915886;2022;ОРЕНБУРГСКАЯ;68.20.2;12267;45290328
5611002988;6915886;2023;ОРЕНБУРГСКАЯ;68.20.2;12267;47786622
5611002988;6915886;2024;ОРЕНБУРГСКАЯ;68.20.2;12267;51461648
6102073778;11296155;2022;РОСТОВСКАЯ;41.20;12300;45076372
6102073778;11296155;2023;РОСТОВСКАЯ;41.20;12300;48489767
6102073778;11296155;2024;РОСТОВСКАЯ;41.20;12300;51681314
6501309560;11334968;2022;САХАЛИНСКАЯ;56.10;12300;45276442
6501309560;11334968;2023;САХАЛИНСКАЯ;56.10;12300;48764372
6501309560;11334968;2024;САХАЛИНСКАЯ;56.10;12300;50882599
4025447133;9874749;2022;КАЛУЖСКАЯ;93.29;12300;44832262
4025447133;9874749;2023;КАЛУЖСКАЯ;93.29;12300;47801334
4025447133;9874749;2024;КАЛУЖСКАЯ;93.29;12300;50438829
3805706179;2127206;2022;ИРКУТСКАЯ;52.29;12300;44595496
3805706179;2127206;2023;ИРКУТСКАЯ;52.29;12300;48679157
3805706179;2127206;2024;ИРКУТСКАЯ;52.29;12300;51783655
2634803403;1843651;2022;СТАВРОПОЛЬСКИЙ;73.11;12300;45866854
2634803403;1843651;2023;СТАВРОПОЛЬСКИЙ;73.11;12300;48137654
2634803403;1843651;2024;СТАВРОПОЛЬСКИЙ;73.11;12300;50976690
0277107667;2645405;2022;БАШКОРТОСТАН;41.20;12300;44988050
0277107667;2645405;2023;БАШКОРТОСТАН;41.20;12300;49943447
0277107667;2645405;2024;БАШКОРТОСТАН;41.20;12300;50254159
5905057210;10684420;2022;ПЕРМСКИЙ;93.19;12300;46154609
5905057210;10684420;2023;ПЕРМСКИЙ;93.19;12300;48804987
5905057210;10684420;2024;ПЕРМСКИЙ;93.19;12300;52117760
3702253103;11476722;2022;ИВАНОВСКАЯ;13.92;12300;45361206
3702253103;11476722;2023;ИВАНОВСКАЯ;13.92;12300;49389873
3702253103;11476722;2024;ИВАНОВСКАЯ;13.92;12300;51979668
2312279601;10920079;2022;КРАСНОДАРСКИЙ;69.10;12300;46523608
2312279601;10920079;2023;КРАСНОДАРСКИЙ;69.10;12300;48357179
2312279601;10920079;2024;КРАСНОДАРСКИЙ;69.10;12300;51522143
4707042242;11113627;2022;ЛЕНИНГРАДСКАЯ;70.22;12300;45250302
4707042242;11113627;2023;ЛЕНИНГРАДСКАЯ;70.22;12300;47837915
4707042242;11113627;2024;ЛЕНИНГРАДСКАЯ;70.22;12300;50866772
7017423751;10201290;2022;ТОМСКАЯ;43.29;12300;44986065
7017423751;10201290;2023;ТОМСКАЯ;43.29;12300;48879721
7017423751;10201290;2024;ТОМСКАЯ;43.29;12300;51421770
3444166074;5341433;2022;ВОЛГОГРАДСКАЯ;73.11;12300;46267526
3444166074;5341433;2023;ВОЛГОГРАДСКАЯ;73.11;12300;49381365
3444166074;5341433;2024;ВОЛГОГРАДСКАЯ;73.11;12300;52316423
1615009384;8523834;2022;ТАТАРСТАН;43.22;12300;44762768
1615009384;8523834;2023;ТАТАРСТАН;43.22;12300;48079640
1615009384;8523834;2024;ТАТАРСТАН;43.22;12300;50834308
7327000509;9017557;2022;УЛЬЯНОВСКАЯ;46.31;12300;44425716
7327000509;9017557;2023;УЛЬЯНОВСКАЯ;46.31;12300;47376487
7327000509;9017557;2024;УЛЬЯНОВСКАЯ;46.31;12300;50335358
5905059659;10943337;2022;ПЕРМСКИЙ;33.12;12300;45209278
5905059659;10943337;2023;ПЕРМСКИЙ;33.12;12300;49122044
5905059659;10943337;2024;ПЕРМСКИЙ;25.62;12300;51260257
6316260542;11162669;2022;САМАРСКАЯ;80.10;12300;44386807
6316260542;11162669;2023;САМАРСКАЯ;80.10;12300;47503525
6316260542;11162669;2024;САМАРСКАЯ;80.10;12300;50371650
7734739253;8989353;2022;МОСКВА;73.11;12300;44362307
7734739253;8989353;2023;МОСКВА;73.11;12300;47710069
7734739253;8989353;2024;МОСКВА;73.11;12300;50467182
9724081184;11840829;2022;МОСКВА;93.11;12300;45848942
9724081184;11840829;2023;МОСКВА;93.11;12300;49117251
9724081184;11840829;2024;МОСКВА;93.11;12300;51606202
6319139657;3626349;2022;САМАРСКАЯ;62.0;12300;46030497
6319139657;3626349;2023;САМАРСКАЯ;62.0;12300;49183229
6319139657;3626349;2024;САМАРСКАЯ;62.0;12300;52626674
4029046823;1457573;2022;КАЛУЖСКАЯ;43.2;12300;45262802
4029046823;1457573;2023;КАЛУЖСКАЯ;43.2;12300;48802727
4029046823;1457573;2024;КАЛУЖСКАЯ;43.2;12300;52093338
6952314876;10732788;2022;ТВЕРСКАЯ;49.31.21;12300;47028259
6952314876;10732788;2023;ТВЕРСКАЯ;49.31.21;12300;47246671
6952314876;10732788;2024;ТВЕРСКАЯ;49.31.21;12300;50158992
2721223991;9754547;2022;ХАБАРОВСКИЙ;73.11;12300;46140404
2721223991;9754547;2023;ХАБАРОВСКИЙ;73.11;12300;49304176
2721223991;9754547;2024;ХАБАРОВСКИЙ;73.11;12300;52199196
3102021277;5813816;2022;БЕЛГОРОДСКАЯ;01.11;12300;45707981
3102021277;5813816;2023;БЕЛГОРОДСКАЯ;01.11;12300;48205355
3102021277;5813816;2024;БЕЛГОРОДСКАЯ;01.11;12300;51061316
5506224269;7606277;2022;ОМСКАЯ;45.31.1;12300;44690391
5506224269;7606277;2023;ОМСКАЯ;45.31.1;12300;47964315
5506224269;7606277;2024;ОМСКАЯ;45.31.1;12300;52631430
0529776669;11153908;2022;ДАГЕСТАН;46.90;12300;46042900
0529776669;11153908;2023;ДАГЕСТАН;46.90;12300;48350761
0529776669;11153908;2024;ДАГЕСТАН;46.90;12300;51991871
2020001454;406772;2022;ЧЕЧЕНСКАЯ;41.2;12300;44902307
2020001454;406772;2023;ЧЕЧЕНСКАЯ;41.2;12300;50041488
2020001454;406772;2024;ЧЕЧЕНСКАЯ;41.2;12300;52722956
6683018322;11592705;2022;СВЕРДЛОВСКАЯ;62.01;12300;44899979
6683018322;11592705;2023;СВЕРДЛОВСКАЯ;62.01;12300;47895774
6683018322;11592705;2024;СВЕРДЛОВСКАЯ;62.01;12300;51701330
6623099990;8344696;2022;СВЕРДЛОВСКАЯ;86.10;12300;46470441
6623099990;8344696;2023;СВЕРДЛОВСКАЯ;86.10;12300;49151194
6623099990;8344696;2024;СВЕРДЛОВСКАЯ;86.10;12300;52303903
7203538580;11855040;2022;ТЮМЕНСКАЯ;45.31;12300;44783066
7203538580;11855040;2023;ТЮМЕНСКАЯ;45.31;12300;47921237
7203538580;11855040;2024;ТЮМЕНСКАЯ;45.31;12300;50868469
1513081938;11424416;2022;СЕВЕРНАЯ ОСЕТИЯ - АЛАНИЯ;55.10;12300;44583162
1513081938;11424416;2023;СЕВЕРНАЯ ОСЕТИЯ - АЛАНИЯ;55.10;12300;48215965
1513081938;11424416;2024;СЕВЕРНАЯ ОСЕТИЯ - АЛАНИЯ;93.11;12300;52417489
4312154194;10496103;2022;КИРОВСКАЯ;86.23;12300;46032533
4312154194;10496103;2023;КИРОВСКАЯ;86.23;12300;48516351
4312154194;10496103;2024;КИРОВСКАЯ;86.23;12300;51020703
4101178118;10046251;2022;КАМЧАТСКИЙ;56.30;12300;44782118
4101178118;10046251;2023;КАМЧАТСКИЙ;93.29;12300;47883329
4101178118;10046251;2024;КАМЧАТСКИЙ;56.30;12300;50566276
3305801410;11486924;2022;ВЛАДИМИРСКАЯ;71.12.2;12300;46512871
3305801410;11486924;2023;ВЛАДИМИРСКАЯ;71.12.2;12300;49642423
3305801410;11486924;2024;ВЛАДИМИРСКАЯ;71.12.2;12300;52537461
3849092007;12008904;2022;ИРКУТСКАЯ;46.73.6;12300;45675003
3849092007;12008904;2023;ИРКУТСКАЯ;46.73.6;12300;49807198
3849092007;12008904;2024;ИРКУТСКАЯ;46.73.6;12300;52443044
4401187280;10717470;2022;КОСТРОМСКАЯ;42.21;12300;46595806
4401187280;10717470;2023;КОСТРОМСКАЯ;42.21;12300;49139717
4401187280;10717470;2024;КОСТРОМСКАЯ;42.21;12300;52618170
3849058905;9762778;2022;ИРКУТСКАЯ;05.10;12300;46009220
3849058905;9762778;2023;ИРКУТСКАЯ;05.10;12300;48482908
3849058905;9762778;2024;ИРКУТСКАЯ;05.10;12300;52291907
7456005706;5057675;2022;ЧЕЛЯБИНСКАЯ;41.20;12300;45029841
7456005706;5057675;2023;ЧЕЛЯБИНСКАЯ;41.20;12300;49281375
7456005706;5057675;2024;ЧЕЛЯБИНСКАЯ;41.20;12300;52654944
7806573708;11348468;2022;САНКТ-ПЕТЕРБУРГ;82.92;12300;46018727
7806573708;11348468;2023;САНКТ-ПЕТЕРБУРГ;82.92;12300;48622154
7806573708;11348468;2024;САНКТ-ПЕТЕРБУРГ;82.92;12300;51235929
3327115781;7875786;2022;ВЛАДИМИРСКАЯ;49.4;12300;45731260
3327115781;7875786;2023;ВЛАДИМИРСКАЯ;49.4;12300;48427769
3327115781;7875786;2024;ВЛАДИМИРСКАЯ;49.4;12300;51466216
1435282585;8558113;2022;САХА /ЯКУТИЯ/;46.44;12300;45367785
1435282585;8558113;2023;САХА /ЯКУТИЯ/;46.44;12300;48238078
1435282585;8558113;2024;САХА /ЯКУТИЯ/;46.44;12300;51164213
0411136054;69197;2022;АЛТАЙ;43.21;12300;45723428
0411136054;69197;2023;АЛТАЙ;43.21;12300;49007530
0411136054;69197;2024;АЛТАЙ;43.21;12300;52035473
6829125394;9911259;2022;ТАМБОВСКАЯ;69.20.2;12300;46252710
6829125394;9911259;2023;ТАМБОВСКАЯ;69.20.2;12300;48217073
6829125394;9911259;2024;ТАМБОВСКАЯ;69.20.2;12300;52336800
2222782850;215203;2022;АЛТАЙСКИЙ;45.3;12300;44504989
2222782850;215203;2023;АЛТАЙСКИЙ;45.3;12300;48103863
2222782850;215203;2024;АЛТАЙСКИЙ;45.3;12300;50600882
4703177369;11383052;2022;ЛЕНИНГРАДСКАЯ;62.01;12300;45896193
4703177369;11383052;2023;ЛЕНИНГРАДСКАЯ;62.01;12300;49495266
4703177369;11383052;2024;ЛЕНИНГРАДСКАЯ;62.01;12300;52536902
4029065897;11889202;2022;КАЛУЖСКАЯ;42.22;12300;47051986
4029065897;11889202;2023;КАЛУЖСКАЯ;42.22;12300;49712182
4029065897;11889202;2024;КАЛУЖСКАЯ;42.22;12300;52577552
5751066082;11647957;2022;ОРЛОВСКАЯ;62.01;12300;45357699
5751066082;11647957;2023;ОРЛОВСКАЯ;62.01;12300;48208667
5751066082;11647957;2024;ОРЛОВСКАЯ;62.01;12300;50858981
1327023336;9018457;2022;МОРДОВИЯ;41.20;12300;46666848
1327023336;9018457;2023;МОРДОВИЯ;41.20;12300;50006356
1327023336;9018457;2024;МОРДОВИЯ;41.20;12300;52652728
6500003522;11863972;2022;САХАЛИНСКАЯ;49.41;12300;46224622
6500003522;11863972;2023;САХАЛИНСКАЯ;49.41;12300;49420195
6500003522;11863972;2024;САХАЛИНСКАЯ;49.41;12300;52358684
2502031542;1101403;2022;ПРИМОРСКИЙ;68.20;12300;44490608
2502031542;1101403;2023;ПРИМОРСКИЙ;68.20;12300;49845211
2502031542;1101403;2024;ПРИМОРСКИЙ;68.20;12300;52764503
0573006595;9621225;2022;ДАГЕСТАН;68.31;12300;44218129
0573006595;9621225;2023;ДАГЕСТАН;68.31;12300;49706170
0573006595;9621225;2024;ДАГЕСТАН;68.31;12300;50217432
2304074791;10968810;2022;КРАСНОДАРСКИЙ;56.10;12300;46635178
2304074791;10968810;2023;КРАСНОДАРСКИЙ;56.10;12300;49484345
2304074791;10968810;2024;КРАСНОДАРСКИЙ;56.10;12300;52529960
4900010584;11648175;2022;МАГАДАНСКАЯ;01.41;12300;46657640
4900010584;11648175;2023;МАГАДАНСКАЯ;01.41;12300;47543214
4900010584;11648175;2024;МАГАДАНСКАЯ;01.41;12300;50126660
0278128437;3617807;2022;БАШКОРТОСТАН;93.29.9;12300;45614942
0278128437;3617807;2023;БАШКОРТОСТАН;93.29.9;12300;47756254
0278128437;3617807;2024;БАШКОРТОСТАН;93.29.9;12300;51896607
5837079478;11481050;2022;МОРДОВИЯ;71.12.2;12300;46644916
5837079478;11481050;2023;МОРДОВИЯ;71.12.2;12300;49239163
5837079478;11481050;2024;МОРДОВИЯ;71.12.2;12300;50544076
2312171950;1353598;2022;КРАСНОДАРСКИЙ;35.12;12300;46524107
2312171950;1353598;2023;КРАСНОДАРСКИЙ;35.12;12300;48514716
2312171950;1353598;2024;КРАСНОДАРСКИЙ;35.12;12300;52011363
2462062943;10785962;2022;КРАСНОЯРСКИЙ;73.11;12300;45752706
2462062943;10785962;2023;КРАСНОЯРСКИЙ;73.11;12300;49260616
2462062943;10785962;2024;КРАСНОЯРСКИЙ;73.11;12300;52055522
0326489179;90271;2022;БУРЯТИЯ;02.20;12300;44555187
0326489179;90271;2023;БУРЯТИЯ;02.20;12300;47707905
0326489179;90271;2024;БУРЯТИЯ;41.20;12300;50330229
7814690282;10214042;2022;САНКТ-ПЕТЕРБУРГ;49.41;12300;44932170
7814690282;10214042;2023;САНКТ-ПЕТЕРБУРГ;49.41;12300;47343806
7814690282;10214042;2024;САНКТ-ПЕТЕРБУРГ;49.41;12300;50707284
0275043802;348635;2022;БАШКОРТОСТАН;68.20.2;12300;46311438
0275043802;348635;2023;БАШКОРТОСТАН;68.20.2;12300;49134468
0275043802;348635;2024;БАШКОРТОСТАН;68.20.2;12300;52290558
4500005614;12009349;2022;КУРГАНСКАЯ;93.13;12300;47021932
4500005614;12009349;2023;КУРГАНСКАЯ;93.13;12300;48591599
4500005614;12009349;2024;КУРГАНСКАЯ;93.13;12300;51525581
6027162560;9233786;2022;ПСКОВСКАЯ;71.12.7;12300;46095772
6027162560;9233786;2023;ПСКОВСКАЯ;71.12.7;12300;49633646
6027162560;9233786;2024;ПСКОВСКАЯ;71.12.7;12300;52406459
5027295745;11577552;2022;МОСКОВСКАЯ;46.31;12300;44142403
5027295745;11577552;2023;МОСКОВСКАЯ;46.31;12300;47238338
5027295745;11577552;2024;МОСКОВСКАЯ;46.31;12300;50114472
3128009764;1128863;2022;БЕЛГОРОДСКАЯ;52.23.1;12300;46264418
3128009764;1128863;2023;БЕЛГОРОДСКАЯ;52.23.1;12300;48996034
3128009764;1128863;2024;БЕЛГОРОДСКАЯ;52.23.1;12300;52131647
8901034176;9883232;2022;ЯМАЛО-НЕНЕЦКИЙ;41.20;12300;46469917
8901034176;9883232;2023;ЯМАЛО-НЕНЕЦКИЙ;41.20;12300;48504702
8901034176;9883232;2024;ЯМАЛО-НЕНЕЦКИЙ;41.20;12300;51679336
2304053463;2222892;2022;КРАСНОДАРСКИЙ;45.31;12300;44689363
2304053463;2222892;2023;КРАСНОДАРСКИЙ;45.31;12300;47316922
2304053463;2222892;2024;КРАСНОДАРСКИЙ;45.31;12300;50334477
8901030397;9396391;2022;ЯМАЛО-НЕНЕЦКИЙ;42.11;12267;46260104
8901030397;9396391;2023;ЯМАЛО-НЕНЕЦКИЙ;42.11;12267;49938060
8901030397;9396391;2024;ЯМАЛО-НЕНЕЦКИЙ;42.11;12267;52637547
7802552224;9518820;2022;САНКТ-ПЕТЕРБУРГ;46.41;12300;45913160
7802552224;9518820;2023;САНКТ-ПЕТЕРБУРГ;46.41;12300;49676518
7802552224;9518820;2024;САНКТ-ПЕТЕРБУРГ;46.41;12300;52489777
2320201380;46031;2022;КРАСНОДАРСКИЙ;71.1;12300;45570133
2320201380;46031;2023;КРАСНОДАРСКИЙ;71.1;12300;48295953
2320201380;46031;2024;КРАСНОДАРСКИЙ;71.1;12300;50278800
5407971887;10795406;2022;НОВОСИБИРСКАЯ;47.11;12300;46075391
5407971887;10795406;2023;НОВОСИБИРСКАЯ;47.11;12300;48734644
5407971887;10795406;2024;НОВОСИБИРСКАЯ;47.11;12300;51904714
0242007196;3795863;2022;БАШКОРТОСТАН;90.00.2;12300;44647263
0242007196;3795863;2023;БАШКОРТОСТАН;90.00.2;12300;48317613
0242007196;3795863;2024;БАШКОРТОСТАН;46.60;12300;50605463
7804687530;11693927;2022;САНКТ-ПЕТЕРБУРГ;46.73;12300;44835485
7804687530;11693927;2023;САНКТ-ПЕТЕРБУРГ;46.73;12300;47766784
7804687530;11693927;2024;САНКТ-ПЕТЕРБУРГ;46.73;12300;52093880
5507231710;627631;2022;ОМСКАЯ;62.02;12300;46372899
5507231710;627631;2023;ОМСКАЯ;62.02;12300;49249857
5507231710;627631;2024;ОМСКАЯ;62.02;12300;52099216
6324078865;10100589;2022;САМАРСКАЯ;25.11;12300;45405215
6324078865;10100589;2023;САМАРСКАЯ;25.11;12300;48905524
6324078865;10100589;2024;САМАРСКАЯ;25.11;12300;51441880
6319220523;10339984;2022;САМАРСКАЯ;41.20;12300;45664351
6319220523;10339984;2023;САМАРСКАЯ;41.20;12300;48214270
6319220523;10339984;2024;САМАРСКАЯ;41.20;12300;51355651
7810014702;1272048;2022;САНКТ-ПЕТЕРБУРГ;33.12;12267;47060815
7810014702;1272048;2023;САНКТ-ПЕТЕРБУРГ;33.12;12267;47584341
7810014702;1272048;2024;САНКТ-ПЕТЕРБУРГ;33.12;12267;52782007
2540193760;8104143;2022;ПРИМОРСКИЙ;86.21;12300;45697443
2540193760;8104143;2023;ПРИМОРСКИЙ;86.21;12300;48911289
2540193760;8104143;2024;ПРИМОРСКИЙ;86.21;12300;52138192
4253051476;11759267;2022;КЕМЕРОВСКАЯ ОБЛАСТЬ - КУЗБАСС;86.10;12300;45812338
4253051476;11759267;2023;КЕМЕРОВСКАЯ ОБЛАСТЬ - КУЗБАСС;86.10;12300;48600643
4253051476;11759267;2024;КЕМЕРОВСКАЯ ОБЛАСТЬ - КУЗБАСС;86.10;12300;51697440
2435006523;9486178;2022;КРАСНОЯРСКИЙ;01.47;12267;47102823
2435006523;9486178;2023;КРАСНОЯРСКИЙ;01.47;12267;49849837
2435006523;9486178;2024;КРАСНОЯРСКИЙ;01.47;12267;52711448
5834118672;10321827;2022;ПЕНЗЕНСКАЯ;46.33;12300;44217215
5834118672;10321827;2023;ПЕНЗЕНСКАЯ;46.33;12300;48017624
5834118672;10321827;2024;ПЕНЗЕНСКАЯ;46.33;12300;50849140
6950206346;10208963;2022;ТВЕРСКАЯ;62.01;12300;45119411
6950206346;10208963;2023;ТВЕРСКАЯ;62.01;12300;48486040
6950206346;10208963;2024;ТВЕРСКАЯ;62.01;12300;51571602
4633020844;2607330;2022;КУРСКАЯ;71.12.7;12300;46321569
4633020844;2607330;2023;КУРСКАЯ;71.12.7;12300;49193254
4633020844;2607330;2024;КУРСКАЯ;71.12.7;12300;50984042
5405184394;1402724;2022;НОВОСИБИРСКАЯ;86.21;12300;45495291
5405184394;1402724;2023;НОВОСИБИРСКАЯ;86.21;12300;47376845
5405184394;1402724;2024;НОВОСИБИРСКАЯ;86.21;12300;52287736
3304016921;5561239;2022;ВЛАДИМИРСКАЯ;47.11;12300;46195615
3304016921;5561239;2023;ВЛАДИМИРСКАЯ;47.11;12300;48355648
3304016921;5561239;2024;ВЛАДИМИРСКАЯ;47.11;12300;52260389
3906340964;8974709;2022;КАЛИНИНГРАДСКАЯ;70.22;12300;46485800
3906340964;8974709;2023;КАЛИНИНГРАДСКАЯ;70.22;12300;49254670
3906340964;8974709;2024;КАЛИНИНГРАДСКАЯ;70.22;12300;52058081
9201519868;10128886;2022;СЕВАСТОПОЛЬ;46.19;12300;45514735
9201519868;10128886;2023;СЕВАСТОПОЛЬ;43.99;12300;49507622
9201519868;10128886;2024;СЕВАСТОПОЛЬ;43.99;12300;51658482
4401151406;8512182;2022;КОСТРОМСКАЯ;46.90;12300;46408558
4401151406;8512182;2023;КОСТРОМСКАЯ;46.90;12300;49661856
4401151406;8512182;2024;КОСТРОМСКАЯ;46.90;12300;52571960
5027249820;10119299;2022;МОСКОВСКАЯ;46.90;12300;44157008
5027249820;10119299;2023;МОСКОВСКАЯ;46.90;12300;47264909
5027249820;10119299;2024;МОСКОВСКАЯ;46.90;12300;50264594
7610089838;361433;2022;ЯРОСЛАВСКАЯ;81.22;12300;44317269
7610089838;361433;2023;ЯРОСЛАВСКАЯ;81.22;12300;47263364
7610089838;361433;2024;ЯРОСЛАВСКАЯ;81.22;12300;50591174
3019024071;10588432;2022;АСТРАХАНСКАЯ;43.21;12300;45437252
3019024071;10588432;2023;АСТРАХАНСКАЯ;43.21;12300;48736124
3019024071;10588432;2024;АСТРАХАНСКАЯ;43.21;12300;51194657
5638077300;11394222;2022;ОРЕНБУРГСКАЯ;41.20;12300;45999006
5638077300;11394222;2023;ОРЕНБУРГСКАЯ;41.20;12300;47741292
5638077300;11394222;2024;ОРЕНБУРГСКАЯ;41.20;12300;52627081
5032053798;4084557;2022;МОСКОВСКАЯ;68.20;12300;44344578
5032053798;4084557;2023;МОСКОВСКАЯ;68.20;12300;47482574
5032053798;4084557;2024;МОСКОВСКАЯ;68.20;12300;52688779
0601027173;9906446;2022;ИНГУШЕТИЯ;46.39;12300;45625959
0601027173;9906446;2023;ИНГУШЕТИЯ;46.39;12300;49857144
0601027173;9906446;2024;ИНГУШЕТИЯ;46.13;12300;50973796
6150034585;6967949;2022;РОСТОВСКАЯ;28.92;12300;46628963
6150034585;6967949;2023;РОСТОВСКАЯ;28.92;12300;48675848
6150034585;6967949;2024;РОСТОВСКАЯ;28.92;12300;51667025
5042017647;6000051;2022;МОСКОВСКАЯ;71.12.12;12300;44571659
5042017647;6000051;2023;МОСКОВСКАЯ;71.12.12;12300;47525347
5042017647;6000051;2024;МОСКОВСКАЯ;71.12.12;12300;50206210
6311182210;10820005;2022;САМАРСКАЯ;62.09;12300;46364048
6311182210;10820005;2023;САМАРСКАЯ;62.09;12300;48179542
6311182210;10820005;2024;САМАРСКАЯ;62.09;12300;52608763
7806548370;10782497;2022;САНКТ-ПЕТЕРБУРГ;52.29;12300;45985789
7806548370;10782497;2023;САНКТ-ПЕТЕРБУРГ;52.29;12300;49667579
7806548370;10782497;2024;САНКТ-ПЕТЕРБУРГ;52.29;12300;52594595
4808003666;11790319;2022;ЛИПЕЦКАЯ;10.41;12300;46561706
4808003666;11790319;2023;ЛИПЕЦКАЯ;10.41;12300;50056029
4808003666;11790319;2024;ЛИПЕЦКАЯ;10.41;12300;52477660
2826001178;11547956;2022;АМУРСКАЯ;68.32;12300;45923741
2826001178;11547956;2023;АМУРСКАЯ;68.32;12300;49346511
2826001178;11547956;2024;АМУРСКАЯ;68.32;12300;51421463
2503022861;2918601;2022;ПРИМОРСКИЙ;73.11;12300;44057773
2503022861;2918601;2023;ПРИМОРСКИЙ;73.11;12300;47239395
2503022861;2918601;2024;ПРИМОРСКИЙ;73.11;12300;52137768
0326019920;268505;2022;Бурятия;69.10;12300;45068814
0326019920;268505;2023;Бурятия;69.10;12300;47586626
0326019920;268505;2024;Бурятия;69.10;12300;50343382
5190143109;4126019;2022;МУРМАНСКАЯ;49.42;12300;46997395
5190143109;4126019;2023;МУРМАНСКАЯ;49.42;12300;47766661
5190143109;4126019;2024;МУРМАНСКАЯ;49.42;12300;51366978
7604309997;9864914;2022;ЯРОСЛАВСКАЯ;70.10;12267;46597178
7604309997;9864914;2023;ЯРОСЛАВСКАЯ;70.10;12267;47591259
7604309997;9864914;2024;ЯРОСЛАВСКАЯ;70.10;12267;51926259
9102038962;8924581;2022;КРЫМ;41.20;12300;45041450
9102038962;8924581;2023;КРЫМ;41.20;12300;49966631
9102038962;8924581;2024;КРЫМ;41.20;12300;51501532
8611005913;3874764;2022;ХАНТЫ-МАНСИЙСКИЙ АВТОНОМНЫЙ ОКРУГ - ЮГРА;47.73;12300;44523334
8611005913;3874764;2023;ХАНТЫ-МАНСИЙСКИЙ АВТОНОМНЫЙ ОКРУГ - ЮГРА;47.73;12300;47901202
8611005913;3874764;2024;ХАНТЫ-МАНСИЙСКИЙ АВТОНОМНЫЙ ОКРУГ - ЮГРА;47.73;12300;50755919
1655218994;2238871;2022;ТАТАРСТАН;73.11;12300;46467242
1655218994;2238871;2023;ТАТАРСТАН;73.11;12300;49455791
1655218994;2238871;2024;ТАТАРСТАН;90.01;12300;52210833
0916000440;922924;2022;КАРАЧАЕВО-ЧЕРКЕССКАЯ;49.31.21;12300;46274845
0916000440;922924;2023;КАРАЧАЕВО-ЧЕРКЕССКАЯ;49.31.21;12300;49066590
0916000440;922924;2024;КАРАЧАЕВО-ЧЕРКЕССКАЯ;49.31.21;12300;52477478
2507008297;7952388;2022;ПРИМОРСКИЙ;46.71;12300;45813844
2507008297;7952388;2023;ПРИМОРСКИЙ;42.11;12300;49874167
2507008297;7952388;2024;ПРИМОРСКИЙ;42.11;12300;52601500
1841090371;11194225;2022;УДМУРТСКАЯ;25.12;12300;44504347
1841090371;11194225;2023;УДМУРТСКАЯ;25.12;12300;47765910
1841090371;11194225;2024;УДМУРТСКАЯ;25.12;12300;52191365
3906967755;9349649;2022;КАЛИНИНГРАДСКАЯ;64.99;12300;44280714
3906967755;9349649;2023;КАЛИНИНГРАДСКАЯ;64.99;12300;47223847
3906967755;9349649;2024;КАЛИНИНГРАДСКАЯ;64.99;12300;50143281
2466189482;10561522;2022;КРАСНОЯРСКИЙ;45.20;12300;45504811
2466189482;10561522;2023;КРАСНОЯРСКИЙ;45.20;12300;47458374
2466189482;10561522;2024;КРАСНОЯРСКИЙ;45.20;12300;50460753
5835044712;2674889;2022;ПЕНЗЕНСКАЯ;62.02;12300;45000557
5835044712;2674889;2023;ПЕНЗЕНСКАЯ;62.02;12300;48512711
5835044712;2674889;2024;ПЕНЗЕНСКАЯ;62.02;12300;51551603
1001329946;10435382;2022;КАРЕЛИЯ;45.31;12300;44505850
1001329946;10435382;2023;КАРЕЛИЯ;45.31;12300;47703347
1001329946;10435382;2024;КАРЕЛИЯ;45.31;12300;50746870
3666216255;10100725;2022;ВОРОНЕЖСКАЯ;41.20;12300;46968158
3666216255;10100725;2023;ВОРОНЕЖСКАЯ;41.20;12300;47714540
3666216255;10100725;2024;ВОРОНЕЖСКАЯ;41.20;12300;50498616
7325021782;7020706;2022;УЛЬЯНОВСКАЯ;41.20;12300;45077283
7325021782;7020706;2023;УЛЬЯНОВСКАЯ;71.12;12300;48254750
7325021782;7020706;2024;УЛЬЯНОВСКАЯ;71.12;12300;51694360
2725101835;5244062;2022;ХАБАРОВСКИЙ;49.32;12300;44161713
2725101835;5244062;2023;ХАБАРОВСКИЙ;49.32;12300;47164795
2725101835;5244062;2024;ХАБАРОВСКИЙ;49.32;12300;52041445
0900002748;11810483;2022;КАРАЧАЕВО-ЧЕРКЕССКАЯ;68.20;12300;44724604
0900002748;11810483;2023;КАРАЧАЕВО-ЧЕРКЕССКАЯ;68.20;12300;47392947
0900002748;11810483;2024;КАРАЧАЕВО-ЧЕРКЕССКАЯ;68.20;12300;50287716
6439081215;7771342;2022;САРАТОВСКАЯ;73.1;12300;46387880
6439081215;7771342;2023;САРАТОВСКАЯ;73.1;12300;49631474
6439081215;7771342;2024;САРАТОВСКАЯ;73.1;12300;52538828
0917028423;9534278;2022;КАРАЧАЕВО-ЧЕРКЕССКАЯ;47.19.1;12300;45412244
0917028423;9534278;2023;КАРАЧАЕВО-ЧЕРКЕССКАЯ;47.19.1;12300;49825647
0917028423;9534278;2024;КАРАЧАЕВО-ЧЕРКЕССКАЯ;47.19.1;12300;52975370
4826151145;11712207;2022;ЛИПЕЦКАЯ;45.20;12300;45221390
4826151145;11712207;2023;ЛИПЕЦКАЯ;45.20;12300;48347895
4826151145;11712207;2024;ЛИПЕЦКАЯ;45.20;12300;51543997
7017305839;1229282;2022;ТОМСКАЯ;86.23;12300;44009123
7017305839;1229282;2023;ТОМСКАЯ;86.23;12300;48387597
7017305839;1229282;2024;ТОМСКАЯ;86.23;12300;51413406
7451431926;10526885;2022;ЧЕЛЯБИНСКАЯ;43.32;12300;45447618
7451431926;10526885;2023;ЧЕЛЯБИНСКАЯ;43.32;12300;48856496
7451431926;10526885;2024;ЧЕЛЯБИНСКАЯ;43.32;12300;52425642
6164276256;4563024;2022;РОСТОВСКАЯ;47.73;12300;44696587
6164276256;4563024;2023;РОСТОВСКАЯ;47.73;12300;48739024
6164276256;4563024;2024;РОСТОВСКАЯ;47.73;12300;51641447
2127316961;435389;2022;ЧУВАШСКАЯ РЕСПУБЛИКА -;73.11;12300;44061450
2127316961;435389;2023;ЧУВАШСКАЯ РЕСПУБЛИКА -;73.11;12300;47206807
2127316961;435389;2024;ЧУВАШСКАЯ РЕСПУБЛИКА -;73.11;12300;50136558
3257035434;9469775;2022;БРЯНСКАЯ;77.32;12300;45176744
3257035434;9469775;2023;БРЯНСКАЯ;77.32;12300;49401348
3257035434;9469775;2024;БРЯНСКАЯ;77.32;12300;52323044
6027135969;4934158;2022;ПСКОВСКАЯ;56.10;12300;45917220
6027135969;4934158;2023;ПСКОВСКАЯ;56.10;12300;48373802
6027135969;4934158;2024;ПСКОВСКАЯ;56.10;12300;51403033
1841034585;7976786;2022;УДМУРТСКАЯ;95.1;12300;44871527
1841034585;7976786;2023;УДМУРТСКАЯ;95.1;12300;47852205
1841034585;7976786;2024;УДМУРТСКАЯ;95.1;12300;50662989
2004011085;387806;2022;ЧЕЧЕНСКАЯ;49.4;12300;44243043
2004011085;387806;2023;ЧЕЧЕНСКАЯ;49.4;12300;47303166
2004011085;387806;2024;ЧЕЧЕНСКАЯ;49.4;12300;50257731
7203094543;4644565;2022;ТЮМЕНСКАЯ;45.11.2;12300;44850763
7203094543;4644565;2023;ТЮМЕНСКАЯ;45.11.2;12300;47836475
7203094543;4644565;2024;ТЮМЕНСКАЯ;45.11.2;12300;51603308
0255021529;10966437;2022;БАШКОРТОСТАН;49.41;12300;44578085
0255021529;10966437;2023;БАШКОРТОСТАН;49.41;12300;47489645
0255021529;10966437;2024;БАШКОРТОСТАН;49.41;12300;51582238
7820080373;11783615;2022;САНКТ-ПЕТЕРБУРГ;41.20;12300;46550546
7820080373;11783615;2023;САНКТ-ПЕТЕРБУРГ;41.20;12300;49695612
7820080373;11783615;2024;САНКТ-ПЕТЕРБУРГ;41.20;12300;52552523
3900001676;11947045;2022;КАЛИНИНГРАДСКАЯ;70.10.2;12300;45178963
3900001676;11947045;2023;КАЛИНИНГРАДСКАЯ;70.10.2;12300;48301402
3900001676;11947045;2024;КАЛИНИНГРАДСКАЯ;70.10.2;12300;51621028
3328011009;9583272;2022;ВЛАДИМИРСКАЯ;73.11;12300;46160951
3328011009;9583272;2023;ВЛАДИМИРСКАЯ;73.11;12300;49160464
3328011009;9583272;2024;ВЛАДИМИРСКАЯ;73.11;12300;52443114
5406824209;11900759;2022;НОВОСИБИРСКАЯ;86.10;12300;45665633
5406824209;11900759;2023;НОВОСИБИРСКАЯ;86.10;12300;48485302
5406824209;11900759;2024;НОВОСИБИРСКАЯ;86.10;12300;51386729
8904038651;6598952;2022;ЯМАЛО-НЕНЕЦКИЙ;45.20;12300;46403027
8904038651;6598952;2023;ЯМАЛО-НЕНЕЦКИЙ;45.20;12300;49561998
8904038651;6598952;2024;ЯМАЛО-НЕНЕЦКИЙ;45.20;12300;52663096
4900012415;11851563;2022;МАГАДАНСКАЯ;45.20;12300;45473215
4900012415;11851563;2023;МАГАДАНСКАЯ;45.20;12300;48857135
4900012415;11851563;2024;МАГАДАНСКАЯ;45.20;12300;52096538
3305792557;9090037;2022;ВЛАДИМИРСКАЯ;62.01;12300;46578120
3305792557;9090037;2023;ВЛАДИМИРСКАЯ;62.01;12300;49144267
3305792557;9090037;2024;ВЛАДИМИРСКАЯ;62.01;12300;52417746
0323096444;6697655;2022;БУРЯТИЯ;46.66;12300;45271304
0323096444;6697655;2023;БУРЯТИЯ;46.66;12300;49701355
0323096444;6697655;2024;БУРЯТИЯ;46.66;12300;52223559
6102003788;6119977;2022;РОСТОВСКАЯ;68.20.2;12300;46140186
6102003788;6119977;2023;РОСТОВСКАЯ;68.20.2;12300;49262576
6102003788;6119977;2024;РОСТОВСКАЯ;68.20.2;12300;51773506
1901143542;11242697;2022;ХАКАСИЯ;42.11;12300;45296256
1901143542;11242697;2023;ХАКАСИЯ;42.11;12300;47619874
1901143542;11242697;2024;ХАКАСИЯ;42.12;12300;50454296
2901279866;9895248;2022;АРХАНГЕЛЬСКАЯ;42.11;12300;47015727
2901279866;9895248;2023;АРХАНГЕЛЬСКАЯ;42.11;12300;48786140
2901279866;9895248;2024;АРХАНГЕЛЬСКАЯ;42.11;12300;51603890
7017492314;11842042;2022;ТОМСКАЯ;71.12.2;12300;46115297
7017492314;11842042;2023;ТОМСКАЯ;71.12.2;12300;49085079
7017492314;11842042;2024;ТОМСКАЯ;71.12.2;12300;51922137
2627026146;9785374;2022;СТАВРОПОЛЬСКИЙ;47.25;12300;45812986
2627026146;9785374;2023;СТАВРОПОЛЬСКИЙ;47.25;12300;48271229
2627026146;9785374;2024;СТАВРОПОЛЬСКИЙ;47.25;12300;51657329
3459069362;9768356;2022;ВОЛГОГРАДСКАЯ;86.10;12300;44582278
3459069362;9768356;2023;ВОЛГОГРАДСКАЯ;86.10;12300;47593114
3459069362;9768356;2024;ВОЛГОГРАДСКАЯ;86.10;12300;51477265
7704364328;9830592;2022;МОСКВА;47.29.35;12300;44570504
7704364328;9830592;2023;МОСКВА;47.29.35;12300;47416345
7704364328;9830592;2024;МОСКВА;47.29.35;12300;50539239
5258105085;7468621;2022;НИЖЕГОРОДСКАЯ;49.31;12300;43911987
5258105085;7468621;2023;НИЖЕГОРОДСКАЯ;49.31;12300;47309108
5258105085;7468621;2024;НИЖЕГОРОДСКАЯ;49.31;12300;50161666
2223638376;11678500;2022;АЛТАЙСКИЙ;70.22;12300;44084216
2223638376;11678500;2023;АЛТАЙСКИЙ;70.22;12300;47207662
2223638376;11678500;2024;АЛТАЙСКИЙ;70.22;12300;50900016
6501297152;10570603;2022;САХАЛИНСКАЯ;10.71;12300;45366463
6501297152;10570603;2023;САХАЛИНСКАЯ;10.71;12300;47620681
6501297152;10570603;2024;САХАЛИНСКАЯ;10.71;12300;51210242
5035038526;845202;2022;МОСКОВСКАЯ;68.20.2;12300;45064562
5035038526;845202;2023;МОСКОВСКАЯ;68.20.2;12300;48008061
5035038526;845202;2024;МОСКОВСКАЯ;68.20.2;12300;51431384
2635073100;4018800;2022;СТАВРОПОЛЬСКИЙ;42.11;12300;44453049
2635073100;4018800;2023;СТАВРОПОЛЬСКИЙ;42.11;12300;47982731
2635073100;4018800;2024;СТАВРОПОЛЬСКИЙ;42.11;12300;51471048
3818042670;9089747;2022;ИРКУТСКАЯ;69.10;12300;45030798
3818042670;9089747;2023;ИРКУТСКАЯ;69.10;12300;47265847
3818042670;9089747;2024;ИРКУТСКАЯ;69.10;12300;51085776
7718943607;8049526;2022;МОСКВА;86.10;12300;45681624
7718943607;8049526;2023;МОСКВА;86.10;12300;48629666
7718943607;8049526;2024;МОСКВА;86.10;12300;52008735
4909100183;5055060;2022;МАГАДАНСКАЯ;43.2;12300;46602045
4909100183;5055060;2023;МАГАДАНСКАЯ;43.2;12300;48085035
4909100183;5055060;2024;МАГАДАНСКАЯ;43.2;12300;52074388
2465139714;9610722;2022;КРАСНОЯРСКИЙ;46.66;12300;44074334
2465139714;9610722;2023;КРАСНОЯРСКИЙ;46.66;12300;47177646
2465139714;9610722;2024;КРАСНОЯРСКИЙ;46.66;12300;50091054
7611027834;11284762;2022;ЯРОСЛАВСКАЯ;62.01;12300;45412532
7611027834;11284762;2023;ЯРОСЛАВСКАЯ;62.01;12300;49076461
7611027834;11284762;2024;ЯРОСЛАВСКАЯ;62.01;12300;50690393
6204000112;3140038;2022;РЯЗАНСКАЯ;41.20;12267;46290996
6204000112;3140038;2023;РЯЗАНСКАЯ;41.20;12267;49070423
6204000112;3140038;2024;РЯЗАНСКАЯ;41.20;12267;52477035
7447157131;3095554;2022;ЧЕЛЯБИНСКАЯ;69.10;12300;46462129
7447157131;3095554;2023;ЧЕЛЯБИНСКАЯ;69.10;12300;49531921
7447157131;3095554;2024;ЧЕЛЯБИНСКАЯ;69.10;12300;52401962
4826156182;11945785;2022;ЛИПЕЦКАЯ;45.32;12300;45989070
4826156182;11945785;2023;ЛИПЕЦКАЯ;45.32;12300;49142258
4826156182;11945785;2024;ЛИПЕЦКАЯ;45.32;12300;51181046
2204083087;10161481;2022;АЛТАЙСКИЙ;25.30.1;12300;44031473
2204083087;10161481;2023;АЛТАЙСКИЙ;25.30.1;12300;47541943
2204083087;10161481;2024;АЛТАЙСКИЙ;25.30.1;12300;50424595
1653020477;6741986;2022;ТАТАРСТАН;46.44.2;12300;45089420
1653020477;6741986;2023;ТАТАРСТАН;46.44.2;12300;48936929
1653020477;6741986;2024;ТАТАРСТАН;46.44.2;12300;51297160
4102011231;8314734;2022;Камчатский;71.1;12300;46058711
4102011231;8314734;2023;Камчатский;71.1;12300;48538863
4102011231;8314734;2024;Камчатский;71.1;12300;52926992
3329054164;7985298;2022;ВЛАДИМИРСКАЯ;93.29.9;12300;45006433
3329054164;7985298;2023;ВЛАДИМИРСКАЯ;93.29.9;12300;47589583
3329054164;7985298;2024;ВЛАДИМИРСКАЯ;93.29.9;12300;50571864
5016000830;5917842;2022;МОСКОВСКАЯ;68.20;12267;45059608
5016000830;5917842;2023;МОСКОВСКАЯ;68.20;12267;49741175
5016000830;5917842;2024;МОСКОВСКАЯ;68.20;12267;51920159
2703088926;9657213;2022;ХАБАРОВСКИЙ;49.31;12300;45047652
2703088926;9657213;2023;ХАБАРОВСКИЙ;49.31;12300;47363562
2703088926;9657213;2024;ХАБАРОВСКИЙ;49.31;12300;51083803
2723194182;10194795;2022;ХАБАРОВСКИЙ;25.50;12300;46235186
2723194182;10194795;2023;ХАБАРОВСКИЙ;25.50;12300;49510160
2723194182;10194795;2024;ХАБАРОВСКИЙ;25.50;12300;50728304
3328479728;1404537;2022;САМАРСКАЯ;68.20.2;12300;46345954
3328479728;1404537;2023;САМАРСКАЯ;68.20.2;12300;49442221
3328479728;1404537;2024;САМАРСКАЯ;68.20.2;12300;52230093
7204201100;8380417;2022;ТЮМЕНСКАЯ;43.31;12300;44059707
7204201100;8380417;2023;ТЮМЕНСКАЯ;43.31;12300;47240925
7204201100;8380417;2024;ТЮМЕНСКАЯ;43.31;12300;50150282
5260471280;11311503;2022;НИЖЕГОРОДСКАЯ;69.10;12300;45015035
5260471280;11311503;2023;НИЖЕГОРОДСКАЯ;69.10;12300;48707353
5260471280;11311503;2024;НИЖЕГОРОДСКАЯ;69.10;12300;51397736
7328107149;11424290;2022;УЛЬЯНОВСКАЯ;36.00;12300;44908242
7328107149;11424290;2023;УЛЬЯНОВСКАЯ;36.00;12300;48318898
7328107149;11424290;2024;УЛЬЯНОВСКАЯ;36.00;12300;50999234
3123459551;11125088;2022;БЕЛГОРОДСКАЯ;41.20;12300;46368271
3123459551;11125088;2023;БЕЛГОРОДСКАЯ;41.20;12300;49495654
3123459551;11125088;2024;БЕЛГОРОДСКАЯ;41.20;12300;52316737
7708591530;3200474;2022;МОСКВА;95.12;12300;43992763
7708591530;3200474;2023;МОСКВА;95.12;12300;47179092
7708591530;3200474;2024;МОСКВА;95.12;12300;50091960
1903003558;373161;2022;ХАКАСИЯ;71.12.2;12300;45824884
1903003558;373161;2023;ХАКАСИЯ;71.12.2;12300;48880872
1903003558;373161;2024;ХАКАСИЯ;71.12.2;12300;50978074
9103088966;10792300;2022;КРЫМ;56.10;12300;44519565
9103088966;10792300;2023;КРЫМ;56.10;12300;47335107
9103088966;10792300;2024;КРЫМ;56.10;12300;50434522
4415008660;10964480;2022;КОСТРОМСКАЯ;42.21;12300;44952226
4415008660;10964480;2023;КОСТРОМСКАЯ;42.21;12300;49416767
4415008660;10964480;2024;КОСТРОМСКАЯ;42.21;12300;52323858
6027079993;4341808;2022;ПСКОВСКАЯ;56.10;12300;45739693
6027079993;4341808;2023;ПСКОВСКАЯ;56.10;12300;48181751
6027079993;4341808;2024;ПСКОВСКАЯ;56.10;12300;52283577
5838011105;9482378;2022;ПЕНЗЕНСКАЯ;70.22;12300;46293382
5838011105;9482378;2023;ПЕНЗЕНСКАЯ;70.22;12300;48292571
5838011105;9482378;2024;ПЕНЗЕНСКАЯ;70.22;12300;52187416
2457058451;1619665;2022;КРАСНОЯРСКИЙ;47.11.3;12300;46466182
2457058451;1619665;2023;КРАСНОЯРСКИЙ;47.11.3;12300;48343658
2457058451;1619665;2024;КРАСНОЯРСКИЙ;47.11.3;12300;52041799
4105041611;7608265;2022;КАМЧАТСКИЙ;45.2;12300;46173744
4105041611;7608265;2023;КАМЧАТСКИЙ;45.2;12300;48399235
4105041611;7608265;2024;КАМЧАТСКИЙ;45.2;12300;51208915
5700001175;11999561;2022;ОРЛОВСКАЯ;49.41;12300;44814694
5700001175;11999561;2023;ОРЛОВСКАЯ;49.41;12300;49449504
5700001175;11999561;2024;ОРЛОВСКАЯ;49.41;12300;51762111
2530008150;1488550;2022;ПРИМОРСКИЙ;69.10;12300;45188311
2530008150;1488550;2023;ПРИМОРСКИЙ;69.10;12300;49942793
2530008150;1488550;2024;ПРИМОРСКИЙ;69.10;12300;51029150
4345514276;11712873;2022;КИРОВСКАЯ;56.10;12300;44734578
4345514276;11712873;2023;КИРОВСКАЯ;56.10;12300;49517235
4345514276;11712873;2024;КИРОВСКАЯ;56.10;12300;52230118
9204001915;8775715;2022;СЕВАСТОПОЛЬ;41.20;12300;46133512
9204001915;8775715;2023;СЕВАСТОПОЛЬ;41.20;12300;49515077
9204001915;8775715;2024;СЕВАСТОПОЛЬ;41.20;12300;52438734
3525426010;10705679;2022;ВОЛОГОДСКАЯ;41.20;12300;46568795
3525426010;10705679;2023;ВОЛОГОДСКАЯ;41.20;12300;47987330
3525426010;10705679;2024;ВОЛОГОДСКАЯ;41.20;12300;51792934
1400008214;11836656;2022;САХА /ЯКУТИЯ/;42.21;12300;45610486
1400008214;11836656;2023;САХА /ЯКУТИЯ/;42.21;12300;48689563
1400008214;11836656;2024;САХА /ЯКУТИЯ/;42.21;12300;52038448
0572028596;11600000;2022;ДАГЕСТАН;41.20;12300;47026796
0572028596;11600000;2023;ДАГЕСТАН;41.20;12300;50032309
0572028596;11600000;2024;ДАГЕСТАН;41.20;12300;50314665
0265033940;4771378;2022;БАШКОРТОСТАН;62.02;12300;45060201
0265033940;4771378;2023;БАШКОРТОСТАН;62.02;12300;47398272
0265033940;4771378;2024;БАШКОРТОСТАН;62.02;12300;50489385
2902045814;5619825;2022;АРХАНГЕЛЬСКАЯ;86;12300;44851746
2902045814;5619825;2023;АРХАНГЕЛЬСКАЯ;86.22;12300;47454153
2902045814;5619825;2024;АРХАНГЕЛЬСКАЯ;86;12300;50447076
0548013398;11385468;2022;ДАГЕСТАН;86.21;12300;45459074
0548013398;11385468;2023;ДАГЕСТАН;86.21;12300;48309366
0548013398;11385468;2024;ДАГЕСТАН;86.21;12300;50803405
4221019649;5881968;2022;КЕМЕРОВСКАЯ ОБЛАСТЬ - КУЗБАСС;47.51.1;12300;46551310
4221019649;5881968;2023;КЕМЕРОВСКАЯ ОБЛАСТЬ - КУЗБАСС;47.51.1;12300;49679019
4221019649;5881968;2024;КЕМЕРОВСКАЯ ОБЛАСТЬ - КУЗБАСС;47.51.1;12300;52598497
4345403939;9001962;2022;КИРОВСКАЯ;49.41;12300;43993025
4345403939;9001962;2023;КИРОВСКАЯ;49.41;12300;47220969
4345403939;9001962;2024;КИРОВСКАЯ;49.41;12300;50075081
1901143856;11285723;2022;ХАКАСИЯ;45.32;12300;45553030
1901143856;11285723;2023;ХАКАСИЯ;45.32;12300;49308493
1901143856;11285723;2024;ХАКАСИЯ;45.32;12300;51224295
5501278831;11866974;2022;ОМСКАЯ;47.22;12300;46468188
5501278831;11866974;2023;ОМСКАЯ;47.22;12300;48063940
5501278831;11866974;2024;ОМСКАЯ;47.22;12300;50618060
4706023751;605286;2022;ЛЕНИНГРАДСКАЯ;47.11;12300;44805096
4706023751;605286;2023;ЛЕНИНГРАДСКАЯ;47.11;12300;48929378
4706023751;605286;2024;ЛЕНИНГРАДСКАЯ;47.11;12300;52116185
6234065822;564006;2022;РЯЗАНСКАЯ;56.10;12300;44999675
6234065822;564006;2023;РЯЗАНСКАЯ;56.10;12300;47718672
6234065822;564006;2024;РЯЗАНСКАЯ;56.10;12300;50797276
7729516950;2443209;2022;МОСКВА;90.0;12300;45860085
7729516950;2443209;2023;МОСКВА;90.0;12300;49230592
7729516950;2443209;2024;МОСКВА;90.0;12300;52450910
1504002785;6748286;2022;СЕВЕРНАЯ ОСЕТИЯ - АЛАНИЯ;45.32;12300;45378940
1504002785;6748286;2023;СЕВЕРНАЯ ОСЕТИЯ - АЛАНИЯ;45.32;12300;48788782
1504002785;6748286;2024;СЕВЕРНАЯ ОСЕТИЯ - АЛАНИЯ;45.32;12300;51988005
2632119220;11758805;2022;СТАВРОПОЛЬСКИЙ;86.23;12300;45643306
2632119220;11758805;2023;СТАВРОПОЛЬСКИЙ;86.23;12300;48861560
2632119220;11758805;2024;СТАВРОПОЛЬСКИЙ;86.23;12300;50629735
3522002439;345521;2022;ВОЛОГОДСКАЯ;47.2;12300;44228960
3522002439;345521;2023;ВОЛОГОДСКАЯ;47.2;12300;47536818
3522002439;345521;2024;ВОЛОГОДСКАЯ;47.2;12300;51152811
2127311829;444027;2022;ЧУВАШСКАЯ РЕСПУБЛИКА -;41.20;12300;45636267
2127311829;444027;2023;ЧУВАШСКАЯ РЕСПУБЛИКА -;41.20;12300;49498792
2127311829;444027;2024;ЧУВАШСКАЯ РЕСПУБЛИКА -;41.20;12300;51951772
6911018613;6416433;2022;ТВЕРСКАЯ;68.20.2;12300;44641541
6911018613;6416433;2023;ТВЕРСКАЯ;68.20.2;12300;49851026
6911018613;6416433;2024;ТВЕРСКАЯ;68.20.2;12300;51838330
7122025622;1815912;2022;ТУЛЬСКАЯ;49.31.21;12300;44357951
7122025622;1815912;2023;ТУЛЬСКАЯ;49.31.21;12300;47575707
7122025622;1815912;2024;ТУЛЬСКАЯ;49.31.21;12300;50492565
2443052940;11880068;2022;КРАСНОЯРСКИЙ;41.20;12300;47074743
2443052940;11880068;2023;КРАСНОЯРСКИЙ;41.20;12300;47875484
2443052940;11880068;2024;КРАСНОЯРСКИЙ;41.20;12300;50772331
1660308354;10545070;2022;ТАТАРСТАН;93.12;12300;45016841
1660308354;10545070;2023;ТАТАРСТАН;93.12;12300;49481601
1660308354;10545070;2024;ТАТАРСТАН;93.12;12300;52465896
6316259882;11138860;2022;САМАРСКАЯ;71.12;12300;44091870
6316259882;11138860;2023;САМАРСКАЯ;71.12;12300;49658988
6316259882;11138860;2024;САМАРСКАЯ;71.12;12300;50317677
7731422307;2112802;2022;МОСКВА;47.25;12300;46265576
7731422307;2112802;2023;МОСКВА;47.25;12300;49338863
7731422307;2112802;2024;МОСКВА;47.25;12300;52218707
2801178374;7411712;2022;АМУРСКАЯ;62.09;12300;46647019
2801178374;7411712;2023;АМУРСКАЯ;62.09;12300;49775706
2801178374;7411712;2024;АМУРСКАЯ;62.09;12300;52035651
9715260540;9774073;2022;МОСКВА;46.69;12300;44950865
9715260540;9774073;2023;МОСКВА;46.69;12300;47838734
9715260540;9774073;2024;МОСКВА;46.69;12300;50380360
4501226535;11242379;2022;КУРГАНСКАЯ;42.99;12300;44499235
4501226535;11242379;2023;КУРГАНСКАЯ;42.99;12300;47637911
4501226535;11242379;2024;КУРГАНСКАЯ;42.99;12300;51612154
1701055095;8962144;2022;ТЫВА;79.11;12300;45018035
1701055095;8962144;2023;ТЫВА;52.21.2;12300;48694625
1701055095;8962144;2024;ТЫВА;52.21.2;12300;50583325
2901286510;10273161;2022;АРХАНГЕЛЬСКАЯ;86.90;12300;44717279
2901286510;10273161;2023;АРХАНГЕЛЬСКАЯ;86.90;12300;47793241
2901286510;10273161;2024;АРХАНГЕЛЬСКАЯ;86.90;12300;50352957
5427101271;5974992;2022;НОВОСИБИРСКАЯ;01.61;12247;44593854
5427101271;5974992;2023;НОВОСИБИРСКАЯ;01.61;12247;49181189
5427101271;5974992;2024;НОВОСИБИРСКАЯ;01.61;12247;51815519
6321344565;8481039;2022;САМАРСКАЯ;73.11;12300;46501914
6321344565;8481039;2023;САМАРСКАЯ;73.11;12300;49671733
6321344565;8481039;2024;САМАРСКАЯ;73.11;12300;52541550
2225205032;11122588;2022;АЛТАЙСКИЙ;56.30;12300;45846126
2225205032;11122588;2023;АЛТАЙСКИЙ;56.30;12300;47882903
2225205032;11122588;2024;АЛТАЙСКИЙ;56.30;12300;50737779
7816235786;1291641;2022;САНКТ-ПЕТЕРБУРГ;41.20;12300;45719540
7816235786;1291641;2023;САНКТ-ПЕТЕРБУРГ;41.20;12300;48712063
7816235786;1291641;2024;САНКТ-ПЕТЕРБУРГ;41.20;12300;51459270
4102010044;1282984;2022;КАМЧАТСКИЙ;56.10;12300;45271242
4102010044;1282984;2023;КАМЧАТСКИЙ;56.10;12300;47918333
4102010044;1282984;2024;КАМЧАТСКИЙ;56.10;12300;50755274
1106017486;169214;2022;КОМИ;01.49.4;12300;45173029
1106017486;169214;2023;КОМИ;01.49.4;12300;48433909
1106017486;169214;2024;КОМИ;01.49.4;12300;51930263
8912002313;281044;2022;ЯМАЛО-НЕНЕЦКИЙ;47.11;12300;44433913
8912002313;281044;2023;ЯМАЛО-НЕНЕЦКИЙ;47.11;12300;47579006
8912002313;281044;2024;ЯМАЛО-НЕНЕЦКИЙ;47.11;12300;50445490
4004400511;648804;2022;КАЛУЖСКАЯ;49.4;12300;45852308
4004400511;648804;2023;КАЛУЖСКАЯ;49.4;12300;48334796
4004400511;648804;2024;КАЛУЖСКАЯ;49.4;12300;50304809
4401164645;9396570;2022;КОСТРОМСКАЯ;46.90;12300;45730435
4401164645;9396570;2023;КОСТРОМСКАЯ;46.90;12300;48407812
4401164645;9396570;2024;КОСТРОМСКАЯ;46.90;12300;51468901
4101121457;4189949;2022;КАМЧАТСКИЙ;71.12.6;12300;43992819
4101121457;4189949;2023;КАМЧАТСКИЙ;71.12.6;12300;47190147
4101121457;4189949;2024;КАМЧАТСКИЙ;71.12.6;12300;50093807
2630048686;10257845;2022;СТАВРОПОЛЬСКИЙ;01.11;12300;45062883
2630048686;10257845;2023;СТАВРОПОЛЬСКИЙ;01.11;12300;48145670
2630048686;10257845;2024;СТАВРОПОЛЬСКИЙ;01.11;12300;51584415
7715799313;4613111;2022;СЕВАСТОПОЛЬ;73.11;12300;45592043
7715799313;4613111;2023;СЕВАСТОПОЛЬ;73.11;12300;49642174
7715799313;4613111;2024;СЕВАСТОПОЛЬ;73.11;12300;52165301
3444262733;10084457;2022;ВОЛГОГРАДСКАЯ;86.23;12300;45955463
3444262733;10084457;2023;ВОЛГОГРАДСКАЯ;86.23;12300;48157658
3444262733;10084457;2024;ВОЛГОГРАДСКАЯ;86.23;12300;51479183
4632071243;5886467;2022;КУРСКАЯ;68.20;12300;45174680
4632071243;5886467;2023;КУРСКАЯ;68.20;12300;49459322
4632071243;5886467;2024;КУРСКАЯ;68.20;12300;52480649
1001350063;11422974;2022;КАРЕЛИЯ;62.03.13;12300;45854113
1001350063;11422974;2023;КАРЕЛИЯ;62.03.13;12300;48186033
1001350063;11422974;2024;КАРЕЛИЯ;62.03.13;12300;52733594
4101167003;9012905;2022;КАМЧАТСКИЙ;86.23;12300;47086536
4101167003;9012905;2023;КАМЧАТСКИЙ;86.23;12300;48262239
4101167003;9012905;2024;КАМЧАТСКИЙ;86.23;12300;50681505
4401109475;1926483;2022;КОСТРОМСКАЯ;73.11;12300;46128154
4401109475;1926483;2023;КОСТРОМСКАЯ;73.11;12300;49457339
4401109475;1926483;2024;КОСТРОМСКАЯ;73.11;12300;51507278
0560030907;4068330;2022;ДАГЕСТАН;93.29.9;12300;43997844
0560030907;4068330;2023;ДАГЕСТАН;93.29.9;12300;47182000
0560030907;4068330;2024;ДАГЕСТАН;93.29.9;12300;50090783
4029058191;10537160;2022;КАЛУЖСКАЯ;52.24;12300;45995996
4029058191;10537160;2023;КАЛУЖСКАЯ;52.24;12300;49510619
4029058191;10537160;2024;КАЛУЖСКАЯ;52.24;12300;51854754
6312049179;3097982;2022;САМАРСКАЯ;45.31;12300;44900290
6312049179;3097982;2023;САМАРСКАЯ;45.31;12300;47684058
6312049179;3097982;2024;САМАРСКАЯ;45.31;12300;51103952
7729737797;7917407;2022;МОСКВА;47.54;12300;44767617
7729737797;7917407;2023;МОСКВА;47.54;12300;49208521
7729737797;7917407;2024;МОСКВА;47.54;12300;51958438
5501230660;3158688;2022;ОМСКАЯ;45.20;12300;45123691
5501230660;3158688;2023;ОМСКАЯ;45.20;12300;49315789
5501230660;3158688;2024;ОМСКАЯ;45.20;12300;52471043
2901131940;1540976;2022;АРХАНГЕЛЬСКАЯ;46.72.2;12300;47147538
2901131940;1540976;2023;АРХАНГЕЛЬСКАЯ;46.72.2;12300;48487814
2901131940;1540976;2024;АРХАНГЕЛЬСКАЯ;46.72.2;12300;51602421
2311147271;7507761;2022;КРАСНОДАРСКИЙ;71.11.1;12300;46531201
2311147271;7507761;2023;КРАСНОДАРСКИЙ;71.11.1;12300;49657590
2311147271;7507761;2024;КРАСНОДАРСКИЙ;71.11.1;12300;52521936
4401149541;8380250;2022;КОСТРОМСКАЯ;86.21;12300;46368547
4401149541;8380250;2023;КОСТРОМСКАЯ;86.21;12300;49755003
4401149541;8380250;2024;КОСТРОМСКАЯ;86.21;12300;52577364
0300006363;11869705;2022;БУРЯТИЯ;46.18.12;12300;44826506
0300006363;11869705;2023;БУРЯТИЯ;46.18.12;12300;48002917
0300006363;11869705;2024;БУРЯТИЯ;46.18.12;12300;51453685
2015038410;3190001;2022;ЧЕЧЕНСКАЯ;42.11;12300;44060601
2015038410;3190001;2023;ЧЕЧЕНСКАЯ;45.21;12300;49763751
2015038410;3190001;2024;ЧЕЧЕНСКАЯ;42.11;12300;50131914
3666205944;9616816;2022;ВОРОНЕЖСКАЯ;73.11;12300;44854274
3666205944;9616816;2023;ВОРОНЕЖСКАЯ;73.11;12300;47610938
3666205944;9616816;2024;ВОРОНЕЖСКАЯ;73.11;12300;51354926
4401137680;7495835;2022;КОСТРОМСКАЯ;25.5;12300;46417668
4401137680;7495835;2023;КОСТРОМСКАЯ;25.5;12300;49444189
4401137680;7495835;2024;КОСТРОМСКАЯ;25.5;12300;52288409
2807005113;9679078;2022;АМУРСКАЯ;73.11;12300;44160515
2807005113;9679078;2023;АМУРСКАЯ;73.11;12300;48568177
2807005113;9679078;2024;АМУРСКАЯ;73.11;12300;51781251
0400019736;11841773;2022;АЛТАЙ;52.21.22;12300;44784034
0400019736;11841773;2023;АЛТАЙ;52.21.22;12300;48566104
0400019736;11841773;2024;АЛТАЙ;52.21.22;12300;51314332
9204558128;9518213;2022;СЕВАСТОПОЛЬ;62.09;12300;44895767
9204558128;9518213;2023;СЕВАСТОПОЛЬ;62.09;12300;48282584
9204558128;9518213;2024;СЕВАСТОПОЛЬ;62.09;12300;51310192
6452919834;923010;2022;САРАТОВСКАЯ;71.11.1;12300;46645491
6452919834;923010;2023;САРАТОВСКАЯ;71.11.1;12300;49747530
6452919834;923010;2024;САРАТОВСКАЯ;71.11.1;12300;52212926
5008059439;7473449;2022;МОСКОВСКАЯ;46.90;12300;45207577
5008059439;7473449;2023;МОСКОВСКАЯ;46.90;12300;48444025
5008059439;7473449;2024;МОСКОВСКАЯ;46.90;12300;50695922
9102254603;11002353;2022;КРЫМ;43.29;12300;44081149
9102254603;11002353;2023;КРЫМ;43.29;12300;47220532
9102254603;11002353;2024;КРЫМ;46.38;12300;50250195
5611086321;11353665;2022;ОРЕНБУРГСКАЯ;56.10;12300;46525757
5611086321;11353665;2023;ОРЕНБУРГСКАЯ;56.10;12300;49661864
5611086321;11353665;2024;ОРЕНБУРГСКАЯ;56.10;12300;52543187
4205385408;11175338;2022;КЕМЕРОВСКАЯ ОБЛАСТЬ - КУЗБАСС;43.99;12300;45188793
4205385408;11175338;2023;КЕМЕРОВСКАЯ ОБЛАСТЬ - КУЗБАСС;43.99;12300;48111029
4205385408;11175338;2024;КЕМЕРОВСКАЯ ОБЛАСТЬ - КУЗБАСС;43.99;12300;52251602
7814732020;10708651;2022;САНКТ-ПЕТЕРБУРГ;68.32.2;12300;45224907
7814732020;10708651;2023;САНКТ-ПЕТЕРБУРГ;68.32.2;12300;48406632
7814732020;10708651;2024;САНКТ-ПЕТЕРБУРГ;68.32.2;12300;50868759
7726063966;4450088;2022;МОСКВА;21.20.1;12300;45264574
7726063966;4450088;2023;МОСКВА;21.20.1;12300;47728762
7726063966;4450088;2024;МОСКВА;21.20.1;12300;50960391
7721778061;7622671;2022;МОСКОВСКАЯ;95.2;12300;45179896
7721778061;7622671;2023;МОСКОВСКАЯ;95.2;12300;47756516
7721778061;7622671;2024;МОСКОВСКАЯ;95.2;12300;51101834
2801232078;10262884;2022;АМУРСКАЯ;46.73;12300;44085141
2801232078;10262884;2023;АМУРСКАЯ;46.73;12300;47239455
2801232078;10262884;2024;АМУРСКАЯ;46.73;12300;50179999
7811407632;658418;2022;САНКТ-ПЕТЕРБУРГ;63.11.1;12300;44493716
7811407632;658418;2023;САНКТ-ПЕТЕРБУРГ;63.11.1;12300;48277214
7811407632;658418;2024;САНКТ-ПЕТЕРБУРГ;63.11.1;12300;51867483
0245026292;8436586;2022;БАШКОРТОСТАН;68.32;12300;45027617
0245026292;8436586;2023;БАШКОРТОСТАН;68.32;12300;48400504
0245026292;8436586;2024;БАШКОРТОСТАН;68.32;12300;51347360
1840046250;9411602;2022;УДМУРТСКАЯ;43.39;12300;44529551
1840046250;9411602;2023;УДМУРТСКАЯ;43.39;12300;48387781
1840046250;9411602;2024;УДМУРТСКАЯ;43.39;12300;51382878
2635252220;11768208;2022;СТАВРОПОЛЬСКИЙ;47.52.73;12300;45176413
2635252220;11768208;2023;СТАВРОПОЛЬСКИЙ;47.52.73;12300;47299753
2635252220;11768208;2024;СТАВРОПОЛЬСКИЙ;47.52.73;12300;50247983
1841032490;7835440;2022;УДМУРТСКАЯ;45.20;12300;47019163
1841032490;7835440;2023;УДМУРТСКАЯ;41.20;12300;49875487
1841032490;7835440;2024;УДМУРТСКАЯ;41.2;12300;52023433
1661048927;9735594;2022;ТАТАРСТАН;46.62;12300;45914370
1661048927;9735594;2023;ТАТАРСТАН;46.62;12300;48520960
1661048927;9735594;2024;ТАТАРСТАН;46.62;12300;52126185
6501197983;2451190;2022;САХАЛИНСКАЯ;47.23;12300;45365975
6501197983;2451190;2023;САХАЛИНСКАЯ;47.23;12300;48168861
6501197983;2451190;2024;САХАЛИНСКАЯ;47.23;12300;51208597
9701198210;11787083;2022;МОСКВА;70.22;12300;45365363
9701198210;11787083;2023;МОСКВА;70.22;12300;48686806
9701198210;11787083;2024;МОСКВА;70.22;12300;51677502
5027033041;4122585;2022;МОСКОВСКАЯ;55.30;12300;46558433
5027033041;4122585;2023;МОСКОВСКАЯ;55.30;12300;49395021
5027033041;4122585;2024;МОСКОВСКАЯ;55.30;12300;52359376
2320003861;6759838;2022;КРАСНОДАРСКИЙ;68.20.2;12300;44136523
2320003861;6759838;2023;КРАСНОДАРСКИЙ;68.20;12300;47412397
2320003861;6759838;2024;КРАСНОДАРСКИЙ;68.20;12300;50239124
6167053868;6947214;2022;РОСТОВСКАЯ;41.20;12300;45721519
6167053868;6947214;2023;РОСТОВСКАЯ;41.20;12300;48949542
6167053868;6947214;2024;РОСТОВСКАЯ;41.20;12300;51808159
6623134074;11276766;2022;СВЕРДЛОВСКАЯ;49.41;12300;45609317
6623134074;11276766;2023;СВЕРДЛОВСКАЯ;49.41;12300;48609661
6623134074;11276766;2024;СВЕРДЛОВСКАЯ;49.41;12300;50501636
2424006779;3898046;2022;КРАСНОЯРСКИЙ;10.1;12300;45399216
2424006779;3898046;2023;КРАСНОЯРСКИЙ;10.1;12300;47605321
2424006779;3898046;2024;КРАСНОЯРСКИЙ;10.1;12300;52723862
6439040184;6296198;2022;САРАТОВСКАЯ;68.20.2;12300;44186475
6439040184;6296198;2023;САРАТОВСКАЯ;68.20.2;12300;47828663
6439040184;6296198;2024;САРАТОВСКАЯ;68.20.2;12300;50387056
6611008565;1522689;2022;СВЕРДЛОВСКАЯ;01.47;12300;45606777
6611008565;1522689;2023;СВЕРДЛОВСКАЯ;01.47;12300;48622251
6611008565;1522689;2024;СВЕРДЛОВСКАЯ;01.47;12300;52768318
4501094007;6857596;2022;КУРГАНСКАЯ;49.41.1;12300;44599717
4501094007;6857596;2023;КУРГАНСКАЯ;69.10;12300;48492937
4501094007;6857596;2024;КУРГАНСКАЯ;69.10;12300;50322694
5752072385;9414993;2022;ОРЛОВСКАЯ;47.11;12300;44885753
5752072385;9414993;2023;ОРЛОВСКАЯ;47.11;12300;48817573
5752072385;9414993;2024;ОРЛОВСКАЯ;47.11;12300;50894629
4011014450;2624688;2022;КАЛУЖСКАЯ;71.1;12300;46460986
4011014450;2624688;2023;КАЛУЖСКАЯ;71.1;12300;49153687
4011014450;2624688;2024;КАЛУЖСКАЯ;71.1;12300;52024250
7814315394;2993716;2022;САНКТ-ПЕТЕРБУРГ;16.10;12300;44592358
7814315394;2993716;2023;САНКТ-ПЕТЕРБУРГ;16;12300;49584970
7814315394;2993716;2024;САНКТ-ПЕТЕРБУРГ;16;12300;52106452
1701045731;801448;2022;ТЫВА;41.20;12300;45691928
1701045731;801448;2023;ТЫВА;41.20;12300;48603996
1701045731;801448;2024;ТЫВА;41.20;12300;51420537
6321454769;10880680;2022;САМАРСКАЯ;52.29;12300;46030643
6321454769;10880680;2023;САМАРСКАЯ;52.29;12300;48190318
6321454769;10880680;2024;САМАРСКАЯ;52.29;12300;51432144
6501107651;6991650;2022;САХАЛИНСКАЯ;06.10;12300;46167069
6501107651;6991650;2023;САХАЛИНСКАЯ;06.10;12300;47272571
6501107651;6991650;2024;САХАЛИНСКАЯ;06.10;12300;50191664
7430038626;11987670;2022;ЧЕЛЯБИНСКАЯ;73.11;12300;44123877
7430038626;11987670;2023;ЧЕЛЯБИНСКАЯ;73.11;12300;47425381
7430038626;11987670;2024;ЧЕЛЯБИНСКАЯ;73.11;12300;50324330
0105063671;3033059;2022;АДЫГЕЯ;01.2;12300;44324027
0105063671;3033059;2023;АДЫГЕЯ;01.2;12300;47247219
0105063671;3033059;2024;АДЫГЕЯ;01.2;12300;50266233
0274140105;2323686;2022;БАШКОРТОСТАН;93.19;12300;45801617
0274140105;2323686;2023;БАШКОРТОСТАН;93.19;12300;49649904
0274140105;2323686;2024;БАШКОРТОСТАН;93.19;12300;51514891
5263131394;10267000;2022;НИЖЕГОРОДСКАЯ;49.41;12300;46266470
5263131394;10267000;2023;НИЖЕГОРОДСКАЯ;49.41;12300;48614555
5263131394;10267000;2024;НИЖЕГОРОДСКАЯ;49.41;12300;52836408
7017416521;10053430;2022;ТОМСКАЯ;41.20;12300;44870963
7017416521;10053430;2023;ТОМСКАЯ;41.20;12300;48002426
7017416521;10053430;2024;ТОМСКАЯ;41.20;12300;50847394
7806583946;11547887;2022;САНКТ-ПЕТЕРБУРГ;45.20.1;12300;45214387
7806583946;11547887;2023;САНКТ-ПЕТЕРБУРГ;45.20.1;12300;48218388
7806583946;11547887;2024;САНКТ-ПЕТЕРБУРГ;45.20.1;12300;50916284
3123223517;2771912;2022;БЕЛГОРОДСКАЯ;43.21;12300;45830083
3123223517;2771912;2023;БЕЛГОРОДСКАЯ;43.21;12300;49475472
3123223517;2771912;2024;БЕЛГОРОДСКАЯ;43.21;12300;52089829
3808185982;5476936;2022;ИРКУТСКАЯ;02.20;12300;44695777
3808185982;5476936;2023;ИРКУТСКАЯ;02.20;12300;47946036
3808185982;5476936;2024;ИРКУТСКАЯ;02.20;12300;50205993
4502031480;10890364;2022;КУРГАНСКАЯ;62.09;12300;46218611
4502031480;10890364;2023;КУРГАНСКАЯ;62.09;12300;49197470
4502031480;10890364;2024;КУРГАНСКАЯ;62.09;12300;50361986
3025031775;10386711;2022;АСТРАХАНСКАЯ;52.22.26;12300;44460637
3025031775;10386711;2023;АСТРАХАНСКАЯ;52.22.26;12300;47932669
3025031775;10386711;2024;АСТРАХАНСКАЯ;52.22.26;12300;50308219
7202141416;3680832;2022;ТЮМЕНСКАЯ;68.2;12300;46988747
7202141416;3680832;2023;ТЮМЕНСКАЯ;68.2;12300;50010306
7202141416;3680832;2024;ТЮМЕНСКАЯ;68.2;12300;52785605
3804040351;4183358;2022;ИРКУТСКАЯ;20.11;12300;45042343
3804040351;4183358;2023;ИРКУТСКАЯ;20.11;12300;48496608
3804040351;4183358;2024;ИРКУТСКАЯ;20.11;12300;51450912
7326031247;288797;2022;УЛЬЯНОВСКАЯ;69.20;12300;44896153
7326031247;288797;2023;УЛЬЯНОВСКАЯ;69.20;12300;47393941
7326031247;288797;2024;УЛЬЯНОВСКАЯ;69.20;12300;50136518
2723132690;2969470;2022;ХАБАРОВСКИЙ;25.11;12300;45371461
2723132690;2969470;2023;ХАБАРОВСКИЙ;25.11;12300;49002665
2723132690;2969470;2024;ХАБАРОВСКИЙ;25.11;12300;52136128
7017387486;9468942;2022;ТОМСКАЯ;62.01;12300;45936472
7017387486;9468942;2023;ТОМСКАЯ;62.01;12300;48920120
7017387486;9468942;2024;ТОМСКАЯ;62.01;12300;51784006
9103095385;11469860;2022;КРЫМ;86.23;12300;46542515
9103095385;11469860;2023;КРЫМ;86.23;12300;49670446
9103095385;11469860;2024;КРЫМ;86.90;12300;52442515
1909052047;3147504;2022;ХАКАСИЯ;01.7;12300;46103777
1909052047;3147504;2023;ХАКАСИЯ;01.7;12300;49586863
1909052047;3147504;2024;ХАКАСИЯ;01.7;12300;52506810
4101104691;546023;2022;КАМЧАТСКИЙ;68.20.2;12300;45550310
4101104691;546023;2023;КАМЧАТСКИЙ;68.20.2;12300;48548791
4101104691;546023;2024;КАМЧАТСКИЙ;68.20.2;12300;50767772
6162043633;2712031;2022;РОСТОВСКАЯ;69.20.2;12300;44513052
6162043633;2712031;2023;РОСТОВСКАЯ;69.20.2;12300;47644277
6162043633;2712031;2024;РОСТОВСКАЯ;69.20.2;12300;50611035
3528083924;527168;2022;ВОЛОГОДСКАЯ;42.91.2;12300;44311836
3528083924;527168;2023;ВОЛОГОДСКАЯ;42.91.2;12300;48288877
3528083924;527168;2024;ВОЛОГОДСКАЯ;42.91.2;12300;51179493
0326520630;8379113;2022;БУРЯТИЯ;47.91.2;12300;45158947
0326520630;8379113;2023;БУРЯТИЯ;47.91.2;12300;48137274
0326520630;8379113;2024;БУРЯТИЯ;47.91.2;12300;50210525
4909096956;1598155;2022;МАГАДАНСКАЯ;43.3;12300;45301919
4909096956;1598155;2023;МАГАДАНСКАЯ;43.3;12300;49236252
4909096956;1598155;2024;МАГАДАНСКАЯ;43.3;12300;52084675
5916025690;5272056;2022;САНКТ-ПЕТЕРБУРГ;46.90;12300;45280966
5916025690;5272056;2023;САНКТ-ПЕТЕРБУРГ;46.90;12300;49029107
5916025690;5272056;2024;САНКТ-ПЕТЕРБУРГ;46.90;12300;52303110
3015111527;10306466;2022;АСТРАХАНСКАЯ;45.11.4;12300;44779594
3015111527;10306466;2023;АСТРАХАНСКАЯ;45.11.4;12300;48493450
3015111527;10306466;2024;АСТРАХАНСКАЯ;45.11.4;12300;50515605
1434053127;11553351;2022;САХА /ЯКУТИЯ/;46.19;12300;45394575
1434053127;11553351;2023;САХА /ЯКУТИЯ/;46.19;12300;49253680
1434053127;11553351;2024;САХА /ЯКУТИЯ/;46.19;12300;52272338
3123217986;1363782;2022;БЕЛГОРОДСКАЯ;62.01;12300;45364779
3123217986;1363782;2023;БЕЛГОРОДСКАЯ;62.01;12300;48464325
3123217986;1363782;2024;БЕЛГОРОДСКАЯ;62.01;12300;51205380
8904039253;6597106;2022;ЯМАЛО-НЕНЕЦКИЙ;46.90;12300;46420346
8904039253;6597106;2023;ЯМАЛО-НЕНЕЦКИЙ;46.90;12300;49507709
8904039253;6597106;2024;ЯМАЛО-НЕНЕЦКИЙ;46.90;12300;52418682
0505010441;10682945;2022;ДАГЕСТАН;46.14.1;12300;46672488
0505010441;10682945;2023;ДАГЕСТАН;46.14.1;12300;49981386
0505010441;10682945;2024;ДАГЕСТАН;46.14.1;12300;51636451
7805382404;3280003;2022;САНКТ-ПЕТЕРБУРГ;68.20.2;12300;46387352
7805382404;3280003;2023;САНКТ-ПЕТЕРБУРГ;68.20.2;12300;49125676
7805382404;3280003;2024;САНКТ-ПЕТЕРБУРГ;68.20.2;12300;51962574
1513080684;11337760;2022;СЕВЕРНАЯ ОСЕТИЯ - АЛАНИЯ;96.09;12300;46403580
1513080684;11337760;2023;СЕВЕРНАЯ ОСЕТИЯ - АЛАНИЯ;96.09;12300;49653119
1513080684;11337760;2024;СЕВЕРНАЯ ОСЕТИЯ - АЛАНИЯ;96.09;12300;52434597
5017027144;4199387;2022;МОСКОВСКАЯ;49.41;12300;46161090
5017027144;4199387;2023;МОСКОВСКАЯ;49.41;12300;49289485
5017027144;4199387;2024;МОСКОВСКАЯ;49.41;12300;52129119
6319195926;9311990;2022;САМАРСКАЯ;56.30;12300;45884450
6319195926;9311990;2023;САМАРСКАЯ;56.30;12300;48948067
6319195926;9311990;2024;САМАРСКАЯ;56.10;12300;51339927
6932006746;9745397;2022;ТВЕРСКАЯ;47.11;12300;46143322
6932006746;9745397;2023;ТВЕРСКАЯ;47.11;12300;49407772
6932006746;9745397;2024;ТВЕРСКАЯ;47.11;12300;51855244
1215155292;5321196;2022;МАРИЙ ЭЛ;56.10.1;12300;45417023
1215155292;5321196;2023;МАРИЙ ЭЛ;56.10.1;12300;48230095
1215155292;5321196;2024;МАРИЙ ЭЛ;56.10.1;12300;51146246
5110008185;11955151;2022;МУРМАНСКАЯ;42.91.5;12300;44220083
5110008185;11955151;2023;МУРМАНСКАЯ;42.91.5;12300;47947213
5110008185;11955151;2024;МУРМАНСКАЯ;42.91.5;12300;50647873
7729501791;6585074;2022;МОСКВА;71.12.4;12300;45133087
7729501791;6585074;2023;МОСКВА;71.12.4;12300;48895598
7729501791;6585074;2024;МОСКВА;71.12.4;12300;51800168
0323376667;8780075;2022;БУРЯТИЯ;68.10.1;12300;46598829
0323376667;8780075;2023;БУРЯТИЯ;71.12;12300;49389901
0323376667;8780075;2024;БУРЯТИЯ;71.12;12300;52159326
6731058494;750251;2022;СМОЛЕНСКАЯ;41.20;12300;46046525
6731058494;750251;2023;СМОЛЕНСКАЯ;41.20;12300;49334406
6731058494;750251;2024;СМОЛЕНСКАЯ;41.20;12300;51941109
8904074321;8341400;2022;ЯМАЛО-НЕНЕЦКИЙ;46.72.21;12300;44819042
8904074321;8341400;2023;ЯМАЛО-НЕНЕЦКИЙ;46.72.21;12300;47840886
8904074321;8341400;2024;ЯМАЛО-НЕНЕЦКИЙ;46.72.21;12300;51008504
0721058913;5692539;2022;КАБАРДИНО-БАЛКАРСКАЯ;43.2;12300;46358720
0721058913;5692539;2023;КАБАРДИНО-БАЛКАРСКАЯ;43.2;12300;48493403
0721058913;5692539;2024;КАБАРДИНО-БАЛКАРСКАЯ;43.2;12300;51429641
2443044480;8802126;2022;КРАСНОЯРСКИЙ;49.42;12300;44010186
2443044480;8802126;2023;КРАСНОЯРСКИЙ;49.42;12300;47197665
2443044480;8802126;2024;КРАСНОЯРСКИЙ;49.42;12300;50088439
0101005326;807335;2022;АДЫГЕЯ;01.1;12300;46189224
0101005326;807335;2023;АДЫГЕЯ;01.1;12300;49044156
0101005326;807335;2024;АДЫГЕЯ;01.1;12300;51929895
6439087922;9201757;2022;САРАТОВСКАЯ;71.20;12300;46117499
6439087922;9201757;2023;САРАТОВСКАЯ;71.20;12300;49790925
6439087922;9201757;2024;САРАТОВСКАЯ;71.20;12300;52403549
5837053543;7819285;2022;ПЕНЗЕНСКАЯ;49.42;12300;46515788
5837053543;7819285;2023;ПЕНЗЕНСКАЯ;49.42;12300;49498883
5837053543;7819285;2024;ПЕНЗЕНСКАЯ;49.42;12300;52048259
2311255735;10590515;2022;КРАСНОДАРСКИЙ;47.52.7;12300;45739947
2311255735;10590515;2023;КРАСНОДАРСКИЙ;47.52.7;12300;49643804
2311255735;10590515;2024;КРАСНОДАРСКИЙ;47.52.7;12300;52374483
3302003444;5655657;2022;ВЛАДИМИРСКАЯ;46.73.6;12300;45074915
3302003444;5655657;2023;ВЛАДИМИРСКАЯ;46.73.6;12300;47686283
3302003444;5655657;2024;ВЛАДИМИРСКАЯ;46.73.6;12300;50158511
5190016012;7692254;2022;МУРМАНСКАЯ;45.31.1;12300;44977352
5190016012;7692254;2023;МУРМАНСКАЯ;45.31.1;12300;48012598
5190016012;7692254;2024;МУРМАНСКАЯ;45.31.1;12300;51270250
7452105650;7381642;2022;ЧЕЛЯБИНСКАЯ;45.20;12300;44998444
7452105650;7381642;2023;ЧЕЛЯБИНСКАЯ;45.20;12300;48148287
7452105650;7381642;2024;ЧЕЛЯБИНСКАЯ;45.20;12300;51321701
4345470702;10357017;2022;КИРОВСКАЯ;93.29;12300;44833315
4345470702;10357017;2023;КИРОВСКАЯ;93.29;12300;48280180
4345470702;10357017;2024;КИРОВСКАЯ;93.29;12300;50977950
1818004141;553808;2022;УДМУРТСКАЯ;42.21;12300;46029545
1818004141;553808;2023;УДМУРТСКАЯ;42.21;12300;49373354
1818004141;553808;2024;УДМУРТСКАЯ;42.21;12300;52981565
6449048841;7756;2022;САРАТОВСКАЯ;30.20.33;12267;46363069
6449048841;7756;2023;САРАТОВСКАЯ;30.20.33;12267;49225958
6449048841;7756;2024;САРАТОВСКАЯ;30.20.33;12267;52157250
6677014859;11548302;2022;СВЕРДЛОВСКАЯ;86.10;12300;45079068
6677014859;11548302;2023;СВЕРДЛОВСКАЯ;86.10;12300;48060166
6677014859;11548302;2024;СВЕРДЛОВСКАЯ;86.10;12300;51122206
0608035430;8949636;2022;ИНГУШЕТИЯ;86.23;12300;45187817
0608035430;8949636;2023;ИНГУШЕТИЯ;86.23;12300;47251908
0608035430;8949636;2024;ИНГУШЕТИЯ;86.23;12300;50142522
7449115031;8067393;2022;ЧЕЛЯБИНСКАЯ;62.09;12300;44371015
7449115031;8067393;2023;ЧЕЛЯБИНСКАЯ;62.09;12300;48619900
7449115031;8067393;2024;ЧЕЛЯБИНСКАЯ;62.09;12300;51566274
5752071913;9306244;2022;ОРЛОВСКАЯ;41.20;12300;46376782
5752071913;9306244;2023;ОРЛОВСКАЯ;41.20;12300;50034120
5752071913;9306244;2024;ОРЛОВСКАЯ;41.20;12300;52165492
5031094880;3221565;2022;МОСКОВСКАЯ;52.10;12300;46201063
5031094880;3221565;2023;МОСКОВСКАЯ;52.10;12300;49441177
5031094880;3221565;2024;МОСКОВСКАЯ;52.10;12300;52357700
3321017795;641546;2022;ВЛАДИМИРСКАЯ;41.2;12300;45950081
3321017795;641546;2023;ВЛАДИМИРСКАЯ;41.2;12300;48471511
3321017795;641546;2024;ВЛАДИМИРСКАЯ;41.2;12300;50373064
6730035494;3294014;2022;СМОЛЕНСКАЯ;52.2;12300;45497646
6730035494;3294014;2023;СМОЛЕНСКАЯ;52.2;12300;48801010
6730035494;3294014;2024;СМОЛЕНСКАЯ;52.2;12300;52552140
2540120031;5732480;2022;ПРИМОРСКИЙ;46.90;12300;46236041
2540120031;5732480;2023;ПРИМОРСКИЙ;46.90;12300;49457210
2540120031;5732480;2024;ПРИМОРСКИЙ;46.90;12300;52139034
2225225293;11854745;2022;АЛТАЙСКИЙ;10.91;12300;46181289
2225225293;11854745;2023;АЛТАЙСКИЙ;10.91;12300;48960061
2225225293;11854745;2024;АЛТАЙСКИЙ;49.41;12300;51609068
3906336950;8895943;2022;КАЛИНИНГРАДСКАЯ;41.20;12300;46453710
3906336950;8895943;2023;КАЛИНИНГРАДСКАЯ;41.20;12300;48714754
3906336950;8895943;2024;КАЛИНИНГРАДСКАЯ;41.20;12300;50449458
1312016216;4958416;2022;Мордовия;56.10.1;12300;46628901
1312016216;4958416;2023;Мордовия;56.10.1;12300;49748163
1312016216;4958416;2024;Мордовия;56.10.1;12300;52597879
9728067857;11886361;2022;МОСКВА;62.01;12300;43992711
9728067857;11886361;2023;МОСКВА;62.01;12300;47268030
9728067857;11886361;2024;МОСКВА;62.01;12300;50259205
7801151276;2154774;2022;САНКТ-ПЕТЕРБУРГ;68.32.2;12300;44578365
7801151276;2154774;2023;САНКТ-ПЕТЕРБУРГ;68.32.2;12300;49383531
7801151276;2154774;2024;САНКТ-ПЕТЕРБУРГ;68.32.2;12300;52413158
4510031540;10712406;2022;КУРГАНСКАЯ;45.32;12300;44828901
4510031540;10712406;2023;КУРГАНСКАЯ;45.32;12300;48293681
4510031540;10712406;2024;КУРГАНСКАЯ;45.32;12300;51885616
9203546994;11221467;2022;СЕВАСТОПОЛЬ;93.29;12300;44080097
9203546994;11221467;2023;СЕВАСТОПОЛЬ;93.29;12300;49779086
9203546994;11221467;2024;СЕВАСТОПОЛЬ;93.29;12300;50170069
6102059491;8112322;2022;РОСТОВСКАЯ;46.72.21;12300;44451655
6102059491;8112322;2023;РОСТОВСКАЯ;46.72.21;12300;48040444
6102059491;8112322;2024;РОСТОВСКАЯ;46.72.21;12300;51502494
1326247164;10021360;2022;МОРДОВИЯ;70.22;12300;44973821
1326247164;10021360;2023;МОРДОВИЯ;70.22;12300;48176392
1326247164;10021360;2024;МОРДОВИЯ;70.22;12300;52484837
2466288532;11643372;2022;КРАСНОЯРСКИЙ;86.23;12300;44603245
2466288532;11643372;2023;КРАСНОЯРСКИЙ;86.23;12300;47502103
2466288532;11643372;2024;КРАСНОЯРСКИЙ;86.23;12300;50641600
3811144922;3132397;2022;ИРКУТСКАЯ;47.43;12300;45922066
3811144922;3132397;2023;ИРКУТСКАЯ;47.43;12300;48328480
3811144922;3132397;2024;ИРКУТСКАЯ;47.43;12300;51468172
3801067179;3769054;2022;ИРКУТСКАЯ;49.41;12300;45284150
3801067179;3769054;2023;ИРКУТСКАЯ;49.41;12300;49296931
3801067179;3769054;2024;ИРКУТСКАЯ;49.41;12300;50331416
6732069788;8380711;2022;СМОЛЕНСКАЯ;25.11;12300;44718521
6732069788;8380711;2023;СМОЛЕНСКАЯ;25.11;12300;47931498
6732069788;8380711;2024;СМОЛЕНСКАЯ;25.11;12300;50649945
7804658530;11141522;2022;САНКТ-ПЕТЕРБУРГ;86.23;12300;46099139
7804658530;11141522;2023;САНКТ-ПЕТЕРБУРГ;86.23;12300;48435678
7804658530;11141522;2024;САНКТ-ПЕТЕРБУРГ;86.23;12300;52240042
2116490679;5273209;2022;ЧУВАШСКАЯ РЕСПУБЛИКА -;86.90.4;12300;46262387
2116490679;5273209;2023;ЧУВАШСКАЯ РЕСПУБЛИКА -;86.90.4;12300;49034967
2116490679;5273209;2024;ЧУВАШСКАЯ РЕСПУБЛИКА -;86.90.4;12300;51915431
5905068540;11597224;2022;ПЕРМСКИЙ;42.21;12300;45116240
5905068540;11597224;2023;ПЕРМСКИЙ;42.21;12300;49639128
5905068540;11597224;2024;ПЕРМСКИЙ;41.20;12300;52455278
4401195629;11297886;2022;КОСТРОМСКАЯ;41.20;12300;45329950
4401195629;11297886;2023;КОСТРОМСКАЯ;41.20;12300;48962844
4401195629;11297886;2024;КОСТРОМСКАЯ;41.20;12300;51253707
4825100229;8860715;2022;ЛИПЕЦКАЯ;55.10;12300;45654672
4825100229;8860715;2023;ЛИПЕЦКАЯ;55.10;12300;49533304
4825100229;8860715;2024;ЛИПЕЦКАЯ;56.10;12300;52458103
1102084146;11755380;2022;КОМИ;71.12.3;12300;45011157
1102084146;11755380;2023;КОМИ;71.12.3;12300;49964911
1102084146;11755380;2024;КОМИ;71.12.3;12300;50738687
6501216957;2075234;2022;САХАЛИНСКАЯ;46.90;12300;45276460
6501216957;2075234;2023;САХАЛИНСКАЯ;46.90;12300;48403567
6501216957;2075234;2024;САХАЛИНСКАЯ;46.90;12300;52764136
2723196831;10383636;2022;ХАБАРОВСКИЙ;45.31;12300;44430529
2723196831;10383636;2023;ХАБАРОВСКИЙ;45.31;12300;47405679
2723196831;10383636;2024;ХАБАРОВСКИЙ;45.31;12300;51015486
7106021973;6375185;2022;ТУЛЬСКАЯ;68.20.2;12300;44852710
7106021973;6375185;2023;ТУЛЬСКАЯ;68.20.2;12300;48139528
7106021973;6375185;2024;ТУЛЬСКАЯ;68.20.2;12300;50695621
4253051236;11723199;2022;КЕМЕРОВСКАЯ ОБЛАСТЬ - КУЗБАСС;25.11;12300;44698649
4253051236;11723199;2023;КЕМЕРОВСКАЯ ОБЛАСТЬ - КУЗБАСС;25.11;12300;49853031
4253051236;11723199;2024;КЕМЕРОВСКАЯ ОБЛАСТЬ - КУЗБАСС;25.11;12300;52649542
3701049602;9626165;2022;ИВАНОВСКАЯ;14.13;12300;45836520
3701049602;9626165;2023;ИВАНОВСКАЯ;14.13;12300;49710923
3701049602;9626165;2024;ИВАНОВСКАЯ;14.13;12300;52803720
7733793145;1414804;2022;МОСКВА;46.15.9;12300;45539918
7733793145;1414804;2023;МОСКВА;46.15.9;12300;49161367
7733793145;1414804;2024;МОСКВА;46.15.9;12300;51060695
5310022941;10836401;2022;НОВГОРОДСКАЯ;42.13;12300;47118022
5310022941;10836401;2023;НОВГОРОДСКАЯ;42.13;12300;48360584
5310022941;10836401;2024;НОВГОРОДСКАЯ;42.13;12300;51871487
1001230827;4896401;2022;КАРЕЛИЯ;93.11;12300;44927955
1001230827;4896401;2023;КАРЕЛИЯ;93.11;12300;48032317
1001230827;4896401;2024;КАРЕЛИЯ;93.11;12300;51639603
4705046650;1522313;2022;ЛЕНИНГРАДСКАЯ;80.10;12300;46306385
4705046650;1522313;2023;ЛЕНИНГРАДСКАЯ;80.10;12300;49457688
4705046650;1522313;2024;ЛЕНИНГРАДСКАЯ;80.10;12300;51574857
5904262986;186671;2022;ПЕРМСКИЙ;69.10;12300;44738734
5904262986;186671;2023;ПЕРМСКИЙ;69.10;12300;48412930
5904262986;186671;2024;ПЕРМСКИЙ;69.10;12300;50927806
3123429645;10500652;2022;БЕЛГОРОДСКАЯ;62.02;12300;45475859
3123429645;10500652;2023;БЕЛГОРОДСКАЯ;62.02;12300;47454470
3123429645;10500652;2024;БЕЛГОРОДСКАЯ;62.02;12300;50601602
7536170487;10599967;2022;ЗАБАЙКАЛЬСКИЙ;52.24;12300;46181557
7536170487;10599967;2023;ЗАБАЙКАЛЬСКИЙ;52.24;12300;49215770
7536170487;10599967;2024;ЗАБАЙКАЛЬСКИЙ;52.24;12300;52040781
5609063197;6371176;2022;ОРЕНБУРГСКАЯ;42.11;12300;46643870
5609063197;6371176;2023;ОРЕНБУРГСКАЯ;42.11;12300;49861204
5609063197;6371176;2024;ОРЕНБУРГСКАЯ;42.11;12300;52601583
2920016904;11186930;2022;АРХАНГЕЛЬСКАЯ;02.20;12300;46203587
2920016904;11186930;2023;АРХАНГЕЛЬСКАЯ;02.20;12300;49591162
2920016904;11186930;2024;АРХАНГЕЛЬСКАЯ;02.20;12300;52662115
4217137343;751020;2022;МОРДОВИЯ;25.50.1;12300;44311868
4217137343;751020;2023;МОРДОВИЯ;25.50.1;12300;48018400
4217137343;751020;2024;МОРДОВИЯ;25.50.1;12300;50935075
2703048514;4941171;2022;ХАБАРОВСКИЙ;43.2;12300;45282764
2703048514;4941171;2023;ХАБАРОВСКИЙ;43.2;12300;48181266
2703048514;4941171;2024;ХАБАРОВСКИЙ;43.2;12300;50883502
8905059460;9564015;2022;ЯМАЛО-НЕНЕЦКИЙ;86.23;12300;45489728
8905059460;9564015;2023;ЯМАЛО-НЕНЕЦКИЙ;86.23;12300;48249322
8905059460;9564015;2024;ЯМАЛО-НЕНЕЦКИЙ;86.23;12300;52114564
1901040297;492133;2022;ХАКАСИЯ;73.11;12300;45014041
1901040297;492133;2023;ХАКАСИЯ;73.11;12300;48087659
1901040297;492133;2024;ХАКАСИЯ;73.11;12300;51158301
7708324742;10346727;2022;МОСКВА;68.10;12300;44130624
7708324742;10346727;2023;МОСКВА;68.10;12300;47249386
7708324742;10346727;2024;МОСКВА;68.10;12300;50124090
3123487968;11840997;2022;БЕЛГОРОДСКАЯ;42.21;12300;44835642
3123487968;11840997;2023;БЕЛГОРОДСКАЯ;42.21;12300;48275268
3123487968;11840997;2024;БЕЛГОРОДСКАЯ;42.21;12300;50696571
9710039150;10410682;2022;МОСКВА;68.10;12300;46459825
9710039150;10410682;2023;МОСКВА;68.10;12300;48862357
9710039150;10410682;2024;МОСКВА;68.10;12300;51872074
6314038239;8152988;2022;САМАРСКАЯ;49.4;12300;46229328
6314038239;8152988;2023;САМАРСКАЯ;49.4;12300;48371284
6314038239;8152988;2024;САМАРСКАЯ;49.4;12300;51270105
7106518910;4702640;2022;ТУЛЬСКАЯ;70.22;12300;44712400
7106518910;4702640;2023;ТУЛЬСКАЯ;70.22;12300;48369504
7106518910;4702640;2024;ТУЛЬСКАЯ;70.22;12300;51127013
4212020214;6877828;2022;КЕМЕРОВСКАЯ ОБЛАСТЬ - КУЗБАСС;86.10;12300;45212076
4212020214;6877828;2023;КЕМЕРОВСКАЯ ОБЛАСТЬ - КУЗБАСС;86.10;12300;49039972
4212020214;6877828;2024;КЕМЕРОВСКАЯ ОБЛАСТЬ - КУЗБАСС;86.10;12300;51709292
2983010990;9533548;2022;НЕНЕЦКИЙ;47.25;12300;44526287
2983010990;9533548;2023;НЕНЕЦКИЙ;47.25;12300;47582448
2983010990;9533548;2024;НЕНЕЦКИЙ;47.25;12300;50638373
1651079309;10043953;2022;ТАТАРСТАН;68.20;12300;45664438
1651079309;10043953;2023;ТАТАРСТАН;68.20;12300;48461707
1651079309;10043953;2024;ТАТАРСТАН;68.20;12300;51641786
6321460272;11128313;2022;САНКТ-ПЕТЕРБУРГ;69.20;12300;44027801
6321460272;11128313;2023;САНКТ-ПЕТЕРБУРГ;69.20;12300;47197455
6321460272;11128313;2024;САНКТ-ПЕТЕРБУРГ;69.20;12300;50437318
5410084525;11352899;2022;НОВОСИБИРСКАЯ;46.38.2;12300;44743421
5410084525;11352899;2023;НОВОСИБИРСКАЯ;46.38.2;12300;48621166
5410084525;11352899;2024;НОВОСИБИРСКАЯ;46.38.2;12300;51322841
7743057560;4194670;2022;МОСКОВСКАЯ;80;12300;45772598
7743057560;4194670;2023;МОСКОВСКАЯ;80.10;12300;48295366
7743057560;4194670;2024;МОСКОВСКАЯ;80.10;12300;51579169
3905073441;5958885;2022;КАЛИНИНГРАДСКАЯ;43.99;12300;45883434
3905073441;5958885;2023;КАЛИНИНГРАДСКАЯ;43.99;12300;48724692
3905073441;5958885;2024;КАЛИНИНГРАДСКАЯ;43.99;12300;51261830
5505068264;11742302;2022;ОМСКАЯ;49.39;12300;45391445
5505068264;11742302;2023;ОМСКАЯ;49.39;12300;49395507
5505068264;11742302;2024;ОМСКАЯ;49.39;12300;51089443
0306217071;9881140;2022;БУРЯТИЯ;49.31;12300;45472526
0306217071;9881140;2023;БУРЯТИЯ;49.31;12300;48403233
0306217071;9881140;2024;БУРЯТИЯ;49.31;12300;51685873
4253001605;1880063;2022;КЕМЕРОВСКАЯ ОБЛАСТЬ - КУЗБАСС;47.59;12300;46640580
4253001605;1880063;2023;КЕМЕРОВСКАЯ ОБЛАСТЬ - КУЗБАСС;47.59;12300;47301591
4253001605;1880063;2024;КЕМЕРОВСКАЯ ОБЛАСТЬ - КУЗБАСС;47.59;12300;52259620
2537066419;5675722;2022;ПРИМОРСКИЙ;74.30;12300;45317826
2537066419;5675722;2023;ПРИМОРСКИЙ;74.30;12300;48895930
2537066419;5675722;2024;ПРИМОРСКИЙ;74.30;12300;52072406
2539088231;6556325;2022;ПРИМОРСКИЙ;62.02;12300;45545905
2539088231;6556325;2023;ПРИМОРСКИЙ;62.02;12300;49710969
2539088231;6556325;2024;ПРИМОРСКИЙ;62.02;12300;50734500
5009132089;11892023;2022;МОСКОВСКАЯ;43.33;12300;44673094
5009132089;11892023;2023;МОСКОВСКАЯ;43.33;12300;46995111
5009132089;11892023;2024;МОСКОВСКАЯ;43.33;12300;51472014
1650377768;10996929;2022;ТАТАРСТАН;49.41;12300;46980919
1650377768;10996929;2023;ТАТАРСТАН;49.41;12300;49855140
1650377768;10996929;2024;ТАТАРСТАН;49.41;12300;51998461
6501298090;10669361;2022;САХАЛИНСКАЯ;47.11;12300;45132907
6501298090;10669361;2023;САХАЛИНСКАЯ;47.11;12300;49177007
6501298090;10669361;2024;САХАЛИНСКАЯ;47.11;12300;51424019
3460083393;12041020;2022;ВОЛГОГРАДСКАЯ;41.20;12300;45382843
3460083393;12041020;2023;ВОЛГОГРАДСКАЯ;41.20;12300;47856855
3460083393;12041020;2024;ВОЛГОГРАДСКАЯ;41.20;12300;51052674
9201517652;9947182;2022;СЕВАСТОПОЛЬ;41.20;12300;46294491
9201517652;9947182;2023;СЕВАСТОПОЛЬ;41.20;12300;47965210
9201517652;9947182;2024;СЕВАСТОПОЛЬ;41.20;12300;51181741
5039002633;6901767;2022;МОСКОВСКАЯ;47.19.2;12300;45536425
5039002633;6901767;2023;МОСКОВСКАЯ;47.19.2;12300;48554710
5039002633;6901767;2024;МОСКОВСКАЯ;47.19.2;12300;51277896
6950163413;7777437;2022;ТВЕРСКАЯ;43.21;12300;45360057
6950163413;7777437;2023;ТВЕРСКАЯ;43.21;12300;48690143
6950163413;7777437;2024;ТВЕРСКАЯ;43.21;12300;51645425
8617026571;3534316;2022;ХАНТЫ-МАНСИЙСКИЙ АВТОНОМНЫЙ ОКРУГ - ЮГРА;73.11;12300;45761954
8617026571;3534316;2023;ХАНТЫ-МАНСИЙСКИЙ АВТОНОМНЫЙ ОКРУГ - ЮГРА;73.11;12300;47643432
8617026571;3534316;2024;ХАНТЫ-МАНСИЙСКИЙ АВТОНОМНЫЙ ОКРУГ - ЮГРА;73.11;12300;51902295
6952320453;11529660;2022;ТВЕРСКАЯ;49.41;12300;45427458
6952320453;11529660;2023;ТВЕРСКАЯ;49.41;12300;48125542
6952320453;11529660;2024;ТВЕРСКАЯ;49.41;12300;50910208
5406978329;10308191;2022;НОВОСИБИРСКАЯ;61.10.1;12300;45663391
5406978329;10308191;2023;НОВОСИБИРСКАЯ;61.10.1;12300;48994549
5406978329;10308191;2024;НОВОСИБИРСКАЯ;61.10.1;12300;51873795
7813249572;9717139;2022;САНКТ-ПЕТЕРБУРГ;71.1;12300;44444372
7813249572;9717139;2023;САНКТ-ПЕТЕРБУРГ;71.1;12300;48917630
7813249572;9717139;2024;САНКТ-ПЕТЕРБУРГ;71.1;12300;50875834
1215161850;1219589;2022;МАРИЙ ЭЛ;71.12.3;12300;44188243
1215161850;1219589;2023;МАРИЙ ЭЛ;71.12.3;12300;47458095
1215161850;1219589;2024;МАРИЙ ЭЛ;71.12.3;12300;50419806
7816528359;1125469;2022;ЛЕНИНГРАДСКАЯ;56.10;12300;46470261
7816528359;1125469;2023;ЛЕНИНГРАДСКАЯ;93.29;12300;48995355
7816528359;1125469;2024;ЛЕНИНГРАДСКАЯ;93.29;12300;52430317
0726022082;10985466;2022;КАБАРДИНО-БАЛКАРСКАЯ;47.25;12300;45954374
0726022082;10985466;2023;КАБАРДИНО-БАЛКАРСКАЯ;47.25.1;12300;49215825
0726022082;10985466;2024;КАБАРДИНО-БАЛКАРСКАЯ;47.25.1;12300;51970728
3616023145;10833268;2022;ВОРОНЕЖСКАЯ;43.21;12300;47029743
3616023145;10833268;2023;ВОРОНЕЖСКАЯ;43.21;12300;48636879
3616023145;10833268;2024;ВОРОНЕЖСКАЯ;43.21;12300;52230381
6229075889;9182019;2022;РЯЗАНСКАЯ;69.10;12300;44524693
6229075889;9182019;2023;РЯЗАНСКАЯ;69.10;12300;47406060
6229075889;9182019;2024;РЯЗАНСКАЯ;69.10;12300;50129687
9731051945;11130732;2022;НОВОСИБИРСКАЯ;72.19;12300;45317712
9731051945;11130732;2023;НОВОСИБИРСКАЯ;72.19;12300;48573638
9731051945;11130732;2024;НОВОСИБИРСКАЯ;72.19;12300;51804000
7736339490;11783838;2022;МОСКВА;77.39.11;12300;45498096
7736339490;11783838;2023;МОСКВА;77.39.11;12300;48388973
7736339490;11783838;2024;МОСКВА;77.39.11;12300;50890052
5321178394;9428174;2022;НОВГОРОДСКАЯ;47.61;12300;44481590
5321178394;9428174;2023;НОВГОРОДСКАЯ;47.61;12300;49962794
5321178394;9428174;2024;НОВГОРОДСКАЯ;47.61;12300;51094466
2225173849;9888510;2022;АЛТАЙСКИЙ;62.01;12300;45353632
2225173849;9888510;2023;АЛТАЙСКИЙ;62.01;12300;48355333
2225173849;9888510;2024;АЛТАЙСКИЙ;62.01;12300;51860596
0545025927;7821133;2022;ДАГЕСТАН;70.22;12300;46451018
0545025927;7821133;2023;ДАГЕСТАН;70.22;12300;48936245
0545025927;7821133;2024;ДАГЕСТАН;70.22;12300;52020575
4025443636;9280441;2022;КАЛУЖСКАЯ;56.10;12300;45387530
4025443636;9280441;2023;КАЛУЖСКАЯ;56.10;12300;49047773
4025443636;9280441;2024;КАЛУЖСКАЯ;68.20;12300;51221805
1615014419;10932394;2022;ТАТАРСТАН;72.19;12300;45539138
1615014419;10932394;2023;ТАТАРСТАН;62.01;12300;48053801
1615014419;10932394;2024;ТАТАРСТАН;62.01;12300;51025409
4345348075;7698294;2022;КИРОВСКАЯ;68.20.2;12300;45322249
4345348075;7698294;2023;КИРОВСКАЯ;68.20.2;12300;48303347
4345348075;7698294;2024;КИРОВСКАЯ;68.20.2;12300;51579831
7722329076;9247272;2022;МОСКВА;25.11;12300;45169909
7722329076;9247272;2023;МОСКВА;25.11;12300;48300998
7722329076;9247272;2024;МОСКВА;25.11;12300;51190760
5001112718;10093132;2022;МОСКОВСКАЯ;49.41;12300;45949220
5001112718;10093132;2023;МОСКОВСКАЯ;49.41;12300;48247010
5001112718;10093132;2024;МОСКОВСКАЯ;49.41;12300;51516547
7841082357;10977047;2022;САНКТ-ПЕТЕРБУРГ;69.20;12300;47037254
7841082357;10977047;2023;САНКТ-ПЕТЕРБУРГ;69.20;12300;49635213
7841082357;10977047;2024;САНКТ-ПЕТЕРБУРГ;69.20;12300;52769381
5904231829;1629055;2022;ПЕРМСКИЙ;46.90;12300;44291259
5904231829;1629055;2023;ПЕРМСКИЙ;46.90;12300;47544190
5904231829;1629055;2024;ПЕРМСКИЙ;46.90;12300;50614742
0916008706;8178164;2022;КАРАЧАЕВО-ЧЕРКЕССКАЯ;42.99;12300;44039963
0916008706;8178164;2023;КАРАЧАЕВО-ЧЕРКЕССКАЯ;42.99;12300;47787269
0916008706;8178164;2024;КАРАЧАЕВО-ЧЕРКЕССКАЯ;42.99;12300;50393526
6166103386;10085655;2022;РОСТОВСКАЯ;46.74;12300;45979302
6166103386;10085655;2023;РОСТОВСКАЯ;46.90;12300;49398413
6166103386;10085655;2024;РОСТОВСКАЯ;46.90;12300;51962406
2130215466;11201156;2022;ЧУВАШСКАЯ РЕСПУБЛИКА -;68.20.2;12300;46403666
2130215466;11201156;2023;ЧУВАШСКАЯ РЕСПУБЛИКА -;68.20.2;12300;49759738
2130215466;11201156;2024;ЧУВАШСКАЯ РЕСПУБЛИКА -;68.20.2;12300;51635476
4909126079;10217982;2022;МАГАДАНСКАЯ;56.10;12300;45665200
4909126079;10217982;2023;МАГАДАНСКАЯ;56.10;12300;48687835
4909126079;10217982;2024;МАГАДАНСКАЯ;56.10;12300;51537021
4105022552;5706236;2022;КАМЧАТСКИЙ;70.10.1;12267;47115487
4105022552;5706236;2023;КАМЧАТСКИЙ;70.10.1;12267;49830822
4105022552;5706236;2024;КАМЧАТСКИЙ;70.10.1;12267;52687923
8602302677;11594110;2022;ХАНТЫ-МАНСИЙСКИЙ АВТОНОМНЫЙ ОКРУГ - ЮГРА;25.11;12300;45060417
8602302677;11594110;2023;ХАНТЫ-МАНСИЙСКИЙ АВТОНОМНЫЙ ОКРУГ - ЮГРА;25.11;12300;49235372
8602302677;11594110;2024;ХАНТЫ-МАНСИЙСКИЙ АВТОНОМНЫЙ ОКРУГ - ЮГРА;25.11;12300;50307505
7447250476;9196083;2022;ЧЕЛЯБИНСКАЯ;73.11;12300;45950305
7447250476;9196083;2023;ЧЕЛЯБИНСКАЯ;73.11;12300;49335353
7447250476;9196083;2024;ЧЕЛЯБИНСКАЯ;73.11;12300;51946898
1006011716;2536425;2022;КАРЕЛИЯ;49.42;12300;45956285
1006011716;2536425;2023;КАРЕЛИЯ;49.42;12300;49027556
1006011716;2536425;2024;КАРЕЛИЯ;49.4;12300;51939582
3323000853;5662487;2022;ВЛАДИМИРСКАЯ;01.41;12267;44542460
3323000853;5662487;2023;ВЛАДИМИРСКАЯ;01.41;12267;49341316
3323000853;5662487;2024;ВЛАДИМИРСКАЯ;01.41;12267;50896800
0411147271;266428;2022;АЛТАЙ;93.19;12300;44202625
0411147271;266428;2023;АЛТАЙ;93.19;12300;47270767
0411147271;266428;2024;АЛТАЙ;93.19;12300;50087749
4501220741;10753790;2022;КУРГАНСКАЯ;25.11;12300;46187183
4501220741;10753790;2023;КУРГАНСКАЯ;25.11;12300;48137576
4501220741;10753790;2024;КУРГАНСКАЯ;25.11;12300;51490536
2901304752;11536728;2022;АРХАНГЕЛЬСКАЯ;47.30;12300;46578639
2901304752;11536728;2023;АРХАНГЕЛЬСКАЯ;47.30;12300;48304644
2901304752;11536728;2024;АРХАНГЕЛЬСКАЯ;47.30;12300;51735490
3811169540;8034315;2022;САНКТ-ПЕТЕРБУРГ;42.13;12300;46324154
3811169540;8034315;2023;САНКТ-ПЕТЕРБУРГ;42.13;12300;49991818
3811169540;8034315;2024;САНКТ-ПЕТЕРБУРГ;42.13;12300;51913587
5321201893;11216631;2022;НОВГОРОДСКАЯ;43.22;12300;45913867
5321201893;11216631;2023;НОВГОРОДСКАЯ;43.22;12300;49900044
5321201893;11216631;2024;НОВГОРОДСКАЯ;81.30;12300;50087784
7720568181;3334568;2022;МОСКВА;62.02;12300;45798414
7720568181;3334568;2023;МОСКВА;62.02;12300;48486252
7720568181;3334568;2024;МОСКВА;62.02;12300;52581713
2130196005;10477216;2022;ЧУВАШСКАЯ РЕСПУБЛИКА -;71.20.2;12300;46556681
2130196005;10477216;2023;ЧУВАШСКАЯ РЕСПУБЛИКА -;71.20.2;12300;47872272
2130196005;10477216;2024;ЧУВАШСКАЯ РЕСПУБЛИКА -;71.20.2;12300;50837061
2801181095;7683344;2022;АМУРСКАЯ;46.34.1;12300;44965734
2801181095;7683344;2023;АМУРСКАЯ;46.34.1;12300;47959235
2801181095;7683344;2024;АМУРСКАЯ;46.34.1;12300;50262776
5753071225;10848545;2022;ОРЛОВСКАЯ;69.10;12300;45785655
5753071225;10848545;2023;ОРЛОВСКАЯ;69.10;12300;48388150
5753071225;10848545;2024;ОРЛОВСКАЯ;69.10;12300;51881222
6325073154;10775076;2022;САМАРСКАЯ;86.23;12300;44125317
6325073154;10775076;2023;САМАРСКАЯ;86.23;12300;47304555
6325073154;10775076;2024;САМАРСКАЯ;86.23;12300;50367227
7810718191;10492135;2022;ЛЕНИНГРАДСКАЯ;46.32.1;12300;45493933
7810718191;10492135;2023;ЛЕНИНГРАДСКАЯ;46.32.1;12300;48553339
7810718191;10492135;2024;ЛЕНИНГРАДСКАЯ;46.32.1;12300;51368563
7224032883;1512588;2022;ТЮМЕНСКАЯ;43.99.6;12300;44356903
7224032883;1512588;2023;ТЮМЕНСКАЯ;43.99.6;12300;47772036
7224032883;1512588;2024;ТЮМЕНСКАЯ;43.99.6;12300;50949581
6501212550;4837850;2022;САХАЛИНСКАЯ;68.20;12300;45041887
6501212550;4837850;2023;САХАЛИНСКАЯ;68.20;12300;48566622
6501212550;4837850;2024;САХАЛИНСКАЯ;68.20;12300;51284492
1513071785;10752523;2022;СЕВЕРНАЯ ОСЕТИЯ - АЛАНИЯ;43.21;12300;44150088
1513071785;10752523;2023;СЕВЕРНАЯ ОСЕТИЯ - АЛАНИЯ;43.21;12300;47352581
1513071785;10752523;2024;СЕВЕРНАЯ ОСЕТИЯ - АЛАНИЯ;43.21;12300;50265723
7309005705;9326064;2022;УЛЬЯНОВСКАЯ;43.32.1;12300;47023227
7309005705;9326064;2023;УЛЬЯНОВСКАЯ;43.32.1;12300;48870176
7309005705;9326064;2024;УЛЬЯНОВСКАЯ;43.32.1;12300;52060026
6234196695;11650354;2022;РЯЗАНСКАЯ;42.21;12300;47140810
6234196695;11650354;2023;РЯЗАНСКАЯ;42.21;12300;49582102
6234196695;11650354;2024;РЯЗАНСКАЯ;42.21;12300;52819287
0572017097;10134519;2022;ДАГЕСТАН;68.20;12300;46026117
0572017097;10134519;2023;ДАГЕСТАН;41.20;12300;48284619
0572017097;10134519;2024;ДАГЕСТАН;41.20;12300;51356015
6234157294;9760166;2022;РЯЗАНСКАЯ;41.20;12300;44204166
6234157294;9760166;2023;РЯЗАНСКАЯ;41.20;12300;49812366
6234157294;9760166;2024;РЯЗАНСКАЯ;41.20;12300;51158218
9204509280;9023521;2022;СЕВАСТОПОЛЬ;46.46.1;12300;45299590
9204509280;9023521;2023;СЕВАСТОПОЛЬ;46.46.1;12300;48438840
9204509280;9023521;2024;СЕВАСТОПОЛЬ;46.46.1;12300;51219052
6325002072;2949070;2022;САМАРСКАЯ;45.31.1;12300;45716128
6325002072;2949070;2023;САМАРСКАЯ;45.31.1;12300;48991177
6325002072;2949070;2024;САМАРСКАЯ;45.31.1;12300;51765107
9701044789;9826102;2022;МОСКВА;46.43.4;12300;44586694
9701044789;9826102;2023;МОСКВА;46.43.4;12300;48851644
9701044789;9826102;2024;МОСКВА;46.43.4;12300;51487170
5260474361;11427114;2022;НИЖЕГОРОДСКАЯ;86.23;12300;45332742
5260474361;11427114;2023;НИЖЕГОРОДСКАЯ;86.23;12300;49414459
5260474361;11427114;2024;НИЖЕГОРОДСКАЯ;86.23;12300;52344542
4101163055;8460921;2022;КАМЧАТСКИЙ;69.10;12300;44640077
4101163055;8460921;2023;КАМЧАТСКИЙ;69.10;12300;48115461
4101163055;8460921;2024;КАМЧАТСКИЙ;69.10;12300;51361619
7706548031;4380546;2022;МОСКВА;69.20;12300;44365469
7706548031;4380546;2023;МОСКВА;69.20;12300;47631024
7706548031;4380546;2024;МОСКВА;69.20;12300;50721966
7826689443;4086029;2022;САНКТ-ПЕТЕРБУРГ;86.23;12300;45872850
7826689443;4086029;2023;САНКТ-ПЕТЕРБУРГ;86.23;12300;48302259
7826689443;4086029;2024;САНКТ-ПЕТЕРБУРГ;86.23;12300;51536648
5507281904;11510984;2022;ОМСКАЯ;46.90;12300;46263014
5507281904;11510984;2023;ОМСКАЯ;46.90;12300;48513196
5507281904;11510984;2024;ОМСКАЯ;46.90;12300;51008150
5191204178;6905667;2022;МУРМАНСКАЯ;73.11;12300;46648574
5191204178;6905667;2023;МУРМАНСКАЯ;73.11;12300;49381388
5191204178;6905667;2024;МУРМАНСКАЯ;73.11;12300;52251846
2524119102;2657809;2022;ПРИМОРСКИЙ;86.23;12300;45133088
2524119102;2657809;2023;ПРИМОРСКИЙ;86.23;12300;48187327
2524119102;2657809;2024;ПРИМОРСКИЙ;86.23;12300;51140591
9725018347;11101117;2022;МОСКВА;46.72;12300;46079014
9725018347;11101117;2023;МОСКВА;46.72;12300;48135835
9725018347;11101117;2024;МОСКВА;46.72;12300;51959995
5752203528;8871081;2022;ОРЛОВСКАЯ;25.12;12300;44832795
5752203528;8871081;2023;ОРЛОВСКАЯ;25.12;12300;47353692
5752203528;8871081;2024;ОРЛОВСКАЯ;25.12;12300;50449602
5503151510;9501158;2022;НИЖЕГОРОДСКАЯ;43.21;12300;46576567
5503151510;9501158;2023;НИЖЕГОРОДСКАЯ;43.21;12300;49146494
5503151510;9501158;2024;НИЖЕГОРОДСКАЯ;41.20;12300;52726987
5903120788;9525384;2022;ПЕРМСКИЙ;25.62;12300;47050569
5903120788;9525384;2023;ПЕРМСКИЙ;25.62;12300;48927966
5903120788;9525384;2024;ПЕРМСКИЙ;25.62;12300;50767043
6732043885;9012815;2022;СМОЛЕНСКАЯ;73.11;12300;44273298
6732043885;9012815;2023;СМОЛЕНСКАЯ;73.11;12300;47466714
6732043885;9012815;2024;СМОЛЕНСКАЯ;73.11;12300;50235240
3810061670;9571479;2022;ИРКУТСКАЯ;41.20;12300;45808728
3810061670;9571479;2023;ИРКУТСКАЯ;41.20;12300;48566199
3810061670;9571479;2024;ИРКУТСКАЯ;25.11;12300;51879823
1660296162;10285047;2022;ТАТАРСТАН;71.11;12300;46150301
1660296162;10285047;2023;ТАТАРСТАН;71.11;12300;49397887
1660296162;10285047;2024;ТАТАРСТАН;71.11;12300;51929686
7017326959;7823330;2022;ТОМСКАЯ;69.10;12300;45392571
7017326959;7823330;2023;ТОМСКАЯ;69.10;12300;48893400
7017326959;7823330;2024;ТОМСКАЯ;69.10;12300;51598813
1659171218;9743599;2022;КАЛМЫКИЯ;68.20;12300;44768975
1659171218;9743599;2023;КАЛМЫКИЯ;68.20;12300;47814652
1659171218;9743599;2024;КАЛМЫКИЯ;68.20;12300;51170986
4401146170;8113892;2022;КОСТРОМСКАЯ;41.20;12300;45323252
4401146170;8113892;2023;КОСТРОМСКАЯ;41.20;12300;48958148
4401146170;8113892;2024;КОСТРОМСКАЯ;41.20;12300;51235489
7820078430;11659209;2022;САНКТ-ПЕТЕРБУРГ;68.20;12300;44042393
7820078430;11659209;2023;САНКТ-ПЕТЕРБУРГ;68.20;12300;47533780
7820078430;11659209;2024;САНКТ-ПЕТЕРБУРГ;68.20;12300;50575308
2205011906;3558143;2022;АЛТАЙСКИЙ;70.22;12300;46564636
2205011906;3558143;2023;АЛТАЙСКИЙ;70.22;12300;49782283
2205011906;3558143;2024;АЛТАЙСКИЙ;70.22;12300;52136681
4632048653;3537828;2022;КУРСКАЯ;41.2;12300;45006486
4632048653;3537828;2023;КУРСКАЯ;41.2;12300;48741607
4632048653;3537828;2024;КУРСКАЯ;41.2;12300;51323258
9715375759;11236948;2022;МОСКВА;68.20;12300;44394863
9715375759;11236948;2023;МОСКВА;68.20;12300;47512354
9715375759;11236948;2024;МОСКВА;68.20;12300;50233341
4703169689;11144677;2022;ЛЕНИНГРАДСКАЯ;73.11;12300;45232441
4703169689;11144677;2023;ЛЕНИНГРАДСКАЯ;73.11;12300;48373738
4703169689;11144677;2024;ЛЕНИНГРАДСКАЯ;73.11;12300;50851623
7731442889;7790050;2022;МОСКВА;42.22.2;12300;46551178
7731442889;7790050;2023;МОСКВА;42.22.2;12300;49619021
7731442889;7790050;2024;МОСКВА;42.22.2;12300;52623464
3245010428;9718571;2022;БРЯНСКАЯ;45.31.1;12300;44279053
3245010428;9718571;2023;БРЯНСКАЯ;45.31.1;12300;47431620
3245010428;9718571;2024;БРЯНСКАЯ;45.31.1;12300;50403576
7224082852;11464544;2022;ТЮМЕНСКАЯ;93.19;12300;44930053
7224082852;11464544;2023;ТЮМЕНСКАЯ;93.19;12300;47963731
7224082852;11464544;2024;ТЮМЕНСКАЯ;93.19;12300;50914640
6516008540;8845115;2022;САХАЛИНСКАЯ;47.25;12300;45032406
6516008540;8845115;2023;САХАЛИНСКАЯ;47.25;12300;49495677
6516008540;8845115;2024;САХАЛИНСКАЯ;47.25;12300;52321935
0300005391;11843021;2022;БУРЯТИЯ;46.46.2;12300;45243191
0300005391;11843021;2023;БУРЯТИЯ;46.46.2;12300;48529574
0300005391;11843021;2024;БУРЯТИЯ;46.46.2;12300;51169633
1215187417;9118585;2022;МАРИЙ ЭЛ;93.11;12300;44880272
1215187417;9118585;2023;МАРИЙ ЭЛ;93.11;12300;48016483
1215187417;9118585;2024;МАРИЙ ЭЛ;93.11;12300;50851992
2635808933;47411;2022;СТАВРОПОЛЬСКИЙ;46.71;12300;45082199
2635808933;47411;2023;СТАВРОПОЛЬСКИЙ;46.71;12300;47463980
2635808933;47411;2024;СТАВРОПОЛЬСКИЙ;46.71;12300;52450921
4824090070;9991396;2022;ЛИПЕЦКАЯ;71.12;12300;46025290
4824090070;9991396;2023;ЛИПЕЦКАЯ;71.12;12300;49651504
4824090070;9991396;2024;ЛИПЕЦКАЯ;71.12;12300;52105282
0725012412;8062330;2022;КАБАРДИНО-БАЛКАРСКАЯ;71.12.53;12300;45263099
0725012412;8062330;2023;КАБАРДИНО-БАЛКАРСКАЯ;71.12.53;12300;48555699
0725012412;8062330;2024;КАБАРДИНО-БАЛКАРСКАЯ;71.12.53;12300;52064188
3911013384;1461217;2022;КАЛИНИНГРАДСКАЯ;52.21.24;12300;45339799
3911013384;1461217;2023;КАЛИНИНГРАДСКАЯ;52.21.24;12300;49239105
3911013384;1461217;2024;КАЛИНИНГРАДСКАЯ;52.21.24;12300;52067769
7735186442;11221283;2022;МОСКВА;95.29;12300;45041202
7735186442;11221283;2023;МОСКВА;95.29;12300;49288883
7735186442;11221283;2024;МОСКВА;46.52;12300;51220229
2508141862;11727360;2022;ПРИМОРСКИЙ;47.25.1;12300;43904907
2508141862;11727360;2023;ПРИМОРСКИЙ;47.25.1;12300;48878911
2508141862;11727360;2024;ПРИМОРСКИЙ;47.25.1;12300;52169109
2312253018;9961810;2022;КРАСНОДАРСКИЙ;25.62;12300;47006043
2312253018;9961810;2023;КРАСНОДАРСКИЙ;25.62;12300;48219726
2312253018;9961810;2024;КРАСНОДАРСКИЙ;25.62;12300;51689553
4825128954;10554123;2022;ЛИПЕЦКАЯ;70.10;12300;45438504
4825128954;10554123;2023;ЛИПЕЦКАЯ;70.10;12300;48214022
4825128954;10554123;2024;ЛИПЕЦКАЯ;70.10;12300;51864087
0573008899;10146147;2022;ДАГЕСТАН;71.20.5;12300;44428671
0573008899;10146147;2023;ДАГЕСТАН;71.20.5;12300;47796913
0573008899;10146147;2024;ДАГЕСТАН;71.20.5;12300;50748065
5451007223;10984465;2022;НОВОСИБИРСКАЯ;46.24;12300;45033842
5451007223;10984465;2023;НОВОСИБИРСКАЯ;46.24;12300;48173775
5451007223;10984465;2024;НОВОСИБИРСКАЯ;46.24;12300;51312468
6732200672;11406089;2022;СМОЛЕНСКАЯ;49.41;12300;46554786
6732200672;11406089;2023;СМОЛЕНСКАЯ;49.41;12300;49675182
6732200672;11406089;2024;СМОЛЕНСКАЯ;49.41;12300;52435222
7743365942;11665022;2022;МОСКВА;73.11;12300;44819211
7743365942;11665022;2023;МОСКВА;73.11;12300;48161574
7743365942;11665022;2024;МОСКВА;73.11;12300;51723192
1515907754;3749558;2022;СЕВЕРНАЯ ОСЕТИЯ - АЛАНИЯ;73.1;12300;44496449
1515907754;3749558;2023;СЕВЕРНАЯ ОСЕТИЯ - АЛАНИЯ;73.1;12300;47634625
1515907754;3749558;2024;СЕВЕРНАЯ ОСЕТИЯ - АЛАНИЯ;73.1;12300;50859423
5257194491;11217092;2022;НИЖЕГОРОДСКАЯ;46.75;12300;44352359
5257194491;11217092;2023;НИЖЕГОРОДСКАЯ;46.75;12300;47358579
5257194491;11217092;2024;НИЖЕГОРОДСКАЯ;46.75;12300;52671179
8901035684;10330099;2022;ЯМАЛО-НЕНЕЦКИЙ;41.20;12300;47080820
8901035684;10330099;2023;ЯМАЛО-НЕНЕЦКИЙ;41.20;12300;49633761
8901035684;10330099;2024;ЯМАЛО-НЕНЕЦКИЙ;41.20;12300;52153813
4400005603;11717782;2022;КОСТРОМСКАЯ;25.99;12300;45084364
4400005603;11717782;2023;КОСТРОМСКАЯ;25.99;12300;47379060
4400005603;11717782;2024;КОСТРОМСКАЯ;25.99;12300;52634597
2725005779;6790479;2022;ХАБАРОВСКИЙ;47.59.1;12300;44614206
2725005779;6790479;2023;ХАБАРОВСКИЙ;47.59.1;12300;48000620
2725005779;6790479;2024;ХАБАРОВСКИЙ;47.59.1;12300;50566597
2901229329;7387671;2022;АРХАНГЕЛЬСКАЯ;45.3;12300;44012599
2901229329;7387671;2023;АРХАНГЕЛЬСКАЯ;45.3;12300;47195253
2901229329;7387671;2024;АРХАНГЕЛЬСКАЯ;45.3;12300;52675404
9725068732;11733467;2022;МОСКВА;62.01;12300;45012571
9725068732;11733467;2023;МОСКВА;62.01;12300;49100375
9725068732;11733467;2024;МОСКВА;62.01;12300;52785131
8603212828;9013539;2022;Ханты-Мансийский Автономный округ - Югра;93.13;12300;44616009
8603212828;9013539;2023;Ханты-Мансийский Автономный округ - Югра;93.13;12300;47395418
8603212828;9013539;2024;Ханты-Мансийский Автономный округ - Югра;93.13;12300;50502039
6164102387;6946572;2022;РОСТОВСКАЯ;68.20.2;12267;46122853
6164102387;6946572;2023;РОСТОВСКАЯ;68.20.2;12267;48437302
6164102387;6946572;2024;РОСТОВСКАЯ;68.20.2;12267;52167743
4501219859;10690193;2022;КУРГАНСКАЯ;70.22;12300;45035138
4501219859;10690193;2023;КУРГАНСКАЯ;70.22;12300;48228846
4501219859;10690193;2024;КУРГАНСКАЯ;70.22;12300;51015762
7804031770;6497097;2022;САНКТ-ПЕТЕРБУРГ;86.21;12300;44391084
7804031770;6497097;2023;САНКТ-ПЕТЕРБУРГ;86.21;12300;47556450
7804031770;6497097;2024;САНКТ-ПЕТЕРБУРГ;86.21;12300;50362145
0276967797;11783328;2022;БАШКОРТОСТАН;01.11;12300;45651767
0276967797;11783328;2023;БАШКОРТОСТАН;01.11;12300;48101134
0276967797;11783328;2024;БАШКОРТОСТАН;01.11;12300;50571189
0268064255;9195656;2022;БАШКОРТОСТАН;46.43;12300;45127003
0268064255;9195656;2023;БАШКОРТОСТАН;46.43;12300;48273050
0268064255;9195656;2024;БАШКОРТОСТАН;46.43;12300;52512778
9103009330;8937033;2022;КРЫМ;41.20;12300;44037856
9103009330;8937033;2023;КРЫМ;41.20;12300;47329892
9103009330;8937033;2024;КРЫМ;41.20;12300;50198689
8903029647;2927558;2022;ЯМАЛО-НЕНЕЦКИЙ;45.20.1;12300;46655311
8903029647;2927558;2023;ЯМАЛО-НЕНЕЦКИЙ;45.20.1;12300;50032732
8903029647;2927558;2024;ЯМАЛО-НЕНЕЦКИЙ;45.20.1;12300;51841118
3906296722;7997181;2022;КАЛИНИНГРАДСКАЯ;66.22;12300;45840601
3906296722;7997181;2023;КАЛИНИНГРАДСКАЯ;66.22;12300;48158718
3906296722;7997181;2024;КАЛИНИНГРАДСКАЯ;66.22;12300;51874856
0300008498;11938748;2022;БУРЯТИЯ;47.11;12300;45814688
0300008498;11938748;2023;БУРЯТИЯ;47.11;12300;49297511
0300008498;11938748;2024;БУРЯТИЯ;47.11;12300;51780540
7814685204;10154272;2022;САНКТ-ПЕТЕРБУРГ;46.46;12300;46327624
7814685204;10154272;2023;САНКТ-ПЕТЕРБУРГ;46.46;12300;49447908
7814685204;10154272;2024;САНКТ-ПЕТЕРБУРГ;46.46;12300;52101484
4345414440;9193466;2022;МОСКВА;31.02;12300;44679493
4345414440;9193466;2023;МОСКВА;31.02;12300;48676855
4345414440;9193466;2024;МОСКВА;31.02;12300;51375454
0107020521;4877471;2022;АДЫГЕЯ;42.11;12300;45864426
0107020521;4877471;2023;АДЫГЕЯ;42.11;12300;48214304
0107020521;4877471;2024;АДЫГЕЯ;42.11;12300;52707801
7107093057;1813352;2022;ТУЛЬСКАЯ;73.11;12300;44652428
7107093057;1813352;2023;ТУЛЬСКАЯ;73.11;12300;47481154
7107093057;1813352;2024;ТУЛЬСКАЯ;73.11;12300;50545761
1215123276;5836696;2022;МАРИЙ ЭЛ;46.90;12300;45359875
1215123276;5836696;2023;МАРИЙ ЭЛ;46.90;12300;48025352
1215123276;5836696;2024;МАРИЙ ЭЛ;46.90;12300;52381282
7839473530;7684426;2022;САНКТ-ПЕТЕРБУРГ;52.29;12300;46052019
7839473530;7684426;2023;САНКТ-ПЕТЕРБУРГ;52.29;12300;48383837
7839473530;7684426;2024;САНКТ-ПЕТЕРБУРГ;52.29;12300;51612115
0721017360;3954033;2022;КАБАРДИНО-БАЛКАРСКАЯ;56.10;12300;46029303
0721017360;3954033;2023;КАБАРДИНО-БАЛКАРСКАЯ;56.10;12300;49946626
0721017360;3954033;2024;КАБАРДИНО-БАЛКАРСКАЯ;56.10;12300;52478188
1513058777;9651951;2022;СЕВЕРНАЯ ОСЕТИЯ - АЛАНИЯ;69.20;12300;45009681
1513058777;9651951;2023;СЕВЕРНАЯ ОСЕТИЯ - АЛАНИЯ;69.20;12300;47179722
1513058777;9651951;2024;СЕВЕРНАЯ ОСЕТИЯ - АЛАНИЯ;69.20;12300;50390136
5751065667;11547893;2022;ОРЛОВСКАЯ;45.31.1;12300;45317059
5751065667;11547893;2023;ОРЛОВСКАЯ;45.31.1;12300;48929638
5751065667;11547893;2024;ОРЛОВСКАЯ;45.31.1;12300;51835805
4400007865;11825566;2022;КОСТРОМСКАЯ;62.01;12300;46097034
4400007865;11825566;2023;КОСТРОМСКАЯ;62.01;12300;48474397
4400007865;11825566;2024;КОСТРОМСКАЯ;62.01;12300;51743059
9724041449;11548367;2022;МОСКВА;46.90;12300;45677658
9724041449;11548367;2023;МОСКВА;46.90;12300;48667475
9724041449;11548367;2024;МОСКВА;46.90;12300;51625456
5042147501;10552942;2022;МОСКОВСКАЯ;45.20.1;12300;45903822
5042147501;10552942;2023;МОСКОВСКАЯ;45.20.1;12300;49067242
5042147501;10552942;2024;МОСКОВСКАЯ;69.20;12300;51267348
1326225788;8043310;2022;МОРДОВИЯ;86.10;12300;44900628
1326225788;8043310;2023;МОРДОВИЯ;86.10;12300;47833541
1326225788;8043310;2024;МОРДОВИЯ;86.10;12300;50850195
7810402102;8202311;2022;ПСКОВСКАЯ;43.21;12300;45591799
7810402102;8202311;2023;ПСКОВСКАЯ;43.21;12300;48591201
7810402102;8202311;2024;ПСКОВСКАЯ;43.21;12300;52236679
4027105255;1073676;2022;КАЛУЖСКАЯ;70.22;12300;44344909
4027105255;1073676;2023;КАЛУЖСКАЯ;70.22;12300;47566159
4027105255;1073676;2024;КАЛУЖСКАЯ;70.22;12300;50415312
7116508597;43602;2022;ТУЛЬСКАЯ;49.41;12300;45373774
7116508597;43602;2023;ТУЛЬСКАЯ;49.41;12300;48368302
7116508597;43602;2024;ТУЛЬСКАЯ;49.41;12300;51542937
9709053048;11106017;2022;МОСКВА;46.73;12300;46050933
9709053048;11106017;2023;МОСКВА;46.73;12300;49287469
9709053048;11106017;2024;МОСКВА;46.73;12300;52543427
5219384029;10537585;2022;НИЖЕГОРОДСКАЯ;69.10;12300;45243983
5219384029;10537585;2023;НИЖЕГОРОДСКАЯ;69.10;12300;47989080
5219384029;10537585;2024;НИЖЕГОРОДСКАЯ;69.10;12300;50988474
2901182529;5654460;2022;АРХАНГЕЛЬСКАЯ;69.10;12300;46389334
2901182529;5654460;2023;АРХАНГЕЛЬСКАЯ;69.10;12300;48867078
2901182529;5654460;2024;АРХАНГЕЛЬСКАЯ;69.10;12300;50936309
3017045090;560332;2022;АСТРАХАНСКАЯ;56.10;12300;45991212
3017045090;560332;2023;АСТРАХАНСКАЯ;56.10;12300;48855586
3017045090;560332;2024;АСТРАХАНСКАЯ;56.10;12300;51248180
7603043303;937485;2022;ЯРОСЛАВСКАЯ;86.23;12300;44831867
7603043303;937485;2023;ЯРОСЛАВСКАЯ;86.23;12300;48353057
7603043303;937485;2024;ЯРОСЛАВСКАЯ;86.23;12300;51988926
6367032978;2932917;2022;САМАРСКАЯ;70.22;12300;45576468
6367032978;2932917;2023;САМАРСКАЯ;70.22;12300;47469514
6367032978;2932917;2024;САМАРСКАЯ;70.22;12300;50377824
2311282993;10899780;2022;КРАСНОДАРСКИЙ;25.62;12300;46466138
2311282993;10899780;2023;КРАСНОДАРСКИЙ;25.62;12300;49970814
2311282993;10899780;2024;КРАСНОДАРСКИЙ;25.62;12300;52356529
3810063780;9735695;2022;ИРКУТСКАЯ;68.20;12300;44469405
3810063780;9735695;2023;ИРКУТСКАЯ;68.20;12300;48883584
3810063780;9735695;2024;ИРКУТСКАЯ;68.20;12300;51776966
2801234879;10369764;2022;АМУРСКАЯ;69.20.2;12300;45825117
2801234879;10369764;2023;АМУРСКАЯ;69.20.2;12300;48915468
2801234879;10369764;2024;АМУРСКАЯ;69.20.2;12300;52140866
7802559332;9577593;2022;ЛЕНИНГРАДСКАЯ;73.11;12300;45959439
7802559332;9577593;2023;ЛЕНИНГРАДСКАЯ;73.11;12300;48978330
7802559332;9577593;2024;ЛЕНИНГРАДСКАЯ;73.11;12300;51758993
0105081871;11186781;2022;АДЫГЕЯ;69.20.3;12300;44292503
0105081871;11186781;2023;АДЫГЕЯ;69.20.3;12300;47422080
0105081871;11186781;2024;АДЫГЕЯ;69.20.3;12300;50343455
1831098903;3175541;2022;УДМУРТСКАЯ;71.12.2;12300;45442012
1831098903;3175541;2023;УДМУРТСКАЯ;71.12.2;12300;49786249
1831098903;3175541;2024;УДМУРТСКАЯ;71.12.2;12300;51345529
4825116846;9706061;2022;ЛИПЕЦКАЯ;56.10;12300;45631901
4825116846;9706061;2023;ЛИПЕЦКАЯ;56.10;12300;48824178
4825116846;9706061;2024;ЛИПЕЦКАЯ;56.10;12300;51180899
7806541576;10666189;2022;САНКТ-ПЕТЕРБУРГ;49.41;12300;45966418
7806541576;10666189;2023;САНКТ-ПЕТЕРБУРГ;49.41;12300;47832339
7806541576;10666189;2024;САНКТ-ПЕТЕРБУРГ;49.41;12300;50376676
2629013061;11532667;2022;СТАВРОПОЛЬСКИЙ;42.11;12300;46021661
2629013061;11532667;2023;СТАВРОПОЛЬСКИЙ;42.11;12300;49813132
2629013061;11532667;2024;СТАВРОПОЛЬСКИЙ;42.11;12300;50933079
3528330193;11618904;2022;ВОЛОГОДСКАЯ;73.11;12300;44458814
3528330193;11618904;2023;ВОЛОГОДСКАЯ;73.11;12300;48460810
3528330193;11618904;2024;ВОЛОГОДСКАЯ;73.11;12300;52219576
1900000647;11492756;2022;ХАКАСИЯ;47.99.5;12300;45402087
1900000647;11492756;2023;ХАКАСИЯ;47.99.5;12300;49058945
1900000647;11492756;2024;ХАКАСИЯ;47.99.5;12300;52201137
7448234438;11626404;2022;ЧЕЛЯБИНСКАЯ;46.44.1;12300;44240747
7448234438;11626404;2023;ЧЕЛЯБИНСКАЯ;46.44.1;12300;48097690
7448234438;11626404;2024;ЧЕЛЯБИНСКАЯ;46.44.1;12300;50868307
0323123810;873594;2022;БУРЯТИЯ;68.32.1;12300;45113180
0323123810;873594;2023;БУРЯТИЯ;68.32.1;12300;47711728
0323123810;873594;2024;БУРЯТИЯ;68.32.1;12300;52601110
6671098034;11102836;2022;СВЕРДЛОВСКАЯ;25.99;12300;44763691
6671098034;11102836;2023;СВЕРДЛОВСКАЯ;25.99;12300;48282317
6671098034;11102836;2024;СВЕРДЛОВСКАЯ;25.99;12300;50859698
5320026695;9742627;2022;НОВГОРОДСКАЯ;86.21;12300;46579425
5320026695;9742627;2023;НОВГОРОДСКАЯ;86.21;12300;47780988
5320026695;9742627;2024;НОВГОРОДСКАЯ;86.21;12300;51389645
7734415210;10758302;2022;МОСКВА;41.10;12300;44262248
7734415210;10758302;2023;МОСКВА;46.69;12300;48769524
7734415210;10758302;2024;МОСКВА;46.69;12300;51395045
0323412026;11214749;2022;БУРЯТИЯ;70.22;12300;44239603
0323412026;11214749;2023;БУРЯТИЯ;70.22;12300;47546701
0323412026;11214749;2024;БУРЯТИЯ;70.22;12300;50261841
6949112090;10977445;2022;ТВЕРСКАЯ;46.18;12300;46295803
6949112090;10977445;2023;ТВЕРСКАЯ;46.18;12300;49089802
6949112090;10977445;2024;ТВЕРСКАЯ;46.18;12300;51909058
2014032888;11736634;2022;ЧЕЧЕНСКАЯ;42.11;12300;45116758
2014032888;11736634;2023;ЧЕЧЕНСКАЯ;42.11;12300;48142394
2014032888;11736634;2024;ЧЕЧЕНСКАЯ;42.11;12300;50435498
5032325138;11500760;2022;МОСКОВСКАЯ;78.10;12300;47103377
5032325138;11500760;2023;МОСКОВСКАЯ;78.10;12300;48228654
5032325138;11500760;2024;МОСКОВСКАЯ;78.10;12300;51788098
4825040749;3901661;2022;ЛИПЕЦКАЯ;86.23;12300;45623443
4825040749;3901661;2023;ЛИПЕЦКАЯ;86.23;12300;48857953
4825040749;3901661;2024;ЛИПЕЦКАЯ;86.23;12300;51732365
2223634036;11398016;2022;АЛТАЙСКИЙ;46.13;12300;44811592
2223634036;11398016;2023;АЛТАЙСКИЙ;46.13;12300;48192831
2223634036;11398016;2024;АЛТАЙСКИЙ;46.13;12300;51104137
7107088265;3633903;2022;ТУЛЬСКАЯ;46.44.2;12300;43989349
7107088265;3633903;2023;ТУЛЬСКАЯ;46.44.2;12300;47677080
7107088265;3633903;2024;ТУЛЬСКАЯ;46.44.2;12300;51772138
9725091869;11912442;2022;МОСКВА;46.61;12300;45456333
9725091869;11912442;2023;МОСКВА;09.90;12300;49661682
9725091869;11912442;2024;МОСКВА;09.90;12300;52018458
3662239974;9997975;2022;ВОРОНЕЖСКАЯ;25.62;12300;44898551
3662239974;9997975;2023;ВОРОНЕЖСКАЯ;25.62;12300;48033599
3662239974;9997975;2024;ВОРОНЕЖСКАЯ;25.62;12300;50918477
5029998609;7872841;2022;МОСКОВСКАЯ;86.90.4;12300;44940261
5029998609;7872841;2023;МОСКОВСКАЯ;86.90.4;12300;49747328
5029998609;7872841;2024;МОСКОВСКАЯ;86.90.4;12300;52471182
5260476545;11529846;2022;НИЖЕГОРОДСКАЯ;46.14;12300;44051299
5260476545;11529846;2023;НИЖЕГОРОДСКАЯ;46.14;12300;47262636
5260476545;11529846;2024;НИЖЕГОРОДСКАЯ;46.14;12300;51676407
4501153774;3190905;2022;КУРГАНСКАЯ;95.11;12300;45079184
4501153774;3190905;2023;КУРГАНСКАЯ;95.11;12300;48768687
4501153774;3190905;2024;КУРГАНСКАЯ;95.11;12300;52777280
7415084184;8322005;2022;ЧЕЛЯБИНСКАЯ;47.78.9;12300;44357826
7415084184;8322005;2023;ЧЕЛЯБИНСКАЯ;47.78.9;12300;47679471
7415084184;8322005;2024;ЧЕЛЯБИНСКАЯ;47.78.9;12300;50746887
6501216749;2075060;2022;САХАЛИНСКАЯ;45.20;12300;46151943
6501216749;2075060;2023;САХАЛИНСКАЯ;45.20;12300;49589187
6501216749;2075060;2024;САХАЛИНСКАЯ;45.20;12300;52583171
0268069775;8390266;2022;БАШКОРТОСТАН;46.73;12300;44407549
0268069775;8390266;2023;БАШКОРТОСТАН;46.73;12300;47547496
0268069775;8390266;2024;БАШКОРТОСТАН;46.73;12300;52923508
4205390567;11354881;2022;КЕМЕРОВСКАЯ ОБЛАСТЬ - КУЗБАСС;49.41;12300;45417330
4205390567;11354881;2023;КЕМЕРОВСКАЯ ОБЛАСТЬ - КУЗБАСС;49.41;12300;48587158
4205390567;11354881;2024;КЕМЕРОВСКАЯ ОБЛАСТЬ - КУЗБАСС;49.41;12300;52920366
4501190864;8309523;2022;КУРГАНСКАЯ;68.20;12300;45986112
4501190864;8309523;2023;КУРГАНСКАЯ;68.20;12300;48340554
4501190864;8309523;2024;КУРГАНСКАЯ;68.20;12300;51739555
7723894842;8273133;2022;МОСКВА;95.11;12300;45376856
7723894842;8273133;2023;МОСКВА;95.11;12300;49078047
7723894842;8273133;2024;МОСКВА;95.11;12300;50356086
2308124161;6415232;2022;КРАСНОДАРСКИЙ;73.11;12300;44592872
2308124161;6415232;2023;КРАСНОДАРСКИЙ;73.11;12300;47527182
2308124161;6415232;2024;КРАСНОДАРСКИЙ;73.11;12300;50175417
6316254940;10996563;2022;САМАРСКАЯ;47.75;12300;46510751
6316254940;10996563;2023;САМАРСКАЯ;47.75;12300;49978449
6316254940;10996563;2024;САМАРСКАЯ;47.75;12300;52571408
3019029055;11435332;2022;АСТРАХАНСКАЯ;49.42;12300;44081036
3019029055;11435332;2023;АСТРАХАНСКАЯ;49.42;12300;47538052
3019029055;11435332;2024;АСТРАХАНСКАЯ;49.42;12300;50591939
1835073113;6232713;2022;УДМУРТСКАЯ;93.29.9;12300;45813949
1835073113;6232713;2023;УДМУРТСКАЯ;93.29.9;12300;48698759
1835073113;6232713;2024;УДМУРТСКАЯ;93.29.9;12300;51296298
9203540294;9620949;2022;СЕВАСТОПОЛЬ;47.25;12300;44117287
9203540294;9620949;2023;СЕВАСТОПОЛЬ;47.25;12300;47238689
9203540294;9620949;2024;СЕВАСТОПОЛЬ;47.25;12300;50089246
1901081800;5835248;2022;ХАКАСИЯ;46.77;12300;46168106
1901081800;5835248;2023;ХАКАСИЯ;46.77;12300;49511947
1901081800;5835248;2024;ХАКАСИЯ;46.77;12300;52339460
2635251473;11721197;2022;СТАВРОПОЛЬСКИЙ;47.91;12300;44838864
2635251473;11721197;2023;СТАВРОПОЛЬСКИЙ;47.91;12300;49164324
2635251473;11721197;2024;СТАВРОПОЛЬСКИЙ;47.91;12300;52483348
1513058939;9664806;2022;СЕВЕРНАЯ ОСЕТИЯ - АЛАНИЯ;69.10;12300;45867004
1513058939;9664806;2023;СЕВЕРНАЯ ОСЕТИЯ - АЛАНИЯ;69.10;12300;48107730
1513058939;9664806;2024;СЕВЕРНАЯ ОСЕТИЯ - АЛАНИЯ;69.10;12300;50833651
6451422655;4689603;2022;САРАТОВСКАЯ;46.69.9;12300;44141255
6451422655;4689603;2023;САРАТОВСКАЯ;46.69.9;12300;47302453
6451422655;4689603;2024;САРАТОВСКАЯ;46.69.9;12300;50978014
7707773618;2025741;2022;МОСКВА;61.10.1;12300;44409324
7707773618;2025741;2023;МОСКВА;61.10.1;12300;48006772
7707773618;2025741;2024;МОСКВА;61.10.1;12300;50462516
2724214184;9842293;2022;ХАБАРОВСКИЙ;46.73;12300;47056646
2724214184;9842293;2023;ХАБАРОВСКИЙ;46.73;12300;49297899
2724214184;9842293;2024;ХАБАРОВСКИЙ;46.73;12300;51777105
7810751329;10950835;2022;САНКТ-ПЕТЕРБУРГ;41.20;12300;45903783
7810751329;10950835;2023;САНКТ-ПЕТЕРБУРГ;41.20;12300;48599816
7810751329;10950835;2024;САНКТ-ПЕТЕРБУРГ;41.20;12300;52353847
6321358215;8831502;2022;САМАРСКАЯ;25.61;12300;45217615
6321358215;8831502;2023;САМАРСКАЯ;25.61;12300;48087043
6321358215;8831502;2024;САМАРСКАЯ;25.61;12300;50955125
1326231157;9194098;2022;МОРДОВИЯ;71.1;12300;44352576
1326231157;9194098;2023;МОРДОВИЯ;71.1;12300;47806035
1326231157;9194098;2024;МОРДОВИЯ;71.1;12300;50773190
3811450630;10432174;2022;ИРКУТСКАЯ;62.09;12300;45547716
3811450630;10432174;2023;ИРКУТСКАЯ;62.09;12300;48449723
3811450630;10432174;2024;ИРКУТСКАЯ;62.09;12300;51434277
3702167260;10018594;2022;ИВАНОВСКАЯ;45.20;12300;46338835
3702167260;10018594;2023;ИВАНОВСКАЯ;45.20;12300;48517036
3702167260;10018594;2024;ИВАНОВСКАЯ;45.20;12300;51637598
3328448751;4376971;2022;ВЛАДИМИРСКАЯ;73.11;12300;44859826
3328448751;4376971;2023;ВЛАДИМИРСКАЯ;73.11;12300;49110737
3328448751;4376971;2024;ВЛАДИМИРСКАЯ;73.11;12300;51724664
2508137009;11218196;2022;ПРИМОРСКИЙ;47.59;12300;45043757
2508137009;11218196;2023;ПРИМОРСКИЙ;47.59;12300;48775711
2508137009;11218196;2024;ПРИМОРСКИЙ;47.59;12300;51677467
6950177511;8354138;2022;ТВЕРСКАЯ;41.20;12300;45510158
6950177511;8354138;2023;ТВЕРСКАЯ;41.20;12300;48497797
6950177511;8354138;2024;ТВЕРСКАЯ;41.20;12300;50961268
5260124487;1449609;2022;НИЖЕГОРОДСКАЯ;58.11;12300;44524105
5260124487;1449609;2023;НИЖЕГОРОДСКАЯ;58.11;12300;47773760
5260124487;1449609;2024;НИЖЕГОРОДСКАЯ;58.11;12300;50787224
5050131978;10213026;2022;МОСКОВСКАЯ;72.19;12300;45054823
5050131978;10213026;2023;МОСКОВСКАЯ;72.19;12300;49259487
5050131978;10213026;2024;МОСКОВСКАЯ;72.19;12300;51392045
9715386849;11361959;2022;МОСКВА;62.01;12300;45248977
9715386849;11361959;2023;МОСКВА;62.01;12300;49228446
9715386849;11361959;2024;МОСКВА;62.01;12300;51951054
7415060708;4516289;2022;ЧЕЛЯБИНСКАЯ;45.31.1;12300;44439869
7415060708;4516289;2023;ЧЕЛЯБИНСКАЯ;45.31.1;12300;47264267
7415060708;4516289;2024;ЧЕЛЯБИНСКАЯ;45.31.1;12300;50486848
7751060447;10323995;2022;МОСКВА;71.11.1;12300;47042289
7751060447;10323995;2023;МОСКВА;71.11.1;12300;49887549
7751060447;10323995;2024;МОСКВА;71.11.1;12300;52701076
7449135260;10447874;2022;ЧЕЛЯБИНСКАЯ;42.21;12300;44251558
7449135260;10447874;2023;ЧЕЛЯБИНСКАЯ;42.21;12300;47335369
7449135260;10447874;2024;ЧЕЛЯБИНСКАЯ;42.21;12300;50077445
3711050798;11340822;2022;ИВАНОВСКАЯ;46.33;12300;46408860
3711050798;11340822;2023;ИВАНОВСКАЯ;46.33;12300;48252276
3711050798;11340822;2024;ИВАНОВСКАЯ;46.33;12300;51569045
4900010922;11696856;2022;МАГАДАНСКАЯ;46.71.2;12300;44917326
4900010922;11696856;2023;МАГАДАНСКАЯ;46.71.2;12300;48046860
4900010922;11696856;2024;МАГАДАНСКАЯ;46.71.2;12300;50858312
2723161885;7940420;2022;ХАБАРОВСКИЙ;69.10;12300;45134224
2723161885;7940420;2023;ХАБАРОВСКИЙ;69.10;12300;48052097
2723161885;7940420;2024;ХАБАРОВСКИЙ;69.10;12300;51034086
5260477612;11577182;2022;НИЖЕГОРОДСКАЯ;52.24;12300;46481873
5260477612;11577182;2023;НИЖЕГОРОДСКАЯ;52.24;12300;49778251
5260477612;11577182;2024;НИЖЕГОРОДСКАЯ;52.24;12300;52708891
0917003732;3996166;2022;КАРАЧАЕВО-ЧЕРКЕССКАЯ;56.10;12300;44193652
0917003732;3996166;2023;КАРАЧАЕВО-ЧЕРКЕССКАЯ;56.10;12300;48474474
0917003732;3996166;2024;КАРАЧАЕВО-ЧЕРКЕССКАЯ;56.10;12300;51190856
7404042577;3025224;2022;ЧЕЛЯБИНСКАЯ;25.11;12300;44177533
7404042577;3025224;2023;ЧЕЛЯБИНСКАЯ;25.11;12300;48767300
7404042577;3025224;2024;ЧЕЛЯБИНСКАЯ;25.11;12300;50393944
8601035676;4801768;2022;ХАНТЫ-МАНСИЙСКИЙ АВТОНОМНЫЙ ОКРУГ - ЮГРА;68.31;12300;45344903
8601035676;4801768;2023;ХАНТЫ-МАНСИЙСКИЙ АВТОНОМНЫЙ ОКРУГ - ЮГРА;68.31;12300;49114891
8601035676;4801768;2024;ХАНТЫ-МАНСИЙСКИЙ АВТОНОМНЫЙ ОКРУГ - ЮГРА;68.31;12300;52060580
1907004070;8209221;2022;ХАКАСИЯ;01.45.1;12300;45692728
1907004070;8209221;2023;ХАКАСИЯ;01.45.1;12300;48238875
1907004070;8209221;2024;ХАКАСИЯ;01.45.1;12300;50605817
7811771166;11766743;2022;САНКТ-ПЕТЕРБУРГ;63.12;12300;47084623
7811771166;11766743;2023;САНКТ-ПЕТЕРБУРГ;63.12;12300;47795887
7811771166;11766743;2024;САНКТ-ПЕТЕРБУРГ;62.01;12300;50175941
2005010366;9219147;2022;ЧЕЧЕНСКАЯ;71.1;12300;46445268
2005010366;9219147;2023;ЧЕЧЕНСКАЯ;71.1;12300;49838586
2005010366;9219147;2024;ЧЕЧЕНСКАЯ;71.1;12300;50235038
7804429025;25811;2022;САНКТ-ПЕТЕРБУРГ;71.1;12300;44586424
7804429025;25811;2023;САНКТ-ПЕТЕРБУРГ;71.1;12300;48395044
7804429025;25811;2024;САНКТ-ПЕТЕРБУРГ;71.1;12300;51633333
7204194325;8542831;2022;ТЮМЕНСКАЯ;71.11.1;12300;45201120
7204194325;8542831;2023;ТЮМЕНСКАЯ;71.11.1;12300;48798986
7204194325;8542831;2024;ТЮМЕНСКАЯ;71.11.1;12300;50741368
2103002050;8918518;2022;ЧУВАШСКАЯ РЕСПУБЛИКА -;46.33.1;12300;46465407
2103002050;8918518;2023;ЧУВАШСКАЯ РЕСПУБЛИКА -;10.51;12300;48857387
2103002050;8918518;2024;ЧУВАШСКАЯ РЕСПУБЛИКА -;10.51;12300;51945619
1001307269;9600217;2022;КАРЕЛИЯ;56.10;12300;46026163
1001307269;9600217;2023;КАРЕЛИЯ;56.10;12300;49644302
1001307269;9600217;2024;КАРЕЛИЯ;56.10;12300;52515746
7826138012;3968128;2022;САНКТ-ПЕТЕРБУРГ;77.39.29;12300;44862306
7826138012;3968128;2023;САНКТ-ПЕТЕРБУРГ;77.39.29;12300;48381998
7826138012;3968128;2024;САНКТ-ПЕТЕРБУРГ;77.39.29;12300;50751367
3102635213;8558712;2022;БЕЛГОРОДСКАЯ;49.41;12300;45171300
3102635213;8558712;2023;БЕЛГОРОДСКАЯ;49.41;12300;48674634
3102635213;8558712;2024;БЕЛГОРОДСКАЯ;49.41;12300;51671735
4900011203;11719784;2022;МАГАДАНСКАЯ;41.20;12300;44177627
4900011203;11719784;2023;МАГАДАНСКАЯ;41.20;12300;48169875
4900011203;11719784;2024;МАГАДАНСКАЯ;41.20;12300;51418080
1831154097;7379307;2022;УДМУРТСКАЯ;08.1;12300;46130246
1831154097;7379307;2023;УДМУРТСКАЯ;08.1;12300;49116008
1831154097;7379307;2024;УДМУРТСКАЯ;08.1;12300;52234596
4710032942;8307425;2022;ЛЕНИНГРАДСКАЯ;86.23;12300;44764971
4710032942;8307425;2023;ЛЕНИНГРАДСКАЯ;86.23;12300;47541112
4710032942;8307425;2024;ЛЕНИНГРАДСКАЯ;86.23;12300;52817554
7811000050;7063456;2022;САНКТ-ПЕТЕРБУРГ;52.21.24;12300;45350403
7811000050;7063456;2023;САНКТ-ПЕТЕРБУРГ;52.21.24;12300;47942065
7811000050;7063456;2024;САНКТ-ПЕТЕРБУРГ;52.21.24;12300;50581795
7724470892;10988315;2022;МОСКВА;47.61;12300;44758998
7724470892;10988315;2023;МОСКВА;47.61;12300;48681131
7724470892;10988315;2024;МОСКВА;47.61;12300;51297995
8603124219;3545057;2022;ХАНТЫ-МАНСИЙСКИЙ АВТОНОМНЫЙ ОКРУГ - ЮГРА;68.32.1;12300;45826326
8603124219;3545057;2023;ХАНТЫ-МАНСИЙСКИЙ АВТОНОМНЫЙ ОКРУГ - ЮГРА;68.32.1;12300;49577301
8603124219;3545057;2024;ХАНТЫ-МАНСИЙСКИЙ АВТОНОМНЫЙ ОКРУГ - ЮГРА;68.32.1;12300;51981801
3102044556;10958437;2022;БЕЛГОРОДСКАЯ;70.22;12300;44817861
3102044556;10958437;2023;БЕЛГОРОДСКАЯ;70.22;12300;47972877
3102044556;10958437;2024;БЕЛГОРОДСКАЯ;70.22;12300;50978744
0105042015;218179;2022;АДЫГЕЯ;71.1;12300;44319334
0105042015;218179;2023;АДЫГЕЯ;71.12.1;12300;47646793
0105042015;218179;2024;АДЫГЕЯ;71.1;12300;50483802
4501203859;9402715;2022;КУРГАНСКАЯ;70.22;12300;45553336
4501203859;9402715;2023;КУРГАНСКАЯ;70.22;12300;49011221
4501203859;9402715;2024;КУРГАНСКАЯ;70.22;12300;51875750
8603213324;9046098;2022;ХАНТЫ-МАНСИЙСКИЙ АВТОНОМНЫЙ ОКРУГ - ЮГРА;25.62;12300;44282053
8603213324;9046098;2023;ХАНТЫ-МАНСИЙСКИЙ АВТОНОМНЫЙ ОКРУГ - ЮГРА;25.62;12300;50019884
8603213324;9046098;2024;ХАНТЫ-МАНСИЙСКИЙ АВТОНОМНЫЙ ОКРУГ - ЮГРА;25.62;12300;52339079
9102278467;11719928;2022;КРЫМ;42.21;12300;45479075
9102278467;11719928;2023;КРЫМ;42.21;12300;47793140
9102278467;11719928;2024;КРЫМ;42.21;12300;52490203
1216024359;9523274;2022;МАРИЙ ЭЛ;46.72;12300;46511043
1216024359;9523274;2023;МАРИЙ ЭЛ;46.72;12300;48600589
1216024359;9523274;2024;МАРИЙ ЭЛ;46.72;12300;50280635
4714015352;811929;2022;ЛЕНИНГРАДСКАЯ;71.12.45;12300;44848203
4714015352;811929;2023;ЛЕНИНГРАДСКАЯ;71.12.45;12300;47885572
4714015352;811929;2024;ЛЕНИНГРАДСКАЯ;71.12.45;12300;52186129
3419008250;6847544;2022;ВОЛГОГРАДСКАЯ;01.11.1;12300;45581784
3419008250;6847544;2023;ВОЛГОГРАДСКАЯ;01.11.1;12300;48646948
3419008250;6847544;2024;ВОЛГОГРАДСКАЯ;01.11.1;12300;51822298
3128138103;10885056;2022;БЕЛГОРОДСКАЯ;62.02;12300;46370166
3128138103;10885056;2023;БЕЛГОРОДСКАЯ;71.12.12;12300;49829958
3128138103;10885056;2024;БЕЛГОРОДСКАЯ;71.12.12;12300;52519932
1435347401;11177608;2022;САХА /ЯКУТИЯ/;56.10.1;12300;44618196
1435347401;11177608;2023;САХА /ЯКУТИЯ/;56.10.1;12300;47940056
1435347401;11177608;2024;САХА /ЯКУТИЯ/;56.10.1;12300;50537416
6914020089;10533111;2022;ТВЕРСКАЯ;49.41;12300;45820690
6914020089;10533111;2023;ТВЕРСКАЯ;49.41;12300;48152592
6914020089;10533111;2024;ТВЕРСКАЯ;49.41;12300;51454295
4824062771;8231075;2022;ЛИПЕЦКАЯ;56.10;12300;44901784
4824062771;8231075;2023;ЛИПЕЦКАЯ;56.10;12300;48185777
4824062771;8231075;2024;ЛИПЕЦКАЯ;56.10;12300;50835241
9723140662;11785855;2022;МОСКВА;45.20.3;12300;44426683
9723140662;11785855;2023;МОСКВА;45.20.3;12300;47619373
9723140662;11785855;2024;МОСКВА;45.20.3;12300;50838054
4632235269;10395464;2022;КУРСКАЯ;25.11;12300;46307526
4632235269;10395464;2023;КУРСКАЯ;25.11;12300;49658746
4632235269;10395464;2024;КУРСКАЯ;25.11;12300;52577597
6501312812;11509555;2022;САХАЛИНСКАЯ;86.23;12300;45805169
6501312812;11509555;2023;САХАЛИНСКАЯ;86.23;12300;49295470
6501312812;11509555;2024;САХАЛИНСКАЯ;86.23;12300;51773103
0105080148;10771498;2022;АДЫГЕЯ;42.11;12300;44226246
0105080148;10771498;2023;АДЫГЕЯ;42.11;12300;47991520
0105080148;10771498;2024;АДЫГЕЯ;42.11;12300;50958686
5262246900;2565016;2022;НИЖЕГОРОДСКАЯ;80.10;12300;45422497
5262246900;2565016;2023;НИЖЕГОРОДСКАЯ;80.10;12300;48279713
5262246900;2565016;2024;НИЖЕГОРОДСКАЯ;80.10;12300;51813167
5506221363;813623;2022;ОМСКАЯ;16.24;12300;45733648
5506221363;813623;2023;ОМСКАЯ;16.24;12300;49430086
5506221363;813623;2024;ОМСКАЯ;16.24;12300;52368738
6449050368;5412699;2022;САРАТОВСКАЯ;03.12;12300;45167096
6449050368;5412699;2023;САРАТОВСКАЯ;03.12;12300;49346766
6449050368;5412699;2024;САРАТОВСКАЯ;03.12;12300;52324294
1102023337;5162853;2022;КОМИ;68.20.2;12300;45397323
1102023337;5162853;2023;КОМИ;68.20.2;12300;48426098
1102023337;5162853;2024;КОМИ;68.20.2;12300;51694234
6501307509;11220516;2022;САХАЛИНСКАЯ;46.69.2;12300;45110411
6501307509;11220516;2023;САХАЛИНСКАЯ;46.69.2;12300;48250327
6501307509;11220516;2024;САХАЛИНСКАЯ;46.69.2;12300;51436604
5503211582;1616216;2022;ОМСКАЯ;68.20.2;12300;46208927
5503211582;1616216;2023;ОМСКАЯ;68.20.2;12300;49378403
5503211582;1616216;2024;ОМСКАЯ;68.20.2;12300;52175327
3102020266;702239;2022;БЕЛГОРОДСКАЯ;01.42;12267;45837894
3102020266;702239;2023;БЕЛГОРОДСКАЯ;01.42;12267;49035809
3102020266;702239;2024;БЕЛГОРОДСКАЯ;01.42;12267;52628596
7729701705;1349618;2022;ТВЕРСКАЯ;01.47.2;12300;45544420
7729701705;1349618;2023;ТВЕРСКАЯ;01.13;12300;48494044
7729701705;1349618;2024;ТВЕРСКАЯ;01.13;12300;51387056
1500002946;11821017;2022;СЕВЕРНАЯ ОСЕТИЯ - АЛАНИЯ;62.01;12300;45909512
1500002946;11821017;2023;СЕВЕРНАЯ ОСЕТИЯ - АЛАНИЯ;62.01;12300;49173656
1500002946;11821017;2024;СЕВЕРНАЯ ОСЕТИЯ - АЛАНИЯ;62.01;12300;52016025
3528120929;4184324;2022;ВОЛОГОДСКАЯ;41.2;12300;45716606
3528120929;4184324;2023;ВОЛОГОДСКАЯ;41.2;12300;48091160
3528120929;4184324;2024;ВОЛОГОДСКАЯ;41.2;12300;51955564
7203302472;8225776;2022;ТЮМЕНСКАЯ;42.21;12300;45626813
7203302472;8225776;2023;ТЮМЕНСКАЯ;42.21;12300;48244274
7203302472;8225776;2024;ТЮМЕНСКАЯ;42.21;12300;51509857
5406822459;11858138;2022;НОВОСИБИРСКАЯ;41.20;12300;45736458
5406822459;11858138;2023;НОВОСИБИРСКАЯ;41.20;12300;49351984
5406822459;11858138;2024;НОВОСИБИРСКАЯ;41.20;12300;52145854
3017046880;5637954;2022;АСТРАХАНСКАЯ;46.37;12300;45555297
3017046880;5637954;2023;АСТРАХАНСКАЯ;46.37;12300;48707281
3017046880;5637954;2024;АСТРАХАНСКАЯ;46.37;12300;51226538
7707460870;11748339;2022;МОСКВА;68.31.5;12300;45330271
7707460870;11748339;2023;МОСКВА;68.31.5;12300;48057060
7707460870;11748339;2024;МОСКВА;68.31.5;12300;51193333
7500004366;11887154;2022;ЗАБАЙКАЛЬСКИЙ;46.71.1;12300;47009508
7500004366;11887154;2023;ЗАБАЙКАЛЬСКИЙ;46.71.1;12300;48498456
7500004366;11887154;2024;ЗАБАЙКАЛЬСКИЙ;46.71.1;12300;51438998
9703082772;11819665;2022;МОСКВА;41.20;12300;45085574
9703082772;11819665;2023;МОСКВА;41.20;12300;49246507
9703082772;11819665;2024;МОСКВА;41.20;12300;50189386
1326231911;9329954;2022;МОРДОВИЯ;41.20;12300;46507763
1326231911;9329954;2023;МОРДОВИЯ;41.20;12300;49275167
1326231911;9329954;2024;МОРДОВИЯ;41.20;12300;52422397
6501280906;9600195;2022;САХАЛИНСКАЯ;71.12.45;12300;44593342
6501280906;9600195;2023;САХАЛИНСКАЯ;71.12.45;12300;47710815
6501280906;9600195;2024;САХАЛИНСКАЯ;71.12.45;12300;50277565
5103063234;3870204;2022;МУРМАНСКАЯ;86.23;12300;46975968
5103063234;3870204;2023;МУРМАНСКАЯ;86.23;12300;49333720
5103063234;3870204;2024;МУРМАНСКАЯ;86.23;12300;52229283
4813009840;2617843;2022;ЛИПЕЦКАЯ;01.47;12300;45171600
4813009840;2617843;2023;ЛИПЕЦКАЯ;01.47;12300;48475711
4813009840;2617843;2024;ЛИПЕЦКАЯ;01.47;12300;51174854
6150098780;11078012;2022;РОСТОВСКАЯ;25.29;12300;45001401
6150098780;11078012;2023;РОСТОВСКАЯ;25.29;12300;48007241
6150098780;11078012;2024;РОСТОВСКАЯ;25.29;12300;51027146
2907018451;11510972;2022;АРХАНГЕЛЬСКАЯ;56.10;12300;45411375
2907018451;11510972;2023;АРХАНГЕЛЬСКАЯ;56.10;12300;47553643
2907018451;11510972;2024;АРХАНГЕЛЬСКАЯ;56.10;12300;50922344
7733336702;10943976;2022;МОСКВА;43.39;12300;45522280
7733336702;10943976;2023;МОСКВА;43.39;12300;49294095
7733336702;10943976;2024;МОСКВА;43.39;12300;52155678
9109022087;10755109;2022;КРЫМ;43.21;12300;45747674
9109022087;10755109;2023;КРЫМ;43.21;12300;48087996
9109022087;10755109;2024;КРЫМ;43.21;12300;51764050
2543026580;7889213;2022;ПРИМОРСКИЙ;43.22;12300;45195710
2543026580;7889213;2023;ПРИМОРСКИЙ;43.22;12300;48608246
2543026580;7889213;2024;ПРИМОРСКИЙ;43.22;12300;50975624
1326219590;3552183;2022;МОРДОВИЯ;68.31;12300;46398031
1326219590;3552183;2023;МОРДОВИЯ;68.31;12300;49204407
1326219590;3552183;2024;МОРДОВИЯ;68.31;12300;51399695
2325024304;9781874;2022;КРАСНОДАРСКИЙ;25.11;12300;45520620
2325024304;9781874;2023;КРАСНОДАРСКИЙ;25.11;12300;48041312
2325024304;9781874;2024;КРАСНОДАРСКИЙ;25.11;12300;51138584
2463052899;5522549;2022;КРАСНОЯРСКИЙ;43.21;12300;46433200
2463052899;5522549;2023;КРАСНОЯРСКИЙ;43.21;12300;47397919
2463052899;5522549;2024;КРАСНОЯРСКИЙ;43.21;12300;52063849
6323068046;2920060;2022;САМАРСКАЯ;79.11;12300;43995762
6323068046;2920060;2023;САМАРСКАЯ;79.11;12300;47181265
6323068046;2920060;2024;САМАРСКАЯ;46.72;12300;51926624
7451443657;11091513;2022;ЧЕЛЯБИНСКАЯ;45.20;12300;44579193
7451443657;11091513;2023;ЧЕЛЯБИНСКАЯ;45.20;12300;47581454
7451443657;11091513;2024;ЧЕЛЯБИНСКАЯ;45.20;12300;50427117
5503245687;8113558;2022;ОМСКАЯ;25.11;12300;44651459
5503245687;8113558;2023;ОМСКАЯ;25.11;12300;49892867
5503245687;8113558;2024;ОМСКАЯ;25.11;12300;50734540
3525147087;666215;2022;ВОЛОГОДСКАЯ;43.21;12300;45479760
3525147087;666215;2023;ВОЛОГОДСКАЯ;43.21;12300;48464832
3525147087;666215;2024;ВОЛОГОДСКАЯ;43.21;12300;51495583
6679114249;10546332;2022;СВЕРДЛОВСКАЯ;46.90;12300;45413302
6679114249;10546332;2023;СВЕРДЛОВСКАЯ;46.90;12300;48141846
6679114249;10546332;2024;СВЕРДЛОВСКАЯ;46.90;12300;51562651
7727393371;10801556;2022;МОСКВА;46.71;12300;44272593
7727393371;10801556;2023;МОСКВА;46.71;12300;47437876
7727393371;10801556;2024;МОСКВА;46.71;12300;50635539
3521007057;11873577;2022;ВОЛОГОДСКАЯ;56.10;12300;45893438
3521007057;11873577;2023;ВОЛОГОДСКАЯ;56.10;12300;48503509
3521007057;11873577;2024;ВОЛОГОДСКАЯ;56.10;12300;51512101
7602059195;3685247;2022;ЯРОСЛАВСКАЯ;47.73;12300;45563213
7602059195;3685247;2023;ЯРОСЛАВСКАЯ;47.73;12300;47702175
7602059195;3685247;2024;ЯРОСЛАВСКАЯ;47.73;12300;50650044
0326036852;4024598;2022;БУРЯТИЯ;86.10;12300;46581551
0326036852;4024598;2023;БУРЯТИЯ;86.10;12300;49470389
0326036852;4024598;2024;БУРЯТИЯ;86.10;12300;52826637
7118015371;7038032;2022;ТУЛЬСКАЯ;33.12;12300;45589995
7118015371;7038032;2023;ТУЛЬСКАЯ;33.12;12300;48748283
7118015371;7038032;2024;ТУЛЬСКАЯ;33.12;12300;52605260
6323075974;1998655;2022;САМАРСКАЯ;47.52.73;12300;44388066
6323075974;1998655;2023;САМАРСКАЯ;47.52.73;12300;47702013
6323075974;1998655;2024;САМАРСКАЯ;47.52.73;12300;51354645
6153023140;2475865;2022;РОСТОВСКАЯ;01.11;12300;44345472
6153023140;2475865;2023;РОСТОВСКАЯ;01.11;12300;47534952
6153023140;2475865;2024;РОСТОВСКАЯ;01.11;12300;50601166
9729023482;9895164;2022;МОСКВА;86.10;12300;46159887
9729023482;9895164;2023;МОСКВА;86.10;12300;49210533
9729023482;9895164;2024;МОСКВА;86.10;12300;52017466
1106031508;9198803;2022;КОМИ;47.73;12300;45570115
1106031508;9198803;2023;КОМИ;47.73;12300;48431445
1106031508;9198803;2024;КОМИ;47.73;12300;51720837
1831070143;613723;2022;УДМУРТСКАЯ;46.90;12300;44722713
1831070143;613723;2023;УДМУРТСКАЯ;46.90;12300;47248281
1831070143;613723;2024;УДМУРТСКАЯ;46.90;12300;50146801
6732103421;9137534;2022;СМОЛЕНСКАЯ;69.10;12300;44058338
6732103421;9137534;2023;СМОЛЕНСКАЯ;69.10;12300;47281821
6732103421;9137534;2024;СМОЛЕНСКАЯ;69.10;12300;50222653
5190031638;8413886;2022;МУРМАНСКАЯ;41.20;12300;44164084
5190031638;8413886;2023;МУРМАНСКАЯ;41.20;12300;49548436
5190031638;8413886;2024;МУРМАНСКАЯ;41.20;12300;51172628
7724402518;10121859;2022;МОСКОВСКАЯ;47.52.7;12300;46360483
7724402518;10121859;2023;МОСКОВСКАЯ;47.52.7;12300;48476208
7724402518;10121859;2024;МОСКОВСКАЯ;47.52.7;12300;51347338
3329094368;10783098;2022;ВЛАДИМИРСКАЯ;69.20;12300;45105961
3329094368;10783098;2023;ВЛАДИМИРСКАЯ;69.20;12300;48822728
3329094368;10783098;2024;ВЛАДИМИРСКАЯ;69.20;12300;52516159
0228005084;3724168;2022;БАШКОРТОСТАН;01.11.1;12300;45928749
0228005084;3724168;2023;БАШКОРТОСТАН;01.11.1;12300;48883152
0228005084;3724168;2024;БАШКОРТОСТАН;01.11.1;12300;52605013
0326544817;9669126;2022;БУРЯТИЯ;41.20;12300;45670854
0326544817;9669126;2023;БУРЯТИЯ;41.20;12300;48889631
0326544817;9669126;2024;БУРЯТИЯ;41.20;12300;51617812
4501130664;2861036;2022;КУРГАНСКАЯ;47.7;12300;45197711
4501130664;2861036;2023;КУРГАНСКАЯ;47.7;12300;48171404
4501130664;2861036;2024;КУРГАНСКАЯ;47.7;12300;51042027
0411176709;9766351;2022;АЛТАЙ;01.25.1;12300;44467357
0411176709;9766351;2023;АЛТАЙ;01.25.1;12300;47864161
0411176709;9766351;2024;АЛТАЙ;01.25.1;12300;50673935
1324001373;8883028;2022;МОРДОВИЯ;52.29;12300;46652828
1324001373;8883028;2023;МОРДОВИЯ;52.29;12300;47300779
1324001373;8883028;2024;МОРДОВИЯ;52.29;12300;50088407
3438006594;664442;2022;ВОЛГОГРАДСКАЯ;56.10;12300;45653224
3438006594;664442;2023;ВОЛГОГРАДСКАЯ;56.10;12300;48918885
3438006594;664442;2024;ВОЛГОГРАДСКАЯ;56.10;12300;51716698
2309150238;9716669;2022;КРАСНОДАРСКИЙ;46.69.4;12300;46372457
2309150238;9716669;2023;КРАСНОДАРСКИЙ;46.69.4;12300;49191956
2309150238;9716669;2024;КРАСНОДАРСКИЙ;46.69.4;12300;51811744
0274924011;10106444;2022;БАШКОРТОСТАН;69.10;12300;44589547
0274924011;10106444;2023;БАШКОРТОСТАН;69.10;12300;48218883
0274924011;10106444;2024;БАШКОРТОСТАН;69.10;12300;50813878
4909119466;8515159;2022;МАГАДАНСКАЯ;71.12.12;12300;44286733
4909119466;8515159;2023;МАГАДАНСКАЯ;71.12.12;12300;47259405
4909119466;8515159;2024;МАГАДАНСКАЯ;71.12.12;12300;50208456
1101073470;4192482;2022;КОМИ;73.11;12300;45315533
1101073470;4192482;2023;КОМИ;73.11;12300;48382350
1101073470;4192482;2024;КОМИ;73.11;12300;52723199
7841099696;11901068;2022;САНКТ-ПЕТЕРБУРГ;69.10;12300;45786418
7841099696;11901068;2023;САНКТ-ПЕТЕРБУРГ;69.10;12300;48554105
7841099696;11901068;2024;САНКТ-ПЕТЕРБУРГ;69.10;12300;52500438
1901132484;9981604;2022;ХАКАСИЯ;41.20;12300;44772271
1901132484;9981604;2023;ХАКАСИЯ;41.20;12300;48451611
1901132484;9981604;2024;ХАКАСИЯ;41.20;12300;52037250
5003132452;10943004;2022;МОСКОВСКАЯ;86.90;12300;44388063
5003132452;10943004;2023;МОСКОВСКАЯ;86.90;12300;47620342
5003132452;10943004;2024;МОСКОВСКАЯ;86.90;12300;50412277
1001270410;7870082;2022;КАРЕЛИЯ;41.20;12300;44991713
1001270410;7870082;2023;КАРЕЛИЯ;41.20;12300;48168292
1001270410;7870082;2024;КАРЕЛИЯ;41.20;12300;50510230
3702674670;1969963;2022;ИВАНОВСКАЯ;70.22;12300;46353461
3702674670;1969963;2023;ИВАНОВСКАЯ;70.22;12300;49478555
3702674670;1969963;2024;ИВАНОВСКАЯ;70.22;12300;52089771
5262240538;4096546;2022;НИЖЕГОРОДСКАЯ;71.11;12300;44338443
5262240538;4096546;2023;НИЖЕГОРОДСКАЯ;71.11;12300;47788816
5262240538;4096546;2024;НИЖЕГОРОДСКАЯ;71.11;12300;51121482
0220024014;9413562;2022;БАШКОРТОСТАН;08.12;12300;45900075
0220024014;9413562;2023;БАШКОРТОСТАН;08.12;12300;48889409
0220024014;9413562;2024;БАШКОРТОСТАН;08.12;12300;52162992
7451429846;10447598;2022;ЧЕЛЯБИНСКАЯ;62.02;12300;44604961
7451429846;10447598;2023;ЧЕЛЯБИНСКАЯ;62.02;12300;48395624
7451429846;10447598;2024;ЧЕЛЯБИНСКАЯ;62.02;12300;50926699
5321127618;2671707;2022;НОВГОРОДСКАЯ;71.11;12300;46449128
5321127618;2671707;2023;НОВГОРОДСКАЯ;71.11;12300;47450647
5321127618;2671707;2024;НОВГОРОДСКАЯ;71.11;12300;52216123
4217196268;11139706;2022;КЕМЕРОВСКАЯ ОБЛАСТЬ - КУЗБАСС;25.11;12300;46107276
4217196268;11139706;2023;КЕМЕРОВСКАЯ ОБЛАСТЬ - КУЗБАСС;25.11;12300;49499400
4217196268;11139706;2024;КЕМЕРОВСКАЯ ОБЛАСТЬ - КУЗБАСС;25.11;12300;52260585
5410776050;7817802;2022;НОВОСИБИРСКАЯ;71.12.45;12300;45318325
5410776050;7817802;2023;НОВОСИБИРСКАЯ;71.12.45;12300;47960123
5410776050;7817802;2024;НОВОСИБИРСКАЯ;71.12.45;12300;51425180
3325014322;11268593;2022;ВЛАДИМИРСКАЯ;46.71;12300;44577522
3325014322;11268593;2023;ВЛАДИМИРСКАЯ;46.71;12300;47575745
3325014322;11268593;2024;ВЛАДИМИРСКАЯ;46.71;12300;50539676
5250076643;11871719;2022;НИЖЕГОРОДСКАЯ;42.11;12300;45833455
5250076643;11871719;2023;НИЖЕГОРОДСКАЯ;42.11;12300;49723769
5250076643;11871719;2024;НИЖЕГОРОДСКАЯ;42.11;12300;52252747
1435260937;7542447;2022;САХА /ЯКУТИЯ/;43.29;12300;45583472
1435260937;7542447;2023;САХА /ЯКУТИЯ/;43.29;12300;48319175
1435260937;7542447;2024;САХА /ЯКУТИЯ/;43.29;12300;50566496
7448206159;10363903;2022;ЧЕЛЯБИНСКАЯ;46.47;12300;46285751
7448206159;10363903;2023;ЧЕЛЯБИНСКАЯ;46.47;12300;49937018
7448206159;10363903;2024;ЧЕЛЯБИНСКАЯ;46.47;12300;51273829
4025436815;7985403;2022;КАЛУЖСКАЯ;56.10;12300;44993313
4025436815;7985403;2023;КАЛУЖСКАЯ;56.10;12300;47856820
4025436815;7985403;2024;КАЛУЖСКАЯ;56.10;12300;51633068
5754200378;8234203;2022;ОРЛОВСКАЯ;69.20.2;12300;44666861
5754200378;8234203;2023;ОРЛОВСКАЯ;69.20.2;12300;47518933
5754200378;8234203;2024;ОРЛОВСКАЯ;69.20.2;12300;50314309
2222896060;11754736;2022;АЛТАЙСКИЙ;47.91;12300;44016740
2222896060;11754736;2023;АЛТАЙСКИЙ;47.91;12300;47180615
2222896060;11754736;2024;АЛТАЙСКИЙ;47.91;12300;50077750
6453134451;8507606;2022;САРАТОВСКАЯ;70.22;12300;46178676
6453134451;8507606;2023;САРАТОВСКАЯ;70.22;12300;49857984
6453134451;8507606;2024;САРАТОВСКАЯ;70.22;12300;51942216
6670205685;4496525;2022;СВЕРДЛОВСКАЯ;46.72.2;12300;44886183
6670205685;4496525;2023;СВЕРДЛОВСКАЯ;46.72.2;12300;48246272
6670205685;4496525;2024;СВЕРДЛОВСКАЯ;46.72.2;12300;51459291
1655187312;2643419;2022;ТАТАРСТАН;62.01;12300;45409672
1655187312;2643419;2023;ТАТАРСТАН;62.01;12300;47869559
1655187312;2643419;2024;ТАТАРСТАН;62.01;12300;51124577
2628017313;5405971;2022;СТАВРОПОЛЬСКИЙ;45.3;12300;44747361
2628017313;5405971;2023;СТАВРОПОЛЬСКИЙ;45.3;12300;49025966
2628017313;5405971;2024;СТАВРОПОЛЬСКИЙ;45.3;12300;51225269
1603002909;6726828;2022;ТАТАРСТАН;47.25;12300;44345378
1603002909;6726828;2023;ТАТАРСТАН;47.25;12300;47581401
1603002909;6726828;2024;ТАТАРСТАН;47.25;12300;50805225
5001108172;9693324;2022;МОСКОВСКАЯ;62.01;12300;45582516
5001108172;9693324;2023;МОСКОВСКАЯ;62.01;12300;49510942
5001108172;9693324;2024;МОСКОВСКАЯ;62.01;12300;52776881
5304005560;4688207;2022;НОВГОРОДСКАЯ;45.31.1;12300;46397664
5304005560;4688207;2023;НОВГОРОДСКАЯ;45.31.1;12300;49514828
5304005560;4688207;2024;НОВГОРОДСКАЯ;45.31.1;12300;52455085
5018207358;11559997;2022;МОСКОВСКАЯ;14.13;12300;44509279
5018207358;11559997;2023;МОСКОВСКАЯ;14.13;12300;48380955
5018207358;11559997;2024;МОСКОВСКАЯ;14.13;12300;51386018
1832157319;11334591;2022;УДМУРТСКАЯ;49.42;12300;44163235
1832157319;11334591;2023;УДМУРТСКАЯ;49.42;12300;47318079
1832157319;11334591;2024;УДМУРТСКАЯ;49.42;12300;51484119
6325014416;7454185;2022;САМАРСКАЯ;71.11;12300;44361511
6325014416;7454185;2023;САМАРСКАЯ;71.11;12300;47428268
6325014416;7454185;2024;САМАРСКАЯ;71.11;12300;50362545
5190122902;3341635;2022;МУРМАНСКАЯ;45.3;12300;45103683
5190122902;3341635;2023;МУРМАНСКАЯ;45.3;12300;48168304
5190122902;3341635;2024;МУРМАНСКАЯ;45.3;12300;51356941
8904083140;9944686;2022;ЯМАЛО-НЕНЕЦКИЙ;01.46.1;12300;46214071
8904083140;9944686;2023;ЯМАЛО-НЕНЕЦКИЙ;01.46.1;12300;49107788
8904083140;9944686;2024;ЯМАЛО-НЕНЕЦКИЙ;01.46.1;12300;51837353
7718199882;2404286;2022;МОСКВА;62.02;12300;44800960
7718199882;2404286;2023;МОСКВА;62.02;12300;47518791
7718199882;2404286;2024;МОСКВА;62.02;12300;50464032
2124015236;402620;2022;ЧУВАШСКАЯ РЕСПУБЛИКА -;70.22;12300;46169619
2124015236;402620;2023;ЧУВАШСКАЯ РЕСПУБЛИКА -;70.22;12300;48894528
2124015236;402620;2024;ЧУВАШСКАЯ РЕСПУБЛИКА -;70.22;12300;51699110
2801238489;10530862;2022;АМУРСКАЯ;93.11;12300;44555275
2801238489;10530862;2023;АМУРСКАЯ;93.11;12300;47607198
2801238489;10530862;2024;АМУРСКАЯ;93.11;12300;50439888
2801194256;8445690;2022;АМУРСКАЯ;41.20;12300;45989803
2801194256;8445690;2023;АМУРСКАЯ;41.20;12300;49439193
2801194256;8445690;2024;АМУРСКАЯ;41.20;12300;52842396
7728371116;10236653;2022;МОСКВА;78.10;12300;44732657
7728371116;10236653;2023;МОСКВА;78.10;12300;48093360
7728371116;10236653;2024;МОСКВА;78.10;12300;51802521
5406374461;2481878;2022;НОВОСИБИРСКАЯ;43.21;12300;46207027
5406374461;2481878;2023;НОВОСИБИРСКАЯ;43.21;12300;49453836
5406374461;2481878;2024;НОВОСИБИРСКАЯ;43.21;12300;52317456
7801715405;11918065;2022;САНКТ-ПЕТЕРБУРГ;43.39;12300;46459520
7801715405;11918065;2023;САНКТ-ПЕТЕРБУРГ;43.39;12300;49626596
7801715405;11918065;2024;САНКТ-ПЕТЕРБУРГ;43.39;12300;51516365
0274968562;11680529;2022;БАШКОРТОСТАН;68.32.1;12300;44587684
0274968562;11680529;2023;БАШКОРТОСТАН;68.32.1;12300;48780574
0274968562;11680529;2024;БАШКОРТОСТАН;68.32.1;12300;50904292
5917004044;10345419;2022;ПЕРМСКИЙ;47.73;12300;46316983
5917004044;10345419;2023;ПЕРМСКИЙ;47.73;12300;49467622
5917004044;10345419;2024;ПЕРМСКИЙ;47.73;12300;52678054
3329082073;9317766;2022;ВЛАДИМИРСКАЯ;41.20;12300;44604507
3329082073;9317766;2023;ВЛАДИМИРСКАЯ;41.20;12300;47927165
3329082073;9317766;2024;ВЛАДИМИРСКАЯ;41.20;12300;50851945
6950043613;9526317;2022;ТВЕРСКАЯ;52.29;12300;44428742
6950043613;9526317;2023;ТВЕРСКАЯ;52.29;12300;47436522
6950043613;9526317;2024;ТВЕРСКАЯ;52.29;12300;50581420
0411175631;9676994;2022;АЛТАЙ;69.10;12300;44334186
0411175631;9676994;2023;АЛТАЙ;69.10;12300;47473771
0411175631;9676994;2024;АЛТАЙ;49.41.1;12300;50595309
2460065321;4356084;2022;КРАСНОЯРСКИЙ;45.32;12300;44000082
2460065321;4356084;2023;КРАСНОЯРСКИЙ;45.32;12300;47522953
2460065321;4356084;2024;КРАСНОЯРСКИЙ;45.32;12300;50516287
4703006250;2097812;2022;ЛЕНИНГРАДСКАЯ;25.61;12267;45063204
4703006250;2097812;2023;ЛЕНИНГРАДСКАЯ;25.61;12267;47946146
4703006250;2097812;2024;ЛЕНИНГРАДСКАЯ;25.61;12267;50814116
5318009332;7595392;2022;НОВГОРОДСКАЯ;41.20;12300;45719232
5318009332;7595392;2023;НОВГОРОДСКАЯ;41.20;12300;48801838
5318009332;7595392;2024;НОВГОРОДСКАЯ;41.20;12300;51892216
4703178637;11421586;2022;ЛЕНИНГРАДСКАЯ;42.21;12300;46378979
4703178637;11421586;2023;ЛЕНИНГРАДСКАЯ;42.21;12300;49169277
4703178637;11421586;2024;ЛЕНИНГРАДСКАЯ;42.21;12300;52226950
3305052231;3837842;2022;ВЛАДИМИРСКАЯ;68.20.2;12300;44985078
3305052231;3837842;2023;ВЛАДИМИРСКАЯ;68.20.2;12300;48646771
3305052231;3837842;2024;ВЛАДИМИРСКАЯ;68.20.2;12300;51122077
5001089635;7442743;2022;МОСКОВСКАЯ;86.90.9;12300;46464365
5001089635;7442743;2023;МОСКОВСКАЯ;86.90.9;12300;49482577
5001089635;7442743;2024;МОСКОВСКАЯ;86.90.9;12300;52553750
5404186039;11440194;2022;НОВОСИБИРСКАЯ;86.21;12300;47098727
5404186039;11440194;2023;НОВОСИБИРСКАЯ;86.21;12300;47777120
5404186039;11440194;2024;НОВОСИБИРСКАЯ;86.21;12300;50861032
2901174486;4186817;2022;АРХАНГЕЛЬСКАЯ;43.12;12300;45050238
2901174486;4186817;2023;АРХАНГЕЛЬСКАЯ;43.12;12300;49341275
2901174486;4186817;2024;АРХАНГЕЛЬСКАЯ;43.12;12300;51268508
3329081129;9211021;2022;ВЛАДИМИРСКАЯ;49.42;12300;45834505
3329081129;9211021;2023;ВЛАДИМИРСКАЯ;49.42;12300;48902799
3329081129;9211021;2024;ВЛАДИМИРСКАЯ;49.42;12300;52233378
7604165625;3612325;2022;ЯРОСЛАВСКАЯ;25.7;12300;45880502
7604165625;3612325;2023;ЯРОСЛАВСКАЯ;25.7;12300;48510900
7604165625;3612325;2024;ЯРОСЛАВСКАЯ;25.7;12300;51911001
7204089225;3423246;2022;ТЮМЕНСКАЯ;47.11;12300;45654137
7204089225;3423246;2023;ТЮМЕНСКАЯ;46.69.5;12300;48736289
7204089225;3423246;2024;ТЮМЕНСКАЯ;46.73;12300;50742389
7805643575;8370779;2022;САНКТ-ПЕТЕРБУРГ;43.29;12300;44998790
7805643575;8370779;2023;САНКТ-ПЕТЕРБУРГ;43.29;12300;48076719
7805643575;8370779;2024;САНКТ-ПЕТЕРБУРГ;43.29;12300;50631044
4909114228;1649632;2022;МАГАДАНСКАЯ;52.29;12300;45113169
4909114228;1649632;2023;МАГАДАНСКАЯ;52.29;12300;48168670
4909114228;1649632;2024;МАГАДАНСКАЯ;52.29;12300;51772597
2901288934;10435001;2022;АРХАНГЕЛЬСКАЯ;49.41;12300;46399782
2901288934;10435001;2023;АРХАНГЕЛЬСКАЯ;49.41;12300;48585503
2901288934;10435001;2024;АРХАНГЕЛЬСКАЯ;49.41;12300;52214886
6025048527;9803610;2022;ПСКОВСКАЯ;86.23;12300;45859722
6025048527;9803610;2023;ПСКОВСКАЯ;86.23;12300;48034489
6025048527;9803610;2024;ПСКОВСКАЯ;86.23;12300;51069208
7328505020;1956391;2022;УЛЬЯНОВСКАЯ;56.10;12300;46011897
7328505020;1956391;2023;УЛЬЯНОВСКАЯ;56.10;12300;47535630
7328505020;1956391;2024;УЛЬЯНОВСКАЯ;56.10;12300;50245531
2309015207;6765564;2022;КРАСНОДАРСКИЙ;64.99.1;12267;46575434
2309015207;6765564;2023;КРАСНОДАРСКИЙ;64.99.11;12267;48143886
2309015207;6765564;2024;КРАСНОДАРСКИЙ;64.99.11;12267;51508481
5404469661;7712267;2022;НОВОСИБИРСКАЯ;71.12.4;12300;46272904
5404469661;7712267;2023;НОВОСИБИРСКАЯ;71.12.4;12300;49200405
5404469661;7712267;2024;НОВОСИБИРСКАЯ;71.12.4;12300;52472284
1101128496;3548702;2022;КОМИ;62.02;12300;46040681
1101128496;3548702;2023;КОМИ;62.02;12300;48432259
1101128496;3548702;2024;КОМИ;62.02;12300;51907064
5021014370;3778625;2022;МОСКВА;52.10;12300;45253911
5021014370;3778625;2023;МОСКВА;52.10;12300;48079799
5021014370;3778625;2024;МОСКВА;52.10;12300;51625898
3664235453;10669130;2022;ВОРОНЕЖСКАЯ;93.12;12300;45953022
3664235453;10669130;2023;ВОРОНЕЖСКАЯ;93.12;12300;49189514
3664235453;10669130;2024;ВОРОНЕЖСКАЯ;93.12;12300;52017645
2723197786;10460554;2022;ХАБАРОВСКИЙ;56.10.1;12300;45806763
2723197786;10460554;2023;ХАБАРОВСКИЙ;56.10.1;12300;49214036
2723197786;10460554;2024;ХАБАРОВСКИЙ;56.10.1;12300;51780598
4705035137;5267026;2022;ЛЕНИНГРАДСКАЯ;86.21;12300;45390303
4705035137;5267026;2023;ЛЕНИНГРАДСКАЯ;86.21;12300;47737685
4705035137;5267026;2024;ЛЕНИНГРАДСКАЯ;86.21;12300;50637518
6234007235;2041494;2022;РЯЗАНСКАЯ;49.41.2;12300;44887836
6234007235;2041494;2023;РЯЗАНСКАЯ;49.41.2;12300;48132691
6234007235;2041494;2024;РЯЗАНСКАЯ;49.41.2;12300;51475511
7404045514;1607353;2022;ЧЕЛЯБИНСКАЯ;64.91;12300;44320993
7404045514;1607353;2023;ЧЕЛЯБИНСКАЯ;64.91;12300;47513093
7404045514;1607353;2024;ЧЕЛЯБИНСКАЯ;64.91;12300;50624562
7839341300;4611272;2022;САНКТ-ПЕТЕРБУРГ;69.20.2;12300;46500771
7839341300;4611272;2023;САНКТ-ПЕТЕРБУРГ;69.20.2;12300;49776550
7839341300;4611272;2024;САНКТ-ПЕТЕРБУРГ;69.20.2;12300;52508428
3702073485;302479;2022;ИВАНОВСКАЯ;69.20;12300;44719003
3702073485;302479;2023;ИВАНОВСКАЯ;69.20;12300;48752068
3702073485;302479;2024;ИВАНОВСКАЯ;69.20;12300;50872704
7728860188;8169639;2022;МОСКВА;93.19;12300;46562565
7728860188;8169639;2023;МОСКВА;93.19;12300;49276759
7728860188;8169639;2024;МОСКВА;93.19;12300;50532955
6027198768;11073041;2022;ПСКОВСКАЯ;62.01;12300;45737988
6027198768;11073041;2023;ПСКОВСКАЯ;62.01;12300;48951549
6027198768;11073041;2024;ПСКОВСКАЯ;62.01;12300;51159321
2721170605;2391905;2022;ХАБАРОВСКИЙ;71.12;12300;45633091
2721170605;2391905;2023;ХАБАРОВСКИЙ;71.12;12300;48940062
2721170605;2391905;2024;ХАБАРОВСКИЙ;71.12;12300;52284469
7202257001;8223208;2022;ТЮМЕНСКАЯ;56.10;12300;44225783
7202257001;8223208;2023;ТЮМЕНСКАЯ;56.10;12300;47596342
7202257001;8223208;2024;ТЮМЕНСКАЯ;56.10;12300;51087848
6829109970;9189753;2022;ТАМБОВСКАЯ;46.34.1;12300;47099748
6829109970;9189753;2023;ТАМБОВСКАЯ;46.34.1;12300;49655834
6829109970;9189753;2024;ТАМБОВСКАЯ;46.34.1;12300;52217173
7810640435;10062843;2022;САНКТ-ПЕТЕРБУРГ;95.12;12300;46204730
7810640435;10062843;2023;САНКТ-ПЕТЕРБУРГ;95.12;12300;49237095
7810640435;10062843;2024;САНКТ-ПЕТЕРБУРГ;95.12;12300;52189654
0400015668;11467171;2022;АЛТАЙ;86.90.4;12300;46575357
0400015668;11467171;2023;АЛТАЙ;86.90.4;12300;48683192
0400015668;11467171;2024;АЛТАЙ;86.90.4;12300;50500216
9200008596;11771386;2022;СЕВАСТОПОЛЬ;62.09;12300;47151905
9200008596;11771386;2023;СЕВАСТОПОЛЬ;62.09;12300;48343685
9200008596;11771386;2024;СЕВАСТОПОЛЬ;62.09;12300;51904777
5321170564;8773913;2022;НОВГОРОДСКАЯ;56.10;12300;46368643
5321170564;8773913;2023;НОВГОРОДСКАЯ;56.10;12300;48381913
5321170564;8773913;2024;НОВГОРОДСКАЯ;56.10;12300;51931926
6453031897;6242310;2022;САРАТОВСКАЯ;62.01;12300;45745909
6453031897;6242310;2023;САРАТОВСКАЯ;62.01;12300;49580406
6453031897;6242310;2024;САРАТОВСКАЯ;62.01;12300;52239559
6027092610;2375691;2022;ПСКОВСКАЯ;43.3;12300;44031917
6027092610;2375691;2023;ПСКОВСКАЯ;41.2;12300;47217706
6027092610;2375691;2024;ПСКОВСКАЯ;41.2;12300;50183267
0277005520;6700207;2022;БАШКОРТОСТАН;22.29.2;12300;45624238
0277005520;6700207;2023;БАШКОРТОСТАН;22.29.2;12300;48778091
0277005520;6700207;2024;БАШКОРТОСТАН;22.29.2;12300;51573480
6019009008;3392437;2022;ПСКОВСКАЯ;28.1;12300;44256133
6019009008;3392437;2023;ПСКОВСКАЯ;28.1;12300;47444643
6019009008;3392437;2024;ПСКОВСКАЯ;28.1;12300;50197272
5501213094;5596577;2022;ОМСКАЯ;69.10;12300;45275579
5501213094;5596577;2023;ОМСКАЯ;69.10;12300;47273144
5501213094;5596577;2024;ОМСКАЯ;69.10;12300;51244345
4345516837;11807355;2022;КИРОВСКАЯ;01.61;12300;45901947
4345516837;11807355;2023;КИРОВСКАЯ;01.61;12300;47889100
4345516837;11807355;2024;КИРОВСКАЯ;01.61;12300;50909833
8603231852;10519035;2022;ХАНТЫ-МАНСИЙСКИЙ АВТОНОМНЫЙ ОКРУГ - ЮГРА;43.21;12300;46419681
8603231852;10519035;2023;ХАНТЫ-МАНСИЙСКИЙ АВТОНОМНЫЙ ОКРУГ - ЮГРА;43.21;12300;49507042
8603231852;10519035;2024;ХАНТЫ-МАНСИЙСКИЙ АВТОНОМНЫЙ ОКРУГ - ЮГРА;43.21;12300;52098798
4205191473;223081;2022;КЕМЕРОВСКАЯ ОБЛАСТЬ - КУЗБАСС;46.9;12300;44601293
4205191473;223081;2023;КЕМЕРОВСКАЯ ОБЛАСТЬ - КУЗБАСС;46.9;12300;48778599
4205191473;223081;2024;КЕМЕРОВСКАЯ ОБЛАСТЬ - КУЗБАСС;46.9;12300;50318400
7451226589;1616692;2022;ЧЕЛЯБИНСКАЯ;73.11;12300;46374773
7451226589;1616692;2023;ЧЕЛЯБИНСКАЯ;73.11;12300;49326677
7451226589;1616692;2024;ЧЕЛЯБИНСКАЯ;73.11;12300;51957410
2443000677;5123297;2022;ХАКАСИЯ;22.1;12300;45192152
2443000677;5123297;2023;ХАКАСИЯ;22.1;12300;48274165
2443000677;5123297;2024;ХАКАСИЯ;73.11;12300;51168017
7017389282;9509836;2022;ТОМСКАЯ;23.99.6;12300;45656738
7017389282;9509836;2023;ТОМСКАЯ;23.99.6;12300;48647896
7017389282;9509836;2024;ТОМСКАЯ;23.99.6;12300;50247142
9729306850;11560705;2022;МОСКВА;56.10;12300;45796206
9729306850;11560705;2023;МОСКВА;56.10;12300;47926057
9729306850;11560705;2024;МОСКВА;56.10;12300;50955946
7114503473;8881137;2022;ТУЛЬСКАЯ;46.73;12300;44899818
7114503473;8881137;2023;ТУЛЬСКАЯ;46.73;12300;48135178
7114503473;8881137;2024;ТУЛЬСКАЯ;46.73;12300;50692846
4406008456;11100141;2022;КОСТРОМСКАЯ;86.23;12300;45254524
4406008456;11100141;2023;КОСТРОМСКАЯ;86.23;12300;49103278
4406008456;11100141;2024;КОСТРОМСКАЯ;86.23;12300;50375671
2304065187;8248623;2022;КРАСНОДАРСКИЙ;71.20;12300;45742864
2304065187;8248623;2023;КРАСНОДАРСКИЙ;71.20;12300;49185607
2304065187;8248623;2024;КРАСНОДАРСКИЙ;71.20;12300;51371690
7725618453;5818420;2022;МОСКВА;49.31.21;12300;45294496
7725618453;5818420;2023;МОСКВА;49.31.21;12300;47708466
7725618453;5818420;2024;МОСКВА;49.31.21;12300;51195790
6163227626;11985982;2022;РОСТОВСКАЯ;70.22;12300;45969733
6163227626;11985982;2023;РОСТОВСКАЯ;70.22;12300;49132661
6163227626;11985982;2024;РОСТОВСКАЯ;70.22;12300;52417323
2005009586;8143967;2022;ЧЕЧЕНСКАЯ;47.8;12300;44281560
2005009586;8143967;2023;ЧЕЧЕНСКАЯ;47.8;12300;47507220
2005009586;8143967;2024;ЧЕЧЕНСКАЯ;47.8;12300;50530238
7724337805;9459351;2022;МОСКВА;46.73;12300;45435364
7724337805;9459351;2023;МОСКВА;46.73;12300;49507140
7724337805;9459351;2024;МОСКВА;46.73;12300;52434971
3729003975;1793259;2022;ИВАНОВСКАЯ;41.20;12300;46430718
3729003975;1793259;2023;ИВАНОВСКАЯ;41.20;12300;48568122
3729003975;1793259;2024;ИВАНОВСКАЯ;41.20;12300;52723878
1101114503;5138843;2022;КОМИ;62.0;12300;45830132
1101114503;5138843;2023;КОМИ;62.01;12300;49469406
1101114503;5138843;2024;КОМИ;62.01;12300;50936281
6325077751;11831544;2022;САМАРСКАЯ;45.20;12300;44439998
6325077751;11831544;2023;САМАРСКАЯ;45.20;12300;47743196
6325077751;11831544;2024;САМАРСКАЯ;45.20;12300;51332731
2130177482;9905732;2022;ЧУВАШСКАЯ РЕСПУБЛИКА -;56.10;12300;46417890
2130177482;9905732;2023;ЧУВАШСКАЯ РЕСПУБЛИКА -;56.10;12300;49190309
2130177482;9905732;2024;ЧУВАШСКАЯ РЕСПУБЛИКА -;56.10;12300;51675545
1659200733;11085635;2022;ТАТАРСТАН;46.73.6;12300;44729634
1659200733;11085635;2023;ТАТАРСТАН;46.73.6;12300;47694235
1659200733;11085635;2024;ТАТАРСТАН;46.73.6;12300;50301735
2801113289;5615064;2022;АМУРСКАЯ;25.99;12300;44781766
2801113289;5615064;2023;АМУРСКАЯ;25.99;12300;48701386
2801113289;5615064;2024;АМУРСКАЯ;25.99;12300;51280951
3711047724;10774812;2022;ИВАНОВСКАЯ;46.77;12300;46961162
3711047724;10774812;2023;ИВАНОВСКАЯ;46.77;12300;49352097
3711047724;10774812;2024;ИВАНОВСКАЯ;46.77;12300;51130347
8602167925;4444762;2022;ХАНТЫ-МАНСИЙСКИЙ АВТОНОМНЫЙ ОКРУГ - ЮГРА;47.30;12300;45013238
8602167925;4444762;2023;ХАНТЫ-МАНСИЙСКИЙ АВТОНОМНЫЙ ОКРУГ - ЮГРА;47.30;12300;49008582
8602167925;4444762;2024;ХАНТЫ-МАНСИЙСКИЙ АВТОНОМНЫЙ ОКРУГ - ЮГРА;47.30;12300;52157191
6714050343;11240776;2022;СМОЛЕНСКАЯ;49.41;12300;45447446
6714050343;11240776;2023;СМОЛЕНСКАЯ;49.41;12300;48821906
6714050343;11240776;2024;СМОЛЕНСКАЯ;49.41;12300;51003580
3015102466;8591632;2022;АСТРАХАНСКАЯ;41.20;12300;45952153
3015102466;8591632;2023;АСТРАХАНСКАЯ;41.20;12300;48967416
3015102466;8591632;2024;АСТРАХАНСКАЯ;41.20;12300;51692125
5321154763;1691515;2022;НОВГОРОДСКАЯ;73.11;12300;47159919
5321154763;1691515;2023;НОВГОРОДСКАЯ;73.11;12300;47627874
5321154763;1691515;2024;НОВГОРОДСКАЯ;73.11;12300;50356873
4632020947;2035788;2022;КУРСКАЯ;68.20.2;12300;44750673
4632020947;2035788;2023;КУРСКАЯ;68.20.2;12300;48191213
4632020947;2035788;2024;КУРСКАЯ;68.20.2;12300;50266811
9200005570;11658071;2022;СЕВАСТОПОЛЬ;70.22;12300;45589716
9200005570;11658071;2023;СЕВАСТОПОЛЬ;70.22;12300;48547173
9200005570;11658071;2024;СЕВАСТОПОЛЬ;70.22;12300;51316835
9102249191;10813391;2022;КРЫМ;42.11;12300;45490409
9102249191;10813391;2023;КРЫМ;42.11;12300;48816371
9102249191;10813391;2024;КРЫМ;42.11;12300;52808097
8602027580;3831151;2022;ХАНТЫ-МАНСИЙСКИЙ АВТОНОМНЫЙ ОКРУГ - ЮГРА;71.11.1;12300;44759559
8602027580;3831151;2023;ХАНТЫ-МАНСИЙСКИЙ АВТОНОМНЫЙ ОКРУГ - ЮГРА;71.11.1;12300;48306155
8602027580;3831151;2024;ХАНТЫ-МАНСИЙСКИЙ АВТОНОМНЫЙ ОКРУГ - ЮГРА;71.11.1;12300;51037129
1513054317;9211860;2022;СЕВЕРНАЯ ОСЕТИЯ - АЛАНИЯ;71.11;12300;47049922
1513054317;9211860;2023;СЕВЕРНАЯ ОСЕТИЯ - АЛАНИЯ;71.11;12300;48844271
1513054317;9211860;2024;СЕВЕРНАЯ ОСЕТИЯ - АЛАНИЯ;71.11;12300;51507723
9102035129;8916591;2022;КРЫМ;86.23;12300;44135191
9102035129;8916591;2023;КРЫМ;86.23;12300;49385696
9102035129;8916591;2024;КРЫМ;86.23;12300;51906810
3435021717;594994;2022;ВОЛГОГРАДСКАЯ;47.11.2;12300;44271459
3435021717;594994;2023;ВОЛГОГРАДСКАЯ;47.11.2;12300;49053506
3435021717;594994;2024;ВОЛГОГРАДСКАЯ;47.11.2;12300;51851185
0107035013;11098657;2022;АДЫГЕЯ;86.90;12300;44056636
0107035013;11098657;2023;АДЫГЕЯ;86.90;12300;48124612
0107035013;11098657;2024;АДЫГЕЯ;86.90;12300;50644829
9729186783;10482666;2022;МОСКВА;46.76.1;12300;44292642
9729186783;10482666;2023;МОСКВА;46.76.1;12300;47831388
9729186783;10482666;2024;МОСКВА;46.76.1;12300;50392907
4501218580;10549660;2022;КУРГАНСКАЯ;69.10;12300;46008574
4501218580;10549660;2023;КУРГАНСКАЯ;69.10;12300;49202033
4501218580;10549660;2024;КУРГАНСКАЯ;69.10;12300;51699219
9721163424;11836421;2022;МОСКВА;73.11;12300;44282399
9721163424;11836421;2023;МОСКВА;73.11;12300;47361766
9721163424;11836421;2024;МОСКВА;73.11;12300;50309272
2721244007;11135123;2022;ХАБАРОВСКИЙ;69.10;12300;47019532
2721244007;11135123;2023;ХАБАРОВСКИЙ;69.10;12300;48689959
2721244007;11135123;2024;ХАБАРОВСКИЙ;69.10;12300;50780124
7505008653;10354429;2022;ЗАБАЙКАЛЬСКИЙ;70.22;12300;45607725
7505008653;10354429;2023;ЗАБАЙКАЛЬСКИЙ;70.22;12300;49505250
7505008653;10354429;2024;ЗАБАЙКАЛЬСКИЙ;70.22;12300;52269753
4205376925;10903806;2022;КЕМЕРОВСКАЯ ОБЛАСТЬ - КУЗБАСС;43.32;12300;45192104
4205376925;10903806;2023;КЕМЕРОВСКАЯ ОБЛАСТЬ - КУЗБАСС;43.32;12300;48005142
4205376925;10903806;2024;КЕМЕРОВСКАЯ ОБЛАСТЬ - КУЗБАСС;43.32;12300;50884954
0105083928;11696460;2022;АДЫГЕЯ;71.12.53;12300;46054395
0105083928;11696460;2023;АДЫГЕЯ;71.12.53;12300;48536271
0105083928;11696460;2024;АДЫГЕЯ;71.12.53;12300;51203770
3901003429;5781197;2022;КАЛИНИНГРАДСКАЯ;52.24;12300;45779420
3901003429;5781197;2023;КАЛИНИНГРАДСКАЯ;52.24;12300;48739000
3901003429;5781197;2024;КАЛИНИНГРАДСКАЯ;52.24;12300;51253197
2703092859;10051704;2022;ХАБАРОВСКИЙ;68.20.2;12300;45504589
2703092859;10051704;2023;ХАБАРОВСКИЙ;68.20.2;12300;48886020
2703092859;10051704;2024;ХАБАРОВСКИЙ;68.20.2;12300;51563682
7705713998;2992066;2022;МОСКВА;46.71.1;12300;44604895
7705713998;2992066;2023;МОСКВА;46.71.1;12300;48365567
7705713998;2992066;2024;МОСКВА;46.71.1;12300;51506316
5609064634;1508520;2022;ОРЕНБУРГСКАЯ;70.22;12300;44903332
5609064634;1508520;2023;ОРЕНБУРГСКАЯ;70.22;12300;47841023
5609064634;1508520;2024;ОРЕНБУРГСКАЯ;70.22;12300;52667074
6316177661;7369160;2022;САМАРСКАЯ;43.21;12300;46047078
6316177661;7369160;2023;САМАРСКАЯ;41.2;12300;48773863
6316177661;7369160;2024;САМАРСКАЯ;41.2;12300;50749126
5406782654;8544483;2022;НОВОСИБИРСКАЯ;43.21;12300;46275275
5406782654;8544483;2023;НОВОСИБИРСКАЯ;43.21;12300;48888075
5406782654;8544483;2024;НОВОСИБИРСКАЯ;43.21;12300;50754222
7802822625;7862922;2022;САНКТ-ПЕТЕРБУРГ;46.32;12300;45441748
7802822625;7862922;2023;САНКТ-ПЕТЕРБУРГ;46.32;12300;48229569
7802822625;7862922;2024;САНКТ-ПЕТЕРБУРГ;46.32;12300;51546100
9715421476;11873690;2022;МОСКВА;43.22;12300;44281593
9715421476;11873690;2023;МОСКВА;43.22;12300;47712965
9715421476;11873690;2024;МОСКВА;43.22;12300;50615242
2320145070;6206329;2022;КРАСНОДАРСКИЙ;56.10;12300;44632059
2320145070;6206329;2023;КРАСНОДАРСКИЙ;56.10;12300;47435581
2320145070;6206329;2024;КРАСНОДАРСКИЙ;56.10;12300;50357368
7814760003;11046167;2022;САНКТ-ПЕТЕРБУРГ;41.20;12300;44756067
7814760003;11046167;2023;САНКТ-ПЕТЕРБУРГ;41.20;12300;49605189
7814760003;11046167;2024;САНКТ-ПЕТЕРБУРГ;45.32;12300;52544573
7708371037;11233234;2022;МОСКВА;68.10;12300;46336541
7708371037;11233234;2023;МОСКВА;68.10;12300;49259683
7708371037;11233234;2024;МОСКВА;68.10;12300;52353520
2626034458;1152061;2022;СТАВРОПОЛЬСКИЙ;45.20;12300;45590547
2626034458;1152061;2023;СТАВРОПОЛЬСКИЙ;49.31;12300;49039330
2626034458;1152061;2024;СТАВРОПОЛЬСКИЙ;49.31;12300;52205856
2724137910;900288;2022;ХАБАРОВСКИЙ;70.22;12300;44556252
2724137910;900288;2023;ХАБАРОВСКИЙ;70.22;12300;48396743
2724137910;900288;2024;ХАБАРОВСКИЙ;70.22;12300;51423790
0245968991;11883576;2022;БАШКОРТОСТАН;33.12;12300;45541379
0245968991;11883576;2023;БАШКОРТОСТАН;46.61;12300;48820601
0245968991;11883576;2024;БАШКОРТОСТАН;46.61.1;12300;52415892
4501189940;8209352;2022;КУРГАНСКАЯ;62.02;12300;45295104
4501189940;8209352;2023;КУРГАНСКАЯ;62.02;12300;48400969
4501189940;8209352;2024;КУРГАНСКАЯ;62.02;12300;51857359
6950206427;10211041;2022;ТВЕРСКАЯ;25.99;12300;46471962
6950206427;10211041;2023;ТВЕРСКАЯ;25.99;12300;49700317
6950206427;10211041;2024;ТВЕРСКАЯ;25.99;12300;52188433
1328011157;9295877;2022;МОРДОВИЯ;71.1;12300;46110872
1328011157;9295877;2023;МОРДОВИЯ;71.1;12300;49132038
1328011157;9295877;2024;МОРДОВИЯ;71.12;12300;52090845
2901239711;8071786;2022;АРХАНГЕЛЬСКАЯ;93.29.9;12300;45613837
2901239711;8071786;2023;АРХАНГЕЛЬСКАЯ;93.29.9;12300;48415757
2901239711;8071786;2024;АРХАНГЕЛЬСКАЯ;93.29.9;12300;50434880
6165196451;9448130;2022;РОСТОВСКАЯ;46.21.19;12300;44753821
6165196451;9448130;2023;РОСТОВСКАЯ;46.21.19;12300;48807258
6165196451;9448130;2024;РОСТОВСКАЯ;52.10;12300;51289940
6729024882;4615934;2022;СМОЛЕНСКАЯ;41.20;12300;44500537
6729024882;4615934;2023;СМОЛЕНСКАЯ;41.20;12300;47504157
6729024882;4615934;2024;СМОЛЕНСКАЯ;10.89.8;12300;50856259
6722034017;10987669;2022;СМОЛЕНСКАЯ;52.10;12300;44338746
6722034017;10987669;2023;СМОЛЕНСКАЯ;52.10;12300;47830260
6722034017;10987669;2024;СМОЛЕНСКАЯ;52.10;12300;50371574
5190090400;11795912;2022;МУРМАНСКАЯ;49.42;12300;44591352
5190090400;11795912;2023;МУРМАНСКАЯ;49.42;12300;47193889
5190090400;11795912;2024;МУРМАНСКАЯ;49.42;12300;50367937
2116001825;7944361;2022;ЧУВАШСКАЯ РЕСПУБЛИКА -;71.20;12300;46519897
2116001825;7944361;2023;ЧУВАШСКАЯ РЕСПУБЛИКА -;71.20;12300;49806543
2116001825;7944361;2024;ЧУВАШСКАЯ РЕСПУБЛИКА -;71.20;12300;52588131
4824097661;11054328;2022;ЛИПЕЦКАЯ;49.41;12300;46208226
4824097661;11054328;2023;ЛИПЕЦКАЯ;49.41;12300;49065802
4824097661;11054328;2024;ЛИПЕЦКАЯ;49.41;12300;51682024
3126020219;10285351;2022;БЕЛГОРОДСКАЯ;68.32.1;12300;46984106
3126020219;10285351;2023;БЕЛГОРОДСКАЯ;68.32.1;12300;48124514
3126020219;10285351;2024;БЕЛГОРОДСКАЯ;68.32.1;12300;50080358
3711046914;10554651;2022;ИВАНОВСКАЯ;69.10;12300;45947223
3711046914;10554651;2023;ИВАНОВСКАЯ;69.10;12300;48972559
3711046914;10554651;2024;ИВАНОВСКАЯ;69.10;12300;51099074
1901134058;10165346;2022;ХАКАСИЯ;43.33;12300;47056748
1901134058;10165346;2023;ХАКАСИЯ;43.33;12300;48337960
1901134058;10165346;2024;ХАКАСИЯ;43.33;12300;51438421
7303019853;7009136;2022;УЛЬЯНОВСКАЯ;56.10;12300;45412108
7303019853;7009136;2023;УЛЬЯНОВСКАЯ;56.10;12300;49375782
7303019853;7009136;2024;УЛЬЯНОВСКАЯ;56.10;12300;52235778
8622027316;11695136;2022;ХАНТЫ-МАНСИЙСКИЙ АВТОНОМНЫЙ ОКРУГ - ЮГРА;42.21;12300;46651935
8622027316;11695136;2023;ХАНТЫ-МАНСИЙСКИЙ АВТОНОМНЫЙ ОКРУГ - ЮГРА;42.21;12300;48306980
8622027316;11695136;2024;ХАНТЫ-МАНСИЙСКИЙ АВТОНОМНЫЙ ОКРУГ - ЮГРА;42.21;12300;50839466
4632249536;10884231;2022;КУРСКАЯ;46.41;12300;45164793
4632249536;10884231;2023;КУРСКАЯ;46.41;12300;47447298
4632249536;10884231;2024;КУРСКАЯ;46.41;12300;50416942
0277041409;3233277;2022;БАШКОРТОСТАН;79.11;12300;45036246
0277041409;3233277;2023;БАШКОРТОСТАН;79.11;12300;48540017
0277041409;3233277;2024;БАШКОРТОСТАН;79.11;12300;52104747
0276935040;10761527;2022;БАШКОРТОСТАН;41.20;12300;45337103
0276935040;10761527;2023;БАШКОРТОСТАН;41.20;12300;47984586
0276935040;10761527;2024;БАШКОРТОСТАН;41.20;12300;50542396
5610011394;6923856;2022;ОРЕНБУРГСКАЯ;68.20.2;12300;45209156
5610011394;6923856;2023;ОРЕНБУРГСКАЯ;68.20.2;12300;48585937
5610011394;6923856;2024;ОРЕНБУРГСКАЯ;68.20.2;12300;52802060
5031123210;10005600;2022;МОСКОВСКАЯ;41.20;12300;46198786
5031123210;10005600;2023;МОСКОВСКАЯ;41.20;12300;49337976
5031123210;10005600;2024;МОСКОВСКАЯ;41.20;12300;51839448
5036172605;10750163;2022;МОСКОВСКАЯ;86.23;12300;46113141
5036172605;10750163;2023;МОСКОВСКАЯ;86.23;12300;48008274
5036172605;10750163;2024;МОСКОВСКАЯ;86.23;12300;51100504
8617014209;6681886;2022;ХАНТЫ-МАНСИЙСКИЙ АВТОНОМНЫЙ ОКРУГ - ЮГРА;42.21;12300;47032956
8617014209;6681886;2023;ХАНТЫ-МАНСИЙСКИЙ АВТОНОМНЫЙ ОКРУГ - ЮГРА;42.21;12300;49897555
8617014209;6681886;2024;ХАНТЫ-МАНСИЙСКИЙ АВТОНОМНЫЙ ОКРУГ - ЮГРА;42.21;12300;52295615
5321132833;1707887;2022;НОВГОРОДСКАЯ;74.3;12300;45605740
5321132833;1707887;2023;НОВГОРОДСКАЯ;74.3;12300;48594311
5321132833;1707887;2024;НОВГОРОДСКАЯ;52.21.11;12300;51450133
5320013061;2249432;2022;НОВГОРОДСКАЯ;73.20.1;12300;45084057
5320013061;2249432;2023;НОВГОРОДСКАЯ;73.20.1;12300;47243389
5320013061;2249432;2024;НОВГОРОДСКАЯ;73.20.1;12300;50111837
2006000970;6396008;2022;ЧЕЧЕНСКАЯ;41.20;12300;44528707
2006000970;6396008;2023;ЧЕЧЕНСКАЯ;41.20;12300;47328105
2006000970;6396008;2024;ЧЕЧЕНСКАЯ;41.20;12300;50469075
6321181134;826240;2022;САМАРСКАЯ;68.20;12300;44927625
6321181134;826240;2023;САМАРСКАЯ;68.20;12300;47711129
6321181134;826240;2024;САМАРСКАЯ;68.20;12300;50857269
7743277975;10815315;2022;МОСКВА;43.31;12300;45337988
7743277975;10815315;2023;МОСКВА;43.31;12300;48565262
7743277975;10815315;2024;МОСКВА;43.31;12300;51762601
6165167203;4246647;2022;ДАГЕСТАН;43.91;12300;45687386
6165167203;4246647;2023;ДАГЕСТАН;43.91;12300;49880029
6165167203;4246647;2024;ДАГЕСТАН;43.91;12300;52816544
6453149909;10081398;2022;САРАТОВСКАЯ;45.31;12300;45534795
6453149909;10081398;2023;САРАТОВСКАЯ;45.31;12300;48903742
6453149909;10081398;2024;САРАТОВСКАЯ;45.31;12300;51621105
1001164934;959393;2022;КАРЕЛИЯ;52.21.2;12300;44928136
1001164934;959393;2023;КАРЕЛИЯ;52.21.2;12300;47935650
1001164934;959393;2024;КАРЕЛИЯ;52.21.2;12300;50913533
5044078540;5272844;2022;МОСКОВСКАЯ;47.52.73;12300;44210702
5044078540;5272844;2023;МОСКОВСКАЯ;47.52.73;12300;47551752
5044078540;5272844;2024;МОСКОВСКАЯ;47.52.73;12300;50428670
7811445050;318417;2022;САНКТ-ПЕТЕРБУРГ;62.01;12300;46042083
7811445050;318417;2023;САНКТ-ПЕТЕРБУРГ;62.01;12300;47898187
7811445050;318417;2024;САНКТ-ПЕТЕРБУРГ;62.01;12300;50669874
7811747597;11322107;2022;САНКТ-ПЕТЕРБУРГ;46.75.1;12300;45226731
7811747597;11322107;2023;САНКТ-ПЕТЕРБУРГ;46.75.1;12300;47404965
7811747597;11322107;2024;САНКТ-ПЕТЕРБУРГ;46.75.1;12300;51239350
9102218877;9944807;2022;КРЫМ;52.29;12300;45153837
9102218877;9944807;2023;КРЫМ;52.29;12300;48950047
9102218877;9944807;2024;КРЫМ;52.29;12300;51720252
7329025844;10399393;2022;УЛЬЯНОВСКАЯ;46.33;12300;45680108
7329025844;10399393;2023;УЛЬЯНОВСКАЯ;46.33;12300;48166327
7329025844;10399393;2024;УЛЬЯНОВСКАЯ;46.33;12300;51767012
9408000035;12003347;2022;ЛУГАНСКАЯ НАРОДНАЯ;68.20;12300;45141019
9408000035;12003347;2023;ЛУГАНСКАЯ НАРОДНАЯ;47.11;12300;48074327
9408000035;12003347;2024;ЛУГАНСКАЯ НАРОДНАЯ;47.11;12300;52635008
2607009505;5394204;2022;СТАВРОПОЛЬСКИЙ;70.22;12300;44151652
2607009505;5394204;2023;СТАВРОПОЛЬСКИЙ;70.22;12300;47854755
2607009505;5394204;2024;СТАВРОПОЛЬСКИЙ;70.22;12300;50521322
5507279983;11423370;2022;ОМСКАЯ;73.11;12300;44122108
5507279983;11423370;2023;ОМСКАЯ;73.11;12300;49743233
5507279983;11423370;2024;ОМСКАЯ;73.11;12300;50465317
6500004660;11905463;2022;САХАЛИНСКАЯ;25.11;12300;44771227
6500004660;11905463;2023;САХАЛИНСКАЯ;25.11;12300;47607371
6500004660;11905463;2024;САХАЛИНСКАЯ;25.11;12300;51612641
7536162574;9994004;2022;ЗАБАЙКАЛЬСКИЙ;93.13;12300;45612833
7536162574;9994004;2023;ЗАБАЙКАЛЬСКИЙ;93.13;12300;48626192
7536162574;9994004;2024;ЗАБАЙКАЛЬСКИЙ;93.13;12300;51572320
3702098754;6115870;2022;ИВАНОВСКАЯ;86.23;12300;44769251
3702098754;6115870;2023;ИВАНОВСКАЯ;86.23;12300;47797219
3702098754;6115870;2024;ИВАНОВСКАЯ;86.23;12300;52469555
4632213829;9678920;2022;КУРСКАЯ;47.59;12300;44996378
4632213829;9678920;2023;КУРСКАЯ;47.59;12300;48088090
4632213829;9678920;2024;КУРСКАЯ;47.59;12300;50593023
7203377118;9674559;2022;ТЮМЕНСКАЯ;46.73;12300;44065642
7203377118;9674559;2023;ТЮМЕНСКАЯ;46.73;12300;47307705
7203377118;9674559;2024;ТЮМЕНСКАЯ;46.73;12300;51493260
1435161453;1594614;2022;САХА /ЯКУТИЯ/;47.11;12300;45559835
1435161453;1594614;2023;САХА /ЯКУТИЯ/;47.11;12300;48644890
1435161453;1594614;2024;САХА /ЯКУТИЯ/;47.11;12300;52111525
6671355179;4964455;2022;СВЕРДЛОВСКАЯ;86.23;12300;45755027
6671355179;4964455;2023;СВЕРДЛОВСКАЯ;86.23;12300;49709949
6671355179;4964455;2024;СВЕРДЛОВСКАЯ;86.23;12300;52025434
0708011539;5569394;2022;КАБАРДИНО-БАЛКАРСКАЯ;47.78.6;12300;45056582
0708011539;5569394;2023;КАБАРДИНО-БАЛКАРСКАЯ;47.78.6;12300;48011760
0708011539;5569394;2024;КАБАРДИНО-БАЛКАРСКАЯ;47.78.6;12300;51247486
4824008333;9224281;2022;ЛИПЕЦКАЯ;70.22;12300;44577337
4824008333;9224281;2023;ЛИПЕЦКАЯ;70.22;12300;47911786
4824008333;9224281;2024;ЛИПЕЦКАЯ;70.22;12300;50700096
1001265820;7628405;2022;КАРЕЛИЯ;70.22;12300;45084035
1001265820;7628405;2023;КАРЕЛИЯ;70.22;12300;48941089
1001265820;7628405;2024;КАРЕЛИЯ;70.22;12300;50284622
2301097906;10804400;2022;КРАСНОДАРСКИЙ;33.12;12300;45082276
2301097906;10804400;2023;КРАСНОДАРСКИЙ;33.12;12300;48853747
2301097906;10804400;2024;КРАСНОДАРСКИЙ;33.12;12300;50545764
5404321714;2631428;2022;НОВОСИБИРСКАЯ;71.11.1;12300;46006400
5404321714;2631428;2023;НОВОСИБИРСКАЯ;71.11.1;12300;49261211
5404321714;2631428;2024;НОВОСИБИРСКАЯ;71.11.1;12300;52360260
1658103053;5198468;2022;ТАТАРСТАН;47.74;12300;45764920
1658103053;5198468;2023;ТАТАРСТАН;47.74;12300;48706736
1658103053;5198468;2024;ТАТАРСТАН;47.74;12300;51900854
3305801995;11662946;2022;ВЛАДИМИРСКАЯ;56.10;12300;46012994
3305801995;11662946;2023;ВЛАДИМИРСКАЯ;56.10;12300;49667193
3305801995;11662946;2024;ВЛАДИМИРСКАЯ;56.10;12300;52490104
2632103773;9577406;2022;СТАВРОПОЛЬСКИЙ;42.21;12300;45154137
2632103773;9577406;2023;СТАВРОПОЛЬСКИЙ;42.21;12300;48758539
2632103773;9577406;2024;СТАВРОПОЛЬСКИЙ;42.21;12300;51667611
3255508156;3016645;2022;БРЯНСКАЯ;82.99;12300;46312505
3255508156;3016645;2023;БРЯНСКАЯ;62.01;12300;49480985
3255508156;3016645;2024;БРЯНСКАЯ;62.01;12300;52676601
5018072950;5929092;2022;МОСКОВСКАЯ;72.19.9;12300;44440030
5018072950;5929092;2023;МОСКОВСКАЯ;72.19;12300;47874613
5018072950;5929092;2024;МОСКОВСКАЯ;72.19;12300;50684550
4826072817;209911;2022;ЛИПЕЦКАЯ;73.11;12300;46214686
4826072817;209911;2023;ЛИПЕЦКАЯ;73.11;12300;49349771
4826072817;209911;2024;ЛИПЕЦКАЯ;73.11;12300;51497551
6658490161;9864869;2022;СВЕРДЛОВСКАЯ;62.01;12300;45276429
6658490161;9864869;2023;СВЕРДЛОВСКАЯ;62.01;12300;48105554
6658490161;9864869;2024;СВЕРДЛОВСКАЯ;62.01;12300;51191832
6102026947;1450831;2022;РОСТОВСКАЯ;45.31.1;12300;46333844
6102026947;1450831;2023;РОСТОВСКАЯ;45.31.1;12300;49709047
6102026947;1450831;2024;РОСТОВСКАЯ;45.31.1;12300;52607641
6453149673;10068405;2022;САРАТОВСКАЯ;45.20;12300;44808659
6453149673;10068405;2023;САРАТОВСКАЯ;45.20;12300;48356950
6453149673;10068405;2024;САРАТОВСКАЯ;45.20;12300;52621966
0274932943;10472956;2022;БАШКОРТОСТАН;93.19;12300;46222296
0274932943;10472956;2023;БАШКОРТОСТАН;93.19;12300;49622131
0274932943;10472956;2024;БАШКОРТОСТАН;93.19;12300;49601380
7718904020;7444047;2022;КРАСНОДАРСКИЙ;80.10;12300;46644397
7718904020;7444047;2023;КРАСНОДАРСКИЙ;80.10;12300;49276655
7718904020;7444047;2024;КРАСНОДАРСКИЙ;43.21;12300;52392761
0323413541;11313538;2022;БУРЯТИЯ;23.32;12300;46261849
0323413541;11313538;2023;БУРЯТИЯ;23.32;12300;49463566
0323413541;11313538;2024;БУРЯТИЯ;23.32;12300;52439876
4253041090;10539070;2022;КЕМЕРОВСКАЯ ОБЛАСТЬ - КУЗБАСС;71.20;12300;46406952
4253041090;10539070;2023;КЕМЕРОВСКАЯ ОБЛАСТЬ - КУЗБАСС;71.20;12300;49433494
4253041090;10539070;2024;КЕМЕРОВСКАЯ ОБЛАСТЬ - КУЗБАСС;71.20;12300;52385307
1215230870;11193006;2022;МАРИЙ ЭЛ;46.21;12300;44007439
1215230870;11193006;2023;МАРИЙ ЭЛ;46.21;12300;47265083
1215230870;11193006;2024;МАРИЙ ЭЛ;46.21;12300;50094611
3906395882;11430675;2022;КАЛИНИНГРАДСКАЯ;46.75;12300;44466421
3906395882;11430675;2023;КАЛИНИНГРАДСКАЯ;46.75;12300;47952278
3906395882;11430675;2024;КАЛИНИНГРАДСКАЯ;46.75;12300;51564533
3327147487;11582447;2022;ВЛАДИМИРСКАЯ;46.13;12300;44484967
3327147487;11582447;2023;ВЛАДИМИРСКАЯ;46.13;12300;47608780
3327147487;11582447;2024;ВЛАДИМИРСКАЯ;46.13;12300;50543660
3444259603;9814835;2022;ВОЛГОГРАДСКАЯ;49.41;12300;46320710
3444259603;9814835;2023;ВОЛГОГРАДСКАЯ;49.41;12300;49414396
3444259603;9814835;2024;ВОЛГОГРАДСКАЯ;49.41;12300;51500460
5905068903;11629747;2022;ТАТАРСТАН;62.01;12300;47051141
5905068903;11629747;2023;ТАТАРСТАН;62.01;12300;49610014
5905068903;11629747;2024;ТАТАРСТАН;62.01;12300;52397154
3525388004;9954497;2022;ВОЛОГОДСКАЯ;46.13;12300;44557506
3525388004;9954497;2023;ВОЛОГОДСКАЯ;46.13;12300;47781020
3525388004;9954497;2024;ВОЛОГОДСКАЯ;46.13;12300;50610428
0274949175;11128204;2022;БАШКОРТОСТАН;41.20;12300;46182193
0274949175;11128204;2023;БАШКОРТОСТАН;41.20;12300;47979051
0274949175;11128204;2024;БАШКОРТОСТАН;41.20;12300;51860309
3128078609;820831;2022;БЕЛГОРОДСКАЯ;71.20;12300;45487443
3128078609;820831;2023;БЕЛГОРОДСКАЯ;71.20;12300;48511730
3128078609;820831;2024;БЕЛГОРОДСКАЯ;71.20;12300;51355770
4825095120;8053455;2022;ЛИПЕЦКАЯ;93.13;12300;45612454
4825095120;8053455;2023;ЛИПЕЦКАЯ;93.13;12300;49846532
4825095120;8053455;2024;ЛИПЕЦКАЯ;93.13;12300;51297972
7604373150;11505993;2022;ЯРОСЛАВСКАЯ;71.11;12300;45283431
7604373150;11505993;2023;ЯРОСЛАВСКАЯ;71.11;12300;49980138
7604373150;11505993;2024;ЯРОСЛАВСКАЯ;71.11;12300;51490110
4501222890;10940990;2022;КУРГАНСКАЯ;47.30;12300;44176444
4501222890;10940990;2023;КУРГАНСКАЯ;47.30;12300;47400715
4501222890;10940990;2024;КУРГАНСКАЯ;47.30;12300;50533952
4632265513;11289896;2022;КУРСКАЯ;71.11;12300;45063814
4632265513;11289896;2023;КУРСКАЯ;71.11;12300;49020132
4632265513;11289896;2024;КУРСКАЯ;71.11;12300;52088830
7328108512;11542232;2022;УЛЬЯНОВСКАЯ;73.11;12300;45438326
7328108512;11542232;2023;УЛЬЯНОВСКАЯ;73.11;12300;48647528
7328108512;11542232;2024;УЛЬЯНОВСКАЯ;73.11;12300;52164970
4238015032;5776243;2022;КЕМЕРОВСКАЯ ОБЛАСТЬ - КУЗБАСС;35.30.14;12300;45693867
4238015032;5776243;2023;КЕМЕРОВСКАЯ ОБЛАСТЬ - КУЗБАСС;35.30.14;12300;49021093
4238015032;5776243;2024;КЕМЕРОВСКАЯ ОБЛАСТЬ - КУЗБАСС;35.30.14;12300;50890448
4616006832;787532;2022;КУРСКАЯ;62.02;12300;46056236
4616006832;787532;2023;КУРСКАЯ;62.02;12300;48750886
4616006832;787532;2024;КУРСКАЯ;62.02;12300;51923073
8602297963;11347848;2022;ХАНТЫ-МАНСИЙСКИЙ АВТОНОМНЫЙ ОКРУГ - ЮГРА;45.31;12300;44976985
8602297963;11347848;2023;ХАНТЫ-МАНСИЙСКИЙ АВТОНОМНЫЙ ОКРУГ - ЮГРА;45.31;12300;48212763
8602297963;11347848;2024;ХАНТЫ-МАНСИЙСКИЙ АВТОНОМНЫЙ ОКРУГ - ЮГРА;45.31;12300;50691569
9201010044;8925412;2022;СЕВАСТОПОЛЬ;86.23;12300;44419751
9201010044;8925412;2023;СЕВАСТОПОЛЬ;86.23;12300;47995437
9201010044;8925412;2024;СЕВАСТОПОЛЬ;86.23;12300;51752035
3851018145;9917340;2022;ИРКУТСКАЯ;41.20;12300;45117580
3851018145;9917340;2023;ИРКУТСКАЯ;41.20;12300;47803516
3851018145;9917340;2024;ИРКУТСКАЯ;41.20;12300;51581574
3528213806;8482410;2022;ВОЛОГОДСКАЯ;52.29;12300;46488105
3528213806;8482410;2023;ВОЛОГОДСКАЯ;52.29;12300;49655567
3528213806;8482410;2024;ВОЛОГОДСКАЯ;52.29;12300;52429897
5836678119;9810561;2022;ПЕНЗЕНСКАЯ;25.94;12300;47099671
5836678119;9810561;2023;ПЕНЗЕНСКАЯ;25.94;12300;48943852
5836678119;9810561;2024;ПЕНЗЕНСКАЯ;25.94;12300;52034242
1501031629;6751014;2022;СЕВЕРНАЯ ОСЕТИЯ - АЛАНИЯ;47.2;12300;45011708
1501031629;6751014;2023;СЕВЕРНАЯ ОСЕТИЯ - АЛАНИЯ;47.2;12300;48376257
1501031629;6751014;2024;СЕВЕРНАЯ ОСЕТИЯ - АЛАНИЯ;47.2;12300;51250580
2543160152;11672002;2022;ПРИМОРСКИЙ;33.17;12300;45470102
2543160152;11672002;2023;ПРИМОРСКИЙ;33.17;12300;47324619
2543160152;11672002;2024;ПРИМОРСКИЙ;41.20;12300;50190701
6141048800;9415848;2022;РОСТОВСКАЯ;33.15;12300;45138824
6141048800;9415848;2023;РОСТОВСКАЯ;33.15;12300;48278120
6141048800;9415848;2024;РОСТОВСКАЯ;33.15;12300;52641426
7203432520;10416903;2022;ТЮМЕНСКАЯ;42.21;12300;44723122
7203432520;10416903;2023;ТЮМЕНСКАЯ;42.21;12300;48292136
7203432520;10416903;2024;ТЮМЕНСКАЯ;42.21;12300;51185727
7522004955;11476802;2022;ЗАБАЙКАЛЬСКИЙ;70.22;12300;45856689
7522004955;11476802;2023;ЗАБАЙКАЛЬСКИЙ;70.22;12300;49212735
7522004955;11476802;2024;ЗАБАЙКАЛЬСКИЙ;46.49.49;12300;52236193
3702169821;10066047;2022;ИВАНОВСКАЯ;73.11;12300;44499217
3702169821;10066047;2023;ИВАНОВСКАЯ;73.11;12300;47468714
3702169821;10066047;2024;ИВАНОВСКАЯ;73.11;12300;50369142
8620013580;7387031;2022;ХАНТЫ-МАНСИЙСКИЙ АВТОНОМНЫЙ ОКРУГ - ЮГРА;02.20;12300;44973984
8620013580;7387031;2023;ХАНТЫ-МАНСИЙСКИЙ АВТОНОМНЫЙ ОКРУГ - ЮГРА;01.70;12300;48320029
8620013580;7387031;2024;ХАНТЫ-МАНСИЙСКИЙ АВТОНОМНЫЙ ОКРУГ - ЮГРА;01.70;12300;51490162
4345259266;404726;2022;КИРОВСКАЯ;25.62;12300;46395751
4345259266;404726;2023;КИРОВСКАЯ;25.62;12300;49173238
4345259266;404726;2024;КИРОВСКАЯ;25.62;12300;52126522
3702219896;11038648;2022;ИВАНОВСКАЯ;52.29;12300;45622837
3702219896;11038648;2023;ИВАНОВСКАЯ;52.29;12300;48015754
3702219896;11038648;2024;ИВАНОВСКАЯ;52.29;12300;50280631
3025028797;9942336;2022;АСТРАХАНСКАЯ;52.29;12300;45828622
3025028797;9942336;2023;АСТРАХАНСКАЯ;52.29;12300;48268846
3025028797;9942336;2024;АСТРАХАНСКАЯ;52.29;12300;51290898
7722366303;9787872;2022;МОСКВА;64.92.2;12300;44863276
7722366303;9787872;2023;МОСКВА;64.92.2;12300;47438727
7722366303;9787872;2024;МОСКВА;64.92.2;12300;50348810
5263096654;7676226;2022;НИЖЕГОРОДСКАЯ;25.99;12300;45084051
5263096654;7676226;2023;НИЖЕГОРОДСКАЯ;25.99;12300;47559354
5263096654;7676226;2024;НИЖЕГОРОДСКАЯ;25.99;12300;50775706
5321118187;5990643;2022;НОВГОРОДСКАЯ;01.70;12300;45387308
5321118187;5990643;2023;НОВГОРОДСКАЯ;01.70;12300;48961289
5321118187;5990643;2024;НОВГОРОДСКАЯ;01.70;12300;51337592
5410783876;8442906;2022;НОВОСИБИРСКАЯ;45.20;12300;44243896
5410783876;8442906;2023;НОВОСИБИРСКАЯ;45.20;12300;47430491
5410783876;8442906;2024;НОВОСИБИРСКАЯ;45.20;12300;50696780
5503255798;11724519;2022;ОМСКАЯ;25.11;12300;45281011
5503255798;11724519;2023;ОМСКАЯ;25.11;12300;47848019
5503255798;11724519;2024;ОМСКАЯ;25.11;12300;52784784
6828008031;8450042;2022;ТАМБОВСКАЯ;25.11;12300;45731894
6828008031;8450042;2023;ТАМБОВСКАЯ;25.11;12300;48670431
6828008031;8450042;2024;ТАМБОВСКАЯ;25.11;12300;51467789
3316018183;2699834;2022;ВЛАДИМИРСКАЯ;71.12.41;12300;44151987
3316018183;2699834;2023;ВЛАДИМИРСКАЯ;71.12.41;12300;47405780
3316018183;2699834;2024;ВЛАДИМИРСКАЯ;71.12.41;12300;50803397
0220001031;4904279;2022;БАШКОРТОСТАН;73.11;12300;44529243
0220001031;4904279;2023;БАШКОРТОСТАН;73.11;12300;47469875
0220001031;4904279;2024;БАШКОРТОСТАН;73.11;12300;51278140
3702079092;397489;2022;ИВАНОВСКАЯ;71.12.4;12300;45701583
3702079092;397489;2023;ИВАНОВСКАЯ;71.12.4;12300;48256508
3702079092;397489;2024;ИВАНОВСКАЯ;71.12.4;12300;51228457
9710031401;10286506;2022;МОСКВА;58.11;12300;44695976
9710031401;10286506;2023;МОСКВА;58.11;12300;47194508
9710031401;10286506;2024;МОСКВА;58.11;12300;51553890
2130164437;9554829;2022;МАРИЙ ЭЛ;47.25.1;12300;44744652
2130164437;9554829;2023;МАРИЙ ЭЛ;47.25.1;12300;48338454
2130164437;9554829;2024;МАРИЙ ЭЛ;47.25.1;12300;51938261
9719026251;11856584;2022;МОСКВА;46.49.49;12300;45996705
9719026251;11856584;2023;МОСКВА;46.49.49;12300;48731111
9719026251;11856584;2024;МОСКВА;46.49.49;12300;51930283
7826127099;4093943;2022;САНКТ-ПЕТЕРБУРГ;46.69.8;12300;45680456
7826127099;4093943;2023;САНКТ-ПЕТЕРБУРГ;46.69.8;12300;49193234
7826127099;4093943;2024;САНКТ-ПЕТЕРБУРГ;46.69.8;12300;50680400
7801155785;6470286;2022;САНКТ-ПЕТЕРБУРГ;86.23;12300;44725282
7801155785;6470286;2023;САНКТ-ПЕТЕРБУРГ;86.23;12300;48200721
7801155785;6470286;2024;САНКТ-ПЕТЕРБУРГ;86.23;12300;51199453
6501108662;1516950;2022;САХАЛИНСКАЯ;56.10;12300;45551215
6501108662;1516950;2023;САХАЛИНСКАЯ;56.10;12300;49684775
6501108662;1516950;2024;САХАЛИНСКАЯ;56.10;12300;51280631
0411158185;1188555;2022;АЛТАЙ;01.4;12300;44287743
0411158185;1188555;2023;АЛТАЙ;01.4;12300;48568862
0411158185;1188555;2024;АЛТАЙ;01.4;12300;51168049
4027100070;485652;2022;КАЛУЖСКАЯ;43.21;12300;45206193
4027100070;485652;2023;КАЛУЖСКАЯ;43.21;12300;47703911
4027100070;485652;2024;КАЛУЖСКАЯ;43.21;12300;52043135
1434041033;3971897;2022;САХА /ЯКУТИЯ/;73.11;12300;44184486
1434041033;3971897;2023;САХА /ЯКУТИЯ/;73.11;12300;48510155
1434041033;3971897;2024;САХА /ЯКУТИЯ/;73.11;12300;51724129
5754201188;8967213;2022;ОРЛОВСКАЯ;70.22;12300;46198167
5754201188;8967213;2023;ОРЛОВСКАЯ;70.22;12300;49132061
5754201188;8967213;2024;ОРЛОВСКАЯ;70.22;12300;51757581
4345323232;1022873;2022;КИРОВСКАЯ;49.4;12300;44629694
4345323232;1022873;2023;КИРОВСКАЯ;49.4;12300;47324539
4345323232;1022873;2024;КИРОВСКАЯ;49.4;12300;51455839
5050049120;3325344;2022;МОСКОВСКАЯ;68.20.2;12300;46500209
5050049120;3325344;2023;МОСКОВСКАЯ;68.20.2;12300;49539205
5050049120;3325344;2024;МОСКОВСКАЯ;68.20.2;12300;52505405
9717112160;11799946;2022;МОСКВА;71.12;12300;46080401
9717112160;11799946;2023;МОСКВА;71.12;12300;49366233
9717112160;11799946;2024;МОСКВА;71.12;12300;52229330
4345207363;586099;2022;КИРОВСКАЯ;70.10.1;12300;44764960
4345207363;586099;2023;КИРОВСКАЯ;70.10.1;12300;48578565
4345207363;586099;2024;КИРОВСКАЯ;70.10.1;12300;52169327
9102020330;8803172;2022;КРЫМ;70.22;12300;45321858
9102020330;8803172;2023;КРЫМ;70.22;12300;49754187
9102020330;8803172;2024;КРЫМ;70.22;12300;50752390
7447297523;11439285;2022;ЧЕЛЯБИНСКАЯ;46.61;12300;45662733
7447297523;11439285;2023;ЧЕЛЯБИНСКАЯ;46.61;12300;47370293
7447297523;11439285;2024;ЧЕЛЯБИНСКАЯ;46.61;12300;52677199
4824061834;8042893;2022;ЛИПЕЦКАЯ;70.22;12300;44171579
4824061834;8042893;2023;ЛИПЕЦКАЯ;70.22;12300;49962726
4824061834;8042893;2024;ЛИПЕЦКАЯ;70.22;12300;51648903
4101186430;10855256;2022;КАМЧАТСКИЙ;49.41;12300;46105580
4101186430;10855256;2023;КАМЧАТСКИЙ;49.41;12300;47823126
4101186430;10855256;2024;КАМЧАТСКИЙ;49.41;12300;51162041
5537012803;11787097;2022;ОМСКАЯ;69.10;12300;45641471
5537012803;11787097;2023;ОМСКАЯ;69.10;12300;47394403
5537012803;11787097;2024;ОМСКАЯ;69.10;12300;50310771
6673226250;2895389;2022;СВЕРДЛОВСКАЯ;47.5;12300;45493900
6673226250;2895389;2023;СВЕРДЛОВСКАЯ;47.5;12300;48037046
6673226250;2895389;2024;СВЕРДЛОВСКАЯ;47.5;12300;50134305
7107537979;7449331;2022;ТУЛЬСКАЯ;49.41;12300;46035880
7107537979;7449331;2023;ТУЛЬСКАЯ;49.41;12300;49201676
7107537979;7449331;2024;ТУЛЬСКАЯ;49.41;12300;50522288
6926002060;6247269;2022;ТВЕРСКАЯ;01.11;12300;45105781
6926002060;6247269;2023;ТВЕРСКАЯ;01.11;12300;48309105
6926002060;6247269;2024;ТВЕРСКАЯ;01.11;12300;50906820
0400018161;11701607;2022;ИНГУШЕТИЯ;68.20;12300;44290604
0400018161;11701607;2023;ИНГУШЕТИЯ;68.20;12300;48563524
0400018161;11701607;2024;ИНГУШЕТИЯ;68.20;12300;50540114
2443005932;7104101;2022;КРАСНОЯРСКИЙ;25.11;12300;45652846
2443005932;7104101;2023;КРАСНОЯРСКИЙ;25.11;12300;49258137
2443005932;7104101;2024;КРАСНОЯРСКИЙ;25.11;12300;52479818
5753046356;1743120;2022;ОРЛОВСКАЯ;70.22;12300;44058582
5753046356;1743120;2023;ОРЛОВСКАЯ;70.22;12300;47233649
5753046356;1743120;2024;ОРЛОВСКАЯ;70.22;12300;52174858
0917020329;42620;2022;КАРАЧАЕВО-ЧЕРКЕССКАЯ;42.11;12300;46017961
0917020329;42620;2023;КАРАЧАЕВО-ЧЕРКЕССКАЯ;42.1;12300;49241780
0917020329;42620;2024;КАРАЧАЕВО-ЧЕРКЕССКАЯ;42.1;12300;51980358
5190911054;42265;2022;МУРМАНСКАЯ;69;12300;45679802
5190911054;42265;2023;МУРМАНСКАЯ;69.20;12300;49207924
5190911054;42265;2024;МУРМАНСКАЯ;69.20;12300;51869388
3665068847;427625;2022;ВОРОНЕЖСКАЯ;69.10;12300;45056583
3665068847;427625;2023;ВОРОНЕЖСКАЯ;69.10;12300;47435491
3665068847;427625;2024;ВОРОНЕЖСКАЯ;69.10;12300;51333776
3528265265;9993120;2022;ВОЛОГОДСКАЯ;52.24;12300;46409185
3528265265;9993120;2023;ВОЛОГОДСКАЯ;52.24;12300;48480859
3528265265;9993120;2024;ВОЛОГОДСКАЯ;52.24;12300;51276143
7710873059;3247468;2022;САНКТ-ПЕТЕРБУРГ;71.11.1;12300;45802075
7710873059;3247468;2023;САНКТ-ПЕТЕРБУРГ;71.11.1;12300;47651643
7710873059;3247468;2024;САНКТ-ПЕТЕРБУРГ;71.11.1;12300;50582560
4632189710;8495823;2022;КУРСКАЯ;68.10;12300;44811506
4632189710;8495823;2023;КУРСКАЯ;68.10;12300;48225203
4632189710;8495823;2024;КУРСКАЯ;68.10;12300;50692666
7719636052;5582543;2022;МОСКВА;46.90;12300;44359358
7719636052;5582543;2023;МОСКВА;46.90;12300;47507455
7719636052;5582543;2024;МОСКВА;46.90;12300;50596179
7726471267;11457463;2022;МОСКВА;41.20;12300;44211038
7726471267;11457463;2023;МОСКВА;41.20;12300;47582418
7726471267;11457463;2024;МОСКВА;41.20;12300;50369586
1001303225;9522760;2022;КАРЕЛИЯ;43.99;12300;45240442
1001303225;9522760;2023;КАРЕЛИЯ;43.99;12300;47656933
1001303225;9522760;2024;КАРЕЛИЯ;43.99;12300;50634576
2901202775;4274822;2022;АРХАНГЕЛЬСКАЯ;46.4;12300;45997933
2901202775;4274822;2023;АРХАНГЕЛЬСКАЯ;46.4;12300;48934659
2901202775;4274822;2024;АРХАНГЕЛЬСКАЯ;46.4;12300;52104721
1832149950;10742224;2022;УДМУРТСКАЯ;63.91;12300;46570420
1832149950;10742224;2023;УДМУРТСКАЯ;63.91;12300;47674021
1832149950;10742224;2024;УДМУРТСКАЯ;63.91;12300;51374775
4708017104;651436;2022;ЛЕНИНГРАДСКАЯ;46.74;12300;44515668
4708017104;651436;2023;ЛЕНИНГРАДСКАЯ;46.74;12300;47590361
4708017104;651436;2024;ЛЕНИНГРАДСКАЯ;46.74;12300;50376727
2723129592;1280066;2022;ХАБАРОВСКИЙ;47.81;12300;46226102
2723129592;1280066;2023;ХАБАРОВСКИЙ;47.81;12300;49221946
2723129592;1280066;2024;ХАБАРОВСКИЙ;47.81;12300;52350473
1433028833;8245044;2022;САХА (ЯКУТИЯ);47.19;12300;44190762
1433028833;8245044;2023;САХА (ЯКУТИЯ);47.19;12300;47298364
1433028833;8245044;2024;САХА (ЯКУТИЯ);47.19;12300;50362179
7422045242;602609;2022;ЧЕЛЯБИНСКАЯ;25.1;12300;46476781
7422045242;602609;2023;ЧЕЛЯБИНСКАЯ;25.1;12300;49591682
7422045242;602609;2024;ЧЕЛЯБИНСКАЯ;25.1;12300;52515770
3904602903;1861947;2022;КАЛИНИНГРАДСКАЯ;46.90;12300;45439598
3904602903;1861947;2023;КАЛИНИНГРАДСКАЯ;46.90;12300;48302441
3904602903;1861947;2024;КАЛИНИНГРАДСКАЯ;46.90;12300;52034839
7726400266;10176584;2022;МОСКОВСКАЯ;70.22;12300;45850328
7726400266;10176584;2023;МОСКОВСКАЯ;70.22;12300;48299215
7726400266;10176584;2024;МОСКОВСКАЯ;70.22;12300;50818949
7524000120;3549407;2022;ЗАБАЙКАЛЬСКИЙ;47.25.1;12300;44491229
7524000120;3549407;2023;ЗАБАЙКАЛЬСКИЙ;41.20;12300;48610735
7524000120;3549407;2024;ЗАБАЙКАЛЬСКИЙ;41.20;12300;50813154
4826123412;9693188;2022;ЛИПЕЦКАЯ;42.11;12300;45389341
4826123412;9693188;2023;ЛИПЕЦКАЯ;42.11;12300;47994016
4826123412;9693188;2024;ЛИПЕЦКАЯ;42.11;12300;51524916
3123389939;9812356;2022;БЕЛГОРОДСКАЯ;56.10;12300;46408940
3123389939;9812356;2023;БЕЛГОРОДСКАЯ;56.10;12300;48962719
3123389939;9812356;2024;БЕЛГОРОДСКАЯ;56.10;12300;50985383
5190089814;11748982;2022;МУРМАНСКАЯ;49.42;12300;46006761
5190089814;11748982;2023;МУРМАНСКАЯ;49.42;12300;49533826
5190089814;11748982;2024;МУРМАНСКАЯ;49.42;12300;52512854
1660364662;11611054;2022;ТАТАРСТАН;41.20;12300;47108378
1660364662;11611054;2023;ТАТАРСТАН;41.20;12300;49892812
1660364662;11611054;2024;ТАТАРСТАН;41.20;12300;51750106
7203421536;10256100;2022;ТЮМЕНСКАЯ;25.11;12300;45060396
7203421536;10256100;2023;ТЮМЕНСКАЯ;25.11;12300;49177106
7203421536;10256100;2024;ТЮМЕНСКАЯ;25.11;12300;52029359
2130151491;9114578;2022;ЧУВАШСКАЯ РЕСПУБЛИКА -;46.90;12300;45519938
2130151491;9114578;2023;ЧУВАШСКАЯ РЕСПУБЛИКА -;46.90;12300;47340916
2130151491;9114578;2024;ЧУВАШСКАЯ РЕСПУБЛИКА -;46.90;12300;50614787
3245512259;8011260;2022;БРЯНСКАЯ;46.62;12300;44208821
3245512259;8011260;2023;БРЯНСКАЯ;46.62;12300;48862446
3245512259;8011260;2024;БРЯНСКАЯ;46.90;12300;52283703
7735602156;8539582;2022;МОСКВА;46.69;12300;46467253
7735602156;8539582;2023;МОСКВА;46.69;12300;49558919
7735602156;8539582;2024;МОСКВА;46.69;12300;52415979
7451455677;11632772;2022;ЧЕЛЯБИНСКАЯ;55.30;12300;46465477
7451455677;11632772;2023;ЧЕЛЯБИНСКАЯ;56.10.1;12300;47582616
7451455677;11632772;2024;ЧЕЛЯБИНСКАЯ;56.10.1;12300;50301010
2721143520;5675791;2022;ХАБАРОВСКИЙ;86.23;12300;46429753
2721143520;5675791;2023;ХАБАРОВСКИЙ;86.23;12300;49213588
2721143520;5675791;2024;ХАБАРОВСКИЙ;86.23;12300;52340258
7604247684;8022246;2022;ЯРОСЛАВСКАЯ;73.11;12300;44746514
7604247684;8022246;2023;ЯРОСЛАВСКАЯ;73.11;12300;47636071
7604247684;8022246;2024;ЯРОСЛАВСКАЯ;73.11;12300;50243216
1215052177;5100803;2022;МАРИЙ ЭЛ;47.5;12300;45607817
1215052177;5100803;2023;МАРИЙ ЭЛ;47.5;12300;48363111
1215052177;5100803;2024;МАРИЙ ЭЛ;47.5;12300;51746259
2349023726;3487319;2022;КРАСНОДАРСКИЙ;68.20.2;12300;46479226
2349023726;3487319;2023;КРАСНОДАРСКИЙ;68.20.2;12300;49585259
2349023726;3487319;2024;КРАСНОДАРСКИЙ;68.20.2;12300;52580537
6166053752;2335215;2022;РОСТОВСКАЯ;68.20.2;12300;45477556
6166053752;2335215;2023;РОСТОВСКАЯ;68.20.2;12300;49692576
6166053752;2335215;2024;РОСТОВСКАЯ;68.20.2;12300;51201613
3906167572;4385523;2022;КАЛИНИНГРАДСКАЯ;69.10;12300;44317232
3906167572;4385523;2023;КАЛИНИНГРАДСКАЯ;69.10;12300;47404456
3906167572;4385523;2024;КАЛИНИНГРАДСКАЯ;69.10;12300;51937050
5190078890;10892232;2022;МУРМАНСКАЯ;49.32;12300;45904538
5190078890;10892232;2023;МУРМАНСКАЯ;49.32;12300;48934130
5190078890;10892232;2024;МУРМАНСКАЯ;49.32;12300;51867172
3443068691;524979;2022;ВОЛГОГРАДСКАЯ;69.20;12300;44644126
3443068691;524979;2023;ВОЛГОГРАДСКАЯ;69.20;12300;48529858
3443068691;524979;2024;ВОЛГОГРАДСКАЯ;69.20;12300;51397009
9729287319;11096601;2022;МОСКВА;86.23;12300;45899694
9729287319;11096601;2023;МОСКВА;86.23;12300;49214692
9729287319;11096601;2024;МОСКВА;86.23;12300;51773903
7017459973;11030176;2022;ТОМСКАЯ;43.21;12300;44801835
7017459973;11030176;2023;ТОМСКАЯ;43.21;12300;47953435
7017459973;11030176;2024;ТОМСКАЯ;43.21;12300;51559516
5027283429;11234844;2022;МОСКОВСКАЯ;68.20;12300;44902529
5027283429;11234844;2023;МОСКОВСКАЯ;68.20;12300;47754967
5027283429;11234844;2024;МОСКОВСКАЯ;68.20;12300;50646758
4627003209;8894265;2022;КУРСКАЯ;43.12.3;12300;45797892
4627003209;8894265;2023;КУРСКАЯ;43.12.3;12300;49239148
4627003209;8894265;2024;КУРСКАЯ;43.12.3;12300;51553365
7446027972;3673507;2022;ЧЕЛЯБИНСКАЯ;46.49.33;12300;44430778
7446027972;3673507;2023;ЧЕЛЯБИНСКАЯ;46.49.33;12300;47718325
7446027972;3673507;2024;ЧЕЛЯБИНСКАЯ;46.49.33;12300;52973428
7811328236;3535891;2022;САНКТ-ПЕТЕРБУРГ;52.21.24;12300;45056920
7811328236;3535891;2023;САНКТ-ПЕТЕРБУРГ;52.21.24;12300;49264174
7811328236;3535891;2024;САНКТ-ПЕТЕРБУРГ;52.21.24;12300;51198744
3528192909;7488916;2022;ВОЛОГОДСКАЯ;27.12;12300;45732079
3528192909;7488916;2023;ВОЛОГОДСКАЯ;27.12;12300;48965693
3528192909;7488916;2024;ВОЛОГОДСКАЯ;27.12;12300;52614362
1901122750;9047344;2022;ХАКАСИЯ;46.49;12300;47123031
1901122750;9047344;2023;ХАКАСИЯ;46.49;12300;48528442
1901122750;9047344;2024;ХАКАСИЯ;46.49;12300;51004768
6451017590;11369479;2022;САРАТОВСКАЯ;49.41;12300;46336940
6451017590;11369479;2023;САРАТОВСКАЯ;49.41;12300;48332797
6451017590;11369479;2024;САРАТОВСКАЯ;49.41;12300;52300156
1103015402;5152769;2022;КОМИ;86.10;12300;45317131
1103015402;5152769;2023;КОМИ;86.10;12300;49226198
1103015402;5152769;2024;КОМИ;86.10;12300;52619011
7500002182;11814041;2022;ЗАБАЙКАЛЬСКИЙ;07.29.41;12300;46657231
7500002182;11814041;2023;ЗАБАЙКАЛЬСКИЙ;07.29.41;12300;47383051
7500002182;11814041;2024;ЗАБАЙКАЛЬСКИЙ;07.29.41;12300;51879155
7447143065;5320278;2022;ЧЕЛЯБИНСКАЯ;68.20.2;12300;45811807
7447143065;5320278;2023;ЧЕЛЯБИНСКАЯ;68.10;12300;49015498
7447143065;5320278;2024;ЧЕЛЯБИНСКАЯ;68.10;12300;52292046
5504108700;4266876;2022;ОМСКАЯ;69;12300;44438137
5504108700;4266876;2023;ОМСКАЯ;69;12300;49760051
5504108700;4266876;2024;ОМСКАЯ;69;12300;50826459
2723135187;572931;2022;ХАБАРОВСКИЙ;45.20.1;12300;44009265
2723135187;572931;2023;ХАБАРОВСКИЙ;45.20.1;12300;47184919
2723135187;572931;2024;ХАБАРОВСКИЙ;45.20.1;12300;50115098
1841024523;980966;2022;УДМУРТСКАЯ;42.21;12300;45001966
1841024523;980966;2023;УДМУРТСКАЯ;42.21;12300;48699575
1841024523;980966;2024;УДМУРТСКАЯ;42.21;12300;50866237
5032062288;4047744;2022;МОСКОВСКАЯ;68.20.2;12300;46269855
5032062288;4047744;2023;МОСКОВСКАЯ;68.20.2;12300;49537791
5032062288;4047744;2024;МОСКОВСКАЯ;68.20.2;12300;52512635
7021059086;6393078;2022;ТОМСКАЯ;86.21;12300;43999663
7021059086;6393078;2023;ТОМСКАЯ;86.21;12300;47197679
7021059086;6393078;2024;ТОМСКАЯ;86.21;12300;50081954
8602278167;10248969;2022;ХАНТЫ-МАНСИЙСКИЙ АВТОНОМНЫЙ ОКРУГ - ЮГРА;86.10;12300;45375205
8602278167;10248969;2023;ХАНТЫ-МАНСИЙСКИЙ АВТОНОМНЫЙ ОКРУГ - ЮГРА;86.10;12300;49760643
8602278167;10248969;2024;ХАНТЫ-МАНСИЙСКИЙ АВТОНОМНЫЙ ОКРУГ - ЮГРА;86.10;12300;52047027
5321154770;1691534;2022;НОВГОРОДСКАЯ;46.69.9;12300;45200431
5321154770;1691534;2023;НОВГОРОДСКАЯ;46.69.9;12300;48283337
5321154770;1691534;2024;НОВГОРОДСКАЯ;46.69.9;12300;51297767
6451433872;7952370;2022;САРАТОВСКАЯ;46.72.2;12300;47083361
6451433872;7952370;2023;САРАТОВСКАЯ;46.72.2;12300;48198474
6451433872;7952370;2024;САРАТОВСКАЯ;46.72.2;12300;51034942
3917051700;11022215;2022;КАЛИНИНГРАДСКАЯ;43.21;12300;45854396
3917051700;11022215;2023;КАЛИНИНГРАДСКАЯ;43.21;12300;49084723
3917051700;11022215;2024;КАЛИНИНГРАДСКАЯ;43.21;12300;52046525
3815005246;1588353;2022;ИРКУТСКАЯ;68.20.2;12300;45527189
3815005246;1588353;2023;ИРКУТСКАЯ;68.20.2;12300;48673539
3815005246;1588353;2024;ИРКУТСКАЯ;68.20.2;12300;51947928
6234140727;9083741;2022;РЯЗАНСКАЯ;70.22;12300;45100302
6234140727;9083741;2023;РЯЗАНСКАЯ;70.22;12300;48386050
6234140727;9083741;2024;РЯЗАНСКАЯ;70.22;12300;51860138
7604322420;10153181;2022;ЯРОСЛАВСКАЯ;46.49;12300;46038701
7604322420;10153181;2023;ЯРОСЛАВСКАЯ;46.49;12300;48009773
7604322420;10153181;2024;ЯРОСЛАВСКАЯ;46.49;12300;50814791
3444143260;3939448;2022;ВОЛГОГРАДСКАЯ;86.23;12300;44626683
3444143260;3939448;2023;ВОЛГОГРАДСКАЯ;86.23;12300;47835700
3444143260;3939448;2024;ВОЛГОГРАДСКАЯ;86.23;12300;50443362
6685196070;11746653;2022;СВЕРДЛОВСКАЯ;49.41;12300;45000019
6685196070;11746653;2023;СВЕРДЛОВСКАЯ;49.41;12300;48203794
6685196070;11746653;2024;СВЕРДЛОВСКАЯ;49.41;12300;50726043
6229006980;6075915;2022;РЯЗАНСКАЯ;73.11;12300;45392398
6229006980;6075915;2023;РЯЗАНСКАЯ;73.11;12300;48619415
6229006980;6075915;2024;РЯЗАНСКАЯ;73.11;12300;52195206
3808190252;9253389;2022;ИРКУТСКАЯ;86.10;12300;45556364
3808190252;9253389;2023;ИРКУТСКАЯ;86.10;12300;48820536
3808190252;9253389;2024;ИРКУТСКАЯ;86.10;12300;52624539
4826049448;5340045;2022;ЛИПЕЦКАЯ;62.01;12300;44465424
4826049448;5340045;2023;ЛИПЕЦКАЯ;62.01;12300;48320493
4826049448;5340045;2024;ЛИПЕЦКАЯ;62.01;12300;50295306
5024182207;10515639;2022;МОСКОВСКАЯ;47.91;12300;46397695
5024182207;10515639;2023;МОСКОВСКАЯ;47.91;12300;48826371
5024182207;10515639;2024;МОСКОВСКАЯ;47.91;12300;52529951
6612055543;11382225;2022;СВЕРДЛОВСКАЯ;25.11;12300;46367574
6612055543;11382225;2023;СВЕРДЛОВСКАЯ;25.11;12300;48561727
6612055543;11382225;2024;СВЕРДЛОВСКАЯ;25.11;12300;52614202
2618023950;11258782;2022;СТАВРОПОЛЬСКИЙ;42.11;12300;46050893
2618023950;11258782;2023;СТАВРОПОЛЬСКИЙ;42.11;12300;48960694
2618023950;11258782;2024;СТАВРОПОЛЬСКИЙ;42.11;12300;51396331
5258148890;11382910;2022;НИЖЕГОРОДСКАЯ;45.32;12300;45801356
5258148890;11382910;2023;НИЖЕГОРОДСКАЯ;45.32;12300;49232893
5258148890;11382910;2024;НИЖЕГОРОДСКАЯ;45.32;12300;51362854
2722008274;6788364;2022;ХАБАРОВСКИЙ;45.20.1;12300;45930182
2722008274;6788364;2023;ХАБАРОВСКИЙ;45.20.1;12300;48888148
2722008274;6788364;2024;ХАБАРОВСКИЙ;45.20.1;12300;51578827
0323392958;9644288;2022;БУРЯТИЯ;46.34.2;12300;46966326
0323392958;9644288;2023;БУРЯТИЯ;46.34.2;12300;49514383
0323392958;9644288;2024;БУРЯТИЯ;46.34.2;12300;52393371
4401152008;8546315;2022;КОСТРОМСКАЯ;46.52.2;12300;46088666
4401152008;8546315;2023;КОСТРОМСКАЯ;46.52.2;12300;48742088
4401152008;8546315;2024;КОСТРОМСКАЯ;46.52.2;12300;51753702
0276097511;3727134;2022;БАШКОРТОСТАН;73.11;12300;45282532
0276097511;3727134;2023;БАШКОРТОСТАН;73.11;12300;48339237
0276097511;3727134;2024;БАШКОРТОСТАН;73.11;12300;50863601
8901023551;3663571;2022;ЯМАЛО-НЕНЕЦКИЙ;62.01;12300;46391277
8901023551;3663571;2023;ЯМАЛО-НЕНЕЦКИЙ;62.01;12300;49536492
8901023551;3663571;2024;ЯМАЛО-НЕНЕЦКИЙ;62.02;12300;52072882
9102161821;9048462;2022;КРЫМ;46.90;12300;45619843
9102161821;9048462;2023;КРЫМ;46.90;12300;49153137
9102161821;9048462;2024;КРЫМ;46.90;12300;51455249
5403030977;10232422;2022;НОВОСИБИРСКАЯ;17.29;12300;45470957
5403030977;10232422;2023;НОВОСИБИРСКАЯ;17.29;12300;48496229
5403030977;10232422;2024;НОВОСИБИРСКАЯ;17.29;12300;52640040
7456042031;10963091;2022;ЧЕЛЯБИНСКАЯ;43.99;12300;45734681
7456042031;10963091;2023;ЧЕЛЯБИНСКАЯ;43.99;12300;47945012
7456042031;10963091;2024;ЧЕЛЯБИНСКАЯ;43.99;12300;50859874
3100005583;11924292;2022;БЕЛГОРОДСКАЯ;43.39;12300;46571767
3100005583;11924292;2023;БЕЛГОРОДСКАЯ;43.39;12300;48245712
3100005583;11924292;2024;БЕЛГОРОДСКАЯ;43.39;12300;51090970
4725006769;11102790;2022;ЛЕНИНГРАДСКАЯ;25.11;12300;45872622
4725006769;11102790;2023;ЛЕНИНГРАДСКАЯ;25.11;12300;47597036
4725006769;11102790;2024;ЛЕНИНГРАДСКАЯ;25.11;12300;50616853
7817117351;11678417;2022;ЛЕНИНГРАДСКАЯ;25.11;12300;44654504
7817117351;11678417;2023;ЛЕНИНГРАДСКАЯ;25.11;12300;48054119
7817117351;11678417;2024;ЛЕНИНГРАДСКАЯ;25.11;12300;50686341
7128008077;9312932;2022;ТУЛЬСКАЯ;56.10;12300;44065955
7128008077;9312932;2023;ТУЛЬСКАЯ;56.10;12300;47281248
7128008077;9312932;2024;ТУЛЬСКАЯ;56.10;12300;50200689
8606008394;6285336;2022;ХАНТЫ-МАНСИЙСКИЙ АВТОНОМНЫЙ ОКРУГ - ЮГРА;86.23;12300;44528202
8606008394;6285336;2023;ХАНТЫ-МАНСИЙСКИЙ АВТОНОМНЫЙ ОКРУГ - ЮГРА;86.23;12300;47765588
8606008394;6285336;2024;ХАНТЫ-МАНСИЙСКИЙ АВТОНОМНЫЙ ОКРУГ - ЮГРА;86.23;12300;50672654
5501069852;6940108;2022;ОМСКАЯ;62.01;12300;46292535
5501069852;6940108;2023;ОМСКАЯ;62.01;12300;48807779
5501069852;6940108;2024;ОМСКАЯ;62.01;12300;52148498
1901130279;9752811;2022;ХАКАСИЯ;73.11;12300;45940788
1901130279;9752811;2023;ХАКАСИЯ;73.11;12300;49306109
1901130279;9752811;2024;ХАКАСИЯ;73.11;12300;51700665
5406665855;5172506;2022;НОВОСИБИРСКАЯ;25.1;12300;44453738
5406665855;5172506;2023;НОВОСИБИРСКАЯ;25.1;12300;47589444
5406665855;5172506;2024;НОВОСИБИРСКАЯ;25.1;12300;51020879
0608017255;5064927;2022;ИНГУШЕТИЯ;46.46;12300;45367067
0608017255;5064927;2023;ИНГУШЕТИЯ;46.46;12300;48048919
0608017255;5064927;2024;ИНГУШЕТИЯ;46.46;12300;50759383
5321144395;3238667;2022;НОВГОРОДСКАЯ;68.32.1;12300;45396753
5321144395;3238667;2023;НОВГОРОДСКАЯ;68.32.1;12300;47553014
5321144395;3238667;2024;НОВГОРОДСКАЯ;68.32.1;12300;51158724
5402045089;10745099;2022;НОВОСИБИРСКАЯ;72.19;12300;45764690
5402045089;10745099;2023;НОВОСИБИРСКАЯ;72.19;12300;48410774
5402045089;10745099;2024;НОВОСИБИРСКАЯ;72.19;12300;50292134
7839129495;11370257;2022;САНКТ-ПЕТЕРБУРГ;72.19;12300;44350633
7839129495;11370257;2023;САНКТ-ПЕТЕРБУРГ;72.19;12300;48146369
7839129495;11370257;2024;САНКТ-ПЕТЕРБУРГ;72.19;12300;51120530
7203516450;11532936;2022;ТЮМЕНСКАЯ;42.11;12300;44636925
7203516450;11532936;2023;ТЮМЕНСКАЯ;42.11;12300;48977845
7203516450;11532936;2024;ТЮМЕНСКАЯ;42.11;12300;50286916
2334018360;6638747;2022;КРАСНОДАРСКИЙ;46.21.11;12300;45022467
2334018360;6638747;2023;КРАСНОДАРСКИЙ;46.21.11;12300;47260656
2334018360;6638747;2024;КРАСНОДАРСКИЙ;46.21.11;12300;51350938
2319027427;6760584;2022;КРАСНОДАРСКИЙ;68.31.12;12300;45941766
2319027427;6760584;2023;КРАСНОДАРСКИЙ;68.31.12;12300;49604741
2319027427;6760584;2024;КРАСНОДАРСКИЙ;68.31.12;12300;52451729
1104011256;6006176;2022;КОМИ;49.4;12300;46026212
1104011256;6006176;2023;КОМИ;49.4;12300;49165231
1104011256;6006176;2024;КОМИ;49.4;12300;52795540
2540264266;11687779;2022;ПРИМОРСКИЙ;71.12.2;12300;44969266
2540264266;11687779;2023;ПРИМОРСКИЙ;71.12.2;12300;48404405
2540264266;11687779;2024;ПРИМОРСКИЙ;71.12.2;12300;50641947
5707004457;11183036;2022;ОРЛОВСКАЯ;01.11;12300;46284304
5707004457;11183036;2023;ОРЛОВСКАЯ;01.11;12300;49368936
5707004457;11183036;2024;ОРЛОВСКАЯ;01.11;12300;52270971
6673123529;2739022;2022;СВЕРДЛОВСКАЯ;02.10;12300;46565031
6673123529;2739022;2023;СВЕРДЛОВСКАЯ;02.10;12300;47588414
6673123529;2739022;2024;СВЕРДЛОВСКАЯ;02.10;12300;50232591
7446059195;4899387;2022;ЧЕЛЯБИНСКАЯ;96.09;12300;44994146
7446059195;4899387;2023;ЧЕЛЯБИНСКАЯ;96.09;12300;47923874
7446059195;4899387;2024;ЧЕЛЯБИНСКАЯ;96.09;12300;50630095
3801145282;10619808;2022;ИРКУТСКАЯ;47.30;12300;44972912
3801145282;10619808;2023;ИРКУТСКАЯ;47.30;12300;48318619
3801145282;10619808;2024;ИРКУТСКАЯ;47.30;12300;51292607
6162015731;6944096;2022;РОСТОВСКАЯ;42.11;12300;46366549
6162015731;6944096;2023;РОСТОВСКАЯ;42.13;12300;49361985
6162015731;6944096;2024;РОСТОВСКАЯ;42.13;12300;51925365
4826088359;7968464;2022;ЛИПЕЦКАЯ;47.5;12300;45097862
4826088359;7968464;2023;ЛИПЕЦКАЯ;47.5;12300;47725943
4826088359;7968464;2024;ЛИПЕЦКАЯ;47.5;12300;50617793
7743248854;10592126;2022;МОСКВА;93.29.9;12300;46033041
7743248854;10592126;2023;МОСКВА;93.29.9;12300;49353972
7743248854;10592126;2024;МОСКВА;93.29.9;12300;52263434
7715772537;3282733;2022;МОСКВА;25.9;12300;44579840
7715772537;3282733;2023;МОСКВА;25.9;12300;48379735
7715772537;3282733;2024;МОСКВА;25.9;12300;51499509
1650318040;9487200;2022;ТАТАРСТАН;25.61;12300;44052770
1650318040;9487200;2023;ТАТАРСТАН;25.61;12300;48614921
1650318040;9487200;2024;ТАТАРСТАН;25.61;12300;50211064
0272011217;6714134;2022;БАШКОРТОСТАН;77.39;12300;44632164
0272011217;6714134;2023;БАШКОРТОСТАН;77.39;12300;48048788
0272011217;6714134;2024;БАШКОРТОСТАН;77.39;12300;50681995
9103086430;10429611;2022;КРЫМ;41.20;12300;45248767
9103086430;10429611;2023;КРЫМ;41.20;12300;49519065
9103086430;10429611;2024;КРЫМ;41.20;12300;51818179
6154107756;3392386;2022;РОСТОВСКАЯ;28.29;12300;45460189
6154107756;3392386;2023;РОСТОВСКАЯ;28.29;12300;48358995
6154107756;3392386;2024;РОСТОВСКАЯ;28.29;12300;51779464
5028037850;11917074;2022;МОСКОВСКАЯ;58.11;12300;44114995
5028037850;11917074;2023;МОСКОВСКАЯ;58.14;12300;47156969
5028037850;11917074;2024;МОСКОВСКАЯ;58.14;12300;50073828
6829118767;9633571;2022;ТАМБОВСКАЯ;62.01;12300;45051801
6829118767;9633571;2023;ТАМБОВСКАЯ;62.01;12300;48425380
6829118767;9633571;2024;ТАМБОВСКАЯ;62.01;12300;51174421
7729511535;4533670;2022;МОСКВА;68.20;12300;45997809
7729511535;4533670;2023;МОСКВА;68.20;12300;49481255
7729511535;4533670;2024;МОСКВА;68.20;12300;52492653
5433966379;10597032;2022;НОВОСИБИРСКАЯ;47.91.2;12300;44110497
5433966379;10597032;2023;НОВОСИБИРСКАЯ;47.91.2;12300;47546914
5433966379;10597032;2024;НОВОСИБИРСКАЯ;47.91.2;12300;50568681
6027101991;3193650;2022;ПСКОВСКАЯ;47.99.2;12300;46583292
6027101991;3193650;2023;ПСКОВСКАЯ;47.99.2;12300;48283791
6027101991;3193650;2024;ПСКОВСКАЯ;47.99.2;12300;52604144
7203478405;11012650;2022;ТЮМЕНСКАЯ;47.11;12300;44653455
7203478405;11012650;2023;ТЮМЕНСКАЯ;47.11;12300;48439076
7203478405;11012650;2024;ТЮМЕНСКАЯ;47.11;12300;51778561
1832161160;11624819;2022;УДМУРТСКАЯ;25.62;12300;45710076
1832161160;11624819;2023;УДМУРТСКАЯ;25.62;12300;48365521
1832161160;11624819;2024;УДМУРТСКАЯ;25.62;12300;51803418
5408001306;9081717;2022;НОВОСИБИРСКАЯ;45.31.1;12300;46298188
5408001306;9081717;2023;НОВОСИБИРСКАЯ;45.31.1;12300;49392904
5408001306;9081717;2024;НОВОСИБИРСКАЯ;45.31.1;12300;52330289
5259154039;11897035;2022;НИЖЕГОРОДСКАЯ;25.11;12300;46188232
5259154039;11897035;2023;НИЖЕГОРОДСКАЯ;25.11;12300;48433881
5259154039;11897035;2024;НИЖЕГОРОДСКАЯ;25.11;12300;51843706
9704051657;11535392;2022;МОСКВА;96.02;12300;44311988
9704051657;11535392;2023;МОСКВА;96.02;12300;49813835
9704051657;11535392;2024;МОСКВА;96.02;12300;50335991
6162078971;10701129;2022;РОСТОВСКАЯ;52.24;12300;44710096
6162078971;10701129;2023;РОСТОВСКАЯ;52.24;12300;48145891
6162078971;10701129;2024;РОСТОВСКАЯ;52.24;12300;51194939
6449087463;10314726;2022;САРАТОВСКАЯ;56.29;12300;45128281
6449087463;10314726;2023;САРАТОВСКАЯ;56.29;12300;48262734
6449087463;10314726;2024;САРАТОВСКАЯ;56.29;12300;50906686
4027149414;11921002;2022;КАЛУЖСКАЯ;62.09;12300;47102926
4027149414;11921002;2023;КАЛУЖСКАЯ;62.09;12300;50002958
4027149414;11921002;2024;КАЛУЖСКАЯ;62.09;12300;52003489
6660009554;4852828;2022;СВЕРДЛОВСКАЯ;47.62.2;12300;44877435
6660009554;4852828;2023;СВЕРДЛОВСКАЯ;47.62.2;12300;48106881
6660009554;4852828;2024;СВЕРДЛОВСКАЯ;47.62.2;12300;50942701
7816634075;10128451;2022;МОСКВА;46.73;12300;45494433
7816634075;10128451;2023;МОСКВА;46.73;12300;49832430
7816634075;10128451;2024;МОСКВА;46.73;12300;52392167
3123474119;11416168;2022;БЕЛГОРОДСКАЯ;01.25;12300;45186371
3123474119;11416168;2023;БЕЛГОРОДСКАЯ;01.25;12300;48551522
3123474119;11416168;2024;БЕЛГОРОДСКАЯ;01.25;12300;50931188
4027125276;9382653;2022;КАЛУЖСКАЯ;45.1;12300;45974529
4027125276;9382653;2023;КАЛУЖСКАЯ;45.20;12300;48331058
4027125276;9382653;2024;КАЛУЖСКАЯ;45.20;12300;51107820
9703012013;11305942;2022;МОСКВА;62.01;12300;44930883
9703012013;11305942;2023;МОСКВА;62.01;12300;47722224
9703012013;11305942;2024;МОСКВА;62.01;12300;51466855
7713426972;10063687;2022;МОСКВА;68.20;12300;46049296
7713426972;10063687;2023;МОСКВА;68.20;12300;48275898
7713426972;10063687;2024;МОСКВА;68.20;12300;51851120
7805485706;1057258;2022;САНКТ-ПЕТЕРБУРГ;13.92;12300;44737670
7805485706;1057258;2023;САНКТ-ПЕТЕРБУРГ;13.92;12300;49033729
7805485706;1057258;2024;САНКТ-ПЕТЕРБУРГ;13.92;12300;50758188
6350028155;11401058;2022;САМАРСКАЯ;41.10;12300;43996727
6350028155;11401058;2023;САМАРСКАЯ;41.10;12300;47426146
6350028155;11401058;2024;САМАРСКАЯ;41.10;12300;50083151
4632257047;11096550;2022;КУРСКАЯ;49.41;12300;45611717
4632257047;11096550;2023;КУРСКАЯ;49.41;12300;48605924
4632257047;11096550;2024;КУРСКАЯ;49.41;12300;51797405
9703001580;11129093;2022;МОСКВА;86.10;12300;44665164
9703001580;11129093;2023;МОСКВА;86.10;12300;48932835
9703001580;11129093;2024;МОСКВА;86.10;12300;51485302
5610141971;2084689;2022;ОРЕНБУРГСКАЯ;71.2;12300;46238500
5610141971;2084689;2023;ОРЕНБУРГСКАЯ;71.2;12300;49947878
5610141971;2084689;2024;ОРЕНБУРГСКАЯ;71.2;12300;52521764
0267024002;11580151;2022;БАШКОРТОСТАН;41.20;12300;44761447
0267024002;11580151;2023;БАШКОРТОСТАН;41.20;12300;49017944
0267024002;11580151;2024;БАШКОРТОСТАН;41.20;12300;50746649
5404486709;7937223;2022;НОВОСИБИРСКАЯ;47.78.9;12300;45383129
5404486709;7937223;2023;НОВОСИБИРСКАЯ;47.78.9;12300;47488217
5404486709;7937223;2024;НОВОСИБИРСКАЯ;47.78.9;12300;50580263
4501179370;7543586;2022;КУРГАНСКАЯ;49.3;12300;44764282
4501179370;7543586;2023;КУРГАНСКАЯ;49.3;12300;47626066
4501179370;7543586;2024;КУРГАНСКАЯ;49.3;12300;51049463
2465089703;9024979;2022;КРАСНОЯРСКИЙ;81.10;12300;46161448
2465089703;9024979;2023;КРАСНОЯРСКИЙ;81.10;12300;49026392
2465089703;9024979;2024;КРАСНОЯРСКИЙ;81.10;12300;52173706
5503257509;11771483;2022;ОМСКАЯ;41.20;12300;44045918
5503257509;11771483;2023;ОМСКАЯ;41.20;12300;49902160
5503257509;11771483;2024;ОМСКАЯ;41.20;12300;52356700
3447029735;2762066;2022;ВОЛГОГРАДСКАЯ;62.09;12300;46577297
3447029735;2762066;2023;ВОЛГОГРАДСКАЯ;62.09;12300;48599201
3447029735;2762066;2024;ВОЛГОГРАДСКАЯ;62.09;12300;52610593
6829061510;4656143;2022;ТАМБОВСКАЯ;86;12300;45126152
6829061510;4656143;2023;ТАМБОВСКАЯ;86;12300;47702926
6829061510;4656143;2024;ТАМБОВСКАЯ;86;12300;50691026
2207004929;5314187;2022;НОВОСИБИРСКАЯ;46.21.11;12300;45590429
2207004929;5314187;2023;НОВОСИБИРСКАЯ;46.21.11;12300;48416451
2207004929;5314187;2024;НОВОСИБИРСКАЯ;46.21.11;12300;50968209
2508142993;11844273;2022;ПРИМОРСКИЙ;52.29;12300;47011658
2508142993;11844273;2023;ПРИМОРСКИЙ;52.29;12300;48403888
2508142993;11844273;2024;ПРИМОРСКИЙ;52.29;12300;51119498
2805005220;4044443;2022;АМУРСКАЯ;52.21.24;12300;45832007
2805005220;4044443;2023;АМУРСКАЯ;52.21.24;12300;49056998
2805005220;4044443;2024;АМУРСКАЯ;52.21.24;12300;51793395
6230090320;9260288;2022;РЯЗАНСКАЯ;41.20;12300;46006285
6230090320;9260288;2023;РЯЗАНСКАЯ;42.11;12300;48750647
6230090320;9260288;2024;РЯЗАНСКАЯ;42.11;12300;51328598
2901291581;10669956;2022;АРХАНГЕЛЬСКАЯ;38.32;12300;46259978
2901291581;10669956;2023;АРХАНГЕЛЬСКАЯ;38.32;12300;49557276
2901291581;10669956;2024;АРХАНГЕЛЬСКАЯ;38.32;12300;52414275
7727751059;4718182;2022;МОСКВА;46.46;12300;45681579
7727751059;4718182;2023;МОСКВА;46.46;12300;49347531
7727751059;4718182;2024;МОСКВА;46.46;12300;52052743
5254082503;1453514;2022;НИЖЕГОРОДСКАЯ;68.32.1;12300;45904459
5254082503;1453514;2023;НИЖЕГОРОДСКАЯ;68.32.1;12300;48974272
5254082503;1453514;2024;НИЖЕГОРОДСКАЯ;68.32.1;12300;51743973
5261048045;5335447;2022;НИЖЕГОРОДСКАЯ;68.20.2;12300;44737168
5261048045;5335447;2023;НИЖЕГОРОДСКАЯ;68.20.2;12300;47506279
5261048045;5335447;2024;НИЖЕГОРОДСКАЯ;68.20.2;12300;50759362
3665812826;11474383;2022;ВОРОНЕЖСКАЯ;46.69;12300;44914968
3665812826;11474383;2023;ВОРОНЕЖСКАЯ;46.69;12300;47469709
3665812826;11474383;2024;ВОРОНЕЖСКАЯ;46.69;12300;50657129
4345186113;6157237;2022;КИРОВСКАЯ;62.02;12300;44353115
4345186113;6157237;2023;КИРОВСКАЯ;62.02;12300;47413248
4345186113;6157237;2024;КИРОВСКАЯ;62.02;12300;50430373
4703178370;11416349;2022;ЛЕНИНГРАДСКАЯ;71.12.41;12300;45900493
4703178370;11416349;2023;ЛЕНИНГРАДСКАЯ;71.12.41;12300;49407223
4703178370;11416349;2024;ЛЕНИНГРАДСКАЯ;71.12.41;12300;51612716
5908051182;7425827;2022;ПЕРМСКИЙ;45.2;12300;44559177
5908051182;7425827;2023;ПЕРМСКИЙ;45.2;12300;47383198
5908051182;7425827;2024;ПЕРМСКИЙ;45.2;12300;50194430
2632089448;4350710;2022;СТАВРОПОЛЬСКИЙ;46.73;12300;46410362
2632089448;4350710;2023;СТАВРОПОЛЬСКИЙ;46.73;12300;49683258
2632089448;4350710;2024;СТАВРОПОЛЬСКИЙ;46.73;12300;52796408
7730243866;10686857;2022;МОСКВА;46.90;12300;44285014
7730243866;10686857;2023;МОСКВА;46.90;12300;47523864
7730243866;10686857;2024;МОСКВА;46.90;12300;52634124
4345394508;8804767;2022;КИРОВСКАЯ;43.21;12300;45335924
4345394508;8804767;2023;КИРОВСКАЯ;43.21;12300;49210713
4345394508;8804767;2024;КИРОВСКАЯ;43.21;12300;52518960
6504017903;10016960;2022;САХАЛИНСКАЯ;68.20.2;12300;44399679
6504017903;10016960;2023;САХАЛИНСКАЯ;68.20.2;12300;47397986
6504017903;10016960;2024;САХАЛИНСКАЯ;68.20.2;12300;50231988
3661027487;3922512;2022;ВОРОНЕЖСКАЯ;70.22;12300;46496863
3661027487;3922512;2023;ВОРОНЕЖСКАЯ;70.22;12300;47669358
3661027487;3922512;2024;ВОРОНЕЖСКАЯ;70.22;12300;50831734
7610092887;1773712;2022;ЯРОСЛАВСКАЯ;10.71;12300;46179751
7610092887;1773712;2023;ЯРОСЛАВСКАЯ;10.71.2;12300;48204950
7610092887;1773712;2024;ЯРОСЛАВСКАЯ;10.71;12300;51334136
2309101657;6303836;2022;КРАСНОДАРСКИЙ;71.20.8;12267;44563992
2309101657;6303836;2023;КРАСНОДАРСКИЙ;71.20.8;12267;48618953
2309101657;6303836;2024;КРАСНОДАРСКИЙ;71.20.8;12267;51958927
3328495078;8402291;2022;ВЛАДИМИРСКАЯ;62.01;12300;46400463
3328495078;8402291;2023;ВЛАДИМИРСКАЯ;62.01;12300;49194913
3328495078;8402291;2024;ВЛАДИМИРСКАЯ;62.01;12300;52375220
1300000540;11863340;2022;МОРДОВИЯ;25.99.3;12300;46235486
1300000540;11863340;2023;МОРДОВИЯ;25.99.3;12300;48764732
1300000540;11863340;2024;МОРДОВИЯ;25.99.3;12300;50861262
7816722677;11682111;2022;САНКТ-ПЕТЕРБУРГ;68.31;12300;46491790
7816722677;11682111;2023;САНКТ-ПЕТЕРБУРГ;68.31;12300;49040387
7816722677;11682111;2024;САНКТ-ПЕТЕРБУРГ;68.31;12300;50427903
6449015765;1766668;2022;САРАТОВСКАЯ;25.11;12300;44961223
6449015765;1766668;2023;САРАТОВСКАЯ;25.11;12300;48518241
6449015765;1766668;2024;САРАТОВСКАЯ;25.11;12300;51528813
5904349041;10161554;2022;ПЕРМСКИЙ;52.29;12300;45769825
5904349041;10161554;2023;ПЕРМСКИЙ;52.29;12300;49434543
5904349041;10161554;2024;ПЕРМСКИЙ;52.29;12300;52160611
3245501698;2872170;2022;БРЯНСКАЯ;52.23.11;12267;47075264
3245501698;2872170;2023;БРЯНСКАЯ;52.23.11;12267;49945762
3245501698;2872170;2024;БРЯНСКАЯ;52.23.11;12267;52808816
7726668979;3001540;2022;МОСКВА;46.42.1;12300;45577162
7726668979;3001540;2023;МОСКВА;46.41;12300;49797775
7726668979;3001540;2024;МОСКВА;46.41;12300;52643231
7735140014;9035991;2022;МОСКВА;46.49;12300;45707572
7735140014;9035991;2023;МОСКВА;46.49;12300;49491179
7735140014;9035991;2024;МОСКВА;46.49;12300;52493620
1328001582;3405927;2022;МОРДОВИЯ;49.4;12300;46303722
1328001582;3405927;2023;МОРДОВИЯ;49.4;12300;48962925
1328001582;3405927;2024;МОРДОВИЯ;49.4;12300;51974130
6820040690;11196101;2022;ТАМБОВСКАЯ;46.69;12300;46998874
6820040690;11196101;2023;ТАМБОВСКАЯ;46.69;12300;49816894
6820040690;11196101;2024;ТАМБОВСКАЯ;46.69;12300;52737668
1101076093;2260597;2022;КОМИ;46.3;12300;44580237
1101076093;2260597;2023;КОМИ;46.3;12300;48942109
1101076093;2260597;2024;КОМИ;46.3;12300;51109684
2232010997;10401832;2022;АЛТАЙ;47.19.1;12300;45935473
2232010997;10401832;2023;АЛТАЙ;47.19.1;12300;47474005
2232010997;10401832;2024;АЛТАЙ;47.19.1;12300;50482689
0919005252;9318735;2022;КАРАЧАЕВО-ЧЕРКЕССКАЯ;49.31.25;12300;45735917
0919005252;9318735;2023;КАРАЧАЕВО-ЧЕРКЕССКАЯ;49.31.25;12300;49063251
0919005252;9318735;2024;КАРАЧАЕВО-ЧЕРКЕССКАЯ;49.31.25;12300;51714833
7449111340;7614878;2022;ЧЕЛЯБИНСКАЯ;45.20;12300;46309000
7449111340;7614878;2023;ЧЕЛЯБИНСКАЯ;45.20;12300;48832705
7449111340;7614878;2024;ЧЕЛЯБИНСКАЯ;45.20;12300;51792074
1310188450;4827683;2022;МОРДОВИЯ;43.2;12300;46197775
1310188450;4827683;2023;МОРДОВИЯ;43.2;12300;49599552
1310188450;4827683;2024;МОРДОВИЯ;43.2;12300;52532514
3123486019;11770715;2022;БЕЛГОРОДСКАЯ;46.14;12300;45610518
3123486019;11770715;2023;БЕЛГОРОДСКАЯ;41.20;12300;49508734
3123486019;11770715;2024;БЕЛГОРОДСКАЯ;41.20;12300;52559690
6673130847;2826474;2022;СВЕРДЛОВСКАЯ;47.72;12300;46326603
6673130847;2826474;2023;СВЕРДЛОВСКАЯ;47.72;12300;48928587
6673130847;2826474;2024;СВЕРДЛОВСКАЯ;47.72;12300;52251733
4508007613;5917680;2022;КУРГАНСКАЯ;49.4;12300;45407397
4508007613;5917680;2023;КУРГАНСКАЯ;49.4;12300;48313683
4508007613;5917680;2024;КУРГАНСКАЯ;49.4;12300;51430442
6911002959;6414476;2022;ТВЕРСКАЯ;68.20.2;12300;44164097
6911002959;6414476;2023;ТВЕРСКАЯ;68.20.2;12300;47198058
6911002959;6414476;2024;ТВЕРСКАЯ;68.20.2;12300;51202598
7842357910;6507899;2022;САНКТ-ПЕТЕРБУРГ;41.20;12300;45357763
7842357910;6507899;2023;САНКТ-ПЕТЕРБУРГ;41.20;12300;48982238
7842357910;6507899;2024;САНКТ-ПЕТЕРБУРГ;41.20;12300;52370983
7842414929;502282;2022;САНКТ-ПЕТЕРБУРГ;86.23;12300;45417180
7842414929;502282;2023;САНКТ-ПЕТЕРБУРГ;86.23;12300;48277527
7842414929;502282;2024;САНКТ-ПЕТЕРБУРГ;86.23;12300;51736270
0229953645;11137401;2022;БАШКОРТОСТАН;43.29;12300;44783612
0229953645;11137401;2023;БАШКОРТОСТАН;35.30.14;12300;47967410
0229953645;11137401;2024;БАШКОРТОСТАН;35.30.14;12300;50901058
2635108280;5507900;2022;СТАВРОПОЛЬСКИЙ;71.20.9;12300;45664204
2635108280;5507900;2023;СТАВРОПОЛЬСКИЙ;71.20.9;12300;47487717
2635108280;5507900;2024;СТАВРОПОЛЬСКИЙ;86.90.1;12300;50492499
5027229220;9290833;2022;МОСКОВСКАЯ;93.13;12300;44626442
5027229220;9290833;2023;МОСКОВСКАЯ;93.13;12300;48634743
5027229220;9290833;2024;МОСКОВСКАЯ;68.20;12300;51599839
3808268445;11013964;2022;ИРКУТСКАЯ;02.20;12300;46590854
3808268445;11013964;2023;ИРКУТСКАЯ;02.20;12300;49344000
3808268445;11013964;2024;ИРКУТСКАЯ;02.20;12300;52488798
6732220252;11716855;2022;СМОЛЕНСКАЯ;56.10;12300;44853685
6732220252;11716855;2023;СМОЛЕНСКАЯ;56.10;12300;49227103
6732220252;11716855;2024;СМОЛЕНСКАЯ;56.10;12300;52342860
3810080722;11077002;2022;ИРКУТСКАЯ;69.20;12300;45638292
3810080722;11077002;2023;ИРКУТСКАЯ;69.20;12300;48499254
3810080722;11077002;2024;ИРКУТСКАЯ;69.20;12300;50085672
7203440539;10522432;2022;ТЮМЕНСКАЯ;86.23;12300;45078311
7203440539;10522432;2023;ТЮМЕНСКАЯ;86.23;12300;48418833
7203440539;10522432;2024;ТЮМЕНСКАЯ;86.23;12300;51672095
4704011912;2123244;2022;ЛЕНИНГРАДСКАЯ;25.61;12300;44494956
4704011912;2123244;2023;ЛЕНИНГРАДСКАЯ;25.61;12300;47572820
4704011912;2123244;2024;ЛЕНИНГРАДСКАЯ;25.61;12300;50512052
1901052221;364017;2022;ХАКАСИЯ;62.01;12300;44434777
1901052221;364017;2023;ХАКАСИЯ;62.01;12300;47715532
1901052221;364017;2024;ХАКАСИЯ;62.01;12300;51285765
1215107316;1022247;2022;МАРИЙ ЭЛ;52.10;12300;44945099
1215107316;1022247;2023;МАРИЙ ЭЛ;52.10;12300;48327792
1215107316;1022247;2024;МАРИЙ ЭЛ;52.10;12300;50995600
6132013423;11577593;2022;КРЫМ;62.09;12300;45414324
6132013423;11577593;2023;КРЫМ;62.09;12300;48945165
6132013423;11577593;2024;КРЫМ;62.09;12300;52630664
3459076994;10776261;2022;ВОЛГОГРАДСКАЯ;43.21;12300;46418977
3459076994;10776261;2023;ВОЛГОГРАДСКАЯ;43.21;12300;49359852
3459076994;10776261;2024;ВОЛГОГРАДСКАЯ;43.21;12300;52598044
7413012635;821471;2022;СВЕРДЛОВСКАЯ;42.22;12300;45562675
7413012635;821471;2023;СВЕРДЛОВСКАЯ;42.22;12300;48710074
7413012635;821471;2024;СВЕРДЛОВСКАЯ;42.22;12300;50823512
4401184313;10438342;2022;КОСТРОМСКАЯ;86.90;12300;46183962
4401184313;10438342;2023;КОСТРОМСКАЯ;86.90;12300;49318721
4401184313;10438342;2024;КОСТРОМСКАЯ;86.90;12300;51311911
3808212033;2656514;2022;ИРКУТСКАЯ;43.2;12300;45521347
3808212033;2656514;2023;ИРКУТСКАЯ;43.2;12300;48171123
3808212033;2656514;2024;ИРКУТСКАЯ;43.2;12300;51556922
9718145425;11127838;2022;МОСКОВСКАЯ;45.31;12300;44779016
9718145425;11127838;2023;МОСКОВСКАЯ;45.31;12300;49326840
9718145425;11127838;2024;МОСКОВСКАЯ;45.31;12300;51450094
3662242889;10071086;2022;ВОРОНЕЖСКАЯ;47.91.2;12300;44223704
3662242889;10071086;2023;ВОРОНЕЖСКАЯ;47.91.2;12300;47401986
3662242889;10071086;2024;ВОРОНЕЖСКАЯ;47.91.2;12300;50330105
7130030908;9793022;2022;ТУЛЬСКАЯ;46.77;12300;46358880
7130030908;9793022;2023;ТУЛЬСКАЯ;46.77;12300;49278641
7130030908;9793022;2024;ТУЛЬСКАЯ;46.77;12300;51675912
2225132137;7403411;2022;АЛТАЙСКИЙ;62.02;12300;45179341
2225132137;7403411;2023;АЛТАЙСКИЙ;62.02;12300;49177959
2225132137;7403411;2024;АЛТАЙСКИЙ;62.02;12300;51075653
7329017427;9070345;2022;УЛЬЯНОВСКАЯ;47.30;12300;44735833
7329017427;9070345;2023;УЛЬЯНОВСКАЯ;47.30;12300;48946518
7329017427;9070345;2024;УЛЬЯНОВСКАЯ;47.30;12300;51937335
4500000493;11823225;2022;КУРГАНСКАЯ;73.11;12300;45011736
4500000493;11823225;2023;КУРГАНСКАЯ;73.11;12300;49447766
4500000493;11823225;2024;КУРГАНСКАЯ;73.11;12300;51511454
3801141986;10154581;2022;МОСКВА;68.32.1;12300;44354499
3801141986;10154581;2023;МОСКВА;68.32.1;12300;47439845
3801141986;10154581;2024;МОСКВА;68.32.1;12300;51423396
7804642547;10993378;2022;САНКТ-ПЕТЕРБУРГ;46.90;12300;46137276
7804642547;10993378;2023;САНКТ-ПЕТЕРБУРГ;46.90;12300;49372519
7804642547;10993378;2024;САНКТ-ПЕТЕРБУРГ;46.90;12300;51412981
4601005498;10841894;2022;КУРСКАЯ;47.73;12300;45909781
4601005498;10841894;2023;КУРСКАЯ;47.73;12300;48376913
4601005498;10841894;2024;КУРСКАЯ;47.73;12300;52236468
4825131153;10832732;2022;ЛИПЕЦКАЯ;42.21;12300;45376998
4825131153;10832732;2023;ЛИПЕЦКАЯ;42.21;12300;49786945
4825131153;10832732;2024;ЛИПЕЦКАЯ;42.21;12300;50387846
6025037282;3576785;2022;ПСКОВСКАЯ;41.2;12300;45990101
6025037282;3576785;2023;ПСКОВСКАЯ;41.2;12300;49184219
6025037282;3576785;2024;ПСКОВСКАЯ;41.2;12300;51909675
7710705784;4295904;2022;МОСКВА;09.10.9;12300;47144024
7710705784;4295904;2023;МОСКВА;09.10.9;12300;49753598
7710705784;4295904;2024;МОСКВА;09.10.9;12300;52654223
1841044417;8838568;2022;УДМУРТСКАЯ;47.11;12300;45461364
1841044417;8838568;2023;УДМУРТСКАЯ;47.11;12300;47397190
1841044417;8838568;2024;УДМУРТСКАЯ;47.11;12300;51725820
5404310141;11814113;2022;НОВОСИБИРСКАЯ;46.11;12300;46320849
5404310141;11814113;2023;НОВОСИБИРСКАЯ;46.11;12300;48653143
5404310141;11814113;2024;НОВОСИБИРСКАЯ;46.11;12300;50087862
4205265118;7872602;2022;КЕМЕРОВСКАЯ ОБЛАСТЬ - КУЗБАСС;69.10;12300;46425494
4205265118;7872602;2023;КЕМЕРОВСКАЯ ОБЛАСТЬ - КУЗБАСС;69.10;12300;48830436
4205265118;7872602;2024;КЕМЕРОВСКАЯ ОБЛАСТЬ - КУЗБАСС;69.10;12300;52425336
7604289317;9520576;2022;ЯРОСЛАВСКАЯ;93.13;12300;45610858
7604289317;9520576;2023;ЯРОСЛАВСКАЯ;93.13;12300;48746272
7604289317;9520576;2024;ЯРОСЛАВСКАЯ;93.13;12300;52242272
9102239570;10504535;2022;КРЫМ;64.91;12300;45667906
9102239570;10504535;2023;КРЫМ;64.91;12300;49566321
9102239570;10504535;2024;КРЫМ;64.91;12300;52492643
4401125558;4596803;2022;КОСТРОМСКАЯ;56.1;12300;45857954
4401125558;4596803;2023;КОСТРОМСКАЯ;56.10;12300;49713363
4401125558;4596803;2024;КОСТРОМСКАЯ;56.1;12300;52661738
4502032807;11773813;2022;КУРГАНСКАЯ;86.90.9;12300;45034077
4502032807;11773813;2023;КУРГАНСКАЯ;86.90.9;12300;47602723
4502032807;11773813;2024;КУРГАНСКАЯ;86.90.9;12300;51133185
6950260696;11891270;2022;ТВЕРСКАЯ;56.10;12300;45915615
6950260696;11891270;2023;ТВЕРСКАЯ;56.10;12300;47990777
6950260696;11891270;2024;ТВЕРСКАЯ;56.10;12300;51714956
6234165256;10071661;2022;РЯЗАНСКАЯ;43.22;12300;46416012
6234165256;10071661;2023;РЯЗАНСКАЯ;43.22;12300;47697362
6234165256;10071661;2024;РЯЗАНСКАЯ;43.22;12300;51337346
2258001500;5193383;2022;АЛТАЙСКИЙ;47.73;12300;45277175
2258001500;5193383;2023;АЛТАЙСКИЙ;47.73;12300;48572198
2258001500;5193383;2024;АЛТАЙСКИЙ;47.73;12300;51287024
6415006339;11689430;2022;САРАТОВСКАЯ;43.12;12300;46334218
6415006339;11689430;2023;САРАТОВСКАЯ;43.12;12300;49377726
6415006339;11689430;2024;САРАТОВСКАЯ;43.12;12300;52463453
3702699762;7890057;2022;ИВАНОВСКАЯ;70.22;12300;46451035
3702699762;7890057;2023;ИВАНОВСКАЯ;70.22;12300;50068287
3702699762;7890057;2024;ИВАНОВСКАЯ;70.22;12300;52982189
3725007295;6084672;2022;ИВАНОВСКАЯ;52.29;12300;46365768
3725007295;6084672;2023;ИВАНОВСКАЯ;52.29;12300;49582553
3725007295;6084672;2024;ИВАНОВСКАЯ;52.29;12300;52261686
7714623331;5004215;2022;МОСКВА;41.2;12300;45260526
7714623331;5004215;2023;МОСКВА;41.2;12300;48010066
7714623331;5004215;2024;МОСКВА;41.2;12300;51316795
0105074835;9270799;2022;АДЫГЕЯ;52.29;12300;45563862
0105074835;9270799;2023;АДЫГЕЯ;52.29;12300;48677732
0105074835;9270799;2024;АДЫГЕЯ;52.29;12300;51642599
5907028470;9835791;2022;ПЕРМСКИЙ;47.71;12300;46625906
5907028470;9835791;2023;ПЕРМСКИЙ;47.19;12300;47669833
5907028470;9835791;2024;ПЕРМСКИЙ;47.19;12300;52685727
9702030362;11537380;2022;МОСКВА;52.29;12300;45455064
9702030362;11537380;2023;МОСКВА;52.29;12300;49287286
9702030362;11537380;2024;МОСКВА;52.29;12300;51901079
6027137571;2012692;2022;ПСКОВСКАЯ;71.11.1;12300;46140110
6027137571;2012692;2023;ПСКОВСКАЯ;71.11.1;12300;48742961
6027137571;2012692;2024;ПСКОВСКАЯ;71.11.1;12300;51750854
6714047485;10345731;2022;СМОЛЕНСКАЯ;71.11;12300;45681865
6714047485;10345731;2023;СМОЛЕНСКАЯ;71.11;12300;47978691
6714047485;10345731;2024;СМОЛЕНСКАЯ;71.11;12300;50846125
4823076549;10827903;2022;ЛИПЕЦКАЯ;82.11;12300;44986449
4823076549;10827903;2023;ЛИПЕЦКАЯ;73.11;12300;48860703
4823076549;10827903;2024;ЛИПЕЦКАЯ;73.11;12300;50751207
6168072239;8480836;2022;РОСТОВСКАЯ;46.73;12300;46339504
6168072239;8480836;2023;РОСТОВСКАЯ;46.73;12300;48325565
6168072239;8480836;2024;РОСТОВСКАЯ;46.73;12300;51480971
7805503948;2992385;2022;САНКТ-ПЕТЕРБУРГ;73.1;12300;44708788
7805503948;2992385;2023;САНКТ-ПЕТЕРБУРГ;73.1;12300;48302099
7805503948;2992385;2024;САНКТ-ПЕТЕРБУРГ;73.1;12300;52061829
2130199221;10591600;2022;ЧУВАШСКАЯ РЕСПУБЛИКА -;49.41;12300;45219522
2130199221;10591600;2023;ЧУВАШСКАЯ РЕСПУБЛИКА -;49.41;12300;48192933
2130199221;10591600;2024;ЧУВАШСКАЯ РЕСПУБЛИКА -;49.41;12300;50945253
0571017986;11549879;2022;ДАГЕСТАН;17.21;12300;44503675
0571017986;11549879;2023;ДАГЕСТАН;17.21;12300;47870108
0571017986;11549879;2024;ДАГЕСТАН;17.21;12300;51198150
3711048245;10892578;2022;ИВАНОВСКАЯ;45.31.1;12300;45599091
3711048245;10892578;2023;ИВАНОВСКАЯ;45.31.1;12300;48585485
3711048245;10892578;2024;ИВАНОВСКАЯ;45.31.1;12300;52247589
7701859080;2410846;2022;МОСКВА;73.11;12300;44271248
7701859080;2410846;2023;МОСКВА;73.11;12300;48438298
7701859080;2410846;2024;МОСКВА;73.11;12300;51464238
6726023150;10065960;2022;СМОЛЕНСКАЯ;45.31;12300;44546867
6726023150;10065960;2023;СМОЛЕНСКАЯ;45.31;12300;47441424
6726023150;10065960;2024;СМОЛЕНСКАЯ;45.31;12300;50204564
9725054578;11628923;2022;МОСКВА;64.20;12267;45181482
9725054578;11628923;2023;МОСКВА;64.20;12267;48757525
9725054578;11628923;2024;МОСКВА;64.20;12267;51294615
7325171379;11423470;2022;УЛЬЯНОВСКАЯ;42.21;12300;46397865
7325171379;11423470;2023;УЛЬЯНОВСКАЯ;42.21;12300;48276965
7325171379;11423470;2024;УЛЬЯНОВСКАЯ;42.21;12300;51613465
3905073191;5958490;2022;КАЛИНИНГРАДСКАЯ;46.4;12300;44717650
3905073191;5958490;2023;КАЛИНИНГРАДСКАЯ;46.4;12300;48517403
3905073191;5958490;2024;КАЛИНИНГРАДСКАЯ;46.4;12300;51718941
1102057840;3531560;2022;КОМИ;62.01;12300;46474369
1102057840;3531560;2023;КОМИ;62.01;12300;49680127
1102057840;3531560;2024;КОМИ;62.01;12300;51675523
5906173210;11851721;2022;ПЕРМСКИЙ;49.41;12300;45108091
5906173210;11851721;2023;ПЕРМСКИЙ;49.41;12300;48872156
5906173210;11851721;2024;ПЕРМСКИЙ;49.41;12300;52255846
7302010583;7019050;2022;УЛЬЯНОВСКАЯ;69.20.1;12300;45078684
7302010583;7019050;2023;УЛЬЯНОВСКАЯ;69.20.1;12300;48505102
7302010583;7019050;2024;УЛЬЯНОВСКАЯ;69.20.1;12300;52043479
5904337600;9803374;2022;ПЕРМСКИЙ;46.90;12300;46470143
5904337600;9803374;2023;ПЕРМСКИЙ;46.90;12300;49187177
5904337600;9803374;2024;ПЕРМСКИЙ;46.90;12300;52149038
9704084740;11657920;2022;МОСКВА;68.20;12300;46012047
9704084740;11657920;2023;МОСКВА;68.20;12300;48480065
9704084740;11657920;2024;МОСКВА;68.20;12300;52348883
4401184345;10438691;2022;КОСТРОМСКАЯ;31.01;12300;45888338
4401184345;10438691;2023;КОСТРОМСКАЯ;31.01;12300;49074434
4401184345;10438691;2024;КОСТРОМСКАЯ;31.01;12300;52548452
5501142069;9406438;2022;ОМСКАЯ;93.11;12300;45048535
5501142069;9406438;2023;ОМСКАЯ;93.11;12300;47761912
5501142069;9406438;2024;ОМСКАЯ;93.11;12300;50385226
3435127488;9922538;2022;ВОЛГОГРАДСКАЯ;42.22;12300;47030430
3435127488;9922538;2023;ВОЛГОГРАДСКАЯ;42.22;12300;49728148
3435127488;9922538;2024;ВОЛГОГРАДСКАЯ;42.22;12300;52644900
7701983954;7656908;2022;ЧЕЛЯБИНСКАЯ;69.20.1;12300;45753696
7701983954;7656908;2023;ЧЕЛЯБИНСКАЯ;69.20.1;12300;48985678
7701983954;7656908;2024;ЧЕЛЯБИНСКАЯ;69.20.1;12300;51578800
5609003818;6922653;2022;ОРЕНБУРГСКАЯ;45.20;12267;46338819
5609003818;6922653;2023;ОРЕНБУРГСКАЯ;45.20;12267;49226116
5609003818;6922653;2024;ОРЕНБУРГСКАЯ;45.20;12267;52301379
7733275344;9672454;2022;МОСКВА;61.10;12300;46294451
7733275344;9672454;2023;МОСКВА;61.10;12300;49867141
7733275344;9672454;2024;МОСКВА;61.10;12300;52347484
5506121344;9602363;2022;ОМСКАЯ;93.11;12300;45360841
5506121344;9602363;2023;ОМСКАЯ;93.11;12300;48555926
5506121344;9602363;2024;ОМСКАЯ;93.11;12300;51036353
0323338848;4541223;2022;БУРЯТИЯ;38.32.3;12300;45116235
0323338848;4541223;2023;БУРЯТИЯ;25.50.2;12300;49320509
0323338848;4541223;2024;БУРЯТИЯ;25.50.1;12300;52211729
7820026619;7044606;2022;САНКТ-ПЕТЕРБУРГ;33.12;12300;44590333
7820026619;7044606;2023;САНКТ-ПЕТЕРБУРГ;33.12;12300;47582287
7820026619;7044606;2024;САНКТ-ПЕТЕРБУРГ;33.12;12300;50416679
3123061552;1111889;2022;БЕЛГОРОДСКАЯ;62.01;12300;44808056
3123061552;1111889;2023;БЕЛГОРОДСКАЯ;62.01;12300;47936938
3123061552;1111889;2024;БЕЛГОРОДСКАЯ;62.01;12300;50974283
4205275758;8140973;2022;КЕМЕРОВСКАЯ ОБЛАСТЬ - КУЗБАСС;73.11;12300;45936186
4205275758;8140973;2023;КЕМЕРОВСКАЯ ОБЛАСТЬ - КУЗБАСС;73.11;12300;48775850
4205275758;8140973;2024;КЕМЕРОВСКАЯ ОБЛАСТЬ - КУЗБАСС;73.11;12300;50167967
4028028229;5853247;2022;КАЛУЖСКАЯ;73.20;12300;46631965
4028028229;5853247;2023;КАЛУЖСКАЯ;73.20;12300;48594758
4028028229;5853247;2024;КАЛУЖСКАЯ;73.20;12300;52060568
7719482282;10809726;2022;МОСКВА;42.21;12300;46980857
7719482282;10809726;2023;МОСКВА;42.21;12300;47533429
7719482282;10809726;2024;МОСКВА;42.21;12300;50666423
5027189419;7450943;2022;МОСКВА;41.20;12300;45662975
5027189419;7450943;2023;МОСКВА;41.2;12300;48536511
5027189419;7450943;2024;МОСКВА;41.2;12300;51537028
0100002097;11879638;2022;АДЫГЕЯ;62.01;12300;44110313
0100002097;11879638;2023;АДЫГЕЯ;62.01;12300;47352124
0100002097;11879638;2024;АДЫГЕЯ;62.01;12300;50142832
1624016187;10422067;2022;ТАТАРСТАН;41.20;12300;47075374
1624016187;10422067;2023;ТАТАРСТАН;41.20;12300;47394443
1624016187;10422067;2024;ТАТАРСТАН;41.20;12300;51104790
9200011172;11882186;2022;СЕВАСТОПОЛЬ;62.01;12300;46072883
9200011172;11882186;2023;СЕВАСТОПОЛЬ;62.01;12300;48864971
9200011172;11882186;2024;СЕВАСТОПОЛЬ;62.01;12300;51506077
5032276882;8380212;2022;МОСКОВСКАЯ;58.19;12300;45282710
5032276882;8380212;2023;МОСКОВСКАЯ;58.19;12300;48564452
5032276882;8380212;2024;МОСКОВСКАЯ;58.19;12300;51199092
1001245830;4251496;2022;КАРЕЛИЯ;70.22;12300;45515640
1001245830;4251496;2023;КАРЕЛИЯ;70.22;12300;49341981
1001245830;4251496;2024;КАРЕЛИЯ;70.22;12300;50861949
5404379457;3179231;2022;НОВОСИБИРСКАЯ;69.10;12300;44160490
5404379457;3179231;2023;НОВОСИБИРСКАЯ;69.10;12300;47256400
5404379457;3179231;2024;НОВОСИБИРСКАЯ;69.10;12300;50132948
7203229060;3874686;2022;ТЮМЕНСКАЯ;68.3;12300;44556577
7203229060;3874686;2023;ТЮМЕНСКАЯ;68.3;12300;47901697
7203229060;3874686;2024;ТЮМЕНСКАЯ;68.31;12300;50875434
5903135897;10486521;2022;ПЕРМСКИЙ;69.10;12300;46540754
5903135897;10486521;2023;ПЕРМСКИЙ;69.10;12300;49660202
5903135897;10486521;2024;ПЕРМСКИЙ;69.10;12300;52425472
5404021453;9460986;2022;НОВОСИБИРСКАЯ;69.10;12300;46553511
5404021453;9460986;2023;НОВОСИБИРСКАЯ;69.10;12300;49672984
5404021453;9460986;2024;НОВОСИБИРСКАЯ;69.10;12300;52451585
5101310960;5233788;2022;МУРМАНСКАЯ;56.29;12300;46601543
5101310960;5233788;2023;МУРМАНСКАЯ;56.29;12300;48949671
5101310960;5233788;2024;МУРМАНСКАЯ;56.29;12300;52430363
6165206646;10143386;2022;РОСТОВСКАЯ;70.22;12300;46469916
6165206646;10143386;2023;РОСТОВСКАЯ;70.22;12300;48488272
6165206646;10143386;2024;РОСТОВСКАЯ;70.22;12300;51542013
1659169018;9654190;2022;ТАТАРСТАН;68.20;12300;45244076
1659169018;9654190;2023;ТАТАРСТАН;68.20;12300;48590532
1659169018;9654190;2024;ТАТАРСТАН;68.20;12300;50850876
9102055693;8988832;2022;КРЫМ;42.11;12300;44808434
9102055693;8988832;2023;КРЫМ;42.11;12300;49483493
9102055693;8988832;2024;КРЫМ;42.11;12300;52017082
4909107220;1004617;2022;МАГАДАНСКАЯ;69.20;12300;45544796
4909107220;1004617;2023;МАГАДАНСКАЯ;69.20;12300;48095885
4909107220;1004617;2024;МАГАДАНСКАЯ;69.20;12300;52149565
3904052978;5871041;2022;КАЛИНИНГРАДСКАЯ;86.23;12300;45446649
3904052978;5871041;2023;КАЛИНИНГРАДСКАЯ;86.23;12300;48225851
3904052978;5871041;2024;КАЛИНИНГРАДСКАЯ;86.23;12300;51843184
1215119449;28693;2022;МАРИЙ ЭЛ;25.9;12300;45954655
1215119449;28693;2023;МАРИЙ ЭЛ;25.9;12300;48760609
1215119449;28693;2024;МАРИЙ ЭЛ;25.9;12300;52112385
2635252519;11791726;2022;СТАВРОПОЛЬСКИЙ;43.29;12300;44162529
2635252519;11791726;2023;СТАВРОПОЛЬСКИЙ;43.29;12300;48865434
2635252519;11791726;2024;СТАВРОПОЛЬСКИЙ;43.29;12300;50609557
0816038880;11178127;2022;КАЛМЫКИЯ;49.32;12300;45975503
0816038880;11178127;2023;КАЛМЫКИЯ;49.32;12300;48220079
0816038880;11178127;2024;КАЛМЫКИЯ;49.32;12300;52544392
7728707670;240580;2022;МОСКВА;45.1;12300;46524583
7728707670;240580;2023;МОСКВА;45.1;12300;49260993
7728707670;240580;2024;МОСКВА;45.1;12300;52096683
0801006830;11302757;2022;КАЛМЫКИЯ;01.11;12300;45657475
0801006830;11302757;2023;КАЛМЫКИЯ;01.11;12300;47954711
0801006830;11302757;2024;КАЛМЫКИЯ;01.11;12300;52187635
7736325890;11219638;2022;МОСКВА;81.21;12300;46005695
7736325890;11219638;2023;МОСКВА;81.21;12300;48461817
7736325890;11219638;2024;МОСКВА;78.30;12300;50427562
0273912662;10112035;2022;БАШКОРТОСТАН;25.11;12300;45484158
0273912662;10112035;2023;БАШКОРТОСТАН;25.11;12300;48641156
0273912662;10112035;2024;БАШКОРТОСТАН;25.11;12300;52045839
2632052663;6803640;2022;СТАВРОПОЛЬСКИЙ;18.12;12300;45879945
2632052663;6803640;2023;СТАВРОПОЛЬСКИЙ;18.12;12300;48004803
2632052663;6803640;2024;СТАВРОПОЛЬСКИЙ;18.12;12300;50812996
5031141339;11600601;2022;МОСКОВСКАЯ;35.22;12300;45165763
5031141339;11600601;2023;МОСКОВСКАЯ;35.22;12300;48388269
5031141339;11600601;2024;МОСКОВСКАЯ;43.29;12300;51733597
6501259358;8183636;2022;САХАЛИНСКАЯ;42.21;12300;45544845
6501259358;8183636;2023;САХАЛИНСКАЯ;42.21;12300;48312556
6501259358;8183636;2024;САХАЛИНСКАЯ;42.21;12300;51773221
4345437952;9646525;2022;КИРОВСКАЯ;69.10;12300;45162607
4345437952;9646525;2023;КИРОВСКАЯ;69.10;12300;48999291
4345437952;9646525;2024;КИРОВСКАЯ;69.10;12300;51081294
9201505801;9106378;2022;СЕВАСТОПОЛЬ;25.93;12300;46524033
9201505801;9106378;2023;СЕВАСТОПОЛЬ;25.93;12300;48875747
9201505801;9106378;2024;СЕВАСТОПОЛЬ;25.93;12300;52543946
1841098451;11562668;2022;УДМУРТСКАЯ;86.10;12300;45761568
1841098451;11562668;2023;УДМУРТСКАЯ;86.10;12300;48131765
1841098451;11562668;2024;УДМУРТСКАЯ;86.10;12300;51346418
5607046076;8105393;2022;ОРЕНБУРГСКАЯ;25.62;12300;45136571
5607046076;8105393;2023;ОРЕНБУРГСКАЯ;25.62;12300;48186884
5607046076;8105393;2024;ОРЕНБУРГСКАЯ;25.62;12300;52170393
5029270087;11864507;2022;МОСКОВСКАЯ;62.03.13;12300;46419918
5029270087;11864507;2023;МОСКОВСКАЯ;62.01;12300;48632102
5029270087;11864507;2024;МОСКОВСКАЯ;62.01;12300;51412301
5003095828;3584812;2022;ЗАБАЙКАЛЬСКИЙ;70.22;12300;45995077
5003095828;3584812;2023;ЗАБАЙКАЛЬСКИЙ;70.22;12300;48849695
5003095828;3584812;2024;ЗАБАЙКАЛЬСКИЙ;70.22;12300;52499377
7536156771;9600256;2022;ЗАБАЙКАЛЬСКИЙ;70.22;12300;45070008
7536156771;9600256;2023;ЗАБАЙКАЛЬСКИЙ;70.22;12300;48619864
7536156771;9600256;2024;ЗАБАЙКАЛЬСКИЙ;70.22;12300;51279318
7448158843;7888308;2022;ЧЕЛЯБИНСКАЯ;49.4;12300;45017952
7448158843;7888308;2023;ЧЕЛЯБИНСКАЯ;49.4;12300;48067813
7448158843;7888308;2024;ЧЕЛЯБИНСКАЯ;49.4;12300;50839056
5030089911;10015810;2022;МОСКОВСКАЯ;56.10;12300;44243448
5030089911;10015810;2023;МОСКОВСКАЯ;56.10;12300;47414711
5030089911;10015810;2024;МОСКОВСКАЯ;56.10;12300;50306114
9103087472;10562581;2022;КРЫМ;79.90.1;12300;44118272
9103087472;10562581;2023;КРЫМ;79.90.1;12300;47408796
9103087472;10562581;2024;КРЫМ;79.90.1;12300;50114462
1646014747;305610;2022;ТАТАРСТАН;69.10;12300;45747367
1646014747;305610;2023;ТАТАРСТАН;69.10;12300;48731282
1646014747;305610;2024;ТАТАРСТАН;69.10;12300;50973054
7203456955;10774377;2022;КУРГАНСКАЯ;25.62;12300;46004158
7203456955;10774377;2023;КУРГАНСКАЯ;25.62;12300;49523131
7203456955;10774377;2024;КУРГАНСКАЯ;25.62;12300;52486894
5013051308;4031680;2022;МОСКОВСКАЯ;86.21;12300;44743079
5013051308;4031680;2023;МОСКОВСКАЯ;86.21;12300;48084645
5013051308;4031680;2024;МОСКОВСКАЯ;86.21;12300;50796956
7451300289;1779582;2022;ЧЕЛЯБИНСКАЯ;56.29;12300;44979414
7451300289;1779582;2023;ЧЕЛЯБИНСКАЯ;56.29.2;12300;47831405
7451300289;1779582;2024;ЧЕЛЯБИНСКАЯ;56.29;12300;51219547
7724767188;770775;2022;МОСКВА;43.11;12300;46665606
7724767188;770775;2023;МОСКВА;43.11;12300;49674556
7724767188;770775;2024;МОСКВА;43.11;12300;52518403
0816040093;11423156;2022;КАЛМЫКИЯ;43.22;12300;46222473
0816040093;11423156;2023;КАЛМЫКИЯ;43.22;12300;49110733
0816040093;11423156;2024;КАЛМЫКИЯ;43.22;12300;52447844
1620005353;6726589;2022;ТАТАРСТАН;68.20;12300;45955743
1620005353;6726589;2023;ТАТАРСТАН;68.20;12300;48156744
1620005353;6726589;2024;ТАТАРСТАН;68.2;12300;51969752
5056012180;3926130;2022;МОСКОВСКАЯ;68.2;12300;44937004
5056012180;3926130;2023;МОСКОВСКАЯ;68.2;12300;48738584
5056012180;3926130;2024;МОСКОВСКАЯ;68.2;12300;51741274
7203400180;9967253;2022;ТЮМЕНСКАЯ;56.10;12300;44818264
7203400180;9967253;2023;ТЮМЕНСКАЯ;56.10;12300;48303045
7203400180;9967253;2024;ТЮМЕНСКАЯ;56.10;12300;51396690
7806045465;5003281;2022;САНКТ-ПЕТЕРБУРГ;47.11;12300;44452218
7806045465;5003281;2023;САНКТ-ПЕТЕРБУРГ;47.11;12300;47399745
7806045465;5003281;2024;САНКТ-ПЕТЕРБУРГ;47.11;12300;50622706
1655345449;9573541;2022;МОСКВА;72.19;12300;45900319
1655345449;9573541;2023;МОСКВА;72.19;12300;48480249
1655345449;9573541;2024;МОСКВА;72.19;12300;50244850
2543060366;9005053;2022;ПРИМОРСКИЙ;47.11;12300;46147285
2543060366;9005053;2023;ПРИМОРСКИЙ;47.11;12300;48890151
2543060366;9005053;2024;ПРИМОРСКИЙ;47.25;12300;50924402
2626050330;11606840;2022;СТАВРОПОЛЬСКИЙ;86.90.9;12300;45757571
2626050330;11606840;2023;СТАВРОПОЛЬСКИЙ;86.90.9;12300;48749653
2626050330;11606840;2024;СТАВРОПОЛЬСКИЙ;86.90.9;12300;51816171
9728074501;11951403;2022;МОСКВА;14.19.5;12300;44445422
9728074501;11951403;2023;МОСКВА;14.19.5;12300;48975817
9728074501;11951403;2024;МОСКВА;14.19.5;12300;50984274
8604068567;10577297;2022;ХАНТЫ-МАНСИЙСКИЙ АВТОНОМНЫЙ ОКРУГ - ЮГРА;49.39;12300;46367746
8604068567;10577297;2023;ХАНТЫ-МАНСИЙСКИЙ АВТОНОМНЫЙ ОКРУГ - ЮГРА;49.39;12300;49115480
8604068567;10577297;2024;ХАНТЫ-МАНСИЙСКИЙ АВТОНОМНЫЙ ОКРУГ - ЮГРА;49.39;12300;50100278
4826147163;11521948;2022;ЛИПЕЦКАЯ;43.91;12300;45054470
4826147163;11521948;2023;ЛИПЕЦКАЯ;43.91;12300;48958506
4826147163;11521948;2024;ЛИПЕЦКАЯ;43.91;12300;51266400
7604364194;11262244;2022;ЯРОСЛАВСКАЯ;73.11;12300;46567613
7604364194;11262244;2023;ЯРОСЛАВСКАЯ;73.11;12300;49690731
7604364194;11262244;2024;ЯРОСЛАВСКАЯ;73.11;12300;52711037
7017097233;1461935;2022;ТОМСКАЯ;45.3;12300;44365471
7017097233;1461935;2023;ТОМСКАЯ;45.3;12300;48634745
7017097233;1461935;2024;ТОМСКАЯ;45.3;12300;50363584
3127017709;11139072;2022;БЕЛГОРОДСКАЯ;70.22;12300;45404348
3127017709;11139072;2023;БЕЛГОРОДСКАЯ;70.22;12300;49682369
3127017709;11139072;2024;БЕЛГОРОДСКАЯ;70.22;12300;51416096
3906122123;643915;2022;КАЛИНИНГРАДСКАЯ;41.20;12300;45353371
3906122123;643915;2023;КАЛИНИНГРАДСКАЯ;42.21;12300;48667857
3906122123;643915;2024;КАЛИНИНГРАДСКАЯ;42.21;12300;52180822
1685002992;11825720;2022;ТАТАРСТАН;49.41;12300;44634751
1685002992;11825720;2023;ТАТАРСТАН;49.41;12300;49571470
1685002992;11825720;2024;ТАТАРСТАН;49.41;12300;51664114
5043038015;2940411;2022;МОСКОВСКАЯ;86.23;12300;44515565
5043038015;2940411;2023;МОСКОВСКАЯ;86.23;12300;47697304
5043038015;2940411;2024;МОСКОВСКАЯ;86.23;12300;50998190
7725577398;6506749;2022;МОСКВА;69;12300;45757972
7725577398;6506749;2023;МОСКВА;69;12300;49209502
7725577398;6506749;2024;МОСКВА;69;12300;52548009
0102002399;4889376;2022;АДЫГЕЯ;43.21;12300;44834568
0102002399;4889376;2023;АДЫГЕЯ;43.21;12300;47608139
0102002399;4889376;2024;АДЫГЕЯ;43.21;12300;50820410
4205311188;9306151;2022;КЕМЕРОВСКАЯ ОБЛАСТЬ - КУЗБАСС;69.10;12300;45072210
4205311188;9306151;2023;КЕМЕРОВСКАЯ ОБЛАСТЬ - КУЗБАСС;69.10;12300;47966842
4205311188;9306151;2024;КЕМЕРОВСКАЯ ОБЛАСТЬ - КУЗБАСС;69.10;12300;51154264
2625048232;9730608;2022;СТАВРОПОЛЬСКИЙ;46.9;12300;45664977
2625048232;9730608;2023;СТАВРОПОЛЬСКИЙ;46.9;12300;47453881
2625048232;9730608;2024;СТАВРОПОЛЬСКИЙ;46.90;12300;50792147
0107027559;8883115;2022;АДЫГЕЯ;45.11.2;12300;44324987
0107027559;8883115;2023;АДЫГЕЯ;45.11.2;12300;47483459
0107027559;8883115;2024;АДЫГЕЯ;45.11.2;12300;50487004
2635800155;3879379;2022;СТАВРОПОЛЬСКИЙ;73.11;12300;46451767
2635800155;3879379;2023;СТАВРОПОЛЬСКИЙ;73.11;12300;49151230
2635800155;3879379;2024;СТАВРОПОЛЬСКИЙ;73.11;12300;52608850
7724324651;9289420;2022;ВЛАДИМИРСКАЯ;45.20;12300;45657219
7724324651;9289420;2023;ВЛАДИМИРСКАЯ;45.20;12300;48895454
7724324651;9289420;2024;ВЛАДИМИРСКАЯ;45.20;12300;52111309
4025073110;5812144;2022;КАЛУЖСКАЯ;47.65;12300;45801208
4025073110;5812144;2023;КАЛУЖСКАЯ;47.19.1;12300;49978998
4025073110;5812144;2024;КАЛУЖСКАЯ;47.19.1;12300;52359120
5612173930;11161001;2022;ОРЕНБУРГСКАЯ;62.01;12300;44575663
5612173930;11161001;2023;ОРЕНБУРГСКАЯ;62.01;12300;49793743
5612173930;11161001;2024;ОРЕНБУРГСКАЯ;62.01;12300;50767809
2130058277;4073459;2022;ЧУВАШСКАЯ РЕСПУБЛИКА -;86.90.9;12300;44270039
2130058277;4073459;2023;ЧУВАШСКАЯ РЕСПУБЛИКА -;86.90.9;12300;47412711
2130058277;4073459;2024;ЧУВАШСКАЯ РЕСПУБЛИКА -;86.21;12300;51612859
3528319760;11386664;2022;ВОЛОГОДСКАЯ;69.20;12300;44152275
3528319760;11386664;2023;ВОЛОГОДСКАЯ;69.20;12300;47392518
3528319760;11386664;2024;ВОЛОГОДСКАЯ;69.20;12300;50313364
7202011777;4167945;2022;ТЮМЕНСКАЯ;25.12;12300;46587448
7202011777;4167945;2023;ТЮМЕНСКАЯ;25.12;12300;49709370
7202011777;4167945;2024;ТЮМЕНСКАЯ;25.12;12300;50629644
2130080868;3363713;2022;ЧУВАШСКАЯ РЕСПУБЛИКА -;86;12300;44972961
2130080868;3363713;2023;ЧУВАШСКАЯ РЕСПУБЛИКА -;86;12300;48116467
2130080868;3363713;2024;ЧУВАШСКАЯ РЕСПУБЛИКА -;86;12300;51436707
7448229269;11456998;2022;ЧЕЛЯБИНСКАЯ;45.31;12300;46232623
7448229269;11456998;2023;ЧЕЛЯБИНСКАЯ;45.31;12300;48185739
7448229269;11456998;2024;ЧЕЛЯБИНСКАЯ;45.31;12300;52465025
5036159883;9821930;2022;МОСКОВСКАЯ;71.1;12300;44797684
5036159883;9821930;2023;МОСКОВСКАЯ;71.1;12300;47825470
5036159883;9821930;2024;МОСКОВСКАЯ;25.62;12300;50625160
5611083578;10892050;2022;ОРЕНБУРГСКАЯ;70.22;12300;46157291
5611083578;10892050;2023;ОРЕНБУРГСКАЯ;70.22;12300;49393171
5611083578;10892050;2024;ОРЕНБУРГСКАЯ;70.22;12300;52943592
6722034916;11183329;2022;СМОЛЕНСКАЯ;08.12;12300;44932738
6722034916;11183329;2023;СМОЛЕНСКАЯ;08.12;12300;48059885
6722034916;11183329;2024;СМОЛЕНСКАЯ;08.12;12300;52078263
0816012995;783285;2022;КАЛМЫКИЯ;86.10;12300;45799148
0816012995;783285;2023;КАЛМЫКИЯ;86.10;12300;49296741
0816012995;783285;2024;КАЛМЫКИЯ;86.10;12300;52546098
2983014258;11725565;2022;НЕНЕЦКИЙ;47.25;12300;45057951
2983014258;11725565;2023;НЕНЕЦКИЙ;47.25;12300;48420573
2983014258;11725565;2024;НЕНЕЦКИЙ;47.25;12300;50732902
0278915836;9689609;2022;БАШКОРТОСТАН;73.11;12300;45911984
0278915836;9689609;2023;БАШКОРТОСТАН;73.11;12300;49204905
0278915836;9689609;2024;БАШКОРТОСТАН;73.11;12300;52417443
7813664402;11892776;2022;САНКТ-ПЕТЕРБУРГ;86.90;12300;46537419
7813664402;11892776;2023;САНКТ-ПЕТЕРБУРГ;86.90;12300;49294805
7813664402;11892776;2024;САНКТ-ПЕТЕРБУРГ;86.90;12300;52500153
4825051814;6120119;2022;ЛИПЕЦКАЯ;69.10;12300;46217214
4825051814;6120119;2023;ЛИПЕЦКАЯ;69.10;12300;49406862
4825051814;6120119;2024;ЛИПЕЦКАЯ;69.10;12300;52281487
5754201205;8976913;2022;ОРЛОВСКАЯ;52.12;12300;45664476
5754201205;8976913;2023;ОРЛОВСКАЯ;47.19;12300;47412405
5754201205;8976913;2024;ОРЛОВСКАЯ;47.19;12300;50583391
2461221580;7846477;2022;КРАСНОЯРСКИЙ;86.23;12300;45114465
2461221580;7846477;2023;КРАСНОЯРСКИЙ;86.23;12300;47592431
2461221580;7846477;2024;КРАСНОЯРСКИЙ;86.23;12300;51480288
9701032328;9628410;2022;МОСКВА;41.20;12300;46048385
9701032328;9628410;2023;МОСКВА;41.20;12300;49208837
9701032328;9628410;2024;МОСКВА;41.20;12300;52534103
5615019510;4457090;2022;ОРЕНБУРГСКАЯ;43.21;12300;44865071
5615019510;4457090;2023;ОРЕНБУРГСКАЯ;43.21;12300;48531047
5615019510;4457090;2024;ОРЕНБУРГСКАЯ;43.21;12300;51395424
7805666526;8998590;2022;САНКТ-ПЕТЕРБУРГ;56.10;12300;44022290
7805666526;8998590;2023;САНКТ-ПЕТЕРБУРГ;56.10;12300;47590393
7805666526;8998590;2024;САНКТ-ПЕТЕРБУРГ;56.10;12300;52936124
7202193132;3139352;2022;ТЮМЕНСКАЯ;73.11;12300;46499098
7202193132;3139352;2023;ТЮМЕНСКАЯ;73.11;12300;49441988
7202193132;3139352;2024;ТЮМЕНСКАЯ;73.11;12300;52690038
2540219418;9689233;2022;ПРИМОРСКИЙ;73.11;12300;44729854
2540219418;9689233;2023;ПРИМОРСКИЙ;73.11;12300;48171287
2540219418;9689233;2024;ПРИМОРСКИЙ;73.11;12300;51364623
7730193005;9557666;2022;МОСКВА;93.12;12300;45268845
7730193005;9557666;2023;МОСКВА;93.12;12300;48875079
7730193005;9557666;2024;МОСКВА;93.12;12300;51475253
2460041271;817198;2022;КРАСНОЯРСКИЙ;73.11;12300;46140708
2460041271;817198;2023;КРАСНОЯРСКИЙ;73.11;12300;48517925
2460041271;817198;2024;КРАСНОЯРСКИЙ;73.11;12300;51705835
2901303501;11451931;2022;АРХАНГЕЛЬСКАЯ;27.90;12300;44844967
2901303501;11451931;2023;АРХАНГЕЛЬСКАЯ;27.90;12300;47649163
2901303501;11451931;2024;АРХАНГЕЛЬСКАЯ;93.19;12300;50599718
7103040960;1507506;2022;ТУЛЬСКАЯ;41.20;12300;44056363
7103040960;1507506;2023;ТУЛЬСКАЯ;41.20;12300;47213066
7103040960;1507506;2024;ТУЛЬСКАЯ;41.20;12300;51418095
4705094397;11819748;2022;ЛЕНИНГРАДСКАЯ;52.24.1;12300;46026402
4705094397;11819748;2023;ЛЕНИНГРАДСКАЯ;52.24.1;12300;49250758
4705094397;11819748;2024;ЛЕНИНГРАДСКАЯ;52.24.1;12300;52720458
5614020752;3804709;2022;ОРЕНБУРГСКАЯ;71.2;12300;44989718
5614020752;3804709;2023;ОРЕНБУРГСКАЯ;71.20;12300;48088013
5614020752;3804709;2024;ОРЕНБУРГСКАЯ;71.20;12300;50885261
3906413901;11874775;2022;КАЛИНИНГРАДСКАЯ;62.01;12300;45898686
3906413901;11874775;2023;КАЛИНИНГРАДСКАЯ;62.01;12300;49873923
3906413901;11874775;2024;КАЛИНИНГРАДСКАЯ;62.01;12300;51185278
3250504077;4335049;2022;БРЯНСКАЯ;69.10;12300;45723127
3250504077;4335049;2023;БРЯНСКАЯ;69.10;12300;48813796
3250504077;4335049;2024;БРЯНСКАЯ;69.10;12300;50432724
3428986810;5624972;2022;ВОЛГОГРАДСКАЯ;47.25.1;12300;44859250
3428986810;5624972;2023;ВОЛГОГРАДСКАЯ;47.25.1;12300;48464618
3428986810;5624972;2024;ВОЛГОГРАДСКАЯ;47.25.1;12300;51441590
4205053554;5808145;2022;КЕМЕРОВСКАЯ ОБЛАСТЬ - КУЗБАСС;73.11;12300;45518173
4205053554;5808145;2023;КЕМЕРОВСКАЯ ОБЛАСТЬ - КУЗБАСС;73.11;12300;49599550
4205053554;5808145;2024;КЕМЕРОВСКАЯ ОБЛАСТЬ - КУЗБАСС;73.11;12300;52501795
0400020354;11922435;2022;АЛТАЙ;86.21;12300;46292726
0400020354;11922435;2023;АЛТАЙ;86.21;12300;49417582
0400020354;11922435;2024;АЛТАЙ;86.21;12300;52331230
0703008691;11085792;2022;КАБАРДИНО-БАЛКАРСКАЯ;47.30;12300;45237387
0703008691;11085792;2023;КАБАРДИНО-БАЛКАРСКАЯ;47.30;12300;48707446
0703008691;11085792;2024;КАБАРДИНО-БАЛКАРСКАЯ;47.30;12300;52036434
9201004770;8793914;2022;СЕВАСТОПОЛЬ;43.22;12300;44609911
9201004770;8793914;2023;СЕВАСТОПОЛЬ;43.22;12300;49852382
9201004770;8793914;2024;СЕВАСТОПОЛЬ;43.22;12300;51632669
7718620564;3342509;2022;МОСКВА;68.20;12300;46100574
7718620564;3342509;2023;МОСКВА;68.20;12300;48947142
7718620564;3342509;2024;МОСКВА;68.20;12300;51926228
0300005384;11842880;2022;БУРЯТИЯ;41.20;12300;45582403
0300005384;11842880;2023;БУРЯТИЯ;41.20;12300;48496168
0300005384;11842880;2024;БУРЯТИЯ;41.20;12300;51942329
0105038604;3357493;2022;АДЫГЕЯ;41.20;12300;44208776
0105038604;3357493;2023;АДЫГЕЯ;41.20;12300;48074682
0105038604;3357493;2024;АДЫГЕЯ;41.20;12300;51441854
5405983527;9894031;2022;НОВОСИБИРСКАЯ;62.02;12300;45551664
5405983527;9894031;2023;НОВОСИБИРСКАЯ;62.02;12300;47776326
5405983527;9894031;2024;НОВОСИБИРСКАЯ;62.02;12300;50502805
2306026137;1658601;2022;КРАСНОДАРСКИЙ;46.21;12300;46114213
2306026137;1658601;2023;КРАСНОДАРСКИЙ;46.21;12300;48017009
2306026137;1658601;2024;КРАСНОДАРСКИЙ;46.21;12300;51011187
1215089515;5446915;2022;МАРИЙ ЭЛ;46.90;12300;44193419
1215089515;5446915;2023;МАРИЙ ЭЛ;46.90;12300;47366534
1215089515;5446915;2024;МАРИЙ ЭЛ;46.90;12300;50194173
4705066449;9043655;2022;ЛЕНИНГРАДСКАЯ;52.24.2;12300;45216694
4705066449;9043655;2023;ЛЕНИНГРАДСКАЯ;52.24.2;12300;48860883
4705066449;9043655;2024;ЛЕНИНГРАДСКАЯ;52.24.2;12300;51766375
4205369678;10703772;2022;КЕМЕРОВСКАЯ ОБЛАСТЬ - КУЗБАСС;42.21;12300;45280820
4205369678;10703772;2023;КЕМЕРОВСКАЯ ОБЛАСТЬ - КУЗБАСС;42.21;12300;49987580
4205369678;10703772;2024;КЕМЕРОВСКАЯ ОБЛАСТЬ - КУЗБАСС;42.21;12300;52151638
9703102700;11918753;2022;МОСКВА;26.20;12300;44326955
9703102700;11918753;2023;МОСКВА;26.20;12300;47321979
9703102700;11918753;2024;МОСКВА;26.20;12300;50316932
5752082810;11250829;2022;ОРЛОВСКАЯ;41.10;12300;46231831
5752082810;11250829;2023;ОРЛОВСКАЯ;41.10;12300;49362269
5752082810;11250829;2024;ОРЛОВСКАЯ;41.10;12300;52233444
4909129464;11002113;2022;МАГАДАНСКАЯ;71.12;12300;44971791
4909129464;11002113;2023;МАГАДАНСКАЯ;71.12;12300;49007123
4909129464;11002113;2024;МАГАДАНСКАЯ;71.12;12300;52146092
3413010165;1392474;2022;РОСТОВСКАЯ;01.1;12300;46130303
3413010165;1392474;2023;РОСТОВСКАЯ;01.1;12300;49129481
3413010165;1392474;2024;РОСТОВСКАЯ;01.1;12300;50871997
3316016789;3137153;2022;ВЛАДИМИРСКАЯ;47.1;12300;44625926
3316016789;3137153;2023;ВЛАДИМИРСКАЯ;47.1;12300;47993740
3316016789;3137153;2024;ВЛАДИМИРСКАЯ;47.1;12300;52163984
0105006850;4874174;2022;АДЫГЕЯ;41.20;12300;46022154
0105006850;4874174;2023;АДЫГЕЯ;41.20;12300;47820506
0105006850;4874174;2024;АДЫГЕЯ;41.20;12300;51351942
3665147810;10588600;2022;ВОРОНЕЖСКАЯ;73.11;12300;45623541
3665147810;10588600;2023;ВОРОНЕЖСКАЯ;73.11;12300;48288678
3665147810;10588600;2024;ВОРОНЕЖСКАЯ;73.11;12300;50748685
9102282752;11885561;2022;КРЫМ;01.21;12300;45535807
9102282752;11885561;2023;КРЫМ;01.21;12300;47860693
9102282752;11885561;2024;КРЫМ;01.21;12300;51037829
7017304338;659529;2022;ТОМСКАЯ;47.99;12300;45604589
7017304338;659529;2023;ТОМСКАЯ;47.99;12300;48572003
7017304338;659529;2024;ТОМСКАЯ;47.99;12300;50740086
0326508311;7553341;2022;БУРЯТИЯ;42.11;12300;45265148
0326508311;7553341;2023;БУРЯТИЯ;42.11;12300;49572219
0326508311;7553341;2024;БУРЯТИЯ;42.11;12300;52457069
3915452745;2866305;2022;КАЛИНИНГРАДСКАЯ;45.20;12300;45102405
3915452745;2866305;2023;КАЛИНИНГРАДСКАЯ;45.20;12300;47754861
3915452745;2866305;2024;КАЛИНИНГРАДСКАЯ;45.20;12300;50651723
6949109122;10048416;2022;ТВЕРСКАЯ;47.73;12300;45640280
6949109122;10048416;2023;ТВЕРСКАЯ;47.73;12300;47725742
6949109122;10048416;2024;ТВЕРСКАЯ;47.73;12300;50667590
7017412534;9974617;2022;ТОМСКАЯ;25.50.1;12300;44016385
7017412534;9974617;2023;ТОМСКАЯ;25.50.1;12300;47498311
7017412534;9974617;2024;ТОМСКАЯ;25.50.1;12300;50115141
6025000243;6138973;2022;ПСКОВСКАЯ;25.11;12300;46125273
6025000243;6138973;2023;ПСКОВСКАЯ;25.11;12300;49473741
6025000243;6138973;2024;ПСКОВСКАЯ;25.11;12300;51986696
6670417739;8366998;2022;СВЕРДЛОВСКАЯ;62.09;12300;46183981
6670417739;8366998;2023;СВЕРДЛОВСКАЯ;62.09;12300;49490879
6670417739;8366998;2024;СВЕРДЛОВСКАЯ;62.09;12300;52581335
6319114571;2633098;2022;САМАРСКАЯ;25.11;12300;45606887
6319114571;2633098;2023;САМАРСКАЯ;25.11;12300;48274003
6319114571;2633098;2024;САМАРСКАЯ;25.11;12300;50432327
2311298295;11188783;2022;КРАСНОДАРСКИЙ;46.21.11;12300;47084838
2311298295;11188783;2023;КРАСНОДАРСКИЙ;46.21.11;12300;49377236
2311298295;11188783;2024;КРАСНОДАРСКИЙ;46.21.11;12300;51911207
7704400223;10158395;2022;НОВОСИБИРСКАЯ;52.10;12300;46216021
7704400223;10158395;2023;НОВОСИБИРСКАЯ;52.10;12300;48839511
7704400223;10158395;2024;НОВОСИБИРСКАЯ;46.21;12300;51901660
2543168810;11939646;2022;ПРИМОРСКИЙ;62.01;12300;44918877
2543168810;11939646;2023;ПРИМОРСКИЙ;62.01;12300;49717447
2543168810;11939646;2024;ПРИМОРСКИЙ;62.01;12300;51554056
3904612740;1761065;2022;КАЛИНИНГРАДСКАЯ;86.23;12300;46274950
3904612740;1761065;2023;КАЛИНИНГРАДСКАЯ;86.23;12300;49192202
3904612740;1761065;2024;КАЛИНИНГРАДСКАЯ;86.23;12300;50614162
9704144407;11871984;2022;МОСКВА;46.76.4;12300;44701223
9704144407;11871984;2023;МОСКВА;46.76.4;12300;47540344
9704144407;11871984;2024;МОСКВА;46.76.4;12300;50072072
2901259411;9283671;2022;АРХАНГЕЛЬСКАЯ;86.21;12300;46194431
2901259411;9283671;2023;АРХАНГЕЛЬСКАЯ;86.21;12300;49061565
2901259411;9283671;2024;АРХАНГЕЛЬСКАЯ;86.21;12300;51941244
3702508640;5937581;2022;ИВАНОВСКАЯ;70.22;12267;44739744
3702508640;5937581;2023;ИВАНОВСКАЯ;70.22;12267;47718884
3702508640;5937581;2024;ИВАНОВСКАЯ;70.22;12267;50855377
6671108638;4766156;2022;СВЕРДЛОВСКАЯ;46.69;12300;44059377
6671108638;4766156;2023;СВЕРДЛОВСКАЯ;68.32;12300;47964130
6671108638;4766156;2024;СВЕРДЛОВСКАЯ;68.32;12300;51783608
5041018359;5873902;2022;МОСКОВСКАЯ;62.01;12300;46620949
5041018359;5873902;2023;МОСКОВСКАЯ;62.01;12300;49397249
5041018359;5873902;2024;МОСКОВСКАЯ;62.01;12300;51977667
7327098163;11586947;2022;УЛЬЯНОВСКАЯ;70.22;12300;44890270
7327098163;11586947;2023;УЛЬЯНОВСКАЯ;70.22;12300;49056166
7327098163;11586947;2024;УЛЬЯНОВСКАЯ;70.22;12300;50588044
1101010494;5502376;2022;КОМИ;43.3;12300;47077516
1101010494;5502376;2023;КОМИ;43.3;12300;48874212
1101010494;5502376;2024;КОМИ;43.3;12300;51356967
1101088148;875045;2022;КОМИ;68.20.2;12300;46124705
1101088148;875045;2023;КОМИ;68.20.2;12300;49155739
1101088148;875045;2024;КОМИ;68.20.2;12300;50734713
4027086644;3516229;2022;КАЛУЖСКАЯ;71.20.9;12300;44611672
4027086644;3516229;2023;КАЛУЖСКАЯ;71.20.9;12300;47746513
4027086644;3516229;2024;КАЛУЖСКАЯ;71.20.9;12300;50666374
7203335573;9117683;2022;ТЮМЕНСКАЯ;52.29;12300;44658841
7203335573;9117683;2023;ТЮМЕНСКАЯ;52.29;12300;47688572
7203335573;9117683;2024;ТЮМЕНСКАЯ;52.29;12300;51261479
1327037000;11517704;2022;МОРДОВИЯ;71.20.9;12300;46141873
1327037000;11517704;2023;МОРДОВИЯ;71.20.9;12300;48863476
1327037000;11517704;2024;МОРДОВИЯ;71.20.9;12300;51049601
5834052608;2177772;2022;ПЕНЗЕНСКАЯ;73.11;12300;46469461
5834052608;2177772;2023;ПЕНЗЕНСКАЯ;73.11;12300;48167933
5834052608;2177772;2024;ПЕНЗЕНСКАЯ;73.11;12300;52036669
6005003750;7503926;2022;ПСКОВСКАЯ;86.21;12300;45635192
6005003750;7503926;2023;ПСКОВСКАЯ;86.21;12300;49534109
6005003750;7503926;2024;ПСКОВСКАЯ;86.21;12300;51611711
7728854642;8084464;2022;МОСКВА;82.99;12300;46173523
7728854642;8084464;2023;МОСКВА;82.99;12300;50023616
7728854642;8084464;2024;МОСКВА;82.99;12300;52613840
3446047876;7513597;2022;ВОЛГОГРАДСКАЯ;73.1;12300;46244068
3446047876;7513597;2023;ВОЛГОГРАДСКАЯ;73.1;12300;49564989
3446047876;7513597;2024;ВОЛГОГРАДСКАЯ;73.1;12300;52239346
6451129706;6266383;2022;САРАТОВСКАЯ;68.20.2;12300;44228738
6451129706;6266383;2023;САРАТОВСКАЯ;68.20.2;12300;47388853
6451129706;6266383;2024;САРАТОВСКАЯ;68.20.2;12300;51032512
5503138928;9347837;2022;ОМСКАЯ;56.30;12300;44318061
5503138928;9347837;2023;ОМСКАЯ;56.30;12300;47598287
5503138928;9347837;2024;ОМСКАЯ;56.30;12300;50459376
6321319833;8068901;2022;САМАРСКАЯ;79.11;12300;44118760
6321319833;8068901;2023;САМАРСКАЯ;79.11;12300;47280076
6321319833;8068901;2024;САМАРСКАЯ;79.11;12300;50210286
6679077300;9389273;2022;СВЕРДЛОВСКАЯ;22.22;12300;45556486
6679077300;9389273;2023;СВЕРДЛОВСКАЯ;22.22;12300;48882280
6679077300;9389273;2024;СВЕРДЛОВСКАЯ;22.22;12300;51706818
7610104162;8431271;2022;ЯРОСЛАВСКАЯ;41.20;12300;45748509
7610104162;8431271;2023;ЯРОСЛАВСКАЯ;41.20;12300;47859539
7610104162;8431271;2024;ЯРОСЛАВСКАЯ;41.20;12300;50489930
1001285738;8613374;2022;КАРЕЛИЯ;69.20;12300;46332059
1001285738;8613374;2023;КАРЕЛИЯ;69.20;12300;49205933
1001285738;8613374;2024;КАРЕЛИЯ;69.20;12300;52055947
5905220925;2661494;2022;ПЕРМСКИЙ;86.10;12300;46255969
5905220925;2661494;2023;ПЕРМСКИЙ;86.10;12300;48570824
5905220925;2661494;2024;ПЕРМСКИЙ;86.10;12300;51686855
1402048558;1957923;2022;САХА (ЯКУТИЯ);69.10;12300;44333521
1402048558;1957923;2023;САХА (ЯКУТИЯ);69.10;12300;47528431
1402048558;1957923;2024;САХА (ЯКУТИЯ);69.10;12300;50349824
3700001855;12060056;2022;ИВАНОВСКАЯ;62.02;12300;45298878
3700001855;12060056;2023;ИВАНОВСКАЯ;62.02;12300;49603101
3700001855;12060056;2024;ИВАНОВСКАЯ;62.02;12300;51443139
7727273910;9512304;2022;КУРСКАЯ;70.22;12300;44392950
7727273910;9512304;2023;КУРСКАЯ;70.22;12300;48833727
7727273910;9512304;2024;КУРСКАЯ;70.22;12300;51949010
7121026172;9986303;2022;ТУЛЬСКАЯ;01.11;12300;45704757
7121026172;9986303;2023;ТУЛЬСКАЯ;01.11;12300;48996470
7121026172;9986303;2024;ТУЛЬСКАЯ;01.11;12300;52041855
7536170085;10563301;2022;ЗАБАЙКАЛЬСКИЙ;47.19;12300;45819485
7536170085;10563301;2023;ЗАБАЙКАЛЬСКИЙ;47.19;12300;48250614
7536170085;10563301;2024;ЗАБАЙКАЛЬСКИЙ;86.23;12300;51361418
0107019220;556343;2022;КРАСНОДАРСКИЙ;68.32;12300;46247417
0107019220;556343;2023;КРАСНОДАРСКИЙ;68.10;12300;49053570
0107019220;556343;2024;КРАСНОДАРСКИЙ;68.32;12300;52159161
3327835740;4240046;2022;ВЛАДИМИРСКАЯ;70.22;12300;45377570
3327835740;4240046;2023;ВЛАДИМИРСКАЯ;70.22;12300;48699977
3327835740;4240046;2024;ВЛАДИМИРСКАЯ;70.22;12300;51712775
7017484000;11574755;2022;ТОМСКАЯ;46.90;12300;46655711
7017484000;11574755;2023;ТОМСКАЯ;62.02;12300;48502132
7017484000;11574755;2024;ТОМСКАЯ;62.02;12300;51134310
8603216614;9325508;2022;ХАНТЫ-МАНСИЙСКИЙ АВТОНОМНЫЙ ОКРУГ - ЮГРА;49.41.1;12300;46409840
8603216614;9325508;2023;ХАНТЫ-МАНСИЙСКИЙ АВТОНОМНЫЙ ОКРУГ - ЮГРА;49.41.1;12300;49548512
8603216614;9325508;2024;ХАНТЫ-МАНСИЙСКИЙ АВТОНОМНЫЙ ОКРУГ - ЮГРА;49.41.1;12300;52626007
0900002096;11791229;2022;КАРАЧАЕВО-ЧЕРКЕССКАЯ;46.75.1;12300;45906096
0900002096;11791229;2023;КАРАЧАЕВО-ЧЕРКЕССКАЯ;46.75.1;12300;47162972
0900002096;11791229;2024;КАРАЧАЕВО-ЧЕРКЕССКАЯ;46.75.1;12300;50399487
3232034340;5692927;2022;БРЯНСКАЯ;68.20.2;12300;45349203
3232034340;5692927;2023;БРЯНСКАЯ;68.20.2;12300;48956901
3232034340;5692927;2024;БРЯНСКАЯ;68.20.2;12300;51654686
5027207668;8291509;2022;МОСКОВСКАЯ;71.20.3;12267;44830480
5027207668;8291509;2023;МОСКОВСКАЯ;71.20.3;12267;47829565
5027207668;8291509;2024;МОСКОВСКАЯ;71.20.3;12267;50892700
5018104433;4239066;2022;МОСКОВСКАЯ;56.10;12300;46293792
5018104433;4239066;2023;МОСКОВСКАЯ;56.10;12300;49582938
5018104433;4239066;2024;МОСКОВСКАЯ;56.10;12300;52108544
4704068940;5552567;2022;ЛЕНИНГРАДСКАЯ;49.41.2;12300;46079021
4704068940;5552567;2023;ЛЕНИНГРАДСКАЯ;49.41.2;12300;49239899
4704068940;5552567;2024;ЛЕНИНГРАДСКАЯ;49.41.2;12300;51866505
9710095797;11777525;2022;МОСКВА;46.71;12300;44568465
9710095797;11777525;2023;МОСКВА;46.71;12300;48678286
9710095797;11777525;2024;МОСКВА;46.71;12300;51336859
4632078915;2605016;2022;КУРСКАЯ;70.10.2;12300;45308033
4632078915;2605016;2023;КУРСКАЯ;70.10.2;12300;49292972
4632078915;2605016;2024;КУРСКАЯ;70.10.2;12300;51598673
5908070227;9503135;2022;ПЕРМСКИЙ;49.3;12300;46349001
5908070227;9503135;2023;ПЕРМСКИЙ;49.3;12300;49599976
5908070227;9503135;2024;ПЕРМСКИЙ;49.3;12300;52534058
6312205741;11468732;2022;САМАРСКАЯ;46.15.3;12300;44326033
6312205741;11468732;2023;САМАРСКАЯ;46.15.3;12300;48005010
6312205741;11468732;2024;САМАРСКАЯ;46.15.3;12300;50660690
7716868922;10367541;2022;МОСКВА;68.20.2;12300;46046841
7716868922;10367541;2023;МОСКВА;68.20.2;12300;48473302
7716868922;10367541;2024;МОСКВА;68.20.2;12300;52300829
6345003684;1864217;2022;САМАРСКАЯ;47.73;12300;45634134
6345003684;1864217;2023;САМАРСКАЯ;47.73;12300;48825654
6345003684;1864217;2024;САМАРСКАЯ;47.73;12300;50944752
5027288787;11387947;2022;ИНГУШЕТИЯ;47.71;12300;45247476
5027288787;11387947;2023;ИНГУШЕТИЯ;47.71;12300;48384304
5027288787;11387947;2024;ИНГУШЕТИЯ;47.71;12300;51196979
0278191911;7557994;2022;БАШКОРТОСТАН;79.1;12300;45770655
0278191911;7557994;2023;БАШКОРТОСТАН;79.1;12300;49190768
0278191911;7557994;2024;БАШКОРТОСТАН;79.1;12300;52066445
6450942348;4741665;2022;САРАТОВСКАЯ;70.22;12300;46365404
6450942348;4741665;2023;САРАТОВСКАЯ;70.22;12300;49543917
6450942348;4741665;2024;САРАТОВСКАЯ;70.22;12300;52533115
1832128967;9322088;2022;УДМУРТСКАЯ;46.42;12300;44891734
1832128967;9322088;2023;УДМУРТСКАЯ;46.42;12300;47940324
1832128967;9322088;2024;УДМУРТСКАЯ;46.42;12300;50723532
7806417547;43251;2022;САНКТ-ПЕТЕРБУРГ;82.99;12300;45511717
7806417547;43251;2023;САНКТ-ПЕТЕРБУРГ;82.99;12300;48463997
7806417547;43251;2024;САНКТ-ПЕТЕРБУРГ;82.99;12300;51305055
3666245778;11293800;2022;ВОРОНЕЖСКАЯ;46.43;12300;46223642
3666245778;11293800;2023;ВОРОНЕЖСКАЯ;46.43;12300;49617868
3666245778;11293800;2024;ВОРОНЕЖСКАЯ;46.43;12300;51691775
6727019012;3009978;2022;КАЛУЖСКАЯ;62.0;12300;44419172
6727019012;3009978;2023;КАЛУЖСКАЯ;62.0;12300;47598590
6727019012;3009978;2024;КАЛУЖСКАЯ;62.0;12300;50578523
3123456085;11064340;2022;САНКТ-ПЕТЕРБУРГ;46.34;12300;44769858
3123456085;11064340;2023;САНКТ-ПЕТЕРБУРГ;46.34;12300;47298914
3123456085;11064340;2024;САНКТ-ПЕТЕРБУРГ;46.34;12300;51383657
3811143238;4073508;2022;ИРКУТСКАЯ;46.46;12300;46184494
3811143238;4073508;2023;ИРКУТСКАЯ;46.46;12300;49328223
3811143238;4073508;2024;ИРКУТСКАЯ;46.46;12300;52177460
5402060697;11316478;2022;НОВОСИБИРСКАЯ;41.20;12300;44926606
5402060697;11316478;2023;НОВОСИБИРСКАЯ;41.20;12300;47848719
5402060697;11316478;2024;НОВОСИБИРСКАЯ;41.20;12300;51282449
3666182091;7644440;2022;ВОРОНЕЖСКАЯ;41.20;12300;45315534
3666182091;7644440;2023;ВОРОНЕЖСКАЯ;41.20;12300;48774521
3666182091;7644440;2024;ВОРОНЕЖСКАЯ;41.20;12300;51487201
7727546758;5075749;2022;МОСКВА;41.20;12300;46518108
7727546758;5075749;2023;МОСКВА;41.20;12300;47418826
7727546758;5075749;2024;МОСКВА;41.20;12300;50072990
6102041575;7561683;2022;РОСТОВСКАЯ;52.29;12300;45107308
6102041575;7561683;2023;РОСТОВСКАЯ;52.29;12300;47279810
6102041575;7561683;2024;РОСТОВСКАЯ;52.29;12300;50407076
5050145628;11254747;2022;МОСКОВСКАЯ;47.11;12300;45419418
5050145628;11254747;2023;МОСКОВСКАЯ;47.11;12300;47911112
5050145628;11254747;2024;МОСКОВСКАЯ;47.11;12300;51248714
2312302057;11619346;2022;КРАСНОДАРСКИЙ;46.73;12300;44446329
2312302057;11619346;2023;КРАСНОДАРСКИЙ;46.73;12300;48771369
2312302057;11619346;2024;КРАСНОДАРСКИЙ;46.73;12300;51021460
7726744901;8464763;2022;САХА (ЯКУТИЯ);43.21;12300;45027540
7726744901;8464763;2023;САХА (ЯКУТИЯ);43.21;12300;48530656
7726744901;8464763;2024;САХА (ЯКУТИЯ);43.21;12300;51389894
5029213547;9880535;2022;МОСКОВСКАЯ;46.69.8;12300;44697369
5029213547;9880535;2023;МОСКОВСКАЯ;46.69.8;12300;47470474
5029213547;9880535;2024;МОСКОВСКАЯ;46.69.8;12300;50678422
1657259202;11234882;2022;ТАТАРСТАН;42.11;12300;45477168
1657259202;11234882;2023;ТАТАРСТАН;42.11;12300;49351654
1657259202;11234882;2024;ТАТАРСТАН;42.11;12300;52682688
2543127525;10737363;2022;ПРИМОРСКИЙ;52.29;12300;45111099
2543127525;10737363;2023;ПРИМОРСКИЙ;52.29;12300;47798496
2543127525;10737363;2024;ПРИМОРСКИЙ;52.29;12300;50754348
6683004880;8103180;2022;СВЕРДЛОВСКАЯ;46.73.6;12300;46096608
6683004880;8103180;2023;СВЕРДЛОВСКАЯ;46.73.6;12300;48761792
6683004880;8103180;2024;СВЕРДЛОВСКАЯ;46.73.6;12300;52549487
7733379520;11766678;2022;МОСКВА;41.20;12300;44406371
7733379520;11766678;2023;МОСКВА;41.20;12300;47425147
7733379520;11766678;2024;МОСКВА;41.20;12300;50332891
6319180574;8421062;2022;САМАРСКАЯ;43.29;12300;45303260
6319180574;8421062;2023;САМАРСКАЯ;43.29;12300;49812301
6319180574;8421062;2024;САМАРСКАЯ;43.29;12300;51784458
1701062896;11074509;2022;ТЫВА;56.10;12300;46291103
1701062896;11074509;2023;ТЫВА;56.10;12300;48343963
1701062896;11074509;2024;ТЫВА;56.10;12300;50686287
6950186883;8821481;2022;ТВЕРСКАЯ;73.11;12300;44178943
6950186883;8821481;2023;ТВЕРСКАЯ;73.11;12300;47545039
6950186883;8821481;2024;ТВЕРСКАЯ;73.11;12300;51575513
6950254195;11684313;2022;ТВЕРСКАЯ;93.29;12300;44896536
6950254195;11684313;2023;ТВЕРСКАЯ;93.29;12300;48202698
6950254195;11684313;2024;ТВЕРСКАЯ;93.29;12300;50182328
2130233708;11912492;2022;ЧУВАШСКАЯ РЕСПУБЛИКА -;45.20;12300;44291430
2130233708;11912492;2023;ЧУВАШСКАЯ РЕСПУБЛИКА -;45.20;12300;47784209
2130233708;11912492;2024;ЧУВАШСКАЯ РЕСПУБЛИКА -;45.20;12300;50899299
3305058561;5940410;2022;ВЛАДИМИРСКАЯ;73.1;12300;44395791
3305058561;5940410;2023;ВЛАДИМИРСКАЯ;73.1;12300;47546980
3305058561;5940410;2024;ВЛАДИМИРСКАЯ;73.1;12300;50456691
9201525910;10791033;2022;СЕВАСТОПОЛЬ;86.22;12300;44388485
9201525910;10791033;2023;СЕВАСТОПОЛЬ;86.22;12300;47925924
9201525910;10791033;2024;СЕВАСТОПОЛЬ;86.22;12300;50868721
7224024850;7036802;2022;ТЮМЕНСКАЯ;73.20.1;12300;44799571
7224024850;7036802;2023;ТЮМЕНСКАЯ;73.20.1;12300;48425502
7224024850;7036802;2024;ТЮМЕНСКАЯ;73.20.1;12300;51328844
3231000099;6684342;2022;БРЯНСКАЯ;42.21;12267;45207272
3231000099;6684342;2023;БРЯНСКАЯ;42.21;12267;48320904
3231000099;6684342;2024;БРЯНСКАЯ;42.21;12267;51092745
5070010410;4118698;2022;МОСКОВСКАЯ;13.94;12300;45139665
5070010410;4118698;2023;МОСКОВСКАЯ;13.94;12300;47778937
5070010410;4118698;2024;МОСКОВСКАЯ;13.94;12300;51533115
6314037490;7813927;2022;САМАРСКАЯ;73.1;12300;45601598
6314037490;7813927;2023;САМАРСКАЯ;73.1;12300;48598444
6314037490;7813927;2024;САМАРСКАЯ;73.1;12300;51082676
2801266045;11695833;2022;АМУРСКАЯ;64.99.1;12300;45408574
2801266045;11695833;2023;АМУРСКАЯ;71.12.2;12300;49024624
2801266045;11695833;2024;АМУРСКАЯ;71.12.2;12300;52025462
3446039272;226235;2022;ВОЛГОГРАДСКАЯ;62.09;12300;45086412
3446039272;226235;2023;ВОЛГОГРАДСКАЯ;62.09;12300;47840421
3446039272;226235;2024;ВОЛГОГРАДСКАЯ;62.09;12300;50388868
5610241285;11571747;2022;ОРЕНБУРГСКАЯ;62.01;12300;46567292
5610241285;11571747;2023;ОРЕНБУРГСКАЯ;62.01;12300;49852864
5610241285;11571747;2024;ОРЕНБУРГСКАЯ;62.01;12300;52636527
1324000806;7986160;2022;МОРДОВИЯ;70.22;12300;46050422
1324000806;7986160;2023;МОРДОВИЯ;70.22;12300;48874662
1324000806;7986160;2024;МОРДОВИЯ;70.22;12300;51767742
7726420343;10506348;2022;МОСКВА;46.49.33;12300;45896270
7726420343;10506348;2023;МОСКВА;46.49.33;12300;49240337
7726420343;10506348;2024;МОСКВА;46.49.33;12300;52649270
7405012046;4544042;2022;ЧЕЛЯБИНСКАЯ;86.23;12300;44297506
7405012046;4544042;2023;ЧЕЛЯБИНСКАЯ;86.23;12300;47561550
7405012046;4544042;2024;ЧЕЛЯБИНСКАЯ;86.23;12300;50218554
6501214950;2686305;2022;САХАЛИНСКАЯ;86.10;12300;45368255
6501214950;2686305;2023;САХАЛИНСКАЯ;86.10;12300;48564771
6501214950;2686305;2024;САХАЛИНСКАЯ;86.10;12300;51557552
2410004490;11436833;2022;КРАСНОЯРСКИЙ;01.41.11;12300;45564954
2410004490;11436833;2023;КРАСНОЯРСКИЙ;01.41.11;12300;48568666
2410004490;11436833;2024;КРАСНОЯРСКИЙ;01.41.11;12300;52151081
5012028592;3953268;2022;МОСКОВСКАЯ;45.20.1;12300;44232622
5012028592;3953268;2023;МОСКОВСКАЯ;45.20.1;12300;47347672
5012028592;3953268;2024;МОСКОВСКАЯ;45.20.1;12300;51619814
2460091522;9392261;2022;КРАСНОЯРСКИЙ;69.10;12300;45960360
2460091522;9392261;2023;КРАСНОЯРСКИЙ;69.10;12300;48781239
2460091522;9392261;2024;КРАСНОЯРСКИЙ;69.10;12300;51564309
2901310241;11880036;2022;АРХАНГЕЛЬСКАЯ;46.65;12300;46468067
2901310241;11880036;2023;АРХАНГЕЛЬСКАЯ;46.65;12300;49398741
2901310241;11880036;2024;АРХАНГЕЛЬСКАЯ;46.65;12300;52220869
3123108994;3964127;2022;БЕЛГОРОДСКАЯ;42.11;12300;44563707
3123108994;3964127;2023;БЕЛГОРОДСКАЯ;42.11;12300;49116233
3123108994;3964127;2024;БЕЛГОРОДСКАЯ;42.11;12300;51078904
1326247407;10065595;2022;МОРДОВИЯ;01.70;12300;44229312
1326247407;10065595;2023;МОРДОВИЯ;01.70;12300;47836643
1326247407;10065595;2024;МОРДОВИЯ;01.70;12300;50445003
0726011700;9118563;2022;КАБАРДИНО-БАЛКАРСКАЯ;69.10;12300;46418976
0726011700;9118563;2023;КАБАРДИНО-БАЛКАРСКАЯ;69.10;12300;48847939
0726011700;9118563;2024;КАБАРДИНО-БАЛКАРСКАЯ;69.10;12300;51842359
7604099080;1973817;2022;ТУЛЬСКАЯ;69.20;12300;44636589
7604099080;1973817;2023;ТУЛЬСКАЯ;69.20;12300;48286634
7604099080;1973817;2024;ТУЛЬСКАЯ;69.20;12300;51764364
3801052824;1716083;2022;ИРКУТСКАЯ;42.91.5;12300;45843970
3801052824;1716083;2023;ИРКУТСКАЯ;42.91.5;12300;49076099
3801052824;1716083;2024;ИРКУТСКАЯ;42.91.5;12300;51233386
7446048965;2005237;2022;ЧЕЛЯБИНСКАЯ;77.39.1;12300;45237460
7446048965;2005237;2023;ЧЕЛЯБИНСКАЯ;77.39.1;12300;48402786
7446048965;2005237;2024;ЧЕЛЯБИНСКАЯ;77.39.1;12300;51424041
2305021136;6774811;2022;КРАСНОДАРСКИЙ;47.73;12300;45459899
2305021136;6774811;2023;КРАСНОДАРСКИЙ;47.73;12300;49362845
2305021136;6774811;2024;КРАСНОДАРСКИЙ;47.73;12300;52210269
8911015493;10776523;2022;ЯМАЛО-НЕНЕЦКИЙ;62.02;12300;47107746
8911015493;10776523;2023;ЯМАЛО-НЕНЕЦКИЙ;85.42;12300;49784413
8911015493;10776523;2024;ЯМАЛО-НЕНЕЦКИЙ;62.02;12300;52650600
9703110275;11951249;2022;МОСКВА;46.51;12300;45175291
9703110275;11951249;2023;МОСКВА;46.51;12300;47723183
9703110275;11951249;2024;МОСКВА;46.51;12300;52939700
7806103195;7069914;2022;САНКТ-ПЕТЕРБУРГ;68.20.2;12300;44862355
7806103195;7069914;2023;САНКТ-ПЕТЕРБУРГ;68.20.2;12300;47595041
7806103195;7069914;2024;САНКТ-ПЕТЕРБУРГ;68.20.2;12300;50465256
2807032822;7960456;2022;АМУРСКАЯ;43.21;12300;44823464
2807032822;7960456;2023;АМУРСКАЯ;43.21;12300;48698255
2807032822;7960456;2024;АМУРСКАЯ;43.21;12300;51582755
5206024942;5355379;2022;НИЖЕГОРОДСКАЯ;49.31;12300;44975748
5206024942;5355379;2023;НИЖЕГОРОДСКАЯ;49.31;12300;48201889
5206024942;5355379;2024;НИЖЕГОРОДСКАЯ;49.3;12300;50932830
5256192981;11463261;2022;НИЖЕГОРОДСКАЯ;27.90;12300;44373858
5256192981;11463261;2023;НИЖЕГОРОДСКАЯ;27.90;12300;47508944
5256192981;11463261;2024;НИЖЕГОРОДСКАЯ;27.90;12300;50572964
6450061773;6261585;2022;САРАТОВСКАЯ;47.59;12300;45783147
6450061773;6261585;2023;САРАТОВСКАЯ;47.59;12300;48845546
6450061773;6261585;2024;САРАТОВСКАЯ;47.59;12300;50079270
5501263465;11292065;2022;ОМСКАЯ;31.09;12300;46035527
5501263465;11292065;2023;ОМСКАЯ;31.09;12300;49551053
5501263465;11292065;2024;ОМСКАЯ;31.09;12300;52533376
9705108828;10392532;2022;МОСКОВСКАЯ;93.13;12300;45148354
9705108828;10392532;2023;МОСКОВСКАЯ;93.13;12300;47649767
9705108828;10392532;2024;МОСКОВСКАЯ;93.13;12300;51291453
4626006292;9001981;2022;КУРСКАЯ;70.10.1;12300;45249665
4626006292;9001981;2023;КУРСКАЯ;70.10.1;12300;48410787
4626006292;9001981;2024;КУРСКАЯ;70.10.1;12300;51056028
7415106141;11453651;2022;ЧЕЛЯБИНСКАЯ;01.11;12300;46382787
7415106141;11453651;2023;ЧЕЛЯБИНСКАЯ;01.11;12300;48487999
7415106141;11453651;2024;ЧЕЛЯБИНСКАЯ;01.11;12300;52120854
4345124847;5899990;2022;КИРОВСКАЯ;46.4;12300;44090090
4345124847;5899990;2023;КИРОВСКАЯ;46.4;12300;47438609
4345124847;5899990;2024;КИРОВСКАЯ;46.4;12300;50128907
4027126248;9483730;2022;КАЛУЖСКАЯ;46.69;12300;45876269
4027126248;9483730;2023;КАЛУЖСКАЯ;46.69;12300;48958738
4027126248;9483730;2024;КАЛУЖСКАЯ;46.69;12300;52358288
5040147055;10118668;2022;МОСКОВСКАЯ;86.23;12300;45238674
5040147055;10118668;2023;МОСКОВСКАЯ;86.23;12300;48222765
5040147055;10118668;2024;МОСКОВСКАЯ;86.23;12300;51492213
5753075036;11463118;2022;ОРЛОВСКАЯ;86.23;12300;44994689
5753075036;11463118;2023;ОРЛОВСКАЯ;86.23;12300;47464122
5753075036;11463118;2024;ОРЛОВСКАЯ;86.23;12300;50773498
6025025671;2280964;2022;ПСКОВСКАЯ;10.20;12300;46064476
6025025671;2280964;2023;ПСКОВСКАЯ;10.20;12300;49054776
6025025671;2280964;2024;ПСКОВСКАЯ;10.20;12300;51986222
7604344649;10715628;2022;ЯРОСЛАВСКАЯ;49.41;12300;45972747
7604344649;10715628;2023;ЯРОСЛАВСКАЯ;49.41;12300;49277102
7604344649;10715628;2024;ЯРОСЛАВСКАЯ;49.41;12300;51873840
1512006230;6749451;2022;СЕВЕРНАЯ ОСЕТИЯ - АЛАНИЯ;45.20;12300;44723789
1512006230;6749451;2023;СЕВЕРНАЯ ОСЕТИЯ - АЛАНИЯ;45.20;12300;49390782
1512006230;6749451;2024;СЕВЕРНАЯ ОСЕТИЯ - АЛАНИЯ;45.20;12300;51197379
5404400606;2686611;2022;НОВОСИБИРСКАЯ;52.29;12300;44761301
5404400606;2686611;2023;НОВОСИБИРСКАЯ;52.29;12300;48595164
5404400606;2686611;2024;НОВОСИБИРСКАЯ;52.29;12300;51283221
3442111680;2775571;2022;ВОЛГОГРАДСКАЯ;69.20.1;12300;47023469
3442111680;2775571;2023;ВОЛГОГРАДСКАЯ;69.20.1;12300;48873648
3442111680;2775571;2024;ВОЛГОГРАДСКАЯ;69.20.1;12300;52713410
2901261530;9426158;2022;АРХАНГЕЛЬСКАЯ;68.20.2;12300;44122857
2901261530;9426158;2023;АРХАНГЕЛЬСКАЯ;68.20.2;12300;47246352
2901261530;9426158;2024;АРХАНГЕЛЬСКАЯ;68.20.2;12300;50179229
4720030768;2353800;2022;ЛЕНИНГРАДСКАЯ;46.47.3;12300;46645730
4720030768;2353800;2023;ЛЕНИНГРАДСКАЯ;46.47.3;12300;48309552
4720030768;2353800;2024;ЛЕНИНГРАДСКАЯ;46.47.3;12300;50753221
2723180951;9327548;2022;ХАБАРОВСКИЙ;47.52.2;12300;46109893
2723180951;9327548;2023;ХАБАРОВСКИЙ;47.52.2;12300;49354016
2723180951;9327548;2024;ХАБАРОВСКИЙ;46.73.4;12300;52329200
3123473108;11387056;2022;БЕЛГОРОДСКАЯ;46.73.3;12300;45887281
3123473108;11387056;2023;БЕЛГОРОДСКАЯ;46.73.3;12300;48040176
3123473108;11387056;2024;БЕЛГОРОДСКАЯ;46.73.3;12300;50427453
8905039792;239570;2022;ЯМАЛО-НЕНЕЦКИЙ;43.21;12300;44990216
8905039792;239570;2023;ЯМАЛО-НЕНЕЦКИЙ;43.21;12300;47762143
8905039792;239570;2024;ЯМАЛО-НЕНЕЦКИЙ;43.21;12300;51490076
7707553267;4528781;2022;МОСКВА;68.20;12300;44392164
7707553267;4528781;2023;МОСКВА;68.20;12300;48638059
7707553267;4528781;2024;МОСКВА;68.20;12300;51529162
4345277434;2109448;2022;КИРОВСКАЯ;46.1;12300;45761307
4345277434;2109448;2023;КИРОВСКАЯ;46.1;12300;49058050
4345277434;2109448;2024;КИРОВСКАЯ;46.1;12300;51632449
1218003298;11524025;2022;МАРИЙ ЭЛ;52.29;12300;46336242
1218003298;11524025;2023;МАРИЙ ЭЛ;52.29;12300;48641723
1218003298;11524025;2024;МАРИЙ ЭЛ;52.29;12300;51679144
7706539904;2721147;2022;МОСКВА;69.20;12300;45583565
7706539904;2721147;2023;МОСКВА;69.20;12300;47531461
7706539904;2721147;2024;МОСКВА;69.20;12300;52195498
2903012561;10847144;2022;АРХАНГЕЛЬСКАЯ;47.71.1;12300;45447967
2903012561;10847144;2023;АРХАНГЕЛЬСКАЯ;47.71.1;12300;49820109
2903012561;10847144;2024;АРХАНГЕЛЬСКАЯ;47.71.1;12300;50936327
3443123279;9262817;2022;ВОЛГОГРАДСКАЯ;70.22;12300;46031771
3443123279;9262817;2023;ВОЛГОГРАДСКАЯ;70.22;12300;48548584
3443123279;9262817;2024;ВОЛГОГРАДСКАЯ;70.22;12300;51408581
4501147467;1696338;2022;КУРГАНСКАЯ;71.20;12300;45621387
4501147467;1696338;2023;КУРГАНСКАЯ;71.20;12300;49008874
4501147467;1696338;2024;КУРГАНСКАЯ;71.20;12300;51958997
7715880081;3906655;2022;МОСКВА;33.14;12300;45727893
7715880081;3906655;2023;МОСКВА;33.14;12300;49339938
7715880081;3906655;2024;МОСКВА;33.14;12300;51939895
1674001274;11789367;2022;ТАТАРСТАН;71.12.7;12300;45831403
1674001274;11789367;2023;ТАТАРСТАН;71.12.7;12300;48209596
1674001274;11789367;2024;ТАТАРСТАН;71.12.7;12300;50778755
2511120622;11880890;2022;ПРИМОРСКИЙ;47.19;12300;45932226
2511120622;11880890;2023;ПРИМОРСКИЙ;46.90;12300;48400253
2511120622;11880890;2024;ПРИМОРСКИЙ;46.90;12300;50500530
4029042113;3766723;2022;КАЛУЖСКАЯ;71.1;12300;46351608
4029042113;3766723;2023;КАЛУЖСКАЯ;71.1;12300;49675612
4029042113;3766723;2024;КАЛУЖСКАЯ;71.1;12300;52598494
0603009892;8448981;2022;ИНГУШЕТИЯ;47.61;12300;45410041
0603009892;8448981;2023;ИНГУШЕТИЯ;47.61;12300;48309372
0603009892;8448981;2024;ИНГУШЕТИЯ;47.61;12300;50569800
7801634058;8629991;2022;САНКТ-ПЕТЕРБУРГ;56.10;12300;45441857
7801634058;8629991;2023;САНКТ-ПЕТЕРБУРГ;56.10;12300;47582188
7801634058;8629991;2024;САНКТ-ПЕТЕРБУРГ;56.10;12300;50562447
2536282174;9152351;2022;ПРИМОРСКИЙ;47.91.2;12300;46324310
2536282174;9152351;2023;ПРИМОРСКИЙ;47.91.2;12300;49414982
2536282174;9152351;2024;ПРИМОРСКИЙ;47.91.2;12300;52265098
3805736254;11582525;2022;ИРКУТСКАЯ;02.20;12300;45927698
3805736254;11582525;2023;ИРКУТСКАЯ;02.20;12300;49300356
3805736254;11582525;2024;ИРКУТСКАЯ;02.20;12300;52197288
5507198597;10106212;2022;ОМСКАЯ;69.20;12300;44602926
5507198597;10106212;2023;ОМСКАЯ;69.20;12300;47758371
5507198597;10106212;2024;ОМСКАЯ;69.20;12300;50558376
0901022289;46385;2022;КАРАЧАЕВО-ЧЕРКЕССКАЯ;56.10;12300;44986266
0901022289;46385;2023;КАРАЧАЕВО-ЧЕРКЕССКАЯ;56.10;12300;47725169
0901022289;46385;2024;КАРАЧАЕВО-ЧЕРКЕССКАЯ;56.10;12300;51114699
6027206585;11717314;2022;ПСКОВСКАЯ;49.41;12300;45917040
6027206585;11717314;2023;ПСКОВСКАЯ;49.41;12300;49819699
6027206585;11717314;2024;ПСКОВСКАЯ;49.41;12300;51353457
5038054117;5348270;2022;МОСКОВСКАЯ;46.4;12300;45385281
5038054117;5348270;2023;МОСКОВСКАЯ;46.4;12300;48902656
5038054117;5348270;2024;МОСКОВСКАЯ;46.4;12300;52207494
3524016476;10428437;2022;ВОЛОГОДСКАЯ;01.47;12300;45873127
3524016476;10428437;2023;ВОЛОГОДСКАЯ;01.47;12300;48824626
3524016476;10428437;2024;ВОЛОГОДСКАЯ;01.47;12300;51858469
7807316485;4353583;2022;САНКТ-ПЕТЕРБУРГ;86.90.9;12300;45081311
7807316485;4353583;2023;САНКТ-ПЕТЕРБУРГ;86.90.9;12300;48679142
7807316485;4353583;2024;САНКТ-ПЕТЕРБУРГ;86.90.9;12300;52051316
4632186597;8339071;2022;КУРСКАЯ;62.09;12300;44797311
4632186597;8339071;2023;КУРСКАЯ;62.09;12300;48094770
4632186597;8339071;2024;КУРСКАЯ;62.09;12300;50404408
4205246436;7405851;2022;КЕМЕРОВСКАЯ ОБЛАСТЬ - КУЗБАСС;56.10;12300;45286673
4205246436;7405851;2023;КЕМЕРОВСКАЯ ОБЛАСТЬ - КУЗБАСС;56.10;12300;48811908
4205246436;7405851;2024;КЕМЕРОВСКАЯ ОБЛАСТЬ - КУЗБАСС;56.10;12300;51922708
4703131438;9303947;2022;ЛЕНИНГРАДСКАЯ;47.73;12300;44270457
4703131438;9303947;2023;ЛЕНИНГРАДСКАЯ;47.73;12300;47560577
4703131438;9303947;2024;ЛЕНИНГРАДСКАЯ;47.73;12300;50488489
5104000029;4590372;2022;МУРМАНСКАЯ;86;12300;46654867
5104000029;4590372;2023;МУРМАНСКАЯ;86;12300;49654084
5104000029;4590372;2024;МУРМАНСКАЯ;86;12300;50518946
3257063706;10785480;2022;БРЯНСКАЯ;71.12;12300;44096377
3257063706;10785480;2023;БРЯНСКАЯ;71.12;12300;47560208
3257063706;10785480;2024;БРЯНСКАЯ;71.12;12300;50320293
3461066351;11372715;2022;ВОЛГОГРАДСКАЯ;01.13.6;12300;45354156
3461066351;11372715;2023;ВОЛГОГРАДСКАЯ;01.13.6;12300;48163999
3461066351;11372715;2024;ВОЛГОГРАДСКАЯ;01.13.6;12300;52117632
5505218618;8089265;2022;ОМСКАЯ;25.11;12300;44626934
5505218618;8089265;2023;ОМСКАЯ;25.11;12300;47704742
5505218618;8089265;2024;ОМСКАЯ;25.11;12300;50983971
9717115594;11867934;2022;МОСКВА;46.71.2;12300;44488009
9717115594;11867934;2023;МОСКВА;46.71.2;12300;48613635
9717115594;11867934;2024;МОСКВА;46.71.2;12300;50222610
4706041687;11406146;2022;ЛЕНИНГРАДСКАЯ;49.41;12300;45523912
4706041687;11406146;2023;ЛЕНИНГРАДСКАЯ;49.41;12300;49372758
4706041687;11406146;2024;ЛЕНИНГРАДСКАЯ;49.41;12300;51631918
5032311382;11130223;2022;МОСКОВСКАЯ;46.31;12300;46212772
5032311382;11130223;2023;МОСКОВСКАЯ;46.31;12300;48471658
5032311382;11130223;2024;МОСКОВСКАЯ;46.31;12300;50769683
6714050287;11227320;2022;СМОЛЕНСКАЯ;49.41;12300;46243490
6714050287;11227320;2023;СМОЛЕНСКАЯ;49.41;12300;49362990
6714050287;11227320;2024;СМОЛЕНСКАЯ;49.41;12300;52324175
8905063386;10108521;2022;ЯМАЛО-НЕНЕЦКИЙ;71.20.4;12300;44557380
8905063386;10108521;2023;ЯМАЛО-НЕНЕЦКИЙ;71.20.4;12300;50024242
8905063386;10108521;2024;ЯМАЛО-НЕНЕЦКИЙ;71.20.4;12300;50662408
5507147909;9698016;2022;ТАМБОВСКАЯ;52.29;12300;46969798
5507147909;9698016;2023;ТАМБОВСКАЯ;73.11;12300;47666920
5507147909;9698016;2024;ТАМБОВСКАЯ;73.11;12300;50829546
7453300372;9932506;2022;ЧЕЛЯБИНСКАЯ;46.90;12300;45636250
7453300372;9932506;2023;ЧЕЛЯБИНСКАЯ;46.72;12300;49058145
7453300372;9932506;2024;ЧЕЛЯБИНСКАЯ;46.72;12300;52754078
5410015049;815879;2022;НОВОСИБИРСКАЯ;77.40;12267;46642923
5410015049;815879;2023;НОВОСИБИРСКАЯ;77.40;12267;48879976
5410015049;815879;2024;НОВОСИБИРСКАЯ;77.40;12267;52310683
4632033640;5111989;2022;КУРСКАЯ;41.20;12300;44318018
4632033640;5111989;2023;КУРСКАЯ;41.20;12300;47488281
4632033640;5111989;2024;КУРСКАЯ;42.99;12300;50281484
7901541262;7679050;2022;ЕВРЕЙСКАЯ;46.73.6;12300;44781469
7901541262;7679050;2023;ЕВРЕЙСКАЯ;46.73.6;12300;47823119
7901541262;7679050;2024;ЕВРЕЙСКАЯ;46.73.6;12300;50643051
0608006905;34387;2022;ИНГУШЕТИЯ;43.21;12300;47013302
0608006905;34387;2023;ИНГУШЕТИЯ;43.21;12300;49952095
0608006905;34387;2024;ИНГУШЕТИЯ;43.21;12300;52781357
3908032757;772559;2022;КАЛИНИНГРАДСКАЯ;71.12.4;12300;45011759
3908032757;772559;2023;КАЛИНИНГРАДСКАЯ;71.12.4;12300;48590816
3908032757;772559;2024;КАЛИНИНГРАДСКАЯ;71.12.4;12300;51325118
7017463560;11113361;2022;ТОМСКАЯ;47.19;12300;45382289
7017463560;11113361;2023;ТОМСКАЯ;47.19;12300;48587545
7017463560;11113361;2024;ТОМСКАЯ;47.19;12300;50972253
7725383515;10293623;2022;МОСКВА;73.11;12300;45995058
7725383515;10293623;2023;МОСКВА;73.11;12300;49625430
7725383515;10293623;2024;МОСКВА;73.11;12300;52365626
3254000440;3823970;2022;БРЯНСКАЯ;41.2;12300;46679256
3254000440;3823970;2023;БРЯНСКАЯ;42.99;12300;49100809
3254000440;3823970;2024;БРЯНСКАЯ;42.99;12300;52044903
5259138365;10947269;2022;НИЖЕГОРОДСКАЯ;46.71.2;12300;45240661
5259138365;10947269;2023;НИЖЕГОРОДСКАЯ;46.71.2;12300;48834608
5259138365;10947269;2024;НИЖЕГОРОДСКАЯ;46.71.2;12300;51839858
8602268578;9772501;2022;ХАНТЫ-МАНСИЙСКИЙ АВТОНОМНЫЙ ОКРУГ - ЮГРА;86.10;12300;45574505
8602268578;9772501;2023;ХАНТЫ-МАНСИЙСКИЙ АВТОНОМНЫЙ ОКРУГ - ЮГРА;86.10;12300;48816928
8602268578;9772501;2024;ХАНТЫ-МАНСИЙСКИЙ АВТОНОМНЫЙ ОКРУГ - ЮГРА;86.10;12300;51854603
1831200160;11447637;2022;УДМУРТСКАЯ;47.11;12300;45534678
1831200160;11447637;2023;УДМУРТСКАЯ;47.11;12300;48514691
1831200160;11447637;2024;УДМУРТСКАЯ;47.11;12300;51167020
4406008287;10111475;2022;КОСТРОМСКАЯ;47.73;12300;44625898
4406008287;10111475;2023;КОСТРОМСКАЯ;47.73;12300;47751274
4406008287;10111475;2024;КОСТРОМСКАЯ;47.73;12300;50850252
1655467013;11712333;2022;ТАТАРСТАН;49.41;12300;44344896
1655467013;11712333;2023;ТАТАРСТАН;49.41;12300;49900969
1655467013;11712333;2024;ТАТАРСТАН;49.41;12300;52569502
6318184079;3453585;2022;САМАРСКАЯ;47.5;12300;45001396
6318184079;3453585;2023;САМАРСКАЯ;47.5;12300;49023689
6318184079;3453585;2024;САМАРСКАЯ;47.5;12300;50968229
7203515791;11523135;2022;ТЮМЕНСКАЯ;47.78.9;12300;46017910
7203515791;11523135;2023;ТЮМЕНСКАЯ;47.78.9;12300;49496868
7203515791;11523135;2024;ТЮМЕНСКАЯ;47.78.9;12300;52385079
6166098626;9649407;2022;РОСТОВСКАЯ;46.73;12300;45203502
6166098626;9649407;2023;РОСТОВСКАЯ;46.73;12300;48312176
6166098626;9649407;2024;РОСТОВСКАЯ;46.73;12300;52256917
7224053347;8516892;2022;ТЮМЕНСКАЯ;68.20;12300;44777406
7224053347;8516892;2023;ТЮМЕНСКАЯ;68.20;12300;47547571
7224053347;8516892;2024;ТЮМЕНСКАЯ;68.20;12300;50728330
6686025938;7909974;2022;СВЕРДЛОВСКАЯ;46.9;12300;45452304
6686025938;7909974;2023;СВЕРДЛОВСКАЯ;46.9;12300;48274378
6686025938;7909974;2024;СВЕРДЛОВСКАЯ;46.9;12300;51501249
1901125448;9285269;2022;ХАКАСИЯ;25.12;12300;46184040
1901125448;9285269;2023;ХАКАСИЯ;25.12;12300;49483621
1901125448;9285269;2024;ХАКАСИЯ;25.12;12300;52358029
2902051825;5657492;2022;АРХАНГЕЛЬСКАЯ;56.30;12300;44395675
2902051825;5657492;2023;АРХАНГЕЛЬСКАЯ;56.30;12300;47492694
2902051825;5657492;2024;АРХАНГЕЛЬСКАЯ;56.30;12300;50347982
0264076274;10813199;2022;БАШКОРТОСТАН;25.61;12300;44703468
0264076274;10813199;2023;БАШКОРТОСТАН;25.61;12300;47941446
0264076274;10813199;2024;БАШКОРТОСТАН;25.61;12300;50339793
7732505228;4426204;2022;МОСКВА;46.62;12267;46262522
7732505228;4426204;2023;МОСКВА;46.62;12267;49557545
7732505228;4426204;2024;МОСКВА;46.62;12267;52387774
2724224986;10422402;2022;ХАБАРОВСКИЙ;43.12;12300;44415324
2724224986;10422402;2023;ХАБАРОВСКИЙ;43.12;12300;50012638
2724224986;10422402;2024;ХАБАРОВСКИЙ;43.12;12300;52925425
5405030108;10814911;2022;НОВОСИБИРСКАЯ;41.20;12300;44401197
5405030108;10814911;2023;НОВОСИБИРСКАЯ;41.20;12300;47919597
5405030108;10814911;2024;НОВОСИБИРСКАЯ;41.20;12300;50809370
1701003971;687578;2022;ТЫВА;49.41.1;12267;46983648
1701003971;687578;2023;ТЫВА;49.41.1;12267;49991998
1701003971;687578;2024;ТЫВА;49.41.1;12267;52374636
6659078360;4833530;2022;СВЕРДЛОВСКАЯ;93.21;12300;46285577
6659078360;4833530;2023;СВЕРДЛОВСКАЯ;93.21;12300;47825606
6659078360;4833530;2024;СВЕРДЛОВСКАЯ;93.21;12300;51399253
4401191550;11031083;2022;КОСТРОМСКАЯ;62.09;12300;45170482
4401191550;11031083;2023;КОСТРОМСКАЯ;62.09;12300;48337172
4401191550;11031083;2024;КОСТРОМСКАЯ;62.09;12300;50458503
6731055743;1273139;2022;СМОЛЕНСКАЯ;68.20.2;12300;45529204
6731055743;1273139;2023;СМОЛЕНСКАЯ;68.20.2;12300;49222370
6731055743;1273139;2024;СМОЛЕНСКАЯ;68.20.2;12300;52307243
6501289874;10140337;2022;САХАЛИНСКАЯ;42.99;12300;44450316
6501289874;10140337;2023;САХАЛИНСКАЯ;42.99;12300;47593774
6501289874;10140337;2024;САХАЛИНСКАЯ;42.99;12300;50964597
3528051016;6844166;2022;ВОЛОГОДСКАЯ;68.20.2;12300;44796452
3528051016;6844166;2023;ВОЛОГОДСКАЯ;68.20.2;12300;47851225
3528051016;6844166;2024;ВОЛОГОДСКАЯ;68.20.2;12300;50825597
7017336523;8025034;2022;ТОМСКАЯ;62.01;12300;45882488
7017336523;8025034;2023;ТОМСКАЯ;62.01;12300;48972099
7017336523;8025034;2024;ТОМСКАЯ;62.01;12300;52038599
4003035552;8880034;2022;КАЛУЖСКАЯ;69.20;12300;44308658
4003035552;8880034;2023;КАЛУЖСКАЯ;69.20;12300;47239130
4003035552;8880034;2024;КАЛУЖСКАЯ;69.20;12300;50679994
6501165999;924777;2022;САХАЛИНСКАЯ;47.78.9;12300;45401330
6501165999;924777;2023;САХАЛИНСКАЯ;47.78.9;12300;48006043
6501165999;924777;2024;САХАЛИНСКАЯ;47.78.9;12300;52036927
3834014782;1782699;2022;ИРКУТСКАЯ;02.20;12300;45567175
3834014782;1782699;2023;ИРКУТСКАЯ;02.20;12300;48576318
3834014782;1782699;2024;ИРКУТСКАЯ;02.20;12300;51568494
4345209628;256930;2022;КИРОВСКАЯ;73.11;12300;44046331
4345209628;256930;2023;КИРОВСКАЯ;73.11;12300;49075954
4345209628;256930;2024;КИРОВСКАЯ;73.11;12300;52185944
3702001480;9037082;2022;ИВАНОВСКАЯ;73.11;12300;45492794
3702001480;9037082;2023;ИВАНОВСКАЯ;73.11;12300;47784412
3702001480;9037082;2024;ИВАНОВСКАЯ;73.11;12300;51978583
7603057592;8121318;2022;ЯРОСЛАВСКАЯ;52.29;12300;45065275
7603057592;8121318;2023;ЯРОСЛАВСКАЯ;52.29;12300;48643865
7603057592;8121318;2024;ЯРОСЛАВСКАЯ;52.29;12300;51189912
9709034180;10737898;2022;МОСКВА;25.11;12300;45912967
9709034180;10737898;2023;МОСКВА;25.11;12300;49437559
9709034180;10737898;2024;МОСКВА;25.11;12300;52172154
7104519523;7446205;2022;ТУЛЬСКАЯ;86.23;12300;46471487
7104519523;7446205;2023;ТУЛЬСКАЯ;86.23;12300;49146237
7104519523;7446205;2024;ТУЛЬСКАЯ;86.23;12300;52411179
0273937593;11402670;2022;БАШКОРТОСТАН;73.11;12300;44814434
0273937593;11402670;2023;БАШКОРТОСТАН;73.11;12300;47926979
0273937593;11402670;2024;БАШКОРТОСТАН;73.11;12300;50410692
2983001851;1169721;2022;НЕНЕЦКИЙ;41.2;12300;46440529
2983001851;1169721;2023;НЕНЕЦКИЙ;41.2;12300;49760035
2983001851;1169721;2024;НЕНЕЦКИЙ;41.2;12300;50653816
2628040954;5401363;2022;СТАВРОПОЛЬСКИЙ;43.3;12300;44672607
2628040954;5401363;2023;СТАВРОПОЛЬСКИЙ;43.3;12300;48267941
2628040954;5401363;2024;СТАВРОПОЛЬСКИЙ;43.3;12300;51180609
2309179766;11878724;2022;КРАСНОДАРСКИЙ;69.10;12300;46577400
2309179766;11878724;2023;КРАСНОДАРСКИЙ;69.10;12300;49560944
2309179766;11878724;2024;КРАСНОДАРСКИЙ;69.10;12300;52224118
1840019457;8039777;2022;УДМУРТСКАЯ;79.11;12300;45352708
1840019457;8039777;2023;УДМУРТСКАЯ;74.10;12300;49246554
1840019457;8039777;2024;УДМУРТСКАЯ;74.10;12300;52090418
1660365401;11623779;2022;ТАТАРСТАН;46.74;12300;46031566
1660365401;11623779;2023;ТАТАРСТАН;46.74;12300;49620227
1660365401;11623779;2024;ТАТАРСТАН;46.74;12300;52489286
3123465442;11227454;2022;БЕЛГОРОДСКАЯ;93.19;12300;45268971
3123465442;11227454;2023;БЕЛГОРОДСКАЯ;93.19;12300;48680088
3123465442;11227454;2024;БЕЛГОРОДСКАЯ;93.19;12300;52112758
7203186314;1734314;2022;ТЮМЕНСКАЯ;25.12;12300;44124073
7203186314;1734314;2023;ТЮМЕНСКАЯ;25.12;12300;47288033
7203186314;1734314;2024;ТЮМЕНСКАЯ;25.12;12300;50193652
5321185722;9994507;2022;НОВГОРОДСКАЯ;25.11;12300;45067599
5321185722;9994507;2023;НОВГОРОДСКАЯ;25.11;12300;49742745
5321185722;9994507;2024;НОВГОРОДСКАЯ;25.11;12300;51225588
5448952812;11277229;2022;НОВОСИБИРСКАЯ;46.32;12300;44120185
5448952812;11277229;2023;НОВОСИБИРСКАЯ;46.32;12300;47333968
5448952812;11277229;2024;НОВОСИБИРСКАЯ;46.32;12300;50703115
3849036612;8562078;2022;ИРКУТСКАЯ;47.52;12300;44243127
3849036612;8562078;2023;ИРКУТСКАЯ;47.52;12300;47432435
3849036612;8562078;2024;ИРКУТСКАЯ;47.52;12300;50454100
2901203024;4275050;2022;АРХАНГЕЛЬСКАЯ;46.7;12300;46492409
2901203024;4275050;2023;АРХАНГЕЛЬСКАЯ;46.7;12300;48694631
2901203024;4275050;2024;АРХАНГЕЛЬСКАЯ;46.7;12300;51797091
4401112291;2843670;2022;КОСТРОМСКАЯ;70.22;12300;44368934
4401112291;2843670;2023;КОСТРОМСКАЯ;70.22;12300;47548176
4401112291;2843670;2024;КОСТРОМСКАЯ;70.22;12300;50446197
2723107373;587111;2022;ХАБАРОВСКИЙ;56.10;12300;46969507
2723107373;587111;2023;ХАБАРОВСКИЙ;56.10;12300;49979180
2723107373;587111;2024;ХАБАРОВСКИЙ;56.10;12300;52695033
5310018575;8119792;2022;НОВГОРОДСКАЯ;73.11;12300;44906985
5310018575;8119792;2023;НОВГОРОДСКАЯ;73.11;12300;48395137
5310018575;8119792;2024;НОВГОРОДСКАЯ;73.11;12300;51359790
7801202072;6465031;2022;САНКТ-ПЕТЕРБУРГ;47.52.73;12300;45145740
7801202072;6465031;2023;САНКТ-ПЕТЕРБУРГ;47.52.73;12300;47533352
7801202072;6465031;2024;САНКТ-ПЕТЕРБУРГ;47.52.73;12300;52720114
5260464170;11061016;2022;НИЖЕГОРОДСКАЯ;41.20;12300;45381086
5260464170;11061016;2023;НИЖЕГОРОДСКАЯ;41.20;12300;49565257
5260464170;11061016;2024;НИЖЕГОРОДСКАЯ;41.20;12300;50687192
3257020170;8631612;2022;БРЯНСКАЯ;42.21;12300;44660064
3257020170;8631612;2023;БРЯНСКАЯ;42.21;12300;47423486
3257020170;8631612;2024;БРЯНСКАЯ;42.21;12300;50975305
0572013021;9664575;2022;ДАГЕСТАН;62.09;12300;44884055
0572013021;9664575;2023;ДАГЕСТАН;62.09;12300;48244120
0572013021;9664575;2024;ДАГЕСТАН;62.09;12300;50534759
7002012068;1986430;2022;ТОМСКАЯ;49.4;12300;46102808
7002012068;1986430;2023;ТОМСКАЯ;49.4;12300;47959635
7002012068;1986430;2024;ТОМСКАЯ;49.4;12300;50982901
5315005805;9700084;2022;НОВГОРОДСКАЯ;46.90;12300;47093797
5315005805;9700084;2023;НОВГОРОДСКАЯ;46.90;12300;47703776
5315005805;9700084;2024;НОВГОРОДСКАЯ;46.90;12300;52319798
7446042554;1068981;2022;ЧЕЛЯБИНСКАЯ;46.72.21;12300;46115233
7446042554;1068981;2023;ЧЕЛЯБИНСКАЯ;46.72.21;12300;49016542
7446042554;1068981;2024;ЧЕЛЯБИНСКАЯ;70.22;12300;51920918
0917035660;10823977;2022;КАРАЧАЕВО-ЧЕРКЕССКАЯ;52.21.22;12300;44727416
0917035660;10823977;2023;КАРАЧАЕВО-ЧЕРКЕССКАЯ;52.21.22;12300;47705777
0917035660;10823977;2024;КАРАЧАЕВО-ЧЕРКЕССКАЯ;52.21.22;12300;50580808
2348039956;10510931;2022;КРАСНОДАРСКИЙ;01.11;12300;44745704
2348039956;10510931;2023;КРАСНОДАРСКИЙ;01.11;12300;48665326
2348039956;10510931;2024;КРАСНОДАРСКИЙ;01.11;12300;52245004
1216023919;9451792;2022;МАРИЙ ЭЛ;46.69.9;12300;45388989
1216023919;9451792;2023;МАРИЙ ЭЛ;46.69.9;12300;49398457
1216023919;9451792;2024;МАРИЙ ЭЛ;46.69.9;12300;51791315
7718531723;2080182;2022;МОСКВА;43.32;12300;45752359
7718531723;2080182;2023;МОСКВА;43.32;12300;48768908
7718531723;2080182;2024;МОСКВА;43.32;12300;51067957
0572001724;1470311;2022;ДАГЕСТАН;52.29;12300;46104362
0572001724;1470311;2023;ДАГЕСТАН;52.29;12300;48189061
0572001724;1470311;2024;ДАГЕСТАН;52.29;12300;50195372
7816466328;4396788;2022;САНКТ-ПЕТЕРБУРГ;69.20;12300;44661230
7816466328;4396788;2023;САНКТ-ПЕТЕРБУРГ;69.20;12300;47757074
7816466328;4396788;2024;САНКТ-ПЕТЕРБУРГ;69.20;12300;50684283
1215186438;9055916;2022;МАРИЙ ЭЛ;58.11;12300;44911636
1215186438;9055916;2023;МАРИЙ ЭЛ;58.11;12300;48354068
1215186438;9055916;2024;МАРИЙ ЭЛ;58.11;12300;51577628
5753074900;11442911;2022;ОРЛОВСКАЯ;28.30.3;12300;45119728
5753074900;11442911;2023;ОРЛОВСКАЯ;28.30.3;12300;49082263
5753074900;11442911;2024;ОРЛОВСКАЯ;28.30.3;12300;52278755
7325133430;9025331;2022;УЛЬЯНОВСКАЯ;62.09;12300;45541356
7325133430;9025331;2023;УЛЬЯНОВСКАЯ;62.09;12300;49230995
7325133430;9025331;2024;УЛЬЯНОВСКАЯ;62.09;12300;52123241
0721000180;277541;2022;КАБАРДИНО-БАЛКАРСКАЯ;68.20.2;12300;44255608
0721000180;277541;2023;КАБАРДИНО-БАЛКАРСКАЯ;68.20.2;12300;49370553
0721000180;277541;2024;КАБАРДИНО-БАЛКАРСКАЯ;68.20.2;12300;51838135
4253047920;11331491;2022;КЕМЕРОВСКАЯ ОБЛАСТЬ - КУЗБАСС;70.22;12300;44614504
4253047920;11331491;2023;КЕМЕРОВСКАЯ ОБЛАСТЬ - КУЗБАСС;73.11;12300;48171734
4253047920;11331491;2024;КЕМЕРОВСКАЯ ОБЛАСТЬ - КУЗБАСС;73.11;12300;50533809
3328433226;3826112;2022;ВЛАДИМИРСКАЯ;45.20;12300;45704879
3328433226;3826112;2023;ВЛАДИМИРСКАЯ;45.20;12300;49172691
3328433226;3826112;2024;ВЛАДИМИРСКАЯ;45.20;12300;50419421
8619008465;3854292;2022;ХАНТЫ-МАНСИЙСКИЙ АВТОНОМНЫЙ ОКРУГ - ЮГРА;52.29;12300;46233462
8619008465;3854292;2023;ХАНТЫ-МАНСИЙСКИЙ АВТОНОМНЫЙ ОКРУГ - ЮГРА;52.29;12300;49428341
8619008465;3854292;2024;ХАНТЫ-МАНСИЙСКИЙ АВТОНОМНЫЙ ОКРУГ - ЮГРА;52.29;12300;52191189
2539048285;5363130;2022;ПРИМОРСКИЙ;46.72.2;12300;45699330
2539048285;5363130;2023;ПРИМОРСКИЙ;46.72.2;12300;48207462
2539048285;5363130;2024;ПРИМОРСКИЙ;46.72.2;12300;51088313
3311014386;692809;2022;ВЛАДИМИРСКАЯ;68.20.2;12300;45820758
3311014386;692809;2023;ВЛАДИМИРСКАЯ;68.20.2;12300;48964823
3311014386;692809;2024;ВЛАДИМИРСКАЯ;68.20.2;12300;51113389
7816470525;3073997;2022;САНКТ-ПЕТЕРБУРГ;28.99;12300;45446583
7816470525;3073997;2023;САНКТ-ПЕТЕРБУРГ;28.99;12300;48476990
7816470525;3073997;2024;САНКТ-ПЕТЕРБУРГ;28.99;12300;51541977
2463200716;1276335;2022;КРАСНОЯРСКИЙ;68.20.2;12300;45575108
2463200716;1276335;2023;КРАСНОЯРСКИЙ;68.20.2;12300;48451479
2463200716;1276335;2024;КРАСНОЯРСКИЙ;68.20.2;12300;51113670
6829157830;11506748;2022;ТАМБОВСКАЯ;49.41;12300;44836822
6829157830;11506748;2023;ТАМБОВСКАЯ;49.41;12300;49577064
6829157830;11506748;2024;ТАМБОВСКАЯ;49.41;12300;51649861
1328011936;9583648;2022;МОРДОВИЯ;52.29;12300;45255828
1328011936;9583648;2023;МОРДОВИЯ;52.29;12300;48210379
1328011936;9583648;2024;МОРДОВИЯ;52.29;12300;52469148
3851025287;11330573;2022;ИРКУТСКАЯ;23.63;12300;44183295
3851025287;11330573;2023;ИРКУТСКАЯ;23.63;12300;47431027
3851025287;11330573;2024;ИРКУТСКАЯ;23.63;12300;52710362
5812009493;11703734;2022;ПЕНЗЕНСКАЯ;49.41;12300;44270889
5812009493;11703734;2023;ПЕНЗЕНСКАЯ;49.41;12300;49875253
5812009493;11703734;2024;ПЕНЗЕНСКАЯ;49.41;12300;52695743
5834033771;2060314;2022;ПЕНЗЕНСКАЯ;70.22;12300;46543889
5834033771;2060314;2023;ПЕНЗЕНСКАЯ;70.22;12300;48550403
5834033771;2060314;2024;ПЕНЗЕНСКАЯ;70.22;12300;51858603
7839502565;8869868;2022;САНКТ-ПЕТЕРБУРГ;69.20;12300;45938939
7839502565;8869868;2023;САНКТ-ПЕТЕРБУРГ;69.20;12300;48598264
7839502565;8869868;2024;САНКТ-ПЕТЕРБУРГ;69.20;12300;51685980
3327106018;2318701;2022;ВЛАДИМИРСКАЯ;70.22;12300;44368819
3327106018;2318701;2023;ВЛАДИМИРСКАЯ;70.22;12300;47568683
3327106018;2318701;2024;ВЛАДИМИРСКАЯ;70.22;12300;50411697
3663080341;1329919;2022;ВОРОНЕЖСКАЯ;45.31.1;12300;47143148
3663080341;1329919;2023;ВОРОНЕЖСКАЯ;45.31.1;12300;49601748
3663080341;1329919;2024;ВОРОНЕЖСКАЯ;45.31.1;12300;52537759
3460074991;10883038;2022;ВОЛГОГРАДСКАЯ;73.11;12300;45768875
3460074991;10883038;2023;ВОЛГОГРАДСКАЯ;73.11;12300;49727141
3460074991;10883038;2024;ВОЛГОГРАДСКАЯ;73.11;12300;52363183
2703053867;2792606;2022;ХАБАРОВСКИЙ;41.20;12300;46651999
2703053867;2792606;2023;ХАБАРОВСКИЙ;41.20;12300;49372322
2703053867;2792606;2024;ХАБАРОВСКИЙ;42.11;12300;50851463
6828008320;9038048;2022;ТАМБОВСКАЯ;25.11;12300;45823103
6828008320;9038048;2023;ТАМБОВСКАЯ;25.11;12300;48753996
6828008320;9038048;2024;ТАМБОВСКАЯ;25.11;12300;51585537
3528212369;8405003;2022;ВОЛОГОДСКАЯ;52.29;12300;44765099
3528212369;8405003;2023;ВОЛОГОДСКАЯ;52.29;12300;48515078
3528212369;8405003;2024;ВОЛОГОДСКАЯ;52.29;12300;50699016
7604134031;2820098;2022;ЯРОСЛАВСКАЯ;86;12300;44493744
7604134031;2820098;2023;ЯРОСЛАВСКАЯ;86.23;12300;49072425
7604134031;2820098;2024;ЯРОСЛАВСКАЯ;86.23;12300;50711791
1685001879;11785956;2022;ТАТАРСТАН;49.41;12300;44212474
1685001879;11785956;2023;ТАТАРСТАН;49.41;12300;48392627
1685001879;11785956;2024;ТАТАРСТАН;49.41;12300;52131599
8202001001;6275409;2022;КАМЧАТСКИЙ;01.49.4;12300;44593924
8202001001;6275409;2023;КАМЧАТСКИЙ;01.49.4;12300;48109882
8202001001;6275409;2024;КАМЧАТСКИЙ;01.49.4;12300;51213019
5262351164;10355150;2022;НИЖЕГОРОДСКАЯ;73.11;12300;44492983
5262351164;10355150;2023;НИЖЕГОРОДСКАЯ;73.11;12300;48364394
5262351164;10355150;2024;НИЖЕГОРОДСКАЯ;73.11;12300;50929633
9715330437;10851213;2022;МОСКВА;41.20;12300;46636175
9715330437;10851213;2023;МОСКВА;41.20;12300;49647427
9715330437;10851213;2024;МОСКВА;41.20;12300;52572790
2224165845;8444639;2022;АЛТАЙСКИЙ;73.11;12300;46274465
2224165845;8444639;2023;АЛТАЙСКИЙ;73.11;12300;48780542
2224165845;8444639;2024;АЛТАЙСКИЙ;73.11;12300;50925091
4345240963;3242884;2022;КИРОВСКАЯ;69.10;12300;44254480
4345240963;3242884;2023;КИРОВСКАЯ;69.10;12300;48064784
4345240963;3242884;2024;КИРОВСКАЯ;69.10;12300;50735833
3812532413;11320522;2022;ИРКУТСКАЯ;47.11.2;12300;45170492
3812532413;11320522;2023;ИРКУТСКАЯ;47.11.2;12300;48096258
3812532413;11320522;2024;ИРКУТСКАЯ;47.11.2;12300;50939226
1516615634;1358612;2022;СЕВЕРНАЯ ОСЕТИЯ - АЛАНИЯ;45.20.1;12300;45084383
1516615634;1358612;2023;СЕВЕРНАЯ ОСЕТИЯ - АЛАНИЯ;45.20.1;12300;48415407
1516615634;1358612;2024;СЕВЕРНАЯ ОСЕТИЯ - АЛАНИЯ;45.20.1;12300;52000862
6950254808;11701002;2022;ТВЕРСКАЯ;73.11;12300;44019597
6950254808;11701002;2023;ТВЕРСКАЯ;73.11;12300;47273604
6950254808;11701002;2024;ТВЕРСКАЯ;73.11;12300;50307642
5075023830;7669259;2022;МОСКОВСКАЯ;01.13.3;12300;45398712
5075023830;7669259;2023;МОСКОВСКАЯ;01.13.3;12300;48204373
5075023830;7669259;2024;МОСКОВСКАЯ;01.13.3;12300;50914581
7814455539;3656214;2022;САНКТ-ПЕТЕРБУРГ;86.23;12300;45358779
7814455539;3656214;2023;САНКТ-ПЕТЕРБУРГ;86.23;12300;48741512
7814455539;3656214;2024;САНКТ-ПЕТЕРБУРГ;86.23;12300;51832774
8709013910;1062880;2022;ЧУКОТСКИЙ;47.52.7;12300;45680256
8709013910;1062880;2023;ЧУКОТСКИЙ;47.52.7;12300;49324661
8709013910;1062880;2024;ЧУКОТСКИЙ;47.52.7;12300;52172865
2703045545;2125627;2022;СВЕРДЛОВСКАЯ;41.20;12300;45485978
2703045545;2125627;2023;СВЕРДЛОВСКАЯ;41.20;12300;49248623
2703045545;2125627;2024;СВЕРДЛОВСКАЯ;41.20;12300;50583132
0276955294;11384476;2022;БАШКОРТОСТАН;49.42;12300;44991510
0276955294;11384476;2023;БАШКОРТОСТАН;49.42;12300;48579072
0276955294;11384476;2024;БАШКОРТОСТАН;49.42;12300;51519866
7751238271;11996191;2022;МОСКВА;69.10;12300;44621892
7751238271;11996191;2023;МОСКВА;69.10;12300;48514826
7751238271;11996191;2024;МОСКВА;69.10;12300;52505477
1435327772;10481002;2022;САХА /ЯКУТИЯ/;73.20;12300;45027660
1435327772;10481002;2023;САХА /ЯКУТИЯ/;73.20;12300;48419214
1435327772;10481002;2024;САХА /ЯКУТИЯ/;73.20;12300;50586774
5102007692;11921850;2022;МУРМАНСКАЯ;49.41;12300;45803287
5102007692;11921850;2023;МУРМАНСКАЯ;49.41;12300;49209747
5102007692;11921850;2024;МУРМАНСКАЯ;49.41;12300;52126900
3604082474;10669136;2022;ВОРОНЕЖСКАЯ;68.20.2;12300;45243016
3604082474;10669136;2023;ВОРОНЕЖСКАЯ;68.20.2;12300;48261523
3604082474;10669136;2024;ВОРОНЕЖСКАЯ;68.20.2;12300;52469567
7901547578;9785418;2022;ЕВРЕЙСКАЯ;68.32.1;12300;45548287
7901547578;9785418;2023;ЕВРЕЙСКАЯ;68.32.1;12300;48169106
7901547578;9785418;2024;ЕВРЕЙСКАЯ;68.32.1;12300;51419474
8605033341;11956729;2022;ХАНТЫ-МАНСИЙСКИЙ АВТОНОМНЫЙ ОКРУГ - ЮГРА;56.29;12300;47052214
8605033341;11956729;2023;ХАНТЫ-МАНСИЙСКИЙ АВТОНОМНЫЙ ОКРУГ - ЮГРА;56.29;12300;48847648
8605033341;11956729;2024;ХАНТЫ-МАНСИЙСКИЙ АВТОНОМНЫЙ ОКРУГ - ЮГРА;56.29;12300;51338252
4028063576;10073335;2022;КАЛУЖСКАЯ;25.62;12300;45228911
4028063576;10073335;2023;КАЛУЖСКАЯ;25.62;12300;49504149
4028063576;10073335;2024;КАЛУЖСКАЯ;25.62;12300;52007250
7733357830;11376622;2022;МОСКВА;41.20;12300;45675365
7733357830;11376622;2023;МОСКВА;41.20;12300;49361503
7733357830;11376622;2024;МОСКВА;41.20;12300;51533965
7415074010;3770582;2022;ЧЕЛЯБИНСКАЯ;47.73;12300;45304020
7415074010;3770582;2023;ЧЕЛЯБИНСКАЯ;47.73;12300;48404172
7415074010;3770582;2024;ЧЕЛЯБИНСКАЯ;47.73;12300;51321583
3123420603;10345384;2022;БЕЛГОРОДСКАЯ;73.11;12300;44657119
3123420603;10345384;2023;БЕЛГОРОДСКАЯ;73.11;12300;47899530
3123420603;10345384;2024;БЕЛГОРОДСКАЯ;73.11;12300;50509487
7802859720;8519967;2022;САНКТ-ПЕТЕРБУРГ;41.20;12300;46078232
7802859720;8519967;2023;САНКТ-ПЕТЕРБУРГ;41.20;12300;49474381
7802859720;8519967;2024;САНКТ-ПЕТЕРБУРГ;41.20;12300;51116892
7708768748;7360199;2022;МОСКВА;71.1;12300;44243181
7708768748;7360199;2023;МОСКВА;71.1;12300;49797265
7708768748;7360199;2024;МОСКВА;71.1;12300;52690931
7604111193;6237219;2022;ЯРОСЛАВСКАЯ;46.69;12300;45200986
7604111193;6237219;2023;ЯРОСЛАВСКАЯ;46.69;12300;48491740
7604111193;6237219;2024;ЯРОСЛАВСКАЯ;46.69;12300;52822857
4401023203;6862841;2022;КОСТРОМСКАЯ;25.61;12300;46355336
4401023203;6862841;2023;КОСТРОМСКАЯ;25.61;12300;48806250
4401023203;6862841;2024;КОСТРОМСКАЯ;25.61;12300;52415245
3255503599;2872138;2022;БРЯНСКАЯ;49.41;12300;45140426
3255503599;2872138;2023;БРЯНСКАЯ;49.41;12300;48011037
3255503599;2872138;2024;БРЯНСКАЯ;49.41;12300;50785753
7714996968;10284869;2022;МОСКВА;68.32;12300;44558253
7714996968;10284869;2023;МОСКВА;68.32;12300;49835646
7714996968;10284869;2024;МОСКВА;68.32;12300;51270793
6670328214;3217198;2022;ТЮМЕНСКАЯ;58.13;12300;45377840
6670328214;3217198;2023;ТЮМЕНСКАЯ;58.13;12300;48644618
6670328214;3217198;2024;ТЮМЕНСКАЯ;58.13;12300;51493291
2536318960;11100879;2022;ПРИМОРСКИЙ;23.61.1;12300;47137679
2536318960;11100879;2023;ПРИМОРСКИЙ;42.21;12300;48237567
2536318960;11100879;2024;ПРИМОРСКИЙ;42.21;12300;52819782
7009004041;7525199;2022;ТОМСКАЯ;86.10;12300;45368647
7009004041;7525199;2023;ТОМСКАЯ;86.10;12300;48526748
7009004041;7525199;2024;ТОМСКАЯ;86.10;12300;51828055
5190195629;4722313;2022;МУРМАНСКАЯ;46.69;12300;45757123
5190195629;4722313;2023;МУРМАНСКАЯ;46.69;12300;48425470
5190195629;4722313;2024;МУРМАНСКАЯ;46.69;12300;51706072
7449146914;11841098;2022;ЧЕЛЯБИНСКАЯ;43.21;12300;45004277
7449146914;11841098;2023;ЧЕЛЯБИНСКАЯ;43.21;12300;47629829
7449146914;11841098;2024;ЧЕЛЯБИНСКАЯ;43.21;12300;51815682
4025437640;8132105;2022;КАЛУЖСКАЯ;69.10;12267;44957719
4025437640;8132105;2023;КАЛУЖСКАЯ;69.10;12267;47619836
4025437640;8132105;2024;КАЛУЖСКАЯ;69.10;12267;51763599
5406791634;8885796;2022;НОВОСИБИРСКАЯ;64.99;12300;45741518
5406791634;8885796;2023;НОВОСИБИРСКАЯ;01.11.1;12300;49804002
5406791634;8885796;2024;НОВОСИБИРСКАЯ;01.11.1;12300;52267230
7731341552;10055840;2022;МОСКВА;70.22;12300;47028911
7731341552;10055840;2023;МОСКВА;70.22;12300;49953954
7731341552;10055840;2024;МОСКВА;70.22;12300;52955866
5403364553;8955760;2022;НОВОСИБИРСКАЯ;25.50.1;12300;44380428
5403364553;8955760;2023;НОВОСИБИРСКАЯ;25.50.1;12300;47961280
5403364553;8955760;2024;НОВОСИБИРСКАЯ;25.50.1;12300;50850603
6452105338;7988350;2022;САРАТОВСКАЯ;01.11;12300;45162006
6452105338;7988350;2023;САРАТОВСКАЯ;01.11;12300;48318541
6452105338;7988350;2024;САРАТОВСКАЯ;01.11;12300;51154833
4620000150;2013483;2022;КУРСКАЯ;26.51.3;12247;45412849
4620000150;2013483;2023;КУРСКАЯ;26.51.3;12247;48126115
4620000150;2013483;2024;КУРСКАЯ;25.99.23;12247;51054559
1001191896;6478388;2022;КАРЕЛИЯ;62.01;12300;46017429
1001191896;6478388;2023;КАРЕЛИЯ;62.01;12300;49320633
1001191896;6478388;2024;КАРЕЛИЯ;62.01;12300;52540673
7717647500;1046482;2022;МОСКВА;69.10;12300;44253843
7717647500;1046482;2023;МОСКВА;69.10;12300;47759179
7717647500;1046482;2024;МОСКВА;69.10;12300;50991834
6904007378;6402767;2022;ТВЕРСКАЯ;62.01;12300;44392365
6904007378;6402767;2023;ТВЕРСКАЯ;62.01;12300;47907890
6904007378;6402767;2024;ТВЕРСКАЯ;62.01;12300;50723614
6670006898;6981533;2022;СВЕРДЛОВСКАЯ;68.20;12300;45221479
6670006898;6981533;2023;СВЕРДЛОВСКАЯ;68.20;12300;48589924
6670006898;6981533;2024;СВЕРДЛОВСКАЯ;68.20;12300;51109749
2466210261;3020455;2022;КРАСНОЯРСКИЙ;52.29;12300;44879348
2466210261;3020455;2023;КРАСНОЯРСКИЙ;52.29;12300;47888326
2466210261;3020455;2024;КРАСНОЯРСКИЙ;52.29;12300;51041408
7610077374;411612;2022;ЯРОСЛАВСКАЯ;43.3;12300;45799637
7610077374;411612;2023;ЯРОСЛАВСКАЯ;43.3;12300;48540142
7610077374;411612;2024;ЯРОСЛАВСКАЯ;43.3;12300;51669942
7805669904;9711607;2022;САНКТ-ПЕТЕРБУРГ;23.63;12300;46040911
7805669904;9711607;2023;САНКТ-ПЕТЕРБУРГ;23.63;12300;49272825
7805669904;9711607;2024;САНКТ-ПЕТЕРБУРГ;23.63;12300;51615346
9721124591;11563294;2022;МОСКВА;41.20;12300;44441605
9721124591;11563294;2023;МОСКВА;41.20;12300;48073905
9721124591;11563294;2024;МОСКВА;41.20;12300;50645157
2318006047;6761750;2022;КРАСНОДАРСКИЙ;47.1;12300;45490958
2318006047;6761750;2023;КРАСНОДАРСКИЙ;47.1;12300;49747661
2318006047;6761750;2024;КРАСНОДАРСКИЙ;47.1;12300;51272224
4826143225;11260960;2022;ЛИПЕЦКАЯ;41.20;12300;46586969
4826143225;11260960;2023;ЛИПЕЦКАЯ;41.20;12300;49291740
4826143225;11260960;2024;ЛИПЕЦКАЯ;41.20;12300;52112126
2801176169;7411468;2022;АМУРСКАЯ;47.5;12300;46103688
2801176169;7411468;2023;АМУРСКАЯ;47.5;12300;49247695
2801176169;7411468;2024;АМУРСКАЯ;47.5;12300;52483210
2636802437;3727268;2022;СТАВРОПОЛЬСКИЙ;49.4;12300;44289619
2636802437;3727268;2023;СТАВРОПОЛЬСКИЙ;49.4;12300;48045967
2636802437;3727268;2024;СТАВРОПОЛЬСКИЙ;49.41;12300;52353780
4401160859;9166113;2022;КОСТРОМСКАЯ;42.21;12300;44354123
4401160859;9166113;2023;КОСТРОМСКАЯ;42.21;12300;49961980
4401160859;9166113;2024;КОСТРОМСКАЯ;42.21;12300;50642523
5405032793;10861108;2022;НОВОСИБИРСКАЯ;62.01;12300;44975769
5405032793;10861108;2023;НОВОСИБИРСКАЯ;62.01;12300;47648606
5405032793;10861108;2024;НОВОСИБИРСКАЯ;62.01;12300;50430694
7203470639;10905974;2022;ТЮМЕНСКАЯ;56.10;12300;44395782
7203470639;10905974;2023;ТЮМЕНСКАЯ;56.10;12300;48049252
7203470639;10905974;2024;ТЮМЕНСКАЯ;56.10;12300;51324805
7718672410;1491452;2022;МОСКВА;33.12;12300;44940829
7718672410;1491452;2023;МОСКВА;33.20;12300;48526684
7718672410;1491452;2024;МОСКВА;33.12;12300;52627459
5024167618;9886514;2022;МОСКВА;46.90;12300;44915266
5024167618;9886514;2023;МОСКВА;46.90;12300;47726304
5024167618;9886514;2024;МОСКВА;46.90;12300;50780059
3702707251;8018707;2022;ИВАНОВСКАЯ;42.99;12300;46364521
3702707251;8018707;2023;ИВАНОВСКАЯ;42.99;12300;49932389
3702707251;8018707;2024;ИВАНОВСКАЯ;42.99;12300;50828784
0600003941;11873616;2022;ИНГУШЕТИЯ;86.21;12300;44366573
0600003941;11873616;2023;ИНГУШЕТИЯ;86.21;12300;49827653
0600003941;11873616;2024;ИНГУШЕТИЯ;86.21;12300;52047785
3250501830;2122100;2022;БРЯНСКАЯ;71.12.41;12300;45883744
3250501830;2122100;2023;БРЯНСКАЯ;71.12.41;12300;48623903
3250501830;2122100;2024;БРЯНСКАЯ;71.12.41;12300;52014930
7726477332;11591790;2022;БЕЛГОРОДСКАЯ;69.10;12300;46654488
7726477332;11591790;2023;БЕЛГОРОДСКАЯ;69.10;12300;48507084
7726477332;11591790;2024;БЕЛГОРОДСКАЯ;69.10;12300;51442215
6829054961;4194172;2022;ТАМБОВСКАЯ;86.23;12300;46010304
6829054961;4194172;2023;ТАМБОВСКАЯ;86.23;12300;49563653
6829054961;4194172;2024;ТАМБОВСКАЯ;86.23;12300;52146979
3257047694;9987808;2022;БРЯНСКАЯ;25.62;12300;45073278
3257047694;9987808;2023;БРЯНСКАЯ;25.62;12300;48596488
3257047694;9987808;2024;БРЯНСКАЯ;25.62;12300;51293838
4502029233;9025211;2022;КУРГАНСКАЯ;49.20;12300;45692877
4502029233;9025211;2023;КУРГАНСКАЯ;49.20;12300;49083850
4502029233;9025211;2024;КУРГАНСКАЯ;49.20;12300;51929832
3435314583;8894122;2022;ВОЛГОГРАДСКАЯ;25.62;12300;44398546
3435314583;8894122;2023;ВОЛГОГРАДСКАЯ;25.62;12300;48538705
3435314583;8894122;2024;ВОЛГОГРАДСКАЯ;25.62;12300;52426698
7411023303;3292491;2022;ЧЕЛЯБИНСКАЯ;86.23;12300;44219619
7411023303;3292491;2023;ЧЕЛЯБИНСКАЯ;86.23;12300;47577068
7411023303;3292491;2024;ЧЕЛЯБИНСКАЯ;86.23;12300;50591661
5214013969;11132082;2022;НИЖЕГОРОДСКАЯ;69.20;12300;45843911
5214013969;11132082;2023;НИЖЕГОРОДСКАЯ;69.20;12300;50047932
5214013969;11132082;2024;НИЖЕГОРОДСКАЯ;69.20;12300;51128364
1101157345;10210803;2022;КОМИ;71.20.5;12300;44750234
1101157345;10210803;2023;КОМИ;71.20.5;12300;48139487
1101157345;10210803;2024;КОМИ;71.20.5;12300;51906134
6732119679;9615956;2022;СМОЛЕНСКАЯ;46.73;12300;45943309
6732119679;9615956;2023;СМОЛЕНСКАЯ;46.73;12300;49901015
6732119679;9615956;2024;СМОЛЕНСКАЯ;46.73;12300;51653023
4811006970;3855938;2022;ЛИПЕЦКАЯ;01.11;12300;46022497
4811006970;3855938;2023;ЛИПЕЦКАЯ;01.11;12300;49858881
4811006970;3855938;2024;ЛИПЕЦКАЯ;01.11;12300;52608727
3906363150;10515374;2022;КАЛИНИНГРАДСКАЯ;73.11;12300;44906996
3906363150;10515374;2023;КАЛИНИНГРАДСКАЯ;73.11;12300;48336735
3906363150;10515374;2024;КАЛИНИНГРАДСКАЯ;73.11;12300;52045552
2801258848;11374879;2022;АМУРСКАЯ;43.22;12300;45579009
2801258848;11374879;2023;АМУРСКАЯ;43.22;12300;48589829
2801258848;11374879;2024;АМУРСКАЯ;43.22;12300;51281158
4345439290;9667951;2022;КИРОВСКАЯ;46.69;12300;44788661
4345439290;9667951;2023;КИРОВСКАЯ;46.69;12300;48342973
4345439290;9667951;2024;КИРОВСКАЯ;46.69;12300;50538097
5257200787;11478258;2022;НИЖЕГОРОДСКАЯ;62.01;12300;45664712
5257200787;11478258;2023;НИЖЕГОРОДСКАЯ;62.01;12300;47336329
5257200787;11478258;2024;НИЖЕГОРОДСКАЯ;62.01;12300;51636782
6672315549;1950855;2022;СВЕРДЛОВСКАЯ;73.1;12300;45038462
6672315549;1950855;2023;СВЕРДЛОВСКАЯ;73.1;12300;49237730
6672315549;1950855;2024;СВЕРДЛОВСКАЯ;73.1;12300;51354422
6317153945;11636743;2022;САМАРСКАЯ;71.20.9;12300;45449124
6317153945;11636743;2023;САМАРСКАЯ;71.20.9;12300;49375492
6317153945;11636743;2024;САМАРСКАЯ;71.20.9;12300;52193712
6829158336;11534375;2022;ТАМБОВСКАЯ;25.11;12300;45759570
6829158336;11534375;2023;ТАМБОВСКАЯ;25.11;12300;48816702
6829158336;11534375;2024;ТАМБОВСКАЯ;25.11;12300;51178212
7713445830;10362213;2022;МОСКВА;46.69;12300;45908005
7713445830;10362213;2023;МОСКВА;46.69;12300;49224632
7713445830;10362213;2024;МОСКВА;46.69;12300;50867335
1215148513;1340714;2022;МАРИЙ ЭЛ;62.01;12300;45944010
1215148513;1340714;2023;МАРИЙ ЭЛ;62.01;12300;49000035
1215148513;1340714;2024;МАРИЙ ЭЛ;62.01;12300;51791835
9704009253;11221883;2022;МОСКВА;52.21.1;12300;44177366
9704009253;11221883;2023;МОСКВА;52.21.1;12300;47248146
9704009253;11221883;2024;МОСКВА;52.21.1;12300;50251869
8602266299;9674944;2022;ХАНТЫ-МАНСИЙСКИЙ АВТОНОМНЫЙ ОКРУГ - ЮГРА;73.20;12300;43998015
8602266299;9674944;2023;ХАНТЫ-МАНСИЙСКИЙ АВТОНОМНЫЙ ОКРУГ - ЮГРА;73.20;12300;47231938
8602266299;9674944;2024;ХАНТЫ-МАНСИЙСКИЙ АВТОНОМНЫЙ ОКРУГ - ЮГРА;73.20;12300;51193556
3257016400;8462519;2022;БРЯНСКАЯ;62.09;12300;45983136
3257016400;8462519;2023;БРЯНСКАЯ;62.09;12300;48919542
3257016400;8462519;2024;БРЯНСКАЯ;62.09;12300;51502677
3906145427;495891;2022;КАЛИНИНГРАДСКАЯ;52.29;12300;47137462
3906145427;495891;2023;КАЛИНИНГРАДСКАЯ;52.29;12300;50061051
3906145427;495891;2024;КАЛИНИНГРАДСКАЯ;52.29;12300;52425613
2460068227;1712585;2022;КРАСНОДАРСКИЙ;62.09;12300;46534147
2460068227;1712585;2023;КРАСНОДАРСКИЙ;62.09;12300;49290392
2460068227;1712585;2024;КРАСНОДАРСКИЙ;62.09;12300;52600317
7743717760;5402862;2022;МОСКВА;46.73;12300;46159537
7743717760;5402862;2023;МОСКВА;46.73;12300;49037985
7743717760;5402862;2024;МОСКВА;46.73;12300;51916302
7707466279;11838474;2022;ТАМБОВСКАЯ;62.01;12300;44271425
7707466279;11838474;2023;ТАМБОВСКАЯ;62.01;12300;47458055
7707466279;11838474;2024;ТАМБОВСКАЯ;62.01;12300;50243835
5321183700;9864513;2022;НОВГОРОДСКАЯ;49.41;12300;45751774
5321183700;9864513;2023;НОВГОРОДСКАЯ;49.41;12300;48028049
5321183700;9864513;2024;НОВГОРОДСКАЯ;49.41;12300;50620340
3907023608;5838590;2022;КАЛИНИНГРАДСКАЯ;46.71;12300;44515552
3907023608;5838590;2023;КАЛИНИНГРАДСКАЯ;46.71;12300;48225143
3907023608;5838590;2024;КАЛИНИНГРАДСКАЯ;46.71;12300;51940213
3917056747;11893395;2022;КАЛИНИНГРАДСКАЯ;56.10;12300;45534402
3917056747;11893395;2023;КАЛИНИНГРАДСКАЯ;56.10;12300;49287626
3917056747;11893395;2024;КАЛИНИНГРАДСКАЯ;56.10;12300;51998659
1903025791;9904289;2022;ХАКАСИЯ;52.10.3;12300;45567233
1903025791;9904289;2023;ХАКАСИЯ;52.10.3;12300;47927216
1903025791;9904289;2024;ХАКАСИЯ;52.10.3;12300;51463491
6441021478;7382125;2022;САРАТОВСКАЯ;41.2;12300;46194355
6441021478;7382125;2023;САРАТОВСКАЯ;41.2;12300;49838054
6441021478;7382125;2024;САРАТОВСКАЯ;41.2;12300;52617681
2635120304;5415899;2022;СТАВРОПОЛЬСКИЙ;80.10;12300;44173442
2635120304;5415899;2023;СТАВРОПОЛЬСКИЙ;80.10;12300;47432603
2635120304;5415899;2024;СТАВРОПОЛЬСКИЙ;80.10;12300;50483865
1326248753;10236331;2022;МОРДОВИЯ;49.41;12300;46300553
1326248753;10236331;2023;МОРДОВИЯ;49.41;12300;48466132
1326248753;10236331;2024;МОРДОВИЯ;49.41;12300;51597450
1660349657;11388446;2022;ТАТАРСТАН;47.25;12300;44443964
1660349657;11388446;2023;ТАТАРСТАН;47.25;12300;47727427
1660349657;11388446;2024;ТАТАРСТАН;47.25;12300;50818237
5321185793;10000347;2022;НОВГОРОДСКАЯ;42.99;12300;45387746
5321185793;10000347;2023;НОВГОРОДСКАЯ;42.99;12300;47878228
5321185793;10000347;2024;НОВГОРОДСКАЯ;42.99;12300;51320572
2703057974;3196840;2022;ХАБАРОВСКИЙ;41.20;12300;45922251
2703057974;3196840;2023;ХАБАРОВСКИЙ;41.20;12300;48319813
2703057974;3196840;2024;ХАБАРОВСКИЙ;41.20;12300;51669503
5261094490;8916053;2022;НИЖЕГОРОДСКАЯ;46.73;12300;45141875
5261094490;8916053;2023;НИЖЕГОРОДСКАЯ;46.73;12300;48011931
5261094490;8916053;2024;НИЖЕГОРОДСКАЯ;46.73;12300;50974498
6663016817;3328451;2022;СВЕРДЛОВСКАЯ;71.20;12300;45227862
6663016817;3328451;2023;СВЕРДЛОВСКАЯ;71.20;12300;48719629
6663016817;3328451;2024;СВЕРДЛОВСКАЯ;71.20;12300;51813941
2129028486;5353296;2022;ЧУВАШСКАЯ РЕСПУБЛИКА -;43.21;12300;45352375
2129028486;5353296;2023;ЧУВАШСКАЯ РЕСПУБЛИКА -;43.21;12300;48985999
2129028486;5353296;2024;ЧУВАШСКАЯ РЕСПУБЛИКА -;43.21;12300;52122576
0608041498;9734715;2022;ИНГУШЕТИЯ;68.32.1;12300;45364560
0608041498;9734715;2023;ИНГУШЕТИЯ;68.32.1;12300;47797626
0608041498;9734715;2024;ИНГУШЕТИЯ;68.32.1;12300;51463103
1513005119;4609141;2022;СЕВЕРНАЯ ОСЕТИЯ - АЛАНИЯ;43.22;12300;45623649
1513005119;4609141;2023;СЕВЕРНАЯ ОСЕТИЯ - АЛАНИЯ;41.2;12300;49129588
1513005119;4609141;2024;СЕВЕРНАЯ ОСЕТИЯ - АЛАНИЯ;41.2;12300;51691115
1840013367;7666165;2022;УДМУРТСКАЯ;42.21;12300;44164202
1840013367;7666165;2023;УДМУРТСКАЯ;42.21;12300;47183235
1840013367;7666165;2024;УДМУРТСКАЯ;42.21;12300;51397001
3729019936;3807963;2022;ИВАНОВСКАЯ;73.11;12300;45727020
3729019936;3807963;2023;ИВАНОВСКАЯ;73.11;12300;47933131
3729019936;3807963;2024;ИВАНОВСКАЯ;73.11;12300;51162222
1215105573;1732175;2022;МАРИЙ ЭЛ;73.11;12300;44235071
1215105573;1732175;2023;МАРИЙ ЭЛ;73.11;12300;47484282
1215105573;1732175;2024;МАРИЙ ЭЛ;73.11;12300;50359167
7727452210;11395704;2022;МОСКВА;63.99.1;12300;45674142
7727452210;11395704;2023;МОСКВА;63.99.1;12300;49706011
7727452210;11395704;2024;МОСКВА;63.99.1;12300;51603779
4826132142;10243115;2022;ЛИПЕЦКАЯ;69.10;12300;45268222
4826132142;10243115;2023;ЛИПЕЦКАЯ;69.10;12300;48234269
4826132142;10243115;2024;ЛИПЕЦКАЯ;69.10;12300;51875000
3301031128;7734886;2022;ВЛАДИМИРСКАЯ;62.01;12300;45175907
3301031128;7734886;2023;ВЛАДИМИРСКАЯ;62.01;12300;49055474
3301031128;7734886;2024;ВЛАДИМИРСКАЯ;62.01;12300;51076709
6163090202;46253;2022;РОСТОВСКАЯ;86.21;12300;44334784
6163090202;46253;2023;РОСТОВСКАЯ;86.21;12300;47645989
6163090202;46253;2024;РОСТОВСКАЯ;86.21;12300;50407369
7536124931;1701871;2022;ЗАБАЙКАЛЬСКИЙ;68.20;12300;45116211
7536124931;1701871;2023;ЗАБАЙКАЛЬСКИЙ;68.20;12300;48286635
7536124931;1701871;2024;ЗАБАЙКАЛЬСКИЙ;68.20;12300;50164187
2508118648;8460898;2022;ПРИМОРСКИЙ;41.20;12300;44107607
2508118648;8460898;2023;ПРИМОРСКИЙ;41.20;12300;47272725
2508118648;8460898;2024;ПРИМОРСКИЙ;41.20;12300;50262500
0400010162;10909421;2022;АЛТАЙ;47.52;12300;45027686
0400010162;10909421;2023;АЛТАЙ;47.52;12300;49398429
0400010162;10909421;2024;АЛТАЙ;47.52;12300;52466472
6133002706;6971304;2022;РОСТОВСКАЯ;45.3;12300;45966349
6133002706;6971304;2023;РОСТОВСКАЯ;45.3;12300;48275134
6133002706;6971304;2024;РОСТОВСКАЯ;45.3;12300;51534110
2463107989;10189476;2022;КРАСНОЯРСКИЙ;43.21;12300;46634857
2463107989;10189476;2023;КРАСНОЯРСКИЙ;43.21;12300;48630196
2463107989;10189476;2024;КРАСНОЯРСКИЙ;43.21;12300;52257621
5752202644;8529769;2022;ОРЛОВСКАЯ;43.21;12300;45417009
5752202644;8529769;2023;ОРЛОВСКАЯ;43.21;12300;49745670
5752202644;8529769;2024;ОРЛОВСКАЯ;43.21;12300;52769712
0400018010;11685758;2022;АЛТАЙ;42.11;12300;46294498
0400018010;11685758;2023;АЛТАЙ;42.11;12300;49407148
0400018010;11685758;2024;АЛТАЙ;42.11;12300;52943686
5028036775;11546432;2022;МОСКОВСКАЯ;71.12;12300;44517269
5028036775;11546432;2023;МОСКОВСКАЯ;71.12;12300;49296013
5028036775;11546432;2024;МОСКОВСКАЯ;71.12;12300;51509423
9705065324;9725739;2022;МОСКВА;52.29;12300;46321520
9705065324;9725739;2023;МОСКВА;52.29;12300;49594251
9705065324;9725739;2024;МОСКВА;52.29;12300;52527076
2464255034;8035824;2022;КРАСНОЯРСКИЙ;47.52.2;12300;46603717
2464255034;8035824;2023;КРАСНОЯРСКИЙ;47.52.2;12300;48881236
2464255034;8035824;2024;КРАСНОЯРСКИЙ;47.52.2;12300;51275394
8604060871;9811225;2022;ХАНТЫ-МАНСИЙСКИЙ АВТОНОМНЫЙ ОКРУГ - ЮГРА;46.69;12300;44248330
8604060871;9811225;2023;ХАНТЫ-МАНСИЙСКИЙ АВТОНОМНЫЙ ОКРУГ - ЮГРА;46.69;12300;48030319
8604060871;9811225;2024;ХАНТЫ-МАНСИЙСКИЙ АВТОНОМНЫЙ ОКРУГ - ЮГРА;46.69;12300;50174540
4332007007;11083505;2022;КИРОВСКАЯ;01.11;12300;45768752
4332007007;11083505;2023;КИРОВСКАЯ;01.11;12300;48668190
4332007007;11083505;2024;КИРОВСКАЯ;01.11;12300;52816674
5406604267;9663102;2022;НОВОСИБИРСКАЯ;43.99;12300;45947609
5406604267;9663102;2023;НОВОСИБИРСКАЯ;43.99;12300;48793655
5406604267;9663102;2024;НОВОСИБИРСКАЯ;43.99;12300;51949346
5190071302;10270003;2022;МУРМАНСКАЯ;45.31;12300;44727637
5190071302;10270003;2023;МУРМАНСКАЯ;45.31;12300;48997500
5190071302;10270003;2024;МУРМАНСКАЯ;45.31;12300;52314657
2309177046;11613580;2022;КРАСНОДАРСКИЙ;70.22;12300;45172780
2309177046;11613580;2023;КРАСНОДАРСКИЙ;70.22;12300;47704373
2309177046;11613580;2024;КРАСНОДАРСКИЙ;70.22;12300;51893792
2511082649;7846975;2022;ПРИМОРСКИЙ;22.23;12300;46141397
2511082649;7846975;2023;ПРИМОРСКИЙ;22.23;12300;49685335
2511082649;7846975;2024;ПРИМОРСКИЙ;22.23;12300;52172762
8901036737;10687627;2022;ЯМАЛО-НЕНЕЦКИЙ;46.13.2;12300;45980191
8901036737;10687627;2023;ЯМАЛО-НЕНЕЦКИЙ;46.13.2;12300;49246259
8901036737;10687627;2024;ЯМАЛО-НЕНЕЦКИЙ;46.13.2;12300;52305393
6318233142;7963515;2022;САМАРСКАЯ;46.73;12300;46119822
6318233142;7963515;2023;САМАРСКАЯ;46.73;12300;49023799
6318233142;7963515;2024;САМАРСКАЯ;46.73;12300;51958798
6686137945;11743076;2022;СВЕРДЛОВСКАЯ;71.12;12300;44332601
6686137945;11743076;2023;СВЕРДЛОВСКАЯ;71.12;12300;47622780
6686137945;11743076;2024;СВЕРДЛОВСКАЯ;71.12;12300;51518089
0326567998;11010098;2022;БУРЯТИЯ;43.11;12300;45377535
0326567998;11010098;2023;БУРЯТИЯ;43.11;12300;48329121
0326567998;11010098;2024;БУРЯТИЯ;43.11;12300;50851280
4705069425;9548853;2022;ЛЕНИНГРАДСКАЯ;49.4;12300;44812194
4705069425;9548853;2023;ЛЕНИНГРАДСКАЯ;49.4;12300;49871797
4705069425;9548853;2024;ЛЕНИНГРАДСКАЯ;49.4;12300;50725194
4824095424;10771635;2022;ЛИПЕЦКАЯ;68.20.2;12300;44418746
4824095424;10771635;2023;ЛИПЕЦКАЯ;68.20.2;12300;47514780
4824095424;10771635;2024;ЛИПЕЦКАЯ;68.20.2;12300;50185277
7802922309;11783900;2022;САНКТ-ПЕТЕРБУРГ;43.99;12300;44775496
7802922309;11783900;2023;САНКТ-ПЕТЕРБУРГ;43.99;12300;48103352
7802922309;11783900;2024;САНКТ-ПЕТЕРБУРГ;43.99;12300;52751528
3257035392;9465295;2022;БРЯНСКАЯ;52.21.24;12300;44566993
3257035392;9465295;2023;БРЯНСКАЯ;52.21.24;12300;47308733
3257035392;9465295;2024;БРЯНСКАЯ;52.21.24;12300;51501378
4345282716;1747306;2022;КИРОВСКАЯ;46.19;12300;46088455
4345282716;1747306;2023;КИРОВСКАЯ;46.19;12300;48096647
4345282716;1747306;2024;КИРОВСКАЯ;46.19;12300;51039376
2221049632;5243830;2022;АЛТАЙСКИЙ;86.21;12300;44735288
2221049632;5243830;2023;АЛТАЙСКИЙ;86.21;12300;47543369
2221049632;5243830;2024;АЛТАЙСКИЙ;86.21;12300;50844168
4703156030;10683863;2022;КАЛИНИНГРАДСКАЯ;47.42;12300;45944448
4703156030;10683863;2023;КАЛИНИНГРАДСКАЯ;47.42;12300;48066801
4703156030;10683863;2024;КАЛИНИНГРАДСКАЯ;47.42;12300;50790101
0919001314;2702309;2022;КАРАЧАЕВО-ЧЕРКЕССКАЯ;71.12.7;12300;46989816
0919001314;2702309;2023;КАРАЧАЕВО-ЧЕРКЕССКАЯ;71.12.7;12300;49380019
0919001314;2702309;2024;КАРАЧАЕВО-ЧЕРКЕССКАЯ;71.12.7;12300;52857381
5249132396;8387544;2022;НИЖЕГОРОДСКАЯ;46.73.1;12300;44668158
5249132396;8387544;2023;НИЖЕГОРОДСКАЯ;46.73.1;12300;47895254
5249132396;8387544;2024;НИЖЕГОРОДСКАЯ;16.10;12300;51218693
3327850315;659019;2022;ВЛАДИМИРСКАЯ;73.1;12300;46188190
3327850315;659019;2023;ВЛАДИМИРСКАЯ;73.1;12300;48623830
3327850315;659019;2024;ВЛАДИМИРСКАЯ;73.1;12300;52437580
2311334553;11860818;2022;КРАСНОДАРСКИЙ;43.21;12300;46346119
2311334553;11860818;2023;КРАСНОДАРСКИЙ;43.21;12300;49123217
2311334553;11860818;2024;КРАСНОДАРСКИЙ;43.21;12300;52067822
0711020886;246994;2022;КАБАРДИНО-БАЛКАРСКАЯ;45.20.1;12247;44503101
0711020886;246994;2023;КАБАРДИНО-БАЛКАРСКАЯ;45.20.1;12247;47859628
0711020886;246994;2024;КАБАРДИНО-БАЛКАРСКАЯ;45.20.1;12247;50909125
0225995323;10788866;2022;БАШКОРТОСТАН;86.21;12300;44332451
0225995323;10788866;2023;БАШКОРТОСТАН;86.21;12300;47655290
0225995323;10788866;2024;БАШКОРТОСТАН;86.21;12300;50009626
7602086329;2264630;2022;ЧЕЧЕНСКАЯ;46.3;12300;44085670
7602086329;2264630;2023;ЧЕЧЕНСКАЯ;68.10;12300;47408641
7602086329;2264630;2024;ЧЕЧЕНСКАЯ;68.10;12300;50581856
8603135242;594768;2022;Ханты-Мансийский Автономный округ - Югра;52.21.24;12300;44387021
8603135242;594768;2023;Ханты-Мансийский Автономный округ - Югра;52.21.24;12300;47606622
8603135242;594768;2024;Ханты-Мансийский Автономный округ - Югра;52.21.24;12300;50676767
9729306716;11558465;2022;МОСКВА;62.01;12300;44089676
9729306716;11558465;2023;МОСКВА;62.01;12300;47738806
9729306716;11558465;2024;МОСКВА;62.01;12300;50679544
4401165470;9445734;2022;КОСТРОМСКАЯ;47.74;12300;45683525
4401165470;9445734;2023;КОСТРОМСКАЯ;47.74;12300;48985400
4401165470;9445734;2024;КОСТРОМСКАЯ;47.74;12300;51346134
4324004122;1785810;2022;КИРОВСКАЯ;43.21;12300;45063475
4324004122;1785810;2023;КИРОВСКАЯ;43.21;12300;48528367
4324004122;1785810;2024;КИРОВСКАЯ;43.21;12300;51011049
3808226928;7625840;2022;ИРКУТСКАЯ;73.11;12300;46315088
3808226928;7625840;2023;ИРКУТСКАЯ;73.11;12300;49424502
3808226928;7625840;2024;ИРКУТСКАЯ;73.11;12300;52454379
6316259233;11120961;2022;САМАРСКАЯ;17.21;12300;46195478
6316259233;11120961;2023;САМАРСКАЯ;17.21;12300;47836668
6316259233;11120961;2024;САМАРСКАЯ;17.21;12300;52975363
3203004045;5669307;2022;БРЯНСКАЯ;86.90.4;12300;44866741
3203004045;5669307;2023;БРЯНСКАЯ;86.90.4;12300;49169524
3203004045;5669307;2024;БРЯНСКАЯ;86.90.4;12300;52297580
5822003959;9468125;2022;ПЕНЗЕНСКАЯ;42.11;12300;46461966
5822003959;9468125;2023;ПЕНЗЕНСКАЯ;42.11;12300;49583960
5822003959;9468125;2024;ПЕНЗЕНСКАЯ;42.11;12300;52508619
2818006246;8131406;2022;АМУРСКАЯ;69.20.2;12300;44093771
2818006246;8131406;2023;АМУРСКАЯ;69.20.2;12300;47168947
2818006246;8131406;2024;АМУРСКАЯ;69.20.2;12300;50131005
2323032860;9407772;2022;КРАСНОДАРСКИЙ;47.73;12300;45570352
2323032860;9407772;2023;КРАСНОДАРСКИЙ;47.73;12300;49097713
2323032860;9407772;2024;КРАСНОДАРСКИЙ;47.73;12300;51581828
3525457794;11315871;2022;ВОЛОГОДСКАЯ;25.62;12300;44640735
3525457794;11315871;2023;ВОЛОГОДСКАЯ;25.62;12300;48197480
3525457794;11315871;2024;ВОЛОГОДСКАЯ;25.62;12300;50518150
2543138735;11031845;2022;ПРИМОРСКИЙ;73.11;12300;46960829
2543138735;11031845;2023;ПРИМОРСКИЙ;73.11;12300;48567046
2543138735;11031845;2024;ПРИМОРСКИЙ;73.11;12300;50517783
3442020249;5606355;2022;ВОЛГОГРАДСКАЯ;69.10;12300;46088301
3442020249;5606355;2023;ВОЛГОГРАДСКАЯ;69.10;12300;49427189
3442020249;5606355;2024;ВОЛГОГРАДСКАЯ;69.10;12300;52200900
0411162495;7668130;2022;АЛТАЙ;93.29.9;12300;44731583
0411162495;7668130;2023;АЛТАЙ;93.29.9;12300;48703759
0411162495;7668130;2024;АЛТАЙ;93.29.9;12300;52648646
5904236168;3055683;2022;ПЕРМСКИЙ;25.61;12300;46365424
5904236168;3055683;2023;ПЕРМСКИЙ;25.61;12300;48329632
5904236168;3055683;2024;ПЕРМСКИЙ;25.61;12300;52492555
5190117349;5883408;2022;МУРМАНСКАЯ;52.22;12300;45530285
5190117349;5883408;2023;МУРМАНСКАЯ;52.22;12300;49635182
5190117349;5883408;2024;МУРМАНСКАЯ;52.22;12300;51687244
1650385254;11182534;2022;ТАТАРСТАН;73.11;12300;44957307
1650385254;11182534;2023;ТАТАРСТАН;73.11;12300;49052747
1650385254;11182534;2024;ТАТАРСТАН;73.11;12300;51972559
8601072082;11758749;2022;ХАНТЫ-МАНСИЙСКИЙ АВТОНОМНЫЙ ОКРУГ - ЮГРА;68.10;12300;45055538
8601072082;11758749;2023;ХАНТЫ-МАНСИЙСКИЙ АВТОНОМНЫЙ ОКРУГ - ЮГРА;68.10;12300;49408064
8601072082;11758749;2024;ХАНТЫ-МАНСИЙСКИЙ АВТОНОМНЫЙ ОКРУГ - ЮГРА;68.10;12300;51653796
9102246810;10759829;2022;КРЫМ;71.12;12300;46594360
9102246810;10759829;2023;КРЫМ;71.12;12300;47631973
9102246810;10759829;2024;КРЫМ;71.12;12300;52077381
1831201639;11553223;2022;УДМУРТСКАЯ;46.90;12300;46483511
1831201639;11553223;2023;УДМУРТСКАЯ;46.90;12300;49622245
1831201639;11553223;2024;УДМУРТСКАЯ;46.90;12300;51602445
2337020431;9279970;2022;КРАСНОДАРСКИЙ;49.10;12300;47085449
2337020431;9279970;2023;КРАСНОДАРСКИЙ;49.10;12300;48421957
2337020431;9279970;2024;КРАСНОДАРСКИЙ;49.10;12300;51456140
7841482588;7894590;2022;САНКТ-ПЕТЕРБУРГ;46.73.6;12300;44462078
7841482588;7894590;2023;САНКТ-ПЕТЕРБУРГ;46.73.6;12300;47620068
7841482588;7894590;2024;САНКТ-ПЕТЕРБУРГ;46.73.6;12300;50842187
6730000660;3166727;2022;СМОЛЕНСКАЯ;68.20;12300;46338786
6730000660;3166727;2023;СМОЛЕНСКАЯ;68.20;12300;49700006
6730000660;3166727;2024;СМОЛЕНСКАЯ;68.20;12300;52288974
4703099953;7197492;2022;ЛЕНИНГРАДСКАЯ;52.21.24;12300;44972086
4703099953;7197492;2023;ЛЕНИНГРАДСКАЯ;52.21.24;12300;48470508
4703099953;7197492;2024;ЛЕНИНГРАДСКАЯ;52.21.24;12300;51040624
6318226466;7456049;2022;САМАРСКАЯ;73.11;12300;44331213
6318226466;7456049;2023;САМАРСКАЯ;73.11;12300;47651244
6318226466;7456049;2024;САМАРСКАЯ;73.11;12300;50234872
5111016693;10299544;2022;МУРМАНСКАЯ;47.73;12300;45760820
5111016693;10299544;2023;МУРМАНСКАЯ;47.73;12300;47427023
5111016693;10299544;2024;МУРМАНСКАЯ;47.73;12300;52255599
6952025000;1897356;2022;ТВЕРСКАЯ;69.10;12300;45715235
6952025000;1897356;2023;ТВЕРСКАЯ;69.10;12300;47439277
6952025000;1897356;2024;ТВЕРСКАЯ;69.10;12300;50716059
7424024456;6540241;2022;ЧЕЛЯБИНСКАЯ;41.20;12300;45977231
7424024456;6540241;2023;ЧЕЛЯБИНСКАЯ;41.20;12300;47319276
7424024456;6540241;2024;ЧЕЛЯБИНСКАЯ;41.20;12300;51224428
9105006260;9008031;2022;КРЫМ;01.11;12300;46606142
9105006260;9008031;2023;КРЫМ;01.11;12300;48283504
9105006260;9008031;2024;КРЫМ;01.11;12300;50528662
4027103515;5195160;2022;КАЛУЖСКАЯ;25.62;12300;45310136
4027103515;5195160;2023;КАЛУЖСКАЯ;25.62;12300;47933603
4027103515;5195160;2024;КАЛУЖСКАЯ;25.62;12300;51045400
4826063788;5701907;2022;ЛИПЕЦКАЯ;71.12.62;12300;44805930
4826063788;5701907;2023;ЛИПЕЦКАЯ;71.12.62;12300;48263329
4826063788;5701907;2024;ЛИПЕЦКАЯ;71.12.62;12300;52681483
4400005730;11724053;2022;КОСТРОМСКАЯ;71.20.4;12300;46270483
4400005730;11724053;2023;КОСТРОМСКАЯ;71.20.4;12300;49646202
4400005730;11724053;2024;КОСТРОМСКАЯ;71.20.4;12300;52352526
2315182245;8008333;2022;КРАСНОДАРСКИЙ;45.11.2;12300;45998164
2315182245;8008333;2023;КРАСНОДАРСКИЙ;45.11.2;12300;48715615
2315182245;8008333;2024;КРАСНОДАРСКИЙ;45.11.2;12300;52974352
1326252291;10783728;2022;МОРДОВИЯ;49.41;12300;45721536
1326252291;10783728;2023;МОРДОВИЯ;49.41;12300;48506512
1326252291;10783728;2024;МОРДОВИЯ;49.41;12300;51469844
2901118481;5612440;2022;АРХАНГЕЛЬСКАЯ;73.11;12300;44592386
2901118481;5612440;2023;АРХАНГЕЛЬСКАЯ;73.11;12300;47540684
2901118481;5612440;2024;АРХАНГЕЛЬСКАЯ;73.11;12300;50922704
6027137042;2032460;2022;ПСКОВСКАЯ;47.52.7;12300;46319259
6027137042;2032460;2023;ПСКОВСКАЯ;47.52.7;12300;49573393
6027137042;2032460;2024;ПСКОВСКАЯ;47.52.7;12300;52266450
7804467486;1976857;2022;САНКТ-ПЕТЕРБУРГ;93.29.9;12300;45340548
7804467486;1976857;2023;САНКТ-ПЕТЕРБУРГ;93.29.9;12300;47952758
7804467486;1976857;2024;САНКТ-ПЕТЕРБУРГ;93.29.9;12300;50666659
3812524290;10760985;2022;ИРКУТСКАЯ;45.20;12300;45547485
3812524290;10760985;2023;ИРКУТСКАЯ;45.20;12300;48004528
3812524290;10760985;2024;ИРКУТСКАЯ;45.20;12300;50692620
3525275794;30782;2022;ВОЛОГОДСКАЯ;45.11.3;12300;46352993
3525275794;30782;2023;ВОЛОГОДСКАЯ;45.11.3;12300;48788361
3525275794;30782;2024;ВОЛОГОДСКАЯ;45.11.3;12300;52813648
7715812726;1822865;2022;МОСКОВСКАЯ;71.12.12;12300;45317500
7715812726;1822865;2023;МОСКОВСКАЯ;69.10;12300;48132507
7715812726;1822865;2024;МОСКОВСКАЯ;69.10;12300;50885508
6027186635;10530974;2022;ПСКОВСКАЯ;71.12;12300;44154185
6027186635;10530974;2023;ПСКОВСКАЯ;71.12;12300;47179962
6027186635;10530974;2024;ПСКОВСКАЯ;71.12;12300;50138388
7838086697;11051773;2022;САНКТ-ПЕТЕРБУРГ;71.12;12300;45910581
7838086697;11051773;2023;САНКТ-ПЕТЕРБУРГ;71.12;12300;48346720
7838086697;11051773;2024;САНКТ-ПЕТЕРБУРГ;71.12;12300;51920969
0726008955;7905805;2022;КАБАРДИНО-БАЛКАРСКАЯ;71.12.7;12300;45212021
0726008955;7905805;2023;КАБАРДИНО-БАЛКАРСКАЯ;71.12.7;12300;47616742
0726008955;7905805;2024;КАБАРДИНО-БАЛКАРСКАЯ;71.12.7;12300;50464500
2315996389;10306666;2022;КРАСНОДАРСКИЙ;68.10;12300;45898709
2315996389;10306666;2023;КРАСНОДАРСКИЙ;68.10;12300;49236821
2315996389;10306666;2024;КРАСНОДАРСКИЙ;68.10;12300;51663185
